antecedent,consequent,support,confidence,lift,leverage,zhangs,antecedent_support,consequent_support
Icelandic Style Skyr Blueberry Non-fat Yogurt,Non Fat Raspberry Yogurt,0.002235,0.3804255319148936,75.60626669391725,0.0022054389583333,0.992605138334621,0.005875,0.0050316666666666
Non Fat Raspberry Yogurt,Icelandic Style Skyr Blueberry Non-fat Yogurt,0.002235,0.4441868168267638,75.60626669391725,0.0022054389583333,0.9917638080410316,0.0050316666666666,0.005875
Total 2% with Strawberry Lowfat Greek Strained Yogurt + Total 2% Lowfat Greek Strained Yogurt with Peach,Total 2% Lowfat Greek Strained Yogurt With Blueberry,0.001155,0.4688768606224628,75.58466318470653,0.0011397191222222,0.9892065482536676,0.0024633333333333,0.0062033333333333
Total 2% Lowfat Greek Strained Yogurt With Blueberry,Total 2% with Strawberry Lowfat Greek Strained Yogurt + Total 2% Lowfat Greek Strained Yogurt with Peach,0.001155,0.1861902203116604,75.58466318470653,0.0011397191222222,0.9929292740531792,0.0062033333333333,0.0024633333333333
Total 2% with Strawberry Lowfat Greek Strained Yogurt,Total 2% Lowfat Greek Strained Yogurt with Peach + Total 2% Lowfat Greek Strained Yogurt With Blueberry,0.001155,0.1277183929229635,68.11647622558054,0.00113804375,0.9943111512470416,0.0090433333333333,0.001875
Total 2% Lowfat Greek Strained Yogurt with Peach + Total 2% Lowfat Greek Strained Yogurt With Blueberry,Total 2% with Strawberry Lowfat Greek Strained Yogurt,0.001155,0.616,68.11647622558053,0.00113804375,0.9871702082096572,0.001875,0.0090433333333333
Total 2% Lowfat Greek Strained Yogurt with Peach,Total 2% with Strawberry Lowfat Greek Strained Yogurt + Total 2% Lowfat Greek Strained Yogurt With Blueberry,0.001155,0.1870950323974082,66.9391886931693,0.0011377455333333,0.991179952058442,0.0061733333333333,0.002795
Total 2% with Strawberry Lowfat Greek Strained Yogurt + Total 2% Lowfat Greek Strained Yogurt With Blueberry,Total 2% Lowfat Greek Strained Yogurt with Peach,0.001155,0.4132379248658318,66.9391886931693,0.0011377455333333,0.9878220303960248,0.002795,0.0061733333333333
Icelandic Style Skyr Blueberry Non-fat Yogurt,Vanilla Skyr Nonfat Yogurt,0.0020533333333333,0.3495035460992908,61.048654340487474,0.0020196989583333,0.9894325387299736,0.005875,0.005725
Vanilla Skyr Nonfat Yogurt,Icelandic Style Skyr Blueberry Non-fat Yogurt,0.0020533333333333,0.3586608442503639,61.04865434048747,0.0020196989583333,0.989283269281572,0.005725,0.005875
Non Fat Raspberry Yogurt,Vanilla Skyr Nonfat Yogurt,0.0016066666666666,0.3193110301424313,55.77485242662555,0.001577860375,0.9870372150754312,0.0050316666666666,0.005725
Vanilla Skyr Nonfat Yogurt,Non Fat Raspberry Yogurt,0.0016066666666666,0.2806404657933042,55.77485242662554,0.001577860375,0.9877255013166144,0.005725,0.0050316666666666
Total 2% Lowfat Greek Strained Yogurt With Blueberry,Total 2% with Strawberry Lowfat Greek Strained Yogurt,0.002795,0.4505642127888232,49.82280274111572,0.0027389011888888,0.9860456387914276,0.0062033333333333,0.0090433333333333
Total 2% with Strawberry Lowfat Greek Strained Yogurt,Total 2% Lowfat Greek Strained Yogurt With Blueberry,0.002795,0.3090674530040545,49.82280274111572,0.0027389011888888,0.9888715641909585,0.0090433333333333,0.0062033333333333
Total 2% Lowfat Greek Strained Yogurt with Peach,Total 2% Lowfat Greek Strained Yogurt With Blueberry,0.001875,0.3037257019438445,48.96169295172131,0.0018367047555555,0.985660681570525,0.0061733333333333,0.0062033333333333
Total 2% Lowfat Greek Strained Yogurt With Blueberry,Total 2% Lowfat Greek Strained Yogurt with Peach,0.001875,0.3022568511552928,48.9616929517213,0.0018367047555555,0.985690435967414,0.0062033333333333,0.0061733333333333
Total 2% Lowfat Greek Strained Yogurt With Blueberry,Total 2% Greek Strained Yogurt with Cherry 5.3 oz,0.0016316666666666,0.2630306286942504,47.44990295145829,0.0015972795222222,0.9850356457564896,0.0062033333333333,0.0055433333333333
Total 2% Greek Strained Yogurt with Cherry 5.3 oz,Total 2% Lowfat Greek Strained Yogurt With Blueberry,0.0016316666666666,0.2943475646422128,47.44990295145828,0.0015972795222222,0.9843818982901688,0.0055433333333333,0.0062033333333333
Total 2% Greek Strained Yogurt with Cherry 5.3 oz,Total 2% Lowfat Greek Strained Yogurt with Peach,0.0015166666666666,0.2736019242333133,44.31996612850647,0.0014824458222222,0.982885266521557,0.0055433333333333,0.0061733333333333
Total 2% Lowfat Greek Strained Yogurt with Peach,Total 2% Greek Strained Yogurt with Cherry 5.3 oz,0.0015166666666666,0.2456803455723542,44.31996612850647,0.0014824458222222,0.9835083306218448,0.0061733333333333,0.0055433333333333
Total 2% with Strawberry Lowfat Greek Strained Yogurt,Total 2% Lowfat Greek Strained Yogurt with Peach,0.0024633333333333,0.2723921857722078,44.12400417476369,0.0024075058222222,0.9862556374893636,0.0090433333333333,0.0061733333333333
Total 2% Lowfat Greek Strained Yogurt with Peach,Total 2% with Strawberry Lowfat Greek Strained Yogurt,0.0024633333333333,0.3990280777537797,44.12400417476369,0.0024075058222222,0.9834075013157908,0.0061733333333333,0.0090433333333333
Total 2% with Strawberry Lowfat Greek Strained Yogurt,Total 2% Greek Strained Yogurt with Cherry 5.3 oz,0.0016266666666666,0.1798746774788057,32.4488293708008,0.0015765364555555,0.9780268702645184,0.0090433333333333,0.0055433333333333
Total 2% Greek Strained Yogurt with Cherry 5.3 oz,Total 2% with Strawberry Lowfat Greek Strained Yogurt,0.0016266666666666,0.2934455802766085,32.448829370800794,0.0015765364555555,0.974584695094232,0.0055433333333333,0.0090433333333333
Sparkling Lemon Water + Sparkling Water Grapefruit,Lime Sparkling Water,0.001355,0.470213996529786,32.361596457659054,0.0013131293833333,0.9718998673428184,0.0028816666666666,0.01453
Lime Sparkling Water,Sparkling Lemon Water + Sparkling Water Grapefruit,0.001355,0.0932553337921541,32.36159645765905,0.0013131293833333,0.9833878006349852,0.01453,0.0028816666666666
Lime Sparkling Water + Sparkling Water Grapefruit,Sparkling Lemon Water,0.001355,0.321980198019802,31.8109861373096,0.0013124046527777,0.9726575867373805,0.0042083333333333,0.0101216666666666
Sparkling Lemon Water,Lime Sparkling Water + Sparkling Water Grapefruit,0.001355,0.1338712333278445,31.8109861373096,0.0013124046527777,0.9784680468069584,0.0101216666666666,0.0042083333333333
Sparkling Water Berry,Peach Pear Flavored Sparkling Water,0.0010516666666666,0.1940344403444034,29.19274428451406,0.0010156417333333,0.9710077749771432,0.00542,0.0066466666666666
Peach Pear Flavored Sparkling Water,Sparkling Water Berry,0.0010516666666666,0.1582246740220662,29.192744284514056,0.0010156417333333,0.972206847684376,0.0066466666666666,0.00542
Total 2% with Strawberry Lowfat Greek Strained Yogurt,Total 2% All Natural Greek Strained Yogurt with Honey,0.0016566666666666,0.1831920383339476,26.17029119056395,0.0015933633333333,0.9705658831980876,0.0090433333333333,0.007
Total 2% All Natural Greek Strained Yogurt with Honey,Total 2% with Strawberry Lowfat Greek Strained Yogurt,0.0016566666666666,0.2366666666666666,26.17029119056395,0.0015933633333333,0.9685687133880828,0.007,0.0090433333333333
Total 2% All Natural Greek Strained Yogurt with Honey,Total 2% Lowfat Greek Strained Yogurt With Blueberry,0.0011333333333333,0.1619047619047619,26.099639210869732,0.00108991,0.9684645459392216,0.007,0.0062033333333333
Total 2% Lowfat Greek Strained Yogurt With Blueberry,Total 2% All Natural Greek Strained Yogurt with Honey,0.0011333333333333,0.1826974744760881,26.09963921086973,0.00108991,0.9676881865012432,0.0062033333333333,0.007
Total 2% Lowfat Greek Strained Yogurt with Peach,Total 2% All Natural Greek Strained Yogurt with Honey,0.001105,0.1789956803455723,25.57081147793891,0.0010617866666666,0.9668616703890932,0.0061733333333333,0.007
Total 2% All Natural Greek Strained Yogurt with Honey,Total 2% Lowfat Greek Strained Yogurt with Peach,0.001105,0.1578571428571428,25.570811477938907,0.0010617866666666,0.9676665770499072,0.007,0.0061733333333333
Pineapple Chunks,Mango Chunks,0.0010966666666666,0.1411108728286511,24.76353427820727,0.0010523811194444,0.9671342873497928,0.0077716666666666,0.0056983333333333
Mango Chunks,Pineapple Chunks,0.0010966666666666,0.1924539338988008,24.763534278207267,0.0010523811194444,0.965117603859264,0.0056983333333333,0.0077716666666666
Frozen Organic Wild Blueberries,Organic Whole Strawberries,0.00212,0.2289828982898289,23.663406643799068,0.0020304101944444,0.9666906015764084,0.0092583333333333,0.0096766666666666
Organic Whole Strawberries,Frozen Organic Wild Blueberries,0.00212,0.2190837065105063,23.663406643799068,0.0020304101944444,0.9670989519485016,0.0096766666666666,0.0092583333333333
Yellow Bell Pepper,Orange Bell Pepper,0.0022233333333333,0.279547359597653,22.951343152516664,0.0021264617333333,0.9640973528302346,0.0079533333333333,0.01218
Orange Bell Pepper,Yellow Bell Pepper,0.0022233333333333,0.1825396825396825,22.951343152516664,0.0021264617333333,0.9682225154556412,0.01218,0.0079533333333333
Sparkling Water Grapefruit,Sparkling Lemon Water + Lime Sparkling Water,0.001355,0.0570166210814222,21.679323605103523,0.00129249805,0.9770937321761628,0.023765,0.00263
Sparkling Lemon Water + Lime Sparkling Water,Sparkling Water Grapefruit,0.001355,0.5152091254752852,21.67932360510352,0.00129249805,0.9563884011259576,0.00263,0.023765
Sparkling Water Berry,Sparkling Lemon Water,0.0011566666666666,0.2134071340713407,21.084189106340265,0.0011018072333333,0.9577621660408056,0.00542,0.0101216666666666
Sparkling Lemon Water,Sparkling Water Berry,0.0011566666666666,0.1142763049563642,21.08418910634026,0.0011018072333333,0.9623112891997144,0.0101216666666666,0.00542
Sparkling Lemon Water,Lime Sparkling Water,0.00263,0.2598386300016466,17.882906400663913,0.0024829321833333,0.953734056279823,0.0101216666666666,0.01453
Lime Sparkling Water,Sparkling Lemon Water,0.00263,0.1810048176187199,17.882906400663913,0.0024829321833333,0.9580004242376842,0.01453,0.0101216666666666
Sparkling Water Berry,Lime Sparkling Water,0.0012666666666666,0.2337023370233702,16.084125053225755,0.0011879140666666,0.9429376166189166,0.00542,0.01453
Lime Sparkling Water,Sparkling Water Berry,0.0012666666666666,0.0871759577884836,16.084125053225755,0.0011879140666666,0.9516544336578914,0.01453,0.00542
Hass Avocados,Baby Cucumbers,0.0010416666666666,0.0660816240219919,14.668506997112534,0.00097065285,0.9467506825932788,0.0157633333333333,0.004505
Baby Cucumbers,Hass Avocados,0.0010416666666666,0.2312245652978172,14.668506997112532,0.00097065285,0.9360436124741962,0.004505,0.0157633333333333
Blackberries,Raspberries,0.0018266666666666,0.2583078010841386,14.156437764932695,0.0016976323222222,0.9359796967629076,0.0070716666666666,0.0182466666666666
Raspberries,Blackberries,0.0018266666666666,0.1001096090610157,14.156437764932694,0.0016976323222222,0.9466336693609044,0.0182466666666666,0.0070716666666666
Sparkling Water Berry,Sparkling Water Grapefruit,0.001815,0.3348708487084871,14.090925676772022,0.0016861937,0.9340951372416458,0.00542,0.023765
Sparkling Water Grapefruit,Sparkling Water Berry,0.001815,0.0763728171681043,14.090925676772022,0.0016861937,0.9516482625574746,0.023765,0.00542
Organic Bell Pepper,Organic Red Bell Pepper,0.00182,0.2495429616087751,13.769153666108616,0.0016878204888888,0.9341872338863728,0.0072933333333333,0.0181233333333333
Organic Red Bell Pepper,Organic Bell Pepper,0.00182,0.1004230274048188,13.769153666108611,0.0016878204888888,0.9444912242819652,0.0181233333333333,0.0072933333333333
Lime Sparkling Water,Peach Pear Flavored Sparkling Water,0.0013,0.0894700619408121,13.460891967022883,0.0012034239333333,0.93935961312746,0.01453,0.0066466666666666
Peach Pear Flavored Sparkling Water,Lime Sparkling Water,0.0013,0.1955867602808425,13.460891967022883,0.0012034239333333,0.9319047783756548,0.0066466666666666,0.01453
Limes + Organic Red Onion,Organic Cilantro,0.0010066666666666,0.2920696324951644,13.36499233504413,0.0009313455111111,0.928377467716212,0.0034466666666666,0.0218533333333333
Pure Sparkling Water,Sparkling Lemon Water,0.0011616666666666,0.1285977859778597,12.70519868050648,0.0010702342777777,0.9296902632595072,0.0090333333333333,0.0101216666666666
Sparkling Lemon Water,Pure Sparkling Water,0.0011616666666666,0.1147702947472418,12.70519868050648,0.0010702342777777,0.9307124221138924,0.0101216666666666,0.0090333333333333
Sparkling Water Grapefruit,Peach Pear Flavored Sparkling Water,0.0019966666666666,0.0840171119994389,12.640488264709973,0.0018387086333333,0.9433068184263804,0.023765,0.0066466666666666
Peach Pear Flavored Sparkling Water,Sparkling Water Grapefruit,0.0019966666666666,0.3004012036108325,12.640488264709973,0.0018387086333333,0.9270509304038952,0.0066466666666666,0.023765
Lime Sparkling Water,Sparkling Water Grapefruit,0.0042083333333333,0.2896306492314751,12.187277476603205,0.0038630278833333,0.9314816481495938,0.01453,0.023765
Sparkling Water Grapefruit,Lime Sparkling Water,0.0042083333333333,0.1770811417350445,12.187277476603205,0.0038630278833333,0.9402932898349068,0.023765,0.01453
Sparkling Water Grapefruit,Sparkling Lemon Water,0.0028816666666666,0.1212567501227295,11.979919327126249,0.0026411252583333,0.938838480289754,0.023765,0.0101216666666666
Sparkling Lemon Water,Sparkling Water Grapefruit,0.0028816666666666,0.2847027828091553,11.979919327126249,0.0026411252583333,0.9258986210147052,0.0101216666666666,0.023765
Organic Black Beans,Organic Garbanzo Beans,0.0010766666666666,0.0904888639865527,9.67278075751499,0.0009653577583333,0.9074138251661984,0.0118983333333333,0.009355
Organic Garbanzo Beans,Organic Black Beans,0.0010766666666666,0.1150899697131658,9.67278075751499,0.0009653577583333,0.905084175464567,0.009355,0.0118983333333333
Bunched Cilantro,Jalapeno Peppers,0.00182,0.1271393643031785,9.549776988220716,0.0016294196333333,0.9082876505379636,0.014315,0.0133133333333333
Jalapeno Peppers,Bunched Cilantro,0.00182,0.1367050575863795,9.549776988220716,0.0016294196333333,0.9073655731510638,0.0133133333333333,0.014315
Organic Italian Parsley Bunch,Organic Thyme,0.0010883333333333,0.0578900709219858,9.3901169378728,0.0009724313333333,0.9106247998356858,0.0188,0.006165
Organic Thyme,Organic Italian Parsley Bunch,0.0010883333333333,0.1765341984320086,9.3901169378728,0.0009724313333333,0.8990476825617683,0.006165,0.0188
Lime Sparkling Water,Pure Sparkling Water,0.0012216666666666,0.0840789171828401,9.307629208432484,0.0010904123333333,0.9057213868671414,0.01453,0.0090333333333333
Pure Sparkling Water,Lime Sparkling Water,0.0012216666666666,0.1352398523985239,9.307629208432482,0.0010904123333333,0.900697556375218,0.0090333333333333,0.01453
Organic Jalapeno Pepper,Organic Cilantro,0.0012383333333333,0.2008650986753176,9.19150848117683,0.0011036075333333,0.8967322845476955,0.006165,0.0218533333333333
Organic Cilantro,Organic Jalapeno Pepper,0.0012383333333333,0.0566656497864551,9.191508481176829,0.0011036075333333,0.9111148260112242,0.0218533333333333,0.006165
Yellow Bell Pepper,Red Peppers,0.0012683333333333,0.1594719195305951,9.091035792718012,0.0011288186111111,0.8971367607745482,0.0079533333333333,0.0175416666666666
Red Peppers,Yellow Bell Pepper,0.0012683333333333,0.0723040380047505,9.091035792718012,0.0011288186111111,0.9058923955083976,0.0175416666666666,0.0079533333333333
Green Onions,Bunched Cilantro,0.001085,0.1270987895353377,8.878713903970505,0.0009627976166666,0.8950114900219713,0.0085366666666666,0.014315
Bunched Cilantro,Green Onions,0.001085,0.0757946210268948,8.878713903970505,0.0009627976166666,0.9002582724387783,0.014315,0.0085366666666666
Pure Sparkling Water,Sparkling Water Grapefruit,0.0018866666666666,0.2088560885608855,8.788390008873789,0.0016719895,0.8942919532117394,0.0090333333333333,0.023765
Sparkling Water Grapefruit,Pure Sparkling Water,0.0018866666666666,0.0793884564134932,8.788390008873789,0.0016719895,0.9077870757564112,0.023765,0.0090333333333333
Limes + Organic Cilantro,Organic Red Onion,0.0010066666666666,0.1816541353383458,8.592910848549945,0.0008895158333333,0.8885490426111368,0.0055416666666666,0.02114
Hass Avocados,Clementines,0.0012583333333333,0.0798266018185663,8.357347948200973,0.0011077672277777,0.8944442394719176,0.0157633333333333,0.0095516666666666
Clementines,Hass Avocados,0.0012583333333333,0.1317396614901413,8.357347948200971,0.0011077672277777,0.8888346692595864,0.0095516666666666,0.0157633333333333
Organic Cilantro + Organic Red Onion,Limes,0.0010066666666666,0.367620206938527,8.350892521225012,0.0008861206694444,0.882669363580782,0.0027383333333333,0.0440216666666666
Organic Cilantro + Organic Avocado,Limes,0.00105,0.3565365025466893,8.099114130466573,0.0009203561916666,0.8791187109529628,0.002945,0.0440216666666666
Organic Yellow Onion + Limes,Organic Garlic,0.001095,0.2731808731808732,8.043405825327506,0.0009588636388888,0.8791986774282705,0.0040083333333333,0.0339633333333333
Limes + Organic Hass Avocado,Organic Cilantro,0.0010766666666666,0.1717171717171716,7.857710725312921,0.0009396462666666,0.8782430545402025,0.00627,0.0218533333333333
Red Peppers,Orange Bell Pepper,0.001645,0.0937767220902612,7.699238266852322,0.0014313425,0.8856528483242841,0.0175416666666666,0.01218
Orange Bell Pepper,Red Peppers,0.001645,0.1350574712643678,7.699238266852322,0.0014313425,0.8808457221726587,0.01218,0.0175416666666666
Banana + Limes,Bunched Cilantro,0.0010583333333333,0.1056924101198402,7.38333287599303,0.0009149924666666,0.8733045000844678,0.0100133333333333,0.014315
Bunched Cilantro,Banana + Limes,0.0010583333333333,0.0739317731982768,7.383332875993029,0.0009149924666666,0.8771157225925342,0.014315,0.0100133333333333
Organic Garlic + Organic Hass Avocado,Organic Yellow Onion,0.001425,0.2609093683246872,7.36165628943392,0.0012314294305555,0.868906682563235,0.0054616666666666,0.0354416666666666
Organic Baby Spinach + Limes,Organic Cilantro,0.0010266666666666,0.1591731266149871,7.2837001196607885,0.0008857126666666,0.8683077277008131,0.00645,0.0218533333333333
Red Peppers,Green Bell Pepper,0.0022233333333333,0.1267458432304038,7.175646908684873,0.0019134890277777,0.8760063540900147,0.0175416666666666,0.0176633333333333
Green Bell Pepper,Red Peppers,0.0022233333333333,0.1258728061898471,7.175646908684873,0.0019134890277777,0.8761148512852203,0.0176633333333333,0.0175416666666666
Organic Baby Spinach + Organic Yellow Onion,Organic Garlic,0.0014866666666666,0.2429855625170253,7.154349666808088,0.0012788676722222,0.8655204341522523,0.0061183333333333,0.0339633333333333
Globe Eggplant,Organic Zucchini,0.0012483333333333,0.2334060454970395,7.143260765020338,0.0010735765416666,0.8646322520420681,0.0053483333333333,0.032675
Bag of Organic Bananas + Limes,Organic Cilantro,0.00102,0.1558441558441558,7.13136771709072,0.0008769699333333,0.8654387410043178,0.006545,0.0218533333333333
Banana + Organic Cilantro,Limes,0.0010666666666666,0.3135717785399314,7.1231237316457365,0.0009169196305555,0.8625462484677043,0.0034016666666666,0.0440216666666666
Bunched Cilantro,Red Onion,0.0013383333333333,0.0934916753987658,7.109633110172309,0.0011500910833333,0.8718259544154142,0.014315,0.01315
Red Onion,Bunched Cilantro,0.0013383333333333,0.1017743979721166,7.109633110172309,0.0011500910833333,0.8707967430490527,0.01315,0.014315
Bag of Organic Bananas + Organic Garlic,Organic Yellow Onion,0.00167,0.2509391435011269,7.080342633467019,0.0014341357083333,0.864517259568014,0.006655,0.0354416666666666
Limes + Organic Avocado,Organic Cilantro,0.00105,0.1510067114093959,6.910008148691092,0.0008980464888888,0.8612710752469207,0.0069533333333333,0.0218533333333333
Green Bell Pepper,Organic Red Bell Pepper,0.0021983333333333,0.1244574448009058,6.86724911537093,0.0018782148555555,0.8697438595059324,0.0176633333333333,0.0181233333333333
Organic Red Bell Pepper,Green Bell Pepper,0.0021983333333333,0.1212985102078351,6.867249115370929,0.0018782148555555,0.8701513263385348,0.0181233333333333,0.0176633333333333
Organic Cilantro + Organic Hass Avocado,Limes,0.0010766666666666,0.2936363636363636,6.670269116791663,0.0009152538888888,0.8532094459871955,0.0036666666666666,0.0440216666666666
Banana + Bunched Cilantro,Limes,0.0010583333333333,0.2931671283471838,6.659609927244548,0.0008994151166666,0.8529200966670784,0.00361,0.0440216666666666
Organic Yellow Onion + Organic Hass Avocado,Organic Garlic,0.001425,0.2260111022997621,6.6545618500273465,0.0012108611833333,0.855118669409457,0.006305,0.0339633333333333
Organic Baby Spinach + Organic Garlic,Organic Yellow Onion,0.0014866666666666,0.2291880781089414,6.46662811499482,0.0012567683888888,0.8508792730579624,0.0064866666666666,0.0354416666666666
Red Raspberries,Organic Blackberries,0.0010133333333333,0.1228779304769603,6.389354214938576,0.0008547361888888,0.8505034787760257,0.0082466666666666,0.0192316666666666
Organic Blackberries,Red Raspberries,0.0010133333333333,0.0526908744258601,6.389354214938576,0.0008547361888888,0.8600294599856773,0.0192316666666666,0.0082466666666666
Organic Small Bunch Celery,Organic Carrot Bunch,0.0015283333333333,0.0725302538954362,6.383768862734594,0.0012889240805555,0.8615060937016138,0.0210716666666666,0.0113616666666666
Organic Carrot Bunch,Organic Small Bunch Celery,0.0015283333333333,0.1345166495525891,6.383768862734594,0.0012889240805555,0.8530447343876997,0.0113616666666666,0.0210716666666666
Bag of Organic Bananas + Organic Yellow Onion,Organic Garlic,0.00167,0.2156693930262591,6.350065551857665,0.0014070105888888,0.8490961451962122,0.0077433333333333,0.0339633333333333
Raspberries,Clementines,0.001105,0.0605590062111801,6.3401507113432345,0.0009307139222222,0.857929394418533,0.0182466666666666,0.0095516666666666
Clementines,Raspberries,0.001105,0.1156866166463095,6.340150711343234,0.0009307139222222,0.850397758659842,0.0095516666666666,0.0182466666666666
Organic Garlic + Limes,Organic Yellow Onion,0.001095,0.2226363944425618,6.281769887869132,0.0009206860694444,0.8449650154406174,0.0049183333333333,0.0354416666666666
Organic Strawberries + Organic Garlic,Organic Yellow Onion,0.0010766666666666,0.2225284188770237,6.278723316539583,0.0009051880694444,0.8448194712527869,0.0048383333333333,0.0354416666666666
Limes + Organic Hass Avocado,Organic Lemon,0.0010633333333333,0.1695906432748537,6.250653354930417,0.0008932177833333,0.845316860855495,0.00627,0.0271316666666666
Organic White Onions,Organic Garlic,0.001505,0.2122209165687426,6.248530274867288,0.0012641433611111,0.8459616441800955,0.0070916666666666,0.0339633333333333
Organic Baby Spinach + Organic Cilantro,Limes,0.0010266666666666,0.2742653606411398,6.230235731824628,0.0008618788944444,0.8426467372735402,0.0037433333333333,0.0440216666666666
Orange Bell Pepper,Green Bell Pepper,0.001335,0.1096059113300492,6.205278995851063,0.0011198606,0.849190025901245,0.01218,0.0176633333333333
Green Bell Pepper,Orange Bell Pepper,0.001335,0.0755802981694659,6.205278995851062,0.0011198606,0.8539301441655452,0.0176633333333333,0.01218
Jalapeno Peppers,Organic Cilantro,0.0017933333333333,0.1347020530796194,6.163913350196131,0.0015023926222222,0.8490693459519194,0.0133133333333333,0.0218533333333333
Organic Cilantro,Jalapeno Peppers,0.0017933333333333,0.0820622330689444,6.16391335019613,0.0015023926222222,0.8564823980651975,0.0218533333333333,0.0133133333333333
Limes,Bunched Cilantro,0.0038833333333333,0.0882141369780032,6.162356757108157,0.003253163175,0.8763006373018717,0.0440216666666666,0.014315
Bunched Cilantro,Limes,0.0038833333333333,0.2712772150424962,6.162356757108156,0.003253163175,0.849890606782878,0.014315,0.0440216666666666
Red Onion,Jalapeno Peppers,0.0010783333333333,0.0820025348542458,6.159429257955375,0.000903263,0.8488091353383548,0.01315,0.0133133333333333
Jalapeno Peppers,Red Onion,0.0010783333333333,0.0809964947421131,6.159429257955374,0.000903263,0.8489496448132693,0.0133133333333333,0.01315
Jalapeno Peppers,Limes,0.0036033333333333,0.2706559839759639,6.148244818293203,0.0030172582111111,0.8486503195678029,0.0133133333333333,0.0440216666666666
Limes,Jalapeno Peppers,0.0036033333333333,0.0818536326808768,6.148244818293203,0.0030172582111111,0.8759110178368306,0.0440216666666666,0.0133133333333333
Organic Jalapeno Pepper,Limes,0.0016516666666666,0.2679102460124358,6.0858723964510455,0.0013802730916666,0.840868977427475,0.006165,0.0440216666666666
Organic Ginger Root,Organic Garlic,0.0033416666666666,0.20583102350888,6.06038934661537,0.00279027195,0.8487739447435347,0.016235,0.0339633333333333
Organic Garlic,Organic Ginger Root,0.0033416666666666,0.0983904210423005,6.060389346615369,0.00279027195,0.8643503177077028,0.0339633333333333,0.016235
Organic Thyme,Organic Garlic,0.0012633333333333,0.2049202487158691,6.033572933041588,0.0010539493833333,0.8394358475940852,0.006165,0.0339633333333333
Organic Yellow Onion + Organic Hass Avocado,Organic Lemon,0.0010283333333333,0.1630980703145651,6.011354640256718,0.000857268175,0.8389376461050457,0.006305,0.0271316666666666
Organic Strawberries + Organic Yellow Onion,Organic Garlic,0.0010766666666666,0.2032085561497326,5.983174682983589,0.0008967176055555,0.8373009486490659,0.0052983333333333,0.0339633333333333
Organic Red Onion,Organic Cilantro,0.0027383333333333,0.129533270261747,5.92739186676695,0.0022763538666666,0.8492447690494772,0.02114,0.0218533333333333
Organic Cilantro,Organic Red Onion,0.0027383333333333,0.1253050640634533,5.92739186676695,0.0022763538666666,0.8498640980545908,0.0218533333333333,0.02114
Whole Milk Plain Yogurt,Organic Whole Milk,0.0012833333333333,0.2685734216951517,5.9081229337155285,0.0010661182638888,0.8347301231005532,0.0047783333333333,0.0454583333333333
Raspberries,Blueberries,0.0018883333333333,0.1034892217756667,5.900183681622964,0.0015682867999999,0.8459495098258886,0.0182466666666666,0.01754
Blueberries,Raspberries,0.0018883333333333,0.1076586849106803,5.900183681622964,0.0015682867999999,0.8453410328189093,0.01754,0.0182466666666666
Limes + Organic Avocado,Large Lemon,0.0019483333333333,0.2802013422818792,5.848087010196449,0.0016151759555555,0.8348086147434985,0.0069533333333333,0.0479133333333333
Large Lemon + Organic Avocado,Limes,0.0019483333333333,0.2555749890686489,5.8056636293184924,0.0016127414944444,0.8341131250130073,0.0076233333333333,0.0440216666666666
Organic Italian Parsley Bunch,Organic Small Bunch Celery,0.0022916666666666,0.1218971631205673,5.784884748267059,0.0018955193333333,0.8429838046177223,0.0188,0.0210716666666666
Organic Small Bunch Celery,Organic Italian Parsley Bunch,0.0022916666666666,0.1087558332674207,5.784884748267059,0.0018955193333333,0.8449400031914925,0.0210716666666666,0.0188
Organic Garlic + Large Lemon,Limes,0.0012133333333333,0.2539239623299616,5.768158762653881,0.0010029831361111,0.8306033525249763,0.0047783333333333,0.0440216666666666
Organic Cilantro,Limes,0.0055416666666666,0.2535845027455766,5.760447569278233,0.0045796465111111,0.8448655054574592,0.0218533333333333,0.0440216666666666
Limes,Organic Cilantro,0.0055416666666666,0.1258849808806269,5.760447569278233,0.0045796465111111,0.864457225786005,0.0440216666666666,0.0218533333333333
Blackberries,Strawberries,0.001795,0.2538298373792128,5.692528310814372,0.0014796743833333,0.8302020449037748,0.0070716666666666,0.04459
Bunched Cilantro,Roma Tomato,0.0010333333333333,0.0721853533589474,5.683886091255708,0.0008515328333333,0.836031827874082,0.014315,0.0127
Roma Tomato,Bunched Cilantro,0.0010333333333333,0.0813648293963254,5.683886091255708,0.0008515328333333,0.8346642684676032,0.0127,0.014315
Organic Garlic,Organic Yellow Onion,0.0067833333333333,0.1997251938364903,5.635321716524533,0.0055796161944444,0.8514664818790612,0.0339633333333333,0.0354416666666666
Organic Yellow Onion,Organic Garlic,0.0067833333333333,0.1913943098988948,5.635321716524532,0.0055796161944444,0.8527714846340816,0.0354416666666666,0.0339633333333333
Organic Jalapeno Pepper,Organic Garlic,0.001175,0.1905920519059205,5.6117004192537205,0.00096561605,0.8268987242520351,0.006165,0.0339633333333333
Organic Garlic,Organic Italian Parsley Bunch,0.0035716666666666,0.1051624300716459,5.593746280406696,0.002933156,0.8501012018914808,0.0339633333333333,0.0188
Organic Italian Parsley Bunch,Organic Garlic,0.0035716666666666,0.1899822695035461,5.593746280406696,0.002933156,0.836963851818766,0.0188,0.0339633333333333
Organic Ginger Root,Organic Cilantro,0.00198,0.1219587311364336,5.580783914113803,0.0016252111333333,0.8343595306843644,0.016235,0.0218533333333333
Organic Cilantro,Organic Ginger Root,0.00198,0.0906040268456375,5.580783914113803,0.0016252111333333,0.8391519714531942,0.0218533333333333,0.016235
Raspberries,Hass Avocados,0.0015966666666666,0.0875045670442089,5.551146143637703,0.0013090383777777,0.835094716499787,0.0182466666666666,0.0157633333333333
Hass Avocados,Raspberries,0.0015966666666666,0.1012899133009092,5.551146143637702,0.0013090383777777,0.8329876840997466,0.0157633333333333,0.0182466666666666
Organic Butternut Squash,Organic Zucchini,0.0011183333333333,0.1807650862068965,5.532213808933329,0.000916184,0.8243404561346205,0.0061866666666666,0.032675
Organic Cilantro,Organic Italian Parsley Bunch,0.0022633333333333,0.1035692495424039,5.50900263523425,0.0018524906666666,0.8367650450686508,0.0218533333333333,0.0188
Organic Italian Parsley Bunch,Organic Cilantro,0.0022633333333333,0.1203900709219858,5.50900263523425,0.0018524906666666,0.8341611696056707,0.0188,0.0218533333333333
Organic Kiwi,Organic D'Anjou Pears,0.0012716666666666,0.0817091454272863,5.503534716700922,0.0010406030444444,0.8312353866734322,0.0155633333333333,0.0148466666666666
Organic D'Anjou Pears,Organic Kiwi,0.0012716666666666,0.0856533453075886,5.503534716700922,0.0010406030444444,0.8306306902534678,0.0148466666666666,0.0155633333333333
Organic Garlic + Organic Avocado,Limes,0.0010366666666666,0.2413659293752425,5.482889396325503,0.0008475936083333,0.8211412147004182,0.004295,0.0440216666666666
Organic Garlic + Organic Avocado,Large Lemon,0.0011183333333333,0.2603802871556073,5.434401429433851,0.0009125455666666,0.819506875921801,0.004295,0.0479133333333333
Organic Raspberries + Organic Lemon,Organic Hass Avocado,0.0011216666666666,0.3610515021459227,5.425810281209078,0.0009149387111111,0.8182377224173262,0.0031066666666666,0.0665433333333333
Organic Thyme,Organic Yellow Onion,0.0011633333333333,0.1886996485536631,5.324231795541871,0.0009448354583333,0.8172176237276448,0.006165,0.0354416666666666
Organic Tomato Paste,Organic Yellow Onion,0.001065,0.1885511950427854,5.320043123708971,0.0008648136527777,0.8166442779489888,0.0056483333333333,0.0354416666666666
Carrots,Organic Small Bunch Celery,0.0025383333333333,0.1116077971566759,5.296581372617699,0.0020590933944444,0.8300777075116886,0.0227433333333333,0.0210716666666666
Organic Small Bunch Celery,Carrots,0.0025383333333333,0.1204619156845685,5.296581372617698,0.0020590933944444,0.8286602255703238,0.0210716666666666,0.0227433333333333
Bag of Organic Bananas + Organic Cilantro,Limes,0.00102,0.2329653597259231,5.292061327208339,0.0008272584694444,0.8146043244086482,0.0043783333333333,0.0440216666666666
Bag of Organic Bananas + Organic Lemon,Organic Hass Avocado,0.0024283333333333,0.3483978957436632,5.235654396789009,0.0019645263,0.8146802292279177,0.00697,0.0665433333333333
Organic Raspberries + Organic Hass Avocado,Organic Lemon,0.0011216666666666,0.1413865546218487,5.211126775177176,0.0009064221111111,0.814565139008197,0.0079333333333333,0.0271316666666666
Bag of Organic Bananas + Organic Yellow Onion,Organic Lemon,0.0010933333333333,0.141196728368489,5.204130291854132,0.0008832437944444,0.814149162289753,0.0077433333333333,0.0271316666666666
Organic Baby Spinach + Limes,Large Lemon,0.0015933333333333,0.2470284237726098,5.155734460260397,0.0012842923333333,0.8112739302391639,0.00645,0.0479133333333333
Organic Garlic + Limes,Large Lemon,0.0012133333333333,0.2466960352422907,5.148797173555533,0.0009776795888888,0.8097625631588506,0.0049183333333333,0.0479133333333333
Large Lemon,Banana + Limes,0.0024416666666666,0.0509600667872547,5.089221050657932,0.0019618944888888,0.8439423672699847,0.0479133333333333,0.0100133333333333
Banana + Limes,Large Lemon,0.0024416666666666,0.2438415446071903,5.089221050657931,0.0019618944888888,0.8116334314060009,0.0100133333333333,0.0479133333333333
Organic Baby Spinach + Limes,Organic Garlic,0.00111,0.1720930232558139,5.067023945111806,0.0008909365,0.8078561677776614,0.00645,0.0339633333333333
Organic Hass Avocado + Large Lemon,Limes,0.0010466666666666,0.2222222222222222,5.048019283433662,0.0008393246166666,0.805697334445237,0.00471,0.0440216666666666
Organic Strawberries + Organic Lemon,Organic Raspberries,0.0010016666666666,0.2149499284692418,5.043405172905721,0.0008030574666666,0.8054747770199813,0.00466,0.04262
Organic Small Bunch Celery,Organic Romaine Lettuce,0.001175,0.0557620817843866,5.042539422853349,0.0009419824861111,0.8189437315522473,0.0210716666666666,0.0110583333333333
Organic Romaine Lettuce,Organic Small Bunch Celery,0.001175,0.1062547098718914,5.042539422853349,0.0009419824861111,0.8106516787025411,0.0110583333333333,0.0210716666666666
Yellow Onions,Garlic,0.001335,0.0574894136223354,5.034099266404156,0.0010698085666666,0.8204059244955114,0.0232216666666666,0.01142
Garlic,Yellow Onions,0.001335,0.1169001751313485,5.034099266404156,0.0010698085666666,0.8106119197085901,0.01142,0.0232216666666666
Organic Strawberries + Organic Lemon,Organic Hass Avocado,0.0015516666666666,0.3329756795422031,5.0038923940620625,0.0012415747333333,0.803901756837777,0.00466,0.0665433333333333
Organic Small Bunch Celery,Organic Cucumber,0.002665,0.1264731471960768,4.965573113312795,0.00212830465,0.8158037211890156,0.0210716666666666,0.02547
Organic Cucumber,Organic Small Bunch Celery,0.002665,0.1046329014526894,4.965573113312795,0.00212830465,0.8194856773118265,0.02547,0.0210716666666666
Organic Baby Spinach + Large Lemon,Limes,0.0015933333333333,0.2184643510054844,4.962655154783276,0.0012722686444444,0.8043614412439692,0.0072933333333333,0.0440216666666666
Shallot,Large Lemon,0.00127,0.2371615312791783,4.94980237816568,0.0010134241,0.8022678767635333,0.005355,0.0479133333333333
Organic Lacinato (Dinosaur) Kale,Organic Small Bunch Celery,0.0013933333333333,0.1037220843672456,4.9223483841135325,0.0011102706111111,0.8076949719946076,0.0134333333333333,0.0210716666666666
Organic Small Bunch Celery,Organic Lacinato (Dinosaur) Kale,0.0013933333333333,0.0661235466265917,4.9223483841135325,0.0011102706111111,0.8139972141687049,0.0210716666666666,0.0134333333333333
Banana + Limes,Organic Cilantro,0.0010666666666666,0.1065246338215712,4.874525647722906,0.0008478419555555,0.8028914530835431,0.0100133333333333,0.0218533333333333
Feta Cheese Crumbles,Organic Red Onion,0.0010216666666666,0.1027144772117962,4.858773756470967,0.0008113941333333,0.8021656277814728,0.0099466666666666,0.02114
Broccoli Crown,Banana + Organic Avocado,0.0010783333333333,0.0798864057291023,4.849928507281334,0.0008559932861111,0.8046731398779936,0.0134983333333333,0.0164716666666666
Banana + Organic Avocado,Broccoli Crown,0.0010783333333333,0.0654659516341192,4.849928507281334,0.0008559932861111,0.8071057708334521,0.0164716666666666,0.0134983333333333
Organic Small Bunch Celery,Organic Ginger Root,0.0016483333333333,0.0782251048010757,4.818300264926129,0.001306234825,0.8095157789093886,0.0210716666666666,0.016235
Organic Ginger Root,Organic Small Bunch Celery,0.0016483333333333,0.101529617082435,4.818300264926128,0.001306234825,0.805535806066289,0.016235,0.0210716666666666
Organic Lacinato (Dinosaur) Kale,Organic Ginger Root,0.0010483333333333,0.0780397022332506,4.806880334662804,0.0008302431666666,0.8027484524088909,0.0134333333333333,0.016235
Organic Ginger Root,Organic Lacinato (Dinosaur) Kale,0.0010483333333333,0.0645724258289703,4.806880334662804,0.0008302431666666,0.8050346016222013,0.016235,0.0134333333333333
Organic Baby Spinach + Organic Lemon,Organic Hass Avocado,0.0013616666666666,0.3161764705882353,4.751437217676231,0.0010750867111111,0.7929523457768978,0.0043066666666666,0.0665433333333333
Bag of Organic Bananas + Organic Hass Avocado,Organic Navel Orange,0.0012266666666666,0.0633118279569892,4.7460140897293295,0.0009682041666666,0.8048916507329509,0.019375,0.01334
Organic Navel Orange,Bag of Organic Bananas + Organic Hass Avocado,0.0012266666666666,0.0919540229885057,4.746014089729329,0.0009682041666666,0.7999684541787445,0.01334,0.019375
Organic Yellow Onion + Organic Lemon,Organic Hass Avocado,0.0010283333333333,0.315278487480838,4.73794250584839,0.0008112911611111,0.7915195931161002,0.0032616666666666,0.0665433333333333
Organic Baby Spinach + Large Lemon,Organic Avocado,0.001895,0.2598263254113345,4.72755322800827,0.0014941584,0.7942669432827715,0.0072933333333333,0.05496
Organic Leek,Organic Yellow Onion,0.0010183333333333,0.1672597864768683,4.719297996055537,0.0008025526527777,0.7929317105787581,0.0060883333333333,0.0354416666666666
Organic Red Bell Pepper + Bag of Organic Bananas,Organic Hass Avocado,0.0012766666666666,0.3125254997960016,4.696571153574137,0.00100483715,0.7903071121248315,0.004085,0.0665433333333333
Organic Diced Tomatoes,Organic Yellow Onion,0.0011683333333333,0.1657210401891252,4.6758816888537575,0.0009184695833333,0.7917182039225327,0.00705,0.0354416666666666
Organic Baby Spinach + Organic Hass Avocado,Organic Cucumber,0.0013016666666666,0.1188917643476937,4.667913794569836,0.0010228126166666,0.7944696550989186,0.0109483333333333,0.02547
Organic Cucumber,Organic Baby Spinach + Organic Hass Avocado,0.0013016666666666,0.0511058761942154,4.667913794569836,0.0010228126166666,0.8063082065115258,0.02547,0.0109483333333333
Organic Strawberries + Large Lemon,Limes,0.0010516666666666,0.2054705307717356,4.66748640680882,0.0008263491027777,0.789794350985563,0.0051183333333333,0.0440216666666666
Organic Italian Parsley Bunch,Organic Ginger Root,0.0014116666666666,0.0750886524822695,4.625109484586973,0.0011064486666666,0.798806463521284,0.0188,0.016235
Organic Ginger Root,Organic Italian Parsley Bunch,0.0014116666666666,0.086952058310235,4.6251094845869725,0.0011064486666666,0.7967237114626804,0.016235,0.0188
Organic Russet Potato,Organic Yellow Onion,0.0016383333333333,0.163751457604531,4.6203091729470325,0.0012837394583333,0.791483055518787,0.010005,0.0354416666666666
Organic Lemon,Bag of Organic Bananas + Organic Hass Avocado,0.0024283333333333,0.0895018121506235,4.619448369064439,0.0019026572916666,0.8053751050623974,0.0271316666666666,0.019375
Bag of Organic Bananas + Organic Hass Avocado,Organic Lemon,0.0024283333333333,0.1253333333333333,4.619448369064439,0.0019026572916666,0.7990046512889358,0.019375,0.0271316666666666
Fresh Cauliflower,Organic Broccoli,0.0012366666666666,0.0553814002089864,4.613835063231304,0.0009686322333333,0.8011502511458221,0.02233,0.0120033333333333
Organic Broccoli,Fresh Cauliflower,0.0012366666666666,0.103026936961955,4.613835063231304,0.0009686322333333,0.7927765269495538,0.0120033333333333,0.02233
Strawberries,Raspberries,0.0037483333333333,0.0840621963070942,4.60698920206947,0.0029347144666666,0.8194790687870408,0.04459,0.0182466666666666
Raspberries,Strawberries,0.0037483333333333,0.2054256485202776,4.60698920206947,0.0029347144666666,0.7974900318917446,0.0182466666666666,0.04459
Bag of Organic Bananas + Organic Tomato Cluster,Organic Hass Avocado,0.0014633333333333,0.3058167885754093,4.595753973482081,0.0011449234833333,0.7861696692477605,0.004785,0.0665433333333333
Organic Lemon,Organic Baby Spinach + Organic Hass Avocado,0.0013616666666666,0.0501873579458197,4.584018079995717,0.0010646201361111,0.8036552803347642,0.0271316666666666,0.0109483333333333
Organic Baby Spinach + Organic Hass Avocado,Organic Lemon,0.0013616666666666,0.1243720505404171,4.584018079995717,0.0010646201361111,0.7905054907685795,0.0109483333333333,0.0271316666666666
Bag of Organic Bananas + Organic Blueberries,Organic Raspberries,0.0013616666666666,0.195221027479092,4.580502756431065,0.0010643921666666,0.7871738916272703,0.006975,0.04262
Bag of Organic Bananas + Organic Garnet Sweet Potato (Yam),Organic Hass Avocado,0.0012266666666666,0.3041322314049586,4.570438782822602,0.0009582752222222,0.7843662373020458,0.0040333333333333,0.0665433333333333
Bag of Organic Bananas + Organic Cucumber,Organic Hass Avocado,0.0020933333333333,0.3038219641993226,4.565776148865241,0.0016348497666666,0.7863974664418736,0.00689,0.0665433333333333
Organic Avocado + Cucumber Kirby,Large Lemon,0.0010233333333333,0.2182723071453963,4.555565057994915,0.0007986996555555,0.7841646882044034,0.0046883333333333,0.0479133333333333
Red Vine Tomato,Red Onion,0.00101,0.0596515405059553,4.536238821745651,0.0007873485833333,0.7929795176719968,0.0169316666666666,0.01315
Red Onion,Red Vine Tomato,0.00101,0.0768060836501901,4.53623882174565,0.0007873485833333,0.789940773983159,0.01315,0.0169316666666666
Large Lemon + Organic Avocado,Cucumber Kirby,0.0010233333333333,0.1342369916921731,4.528913349938366,0.0007973777333333,0.7851821876283774,0.0076233333333333,0.02964
Organic Small Bunch Celery,Organic Yellow Onion,0.0033816666666666,0.1604840623269793,4.528118382139083,0.0026348516805555,0.7959292736100585,0.0210716666666666,0.0354416666666666
Organic Yellow Onion,Organic Small Bunch Celery,0.0033816666666666,0.0954150011756407,4.528118382139083,0.0026348516805555,0.8077870361387908,0.0354416666666666,0.0210716666666666
Half & Half,Organic Reduced Fat 2% Milk,0.001415,0.0663125829883621,4.510548667159876,0.0011012909361111,0.7952671570365059,0.0213383333333333,0.0147016666666666
Organic Reduced Fat 2% Milk,Half & Half,0.001415,0.0962475909760798,4.510548667159875,0.0011012909361111,0.7899104819527845,0.0147016666666666,0.0213383333333333
Organic Strawberries + Organic Hass Avocado,Organic Lemon,0.0015516666666666,0.1223068838675775,4.507901610697617,0.0012074562555555,0.7881665025086216,0.0126866666666666,0.0271316666666666
Organic Lemon,Organic Strawberries + Organic Hass Avocado,0.0015516666666666,0.0571902451010504,4.507901610697617,0.0012074562555555,0.7998690780151432,0.0271316666666666,0.0126866666666666
Jalapeno Peppers,Organic Red Onion,0.0012683333333333,0.0952679018527791,4.5065232664512385,0.0009868894666666,0.7885983204002069,0.0133133333333333,0.02114
Organic Red Onion,Jalapeno Peppers,0.0012683333333333,0.0599968464206874,4.506523266451238,0.0009868894666666,0.7949037125785222,0.02114,0.0133133333333333
Organic Raspberries,Organic Strawberries + Organic Hass Avocado,0.0024333333333333,0.0570936962302518,4.500291347628889,0.0018926276,0.8124173937031918,0.04262,0.0126866666666666
Organic Strawberries + Organic Hass Avocado,Organic Raspberries,0.0024333333333333,0.1918024172359432,4.500291347628889,0.0018926276,0.7877865497446555,0.0126866666666666,0.04262
Banana + Organic Garlic,Large Lemon,0.0013,0.2148760330578512,4.484681363389131,0.0010101243333333,0.7817482951342802,0.00605,0.0479133333333333
Organic Large Extra Fancy Fuji Apple,Organic D'Anjou Pears,0.00155,0.0660980810234541,4.452048564669117,0.0012018456666666,0.7940036875482759,0.02345,0.0148466666666666
Organic D'Anjou Pears,Organic Large Extra Fancy Fuji Apple,0.00155,0.1044005388414908,4.452048564669117,0.0012018456666666,0.7870696619902847,0.0148466666666666,0.02345
Banana + Broccoli Crown,Organic Avocado,0.0010783333333333,0.2443353474320241,4.445694094469144,0.0008357765333333,0.7784990214308618,0.0044133333333333,0.05496
Organic D'Anjou Pears,Bag of Organic Bananas + Organic Hass Avocado,0.0012783333333333,0.086102379883251,4.443993800425859,0.0009906791666666,0.7866564093235396,0.0148466666666666,0.019375
Bag of Organic Bananas + Organic Hass Avocado,Organic D'Anjou Pears,0.0012783333333333,0.0659784946236559,4.443993800425859,0.0009906791666666,0.7902890338642357,0.019375,0.0148466666666666
Organic Baby Spinach + Large Lemon,Organic Garlic,0.0011,0.1508226691042047,4.4407499000158435,0.0008522940888888,0.7805052933536676,0.0072933333333333,0.0339633333333333
Organic Hass Avocado + Organic Lemon,Organic Yellow Onion,0.0010283333333333,0.1573176950535441,4.4387781345932975,0.0007966629722222,0.7798101357983657,0.0065366666666666,0.0354416666666666
Raspberries,Organic Blackberries,0.0015566666666666,0.0853123858238947,4.436037047780299,0.0012057528555555,0.7889696348159807,0.0182466666666666,0.0192316666666666
Organic Blackberries,Raspberries,0.0015566666666666,0.0809428893318311,4.436037047780298,0.0012057528555555,0.7897620085742693,0.0192316666666666,0.0182466666666666
Organic Garlic,Organic Red Onion,0.0031816666666666,0.0936794582392776,4.431384022671601,0.0024636818,0.801560535110689,0.0339633333333333,0.02114
Organic Red Onion,Organic Garlic,0.0031816666666666,0.1505045726900031,4.431384022671601,0.0024636818,0.7910598731890972,0.02114,0.0339633333333333
Bag of Organic Bananas + Organic Lemon,Organic Yellow Onion,0.0010933333333333,0.1568627450980392,4.425941549909406,0.0008463049166666,0.7794924372878965,0.00697,0.0354416666666666
Organic Raspberries,Bag of Organic Bananas + Organic Strawberries,0.0036816666666666,0.0863835445017988,4.423498054201528,0.0028493691,0.8083880670973722,0.04262,0.0195283333333333
Bag of Organic Bananas + Organic Strawberries,Organic Raspberries,0.0036816666666666,0.1885294870700691,4.423498054201528,0.0028493691,0.7893492428076442,0.0195283333333333,0.04262
Bag of Organic Bananas + Large Lemon,Limes,0.0012083333333333,0.1942658092175777,4.4129589796897974,0.0009345185666666,0.7782352994244893,0.00622,0.0440216666666666
Bag of Organic Bananas + Organic Cilantro,Organic Hass Avocado,0.001285,0.2934906737723639,4.410519567785863,0.0009936511055555,0.776669862392298,0.0043783333333333,0.0665433333333333
Organic Red Bell Pepper,Organic Cucumber,0.0020333333333333,0.1121942247562994,4.40495582082055,0.0015717320333333,0.7872505717416458,0.0181233333333333,0.02547
Organic Cucumber,Organic Red Bell Pepper,0.0020333333333333,0.0798324826593377,4.40495582082055,0.0015717320333333,0.7931853993341557,0.02547,0.0181233333333333
Limes + Organic Avocado,Organic Garlic,0.0010366666666666,0.1490891658676893,4.389709467102445,0.0008005082888888,0.7776014127126656,0.0069533333333333,0.0339633333333333
Bag of Organic Bananas + Apple Honeycrisp Organic,Organic Hass Avocado,0.0021266666666666,0.2917905328150011,4.384970187071098,0.0016416766722222,0.7776158016420335,0.0072883333333333,0.0665433333333333
Jalapeno Peppers,Yellow Onions,0.0013533333333333,0.1016524787180771,4.377484190830852,0.0010441755444444,0.7819688966496452,0.0133133333333333,0.0232216666666666
Yellow Onions,Jalapeno Peppers,0.0013533333333333,0.058278906193928,4.3774841908308515,0.0010441755444444,0.7899011042139376,0.0232216666666666,0.0133133333333333
Limes + Organic Lemon,Organic Hass Avocado,0.0010633333333333,0.2909256725946192,4.371973239412201,0.0008201174499999,0.7740996634234175,0.003655,0.0665433333333333
Organic D'Anjou Pears,Organic Gala Apples,0.0014583333333333,0.0982263134261338,4.36982190670129,0.0011246050111111,0.7827793865301124,0.0148466666666666,0.0224783333333333
Organic Gala Apples,Organic D'Anjou Pears,0.0014583333333333,0.0648772892414918,4.369821906701289,0.0011246050111111,0.7888906693335991,0.0224783333333333,0.0148466666666666
Organic Whole String Cheese,Organic Strawberries + Organic Hass Avocado,0.001025,0.055295810106096,4.358576729329692,0.0007898314888888,0.785120829339587,0.0185366666666666,0.0126866666666666
Organic Strawberries + Organic Hass Avocado,Organic Whole String Cheese,0.001025,0.0807934839726747,4.358576729329692,0.0007898314888888,0.7804688544329685,0.0126866666666666,0.0185366666666666
Organic Kiwi,Bag of Organic Bananas + Organic Strawberries,0.00132,0.0848147354893981,4.343163036070572,0.0010160740388888,0.7819223783798278,0.0155633333333333,0.0195283333333333
Bag of Organic Bananas + Organic Strawberries,Organic Kiwi,0.00132,0.0675940940513783,4.343163036070571,0.0010160740388888,0.7850844506106515,0.0195283333333333,0.0155633333333333
Apple Honeycrisp Organic,Organic D'Anjou Pears,0.0016666666666666,0.0643252283545606,4.332637742785856,0.0012819895333333,0.7896536459670052,0.02591,0.0148466666666666
Organic D'Anjou Pears,Apple Honeycrisp Organic,0.0016666666666666,0.1122586439155815,4.332637742785856,0.0012819895333333,0.7807857863073769,0.0148466666666666,0.02591
Banana + Organic Garlic,Limes,0.0011533333333333,0.1906336088154269,4.330449600168712,0.0008870022499999,0.77375833329214,0.00605,0.0440216666666666
Limes,Banana + Large Lemon,0.0024416666666666,0.0554651118767273,4.327014318818934,0.0018773822694444,0.8043004066303525,0.0440216666666666,0.0128183333333333
Banana + Large Lemon,Limes,0.0024416666666666,0.1904823820049408,4.327014318818934,0.0018773822694444,0.7788776759054548,0.0128183333333333,0.0440216666666666
Organic Black Beans,Organic Cilantro,0.001125,0.0945510575710883,4.326619473966828,0.0008649817555555,0.7781311352289373,0.0118983333333333,0.0218533333333333
Organic Cilantro,Organic Black Beans,0.001125,0.0514795607077486,4.326619473966827,0.0008649817555555,0.7860504950909935,0.0218533333333333,0.0118983333333333
Organic Italian Parsley Bunch,Organic Lacinato (Dinosaur) Kale,0.0010916666666666,0.0580673758865248,4.322633440684229,0.0008391199999999,0.7833872217537023,0.0188,0.0134333333333333
Organic Lacinato (Dinosaur) Kale,Organic Italian Parsley Bunch,0.0010916666666666,0.0812655086848635,4.322633440684229,0.0008391199999999,0.7791257985451897,0.0134333333333333,0.0188
Bag of Organic Bananas + Organic Kiwi,Organic Hass Avocado,0.0012916666666666,0.287569573283859,4.321538445381842,0.0009927761944444,0.7720688004264314,0.0044916666666666,0.0665433333333333
Large Lemon + Organic Avocado,Organic Garlic,0.0011183333333333,0.1466987319632706,4.319326684559937,0.0008594195222222,0.7743858355307064,0.0076233333333333,0.0339633333333333
Bag of Organic Bananas + Organic Baby Arugula,Organic Hass Avocado,0.0010583333333333,0.2869408043380028,4.312089430516497,0.0008128993388888,0.7709373373964911,0.0036883333333333,0.0665433333333333
Organic Cucumber,Organic Strawberries + Organic Hass Avocado,0.0013933333333333,0.0547048815600052,4.311998021019855,0.0010702039333333,0.7881634709741322,0.02547,0.0126866666666666
Organic Strawberries + Organic Hass Avocado,Organic Cucumber,0.0013933333333333,0.1098265895953757,4.311998021019855,0.0010702039333333,0.7779586494342434,0.0126866666666666,0.02547
Bag of Organic Bananas + Organic Yellow Onion,Organic Hass Avocado,0.0022183333333333,0.2864829961256995,4.305209579607768,0.0017030661222222,0.7737143992217402,0.0077433333333333,0.0665433333333333
Organic Mint,Limes,0.0011583333333333,0.1894765539803707,4.30416584213162,0.0008892142111111,0.7723888151339771,0.0061133333333333,0.0440216666666666
Banana + Limes,Yellow Onions,0.001,0.099866844207723,4.300588999112453,0.0007674737111111,0.7752364117137379,0.0100133333333333,0.0232216666666666
Yellow Bell Pepper,Cucumber Kirby,0.0010133333333333,0.1274098910310142,4.298579319534894,0.0007775965333333,0.7735170388489788,0.0079533333333333,0.02964
Bag of Organic Bananas + Organic Hass Avocado,Organic Raspberries,0.0035466666666666,0.1830537634408602,4.295020259053501,0.0027209041666666,0.7823298686486772,0.019375,0.04262
Organic Raspberries,Bag of Organic Bananas + Organic Hass Avocado,0.0035466666666666,0.0832160175191615,4.2950202590535005,0.0027209041666666,0.8013246855413827,0.04262,0.019375
Bag of Organic Bananas + Organic Hass Avocado,Organic Kiwi,0.0012916666666666,0.0666666666666666,4.283572499464554,0.0009901270833333,0.7816953473550031,0.019375,0.0155633333333333
Organic Kiwi,Bag of Organic Bananas + Organic Hass Avocado,0.0012916666666666,0.0829942171771257,4.283572499464554,0.0009901270833333,0.7786686802265932,0.0155633333333333,0.019375
Organic Italian Parsley Bunch,Organic Yellow Onion,0.0028533333333333,0.15177304964539,4.282333871960218,0.0021870299999999,0.7811684433708866,0.0188,0.0354416666666666
Organic Yellow Onion,Organic Italian Parsley Bunch,0.0028533333333333,0.0805078767928521,4.282333871960217,0.0021870299999999,0.7946460573169212,0.0354416666666666,0.0188
Bag of Organic Bananas + Organic Small Bunch Celery,Organic Hass Avocado,0.0013816666666666,0.2845863371095091,4.276706964527012,0.0010585987833333,0.7699131636325967,0.004855,0.0665433333333333
Organic D'Anjou Pears,Bag of Organic Bananas + Organic Strawberries,0.0012383333333333,0.083408172429277,4.271136251392527,0.0009484026777777,0.7774122451591502,0.0148466666666666,0.0195283333333333
Bag of Organic Bananas + Organic Strawberries,Organic D'Anjou Pears,0.0012383333333333,0.063412136212341,4.271136251392526,0.0009484026777777,0.7811243208041239,0.0195283333333333,0.0148466666666666
Feta Cheese Crumbles,Cucumber Kirby,0.0012566666666666,0.1263404825737265,4.262499412069046,0.0009618474666666,0.7730854857000621,0.0099466666666666,0.02964
Bag of Organic Bananas + Apple Honeycrisp Organic,Organic Raspberries,0.0013233333333333,0.1815687171278298,4.26017637559432,0.0010127045666666,0.7708864116389782,0.0072883333333333,0.04262
Organic Garlic + Large Lemon,Organic Avocado,0.0011183333333333,0.2340425531914893,4.25841617888445,0.0008557161333333,0.7688447053747581,0.0047783333333333,0.05496
Organic Small Bunch Celery,Michigan Organic Kale,0.0018816666666666,0.0892984260064858,4.256359676190934,0.0014395831,0.781525493766115,0.0210716666666666,0.02098
Michigan Organic Kale,Organic Small Bunch Celery,0.0018816666666666,0.0896885923101366,4.256359676190934,0.0014395831,0.7814523187166487,0.02098,0.0210716666666666
Organic Large Extra Fancy Fuji Apple,Organic Navel Orange,0.00133,0.0567164179104477,4.251605540513326,0.001017177,0.7831598349722035,0.02345,0.01334
Organic Navel Orange,Organic Large Extra Fancy Fuji Apple,0.00133,0.0997001499250374,4.251605540513325,0.001017177,0.7751350382523924,0.01334,0.02345
Organic Diced Tomatoes,Organic Garlic,0.0010166666666666,0.1442080378250591,4.2459918880673015,0.0007772251666666,0.7699116476074356,0.00705,0.0339633333333333
Bag of Organic Bananas + Organic Hass Avocado,Organic Cucumber,0.0020933333333333,0.1080430107526881,4.241971368381947,0.0015998520833333,0.7793606621930478,0.019375,0.02547
Organic Cucumber,Bag of Organic Bananas + Organic Hass Avocado,0.0020933333333333,0.0821881952624002,4.241971368381946,0.0015998520833333,0.7842350152002066,0.02547,0.019375
Bag of Organic Bananas + Organic Hass Avocado,Apple Honeycrisp Organic,0.0021266666666666,0.109763440860215,4.236335038989387,0.0016246604166666,0.7790408202816721,0.019375,0.02591
Apple Honeycrisp Organic,Bag of Organic Bananas + Organic Hass Avocado,0.0021266666666666,0.0820789913804193,4.236335038989387,0.0016246604166666,0.7842672693372427,0.02591,0.019375
Organic Garnet Sweet Potato (Yam),Bag of Organic Bananas + Organic Baby Spinach,0.0010966666666666,0.0668903120870184,4.234010681739744,0.0008376529916666,0.776548835791989,0.016395,0.0157983333333333
Bag of Organic Bananas + Organic Baby Spinach,Organic Garnet Sweet Potato (Yam),0.0010966666666666,0.0694166051271231,4.234010681739744,0.0008376529916666,0.7760780574738368,0.0157983333333333,0.016395
Feta Cheese Crumbles,Organic Grape Tomatoes,0.0010966666666666,0.110254691689008,4.226476808932074,0.0008371912888888,0.7710658470150473,0.0099466666666666,0.0260866666666666
Organic Strawberries + Organic Blueberries,Organic Raspberries,0.0013166666666666,0.1800364630811303,4.224224849393017,0.0010049724,0.7688933505858073,0.0073133333333333,0.04262
Organic Granny Smith Apple,Organic Navel Orange,0.0010283333333333,0.0563110340421648,4.221216944690017,0.0007847227,0.77729621547415,0.0182616666666666,0.01334
Organic Navel Orange,Organic Granny Smith Apple,0.0010283333333333,0.0770864567716141,4.221216944690017,0.0007847227,0.7734188992012443,0.01334,0.0182616666666666
Large Lemon + Cucumber Kirby,Organic Avocado,0.0010233333333333,0.2316107129385137,4.2141687215886785,0.0007805017333333,0.7660901183793369,0.0044183333333333,0.05496
Bag of Organic Bananas + Organic Lemon,Organic Raspberries,0.0012516666666666,0.1795791487326638,4.213494808368461,0.0009546052666666,0.7680204259373586,0.00697,0.04262
Organic Red Bell Pepper,Organic Red Onion,0.001605,0.0885598675740297,4.189208494514181,0.0012218727333333,0.7753432263769627,0.0181233333333333,0.02114
Organic Red Onion,Organic Red Bell Pepper,0.001605,0.075922421948912,4.1892084945141805,0.0012218727333333,0.7777326917409956,0.02114,0.0181233333333333
Bag of Organic Bananas + Organic D'Anjou Pears,Organic Hass Avocado,0.0012783333333333,0.2786051580094442,4.186822992678119,0.0009730103388888,0.7646639481188927,0.0045883333333333,0.0665433333333333
Bag of Organic Bananas + Organic Raspberries,Organic Hass Avocado,0.0035466666666666,0.2783154590635626,4.182469454444162,0.0026986827888888,0.7707284509382357,0.0127433333333333,0.0665433333333333
Organic Hass Avocado,Bag of Organic Bananas + Organic Raspberries,0.0035466666666666,0.0532986024144667,4.182469454444162,0.0026986827888888,0.8151495709978819,0.0665433333333333,0.0127433333333333
Organic Baby Spinach + Cucumber Kirby,Organic Avocado,0.0010916666666666,0.2295024526979677,4.175808819104216,0.0008302402666666,0.7641602908982096,0.0047566666666666,0.05496
Frozen Organic Wild Blueberries,Organic Raspberries,0.001645,0.1776777677767776,4.168882397390373,0.0012504098333333,0.767230837090744,0.0092583333333333,0.04262
Original Hummus,Organic Baby Carrots,0.002175,0.097936210131332,4.16159533135972,0.0016523638888888,0.7769625790647239,0.0222083333333333,0.0235333333333333
Organic Baby Carrots,Original Hummus,0.002175,0.0924220963172804,4.16159533135972,0.0016523638888888,0.7780168653526267,0.0235333333333333,0.0222083333333333
Limes + Large Lemon,Organic Garlic,0.0012133333333333,0.1410306082913599,4.152437185926782,0.0009211354555555,0.7657657109264103,0.0086033333333333,0.0339633333333333
Green Bell Pepper,Organic Red Onion,0.00155,0.0877524061143612,4.151012588191164,0.0011765971333333,0.7727441624539952,0.0176633333333333,0.02114
Organic Red Onion,Green Bell Pepper,0.00155,0.0733207190160832,4.151012588191164,0.0011765971333333,0.7754887570553326,0.02114,0.0176633333333333
Banana + Large Lemon,Cucumber Kirby,0.0015766666666666,0.1230009101547263,4.149828277824774,0.0011967312666666,0.7688819586008542,0.0128183333333333,0.02964
Cucumber Kirby,Banana + Large Lemon,0.0015766666666666,0.0531938821412505,4.149828277824774,0.0011967312666666,0.782210904573068,0.02964,0.0128183333333333
Organic Celery Hearts,Organic Yellow Onion,0.00109,0.1467684021543985,4.141125854344657,0.0008267865555555,0.7641951987484134,0.0074266666666666,0.0354416666666666
Bag of Organic Bananas + Organic Red Onion,Organic Hass Avocado,0.0011716666666666,0.274716686205549,4.128387810532721,0.0008878593499999,0.7610204463716269,0.004265,0.0665433333333333
Green Bell Pepper,Organic Yellow Onion,0.0025833333333333,0.146254010190602,4.126612090964551,0.0019573153611111,0.7712940869209043,0.0176633333333333,0.0354416666666666
Organic Yellow Onion,Green Bell Pepper,0.0025833333333333,0.0728897249000705,4.126612090964551,0.0019573153611111,0.7855102549860555,0.0354416666666666,0.0176633333333333
Limes + Large Lemon,Organic Avocado,0.0019483333333333,0.2264626113909337,4.1204987516545435,0.0014754941333333,0.7638828713910738,0.0086033333333333,0.05496
Bag of Organic Bananas + Organic Whole String Cheese,Organic Hass Avocado,0.001245,0.2735261808861223,4.110497132987862,0.0009421169277777,0.7601805122159969,0.0045516666666666,0.0665433333333333
Organic Garlic,Organic Cilantro,0.0030483333333333,0.0897536559034252,4.107092246953567,0.0023061212888888,0.7831159674794107,0.0339633333333333,0.0218533333333333
Organic Cilantro,Organic Garlic,0.0030483333333333,0.1394905430140329,4.107092246953566,0.0023061212888888,0.7734205560555864,0.0218533333333333,0.0339633333333333
Banana + Limes,Organic Avocado,0.00226,0.225699067909454,4.106606039109425,0.0017096671999999,0.7641415152100615,0.0100133333333333,0.05496
Organic Bartlett Pear,Apple Honeycrisp Organic,0.0012433333333333,0.1063890473474044,4.106099859027575,0.0009405317999999,0.7654049249847155,0.0116866666666666,0.02591
Organic Baby Spinach + Organic Avocado,Large Lemon,0.001895,0.196712802768166,4.105596273163338,0.0014334348888888,0.7637878434133901,0.0096333333333333,0.0479133333333333
Bag of Organic Bananas + Organic Navel Orange,Organic Hass Avocado,0.0012266666666666,0.2726935902185994,4.097985125761651,0.0009273325722222,0.7593936461501496,0.0044983333333333,0.0665433333333333
Bag of Organic Bananas + Limes,Organic Hass Avocado,0.0017833333333333,0.2724726254138019,4.094664510551549,0.0013478072166666,0.7607589147606599,0.006545,0.0665433333333333
Organic Zucchini,Organic Garnet Sweet Potato (Yam),0.0021916666666666,0.0670747258352461,4.091169614836604,0.0016559600416666,0.7810933467790079,0.032675,0.016395
Organic Garnet Sweet Potato (Yam),Organic Zucchini,0.0021916666666666,0.133678967164786,4.091169614836603,0.0016559600416666,0.768165189962438,0.016395,0.032675
Organic Hass Avocado + Organic Navel Orange,Bag of Organic Bananas,0.0012266666666666,0.4854881266490765,4.088091559623964,0.0009266081555555,0.7573005293374593,0.0025266666666666,0.1187566666666666
Organic Blueberries,Raspberries,0.0023166666666666,0.0745388245388245,4.085065283457684,0.0017495602666666,0.7794305727032129,0.03108,0.0182466666666666
Raspberries,Organic Blueberries,0.0023166666666666,0.1269638290098648,4.085065283457683,0.0017495602666666,0.7692419723592454,0.0182466666666666,0.03108
Organic Strawberries + Organic Tomato Cluster,Organic Hass Avocado,0.0010116666666666,0.2717099373321396,4.08320298550528,0.0007639036555555,0.7579161975968062,0.0037233333333333,0.0665433333333333
Large Lemon,Limes,0.0086033333333333,0.1795603172394601,4.078907747839173,0.0064941085444444,0.792823127057613,0.0479133333333333,0.0440216666666666
Limes,Large Lemon,0.0086033333333333,0.1954340665581342,4.078907747839173,0.0064941085444444,0.7895956445629269,0.0440216666666666,0.0479133333333333
Bag of Organic Bananas + Organic Zucchini,Organic Hass Avocado,0.00193,0.2708138447146866,4.069736683584932,0.0014557678444444,0.75969797143486,0.0071266666666666,0.0665433333333333
Yellow Onions,Bunched Cilantro,0.0013516666666666,0.0582071341419651,4.066163754241363,0.0010192485083333,0.7719949565278764,0.0232216666666666,0.014315
Bunched Cilantro,Yellow Onions,0.0013516666666666,0.0944230993130748,4.066163754241363,0.0010192485083333,0.7650191967809576,0.014315,0.0232216666666666
Red Vine Tomato,Cucumber Kirby,0.00204,0.1204842996357909,4.064922389871489,0.0015381454,0.7669790772129319,0.0169316666666666,0.02964
Cucumber Kirby,Red Vine Tomato,0.00204,0.068825910931174,4.064922389871488,0.0015381454,0.7770238294419133,0.02964,0.0169316666666666
Bag of Organic Bananas + Organic Zucchini,Organic Yellow Onion,0.0010266666666666,0.1440598690364826,4.064703570274611,0.0007740857222222,0.7593915298699729,0.0071266666666666,0.0354416666666666
Organic Carrot Bunch,Organic Yellow Onion,0.0016366666666666,0.1440516356168402,4.064471261232265,0.0012339902638888,0.7626302891529101,0.0113616666666666,0.0354416666666666
Organic Basil,Organic Garlic,0.0011833333333333,0.1379444336506703,4.061569348827274,0.0008919845388888,0.7603119606091343,0.0085783333333333,0.0339633333333333
Bag of Organic Bananas + Organic Yellow Onion,Organic Zucchini,0.0010266666666666,0.1325871717606543,4.05775583047144,0.0007736532499999,0.7594389493205156,0.0077433333333333,0.032675
Organic Lacinato (Dinosaur) Kale,Organic Lemon,0.0014766666666666,0.109925558312655,4.051559370206589,0.0011121979444444,0.7634369553195062,0.0134333333333333,0.0271316666666666
Organic Lemon,Organic Lacinato (Dinosaur) Kale,0.0014766666666666,0.0544259475397751,4.051559370206589,0.0011121979444444,0.7741864201079429,0.0271316666666666,0.0134333333333333
Organic Garnet Sweet Potato (Yam),Organic Yellow Onion,0.0023533333333333,0.1435396970621124,4.050026721714905,0.0017722672083333,0.7656407286124567,0.016395,0.0354416666666666
Organic Yellow Onion,Organic Garnet Sweet Potato (Yam),0.0023533333333333,0.0664001881025158,4.050026721714905,0.0017722672083333,0.7807594655932565,0.0354416666666666,0.016395
Bag of Organic Bananas + Organic Raspberries,Organic Large Extra Fancy Fuji Apple,0.00121,0.0949516086842793,4.049109112336007,0.0009111688333333,0.762752097898127,0.0127433333333333,0.02345
Organic Large Extra Fancy Fuji Apple,Bag of Organic Bananas + Organic Raspberries,0.00121,0.0515991471215351,4.049109112336007,0.0009111688333333,0.7711147341804433,0.02345,0.0127433333333333
Banana + Organic Garlic,Organic Avocado,0.0013433333333333,0.2220385674931129,4.040003047545723,0.0010108253333333,0.7570556207487058,0.00605,0.05496
Bartlett Pears,Organic Fuji Apple,0.0012233333333333,0.1113133151349712,4.03504042296899,0.0009201558666666,0.7605292243499935,0.01099,0.0275866666666666
Bag of Organic Bananas + Original Hummus,Organic Hass Avocado,0.0010683333333333,0.2683131017161992,4.032156014369573,0.0008033799611111,0.7549998812092823,0.0039816666666666,0.0665433333333333
Organic Hass Avocado + Organic Lemon,Organic Raspberries,0.0011216666666666,0.1715961244263131,4.02618780915798,0.0008430739333333,0.7565715481445189,0.0065366666666666,0.04262
Organic Baby Spinach + Organic Avocado,Organic Grape Tomatoes,0.0010116666666666,0.1050173010380622,4.025707936547238,0.0007603651111111,0.7589072923639962,0.0096333333333333,0.0260866666666666
Organic Baby Spinach + Limes,Organic Avocado,0.0014266666666666,0.221188630490956,4.024538400490467,0.0010721746666666,0.7564030990543209,0.00645,0.05496
Bag of Organic Bananas + Organic Garlic,Organic Hass Avocado,0.00178,0.2674680691209616,4.019457032324225,0.0013371541166666,0.756242974900585,0.006655,0.0665433333333333
Organic Strawberries + Organic Raspberries,Organic Blueberries,0.0013166666666666,0.1248617038090722,4.017429337486236,0.0009889280666666,0.7590892032431356,0.010545,0.03108
Organic Strawberries + Organic Baby Spinach,Organic Cucumber,0.00123,0.1023152641064744,4.017089285688042,0.00092380815,0.7602024368807339,0.0120216666666666,0.02547
Bag of Organic Bananas + Organic Grape Tomatoes,Organic Hass Avocado,0.0014016666666666,0.2670689107653223,4.0134585598154935,0.0010524250722222,0.7547997801246574,0.0052483333333333,0.0665433333333333
Organic Italian Parsley Bunch,Organic Red Onion,0.001595,0.0848404255319149,4.013265162342238,0.001197568,0.7652123239792104,0.0188,0.02114
Organic Red Onion,Organic Italian Parsley Bunch,0.001595,0.075449385052034,4.013265162342237,0.001197568,0.7670415915334178,0.02114,0.0188
Apple Honeycrisp Organic,Bag of Organic Bananas + Organic Raspberries,0.0013233333333333,0.0510742313135211,4.0079177070510985,0.0009931535666666,0.7704564045346929,0.02591,0.0127433333333333
Bag of Organic Bananas + Organic Raspberries,Apple Honeycrisp Organic,0.0013233333333333,0.1038451477896939,4.0079177070510985,0.0009931535666666,0.7601811205055075,0.0127433333333333,0.02591
Bag of Organic Bananas + Organic Baby Spinach,Organic Cucumber,0.0016116666666666,0.1020149804831733,4.005299587089648,0.0012092831166666,0.7623750409579515,0.0157983333333333,0.02547
Organic Cucumber,Bag of Organic Bananas + Organic Baby Spinach,0.0016116666666666,0.0632770579767046,4.005299587089647,0.0012092831166666,0.7699411879940937,0.02547,0.0157983333333333
Cucumber Kirby,Banana + Organic Avocado,0.0019516666666666,0.0658457040035987,3.997513144000733,0.0014634464666666,0.7727487476893694,0.02964,0.0164716666666666
Banana + Organic Avocado,Cucumber Kirby,0.0019516666666666,0.1184862895881817,3.9975131440007328,0.0014634464666666,0.7624025148991029,0.0164716666666666,0.02964
Organic Romaine Lettuce,Organic Cucumber,0.0011233333333333,0.1015825169555388,3.9883202573827568,0.0008416775833333,0.7576461823716724,0.0110583333333333,0.02547
Fresh Ginger Root,Limes,0.0013483333333333,0.1752979414951246,3.982083250561267,0.0010097333472222,0.7546799111289593,0.0076916666666666,0.0440216666666666
Organic Yellow Onion,Carrots,0.0032016666666666,0.0903362332471196,3.971987391783072,0.0023956050277777,0.7757300296131792,0.0354416666666666,0.0227433333333333
Carrots,Organic Yellow Onion,0.0032016666666666,0.1407738531437783,3.971987391783072,0.0023956050277777,0.765650304574,0.0227433333333333,0.0354416666666666
Organic Strawberries + Organic Hass Avocado,Organic Tomato Cluster,0.0010116666666666,0.0797425118234366,3.9692639036056088,0.0007567915333333,0.7576765079132036,0.0126866666666666,0.02009
Organic Tomato Cluster,Organic Strawberries + Organic Hass Avocado,0.0010116666666666,0.0503567280570764,3.969263903605608,0.0007567915333333,0.7634008415223285,0.02009,0.0126866666666666
Organic Blueberries + Organic Hass Avocado,Organic Strawberries,0.0012416666666666,0.3271848924022837,3.9690045781801873,0.0009288258416666,0.7508973130210357,0.003795,0.082435
Original Hummus,Organic Peeled Whole Baby Carrots,0.0015483333333333,0.069718574108818,3.9672936708356232,0.0011580588888888,0.7649267507683075,0.0222083333333333,0.0175733333333333
Organic Peeled Whole Baby Carrots,Original Hummus,0.0015483333333333,0.0881069802731411,3.967293670835623,0.0011580588888888,0.7613178956648109,0.0175733333333333,0.0222083333333333
Organic Blackberries,Organic Raspberries,0.00325,0.1689921137013606,3.9650894814960256,0.0024303463666666,0.7624623029066824,0.0192316666666666,0.04262
Organic Raspberries,Organic Blackberries,0.00325,0.0762552792116377,3.965089481496025,0.0024303463666666,0.7810888905672586,0.04262,0.0192316666666666
Organic Yellow Peaches,Organic Strawberries,0.0021483333333333,0.3268255578093306,3.964645572988787,0.0016064605999999,0.7527185136061119,0.0065733333333333,0.082435
Organic Strawberries + Organic Cucumber,Organic Hass Avocado,0.0013933333333333,0.2636392305266477,3.961918006211207,0.0010416518166666,0.7515690399839707,0.005285,0.0665433333333333
Organic Baby Spinach + Organic Raspberries,Organic Hass Avocado,0.001465,0.2632524707996406,3.9561058578315977,0.00109468635,0.7514077616680858,0.005565,0.0665433333333333
Garlic,Carrots,0.0010266666666666,0.0899007589025102,3.952840051407455,0.0007669377999999,0.7556468243969507,0.01142,0.0227433333333333
Organic Small Bunch Celery,Organic Garlic,0.0028283333333333,0.1342244720398639,3.952040593969888,0.0021126692944444,0.7630447872632005,0.0210716666666666,0.0339633333333333
Organic Garlic,Organic Small Bunch Celery,0.0028283333333333,0.0832760820492688,3.952040593969888,0.0021126692944444,0.7732275467676376,0.0339633333333333,0.0210716666666666
Organic Whole Milk + Organic Raspberries,Organic Strawberries,0.00114,0.3257142857142857,3.95116498713272,0.0008514775,0.7495334548111372,0.0035,0.082435
Carrots,Organic Italian Parsley Bunch,0.0016883333333333,0.0742342078264692,3.948628075876026,0.0012607586666666,0.7641262609869606,0.0227433333333333,0.0188
Organic Italian Parsley Bunch,Carrots,0.0016883333333333,0.089804964539007,3.948628075876026,0.0012607586666666,0.7610553227930905,0.0188,0.0227433333333333
Bag of Organic Bananas + Organic Cucumber,Organic Raspberries,0.0011583333333333,0.168118045476536,3.944581076408636,0.0008646815333333,0.7516666378107751,0.00689,0.04262
Organic Lemon,Organic Ginger Root,0.001735,0.063947416917501,3.93886152864189,0.0012945173916666,0.7669275569340407,0.0271316666666666,0.016235
Organic Ginger Root,Organic Lemon,0.001735,0.1068678780412688,3.9388615286418895,0.0012945173916666,0.7584326888045674,0.016235,0.0271316666666666
Bag of Organic Bananas + Organic Zucchini,Organic Raspberries,0.001195,0.1676800748362956,3.93430489996001,0.0008912614666666,0.7511788967225254,0.0071266666666666,0.04262
Organic Large Extra Fancy Fuji Apple,Bag of Organic Bananas + Organic Hass Avocado,0.0017866666666666,0.0761904761904762,3.932411674347158,0.0013323229166666,0.7636097742051098,0.02345,0.019375
Bag of Organic Bananas + Organic Hass Avocado,Organic Large Extra Fancy Fuji Apple,0.0017866666666666,0.0922150537634408,3.932411674347158,0.0013323229166666,0.7604365838113447,0.019375,0.02345
Organic Baby Spinach + Organic Cucumber,Organic Hass Avocado,0.0013016666666666,0.2615539182853315,3.930580347923632,0.0009705026777777,0.7493137282736668,0.0049766666666666,0.0665433333333333
Organic Red Bell Pepper,Organic Cilantro,0.0015566666666666,0.0858929556740849,3.9304281119929056,0.0011606114222222,0.7593364978997197,0.0181233333333333,0.0218533333333333
Organic Cilantro,Organic Red Bell Pepper,0.0015566666666666,0.0712324588163514,3.930428111992905,0.0011606114222222,0.7622321016304137,0.0218533333333333,0.0181233333333333
Cucumber Kirby,Organic Baby Spinach + Banana,0.0018716666666666,0.0631466486729644,3.925809678145133,0.0013949072666666,0.7680401875618258,0.02964,0.016085
Organic Baby Spinach + Banana,Cucumber Kirby,0.0018716666666666,0.1163609988602217,3.9258096781451326,0.0013949072666666,0.7574592077593018,0.016085,0.02964
Organic Russet Potato,Organic Garlic,0.0013316666666666,0.1331001166083625,3.918935615125013,0.0009918635166666,0.7523559950723763,0.010005,0.0339633333333333
Organic Raspberries + Organic Lemon,Organic Strawberries,0.0010016666666666,0.3224248927038627,3.911262118079247,0.0007455686,0.7466476385750991,0.0031066666666666,0.082435
Bag of Organic Bananas + Fresh Cauliflower,Organic Hass Avocado,0.001145,0.2602272727272727,3.910643781905617,0.0008522093333333,0.7475769660158262,0.0044,0.0665433333333333
Banana + Michigan Organic Kale,Organic Avocado,0.0010616666666666,0.2149122807017544,3.9103398963201306,0.0007901642666666,0.7479626907945659,0.00494,0.05496
Organic Coconut Milk,Limes,0.001465,0.1719819996086871,3.9067580269266,0.0010900087694444,0.7504256656853666,0.0085183333333333,0.0440216666666666
Organic Raspberries + Organic Blueberries,Organic Strawberries,0.0013166666666666,0.3216612377850162,3.901998396130482,0.0009792327333333,0.7467778740556068,0.0040933333333333,0.082435
Organic Whole String Cheese + Organic Hass Avocado,Organic Strawberries,0.001025,0.321652719665272,3.90189506478161,0.0007623071333333,0.7460918223633622,0.0031866666666666,0.082435
Organic Italian Parsley Bunch,Organic Lemon,0.00199,0.1058510638297872,3.901384501374307,0.0014799246666666,0.7579298175891007,0.0188,0.0271316666666666
Organic Lemon,Organic Italian Parsley Bunch,0.00199,0.0733460286258369,3.901384501374307,0.0014799246666666,0.7644207458889698,0.0271316666666666,0.0188
Organic Large Extra Fancy Fuji Apple,Bag of Organic Bananas + Organic Strawberries,0.0017816666666666,0.0759772565742715,3.890616535338644,0.0013237272499999,0.7608123786229551,0.02345,0.0195283333333333
Bag of Organic Bananas + Organic Strawberries,Organic Large Extra Fancy Fuji Apple,0.0017816666666666,0.0912349577536912,3.890616535338644,0.0013237272499999,0.7577692998209165,0.0195283333333333,0.02345
Organic Baby Spinach + Organic Garlic,Limes,0.00111,0.171120246659815,3.887182372161019,0.0008244461222222,0.7475936450316932,0.0064866666666666,0.0440216666666666
No Salt Added Black Beans,Limes,0.0014983333333333,0.1708151244537336,3.880251189650558,0.0011121899472222,0.7488534181875958,0.0087716666666666,0.0440216666666666
Bag of Organic Bananas + Organic Unsweetened Almond Milk,Organic Hass Avocado,0.0011016666666666,0.2580015612802498,3.8771962322333793,0.0008175266333333,0.7452639411740477,0.00427,0.0665433333333333
Organic Strawberries + Organic Yellow Onion,Organic Hass Avocado,0.001365,0.257628184963825,3.871585207090493,0.0010124312388888,0.7456586152141436,0.0052983333333333,0.0665433333333333
Organic Red Bell Pepper,Organic Yellow Onion,0.0024866666666666,0.1372080191281956,3.8713760393565666,0.0018443455277777,0.7553839877801803,0.0181233333333333,0.0354416666666666
Organic Yellow Onion,Organic Red Bell Pepper,0.0024866666666666,0.0701622384199388,3.8713760393565666,0.0018443455277777,0.7689466633001055,0.0354416666666666,0.0181233333333333
Organic Coconut Milk,Organic Garlic,0.0011183333333333,0.1312854627274506,3.865505821791656,0.0008290223388888,0.7476705512913894,0.0085183333333333,0.0339633333333333
Bag of Organic Bananas + Organic Hass Avocado,Organic Garnet Sweet Potato (Yam),0.0012266666666666,0.0633118279569892,3.861654648184767,0.0009090135416666,0.7556850458613906,0.019375,0.016395
Organic Garnet Sweet Potato (Yam),Bag of Organic Bananas + Organic Hass Avocado,0.0012266666666666,0.0748195588085798,3.8616546481847664,0.0009090135416666,0.7533955684424399,0.016395,0.019375
Organic Bartlett Pear,Organic Large Extra Fancy Fuji Apple,0.0010566666666666,0.0904164289788933,3.855711257095664,0.0007826143333333,0.749402496673054,0.0116866666666666,0.02345
Banana + Large Lemon,Honeycrisp Apple,0.0012483333333333,0.0973865557144714,3.854857727185834,0.0009244995055555,0.7502034112426899,0.0128183333333333,0.0252633333333333
Bag of Organic Bananas + Limes,Large Lemon,0.0012083333333333,0.1846193022663611,3.8531926172191686,0.0008947405666666,0.7453532890006471,0.006545,0.0479133333333333
Bag of Organic Bananas + Organic Large Extra Fancy Fuji Apple,Organic Raspberries,0.00121,0.1642162406695317,3.853032394874045,0.0008959616333333,0.7459606464764013,0.0073683333333333,0.04262
Organic D'Anjou Pears + Organic Hass Avocado,Bag of Organic Bananas,0.0012783333333333,0.4562760261748959,3.8421087336140785,0.0009456167388888,0.7418045515799107,0.0028016666666666,0.1187566666666666
Organic Garlic + Limes,Organic Avocado,0.0010366666666666,0.2107760081328363,3.8350802062015346,0.0007663550666666,0.7429031055576617,0.0049183333333333,0.05496
Red Raspberries,Strawberries,0.0014083333333333,0.1707760711398545,3.8299186171754767,0.0010406144666666,0.745041958841089,0.0082466666666666,0.04459
Banana + Organic Grape Tomatoes,Organic Avocado,0.0012283333333333,0.2103910933485583,3.828076662091673,0.0009074585333333,0.7431107398718799,0.0058383333333333,0.05496
Organic Baby Spinach + Organic Avocado,Cucumber Kirby,0.0010916666666666,0.1133217993079584,3.823272581240164,0.0008061346666666,0.7456268413708547,0.0096333333333333,0.02964
Asparagus,Broccoli Crown,0.00109,0.0515650871244973,3.820107701530858,0.0008046677305555,0.754169154721258,0.0211383333333333,0.0134983333333333
Broccoli Crown,Asparagus,0.00109,0.0807507099641931,3.8201077015308575,0.0008046677305555,0.7483284627723641,0.0134983333333333,0.0211383333333333
Bartlett Pears,Honeycrisp Apple,0.0010583333333333,0.0962996663633606,3.811835322471064,0.0007806893,0.7458561400818619,0.01099,0.0252633333333333
Organic Baby Spinach + Organic Hass Avocado,Organic Yellow Onion,0.0014783333333333,0.1350281625818237,3.8098705642649526,0.0010903061527777,0.7456879314301539,0.0109483333333333,0.0354416666666666
Banana + Large Lemon,Yellow Onions,0.0011333333333333,0.0884150305551943,3.8074369003887623,0.0008356702694444,0.7469305245384141,0.0128183333333333,0.0232216666666666
Organic Garlic,Carrots,0.0029266666666666,0.0861713612719599,3.788862433180124,0.0021542272555555,0.7619467911963895,0.0339633333333333,0.0227433333333333
Carrots,Organic Garlic,0.0029266666666666,0.1286823977722409,3.788862433180124,0.0021542272555555,0.7531987894801326,0.0227433333333333,0.0339633333333333
Banana + Limes,Cucumber Kirby,0.0011233333333333,0.1121837549933422,3.784877024066876,0.0008265381333333,0.7432328615322097,0.0100133333333333,0.02964
Roma Tomato,Cucumber Kirby,0.00142,0.1118110236220472,3.7723017416345224,0.001043572,0.7443632727184539,0.0127,0.02964
Red Onion,Cucumber Kirby,0.00147,0.111787072243346,3.771493665430027,0.001080234,0.7446451448796574,0.01315,0.02964
Organic Large Extra Fancy Fuji Apple + Organic Raspberries,Bag of Organic Bananas,0.00121,0.4478716841455892,3.7713393000723263,0.0008891590722222,0.7368328852932181,0.0027016666666666,0.1187566666666666
Organic Strawberries + Organic Hass Avocado,Organic Large Extra Fancy Fuji Apple,0.0011216666666666,0.0884130320546505,3.770278552437124,0.0008241643333333,0.7442091410291201,0.0126866666666666,0.02345
Organic Grape Tomatoes,Organic Cucumber,0.0025016666666666,0.0958982877587528,3.765146751423356,0.0018372392666666,0.7540774702043315,0.0260866666666666,0.02547
Organic Cucumber,Organic Grape Tomatoes,0.0025016666666666,0.0982201282554639,3.765146751423355,0.0018372392666666,0.7536003022977925,0.02547,0.0260866666666666
Organic Raspberries + Organic Hass Avocado,Bag of Organic Bananas,0.0035466666666666,0.4470588235294118,3.764494542308461,0.0026045304444444,0.7402325996767337,0.0079333333333333,0.1187566666666666
Bag of Organic Bananas + Organic Hass Avocado,Organic Tomato Cluster,0.0014633333333333,0.0755268817204301,3.759426666024395,0.0010740895833333,0.7485042632670869,0.019375,0.02009
Organic Tomato Cluster,Bag of Organic Bananas + Organic Hass Avocado,0.0014633333333333,0.0728388916542226,3.759426666024395,0.0010740895833333,0.7490504160242135,0.02009,0.019375
Organic Lemon,Organic Cucumber,0.0025883333333333,0.095398980281344,3.7455430028011025,0.0018972897833333,0.7534586017972251,0.0271316666666666,0.02547
Organic Cucumber,Organic Lemon,0.0025883333333333,0.1016228242376652,3.7455430028011025,0.0018972897833333,0.752173882965255,0.02547,0.0271316666666666
Organic Avocado,Organic Baby Spinach + Banana,0.00331,0.0602256186317321,3.744210048600073,0.0024259684,0.7755449153129725,0.05496,0.016085
Organic Baby Spinach + Banana,Organic Avocado,0.00331,0.20578178427106,3.7442100486000727,0.0024259684,0.7449027271333108,0.016085,0.05496
Organic Strawberries + Large Lemon,Organic Avocado,0.0010516666666666,0.2054705307717356,3.7385467753227,0.0007703630666666,0.7362849384309997,0.0051183333333333,0.05496
Organic Garnet Sweet Potato (Yam),Organic Red Onion,0.001295,0.0789874961878621,3.736400008886573,0.0009484096999999,0.7445699266501317,0.016395,0.02114
Organic Red Onion,Organic Garnet Sweet Potato (Yam),0.001295,0.0612582781456953,3.736400008886573,0.0009484096999999,0.748179211228064,0.02114,0.016395
Fresh Cauliflower,Organic Lacinato (Dinosaur) Kale,0.00112,0.0501567398119122,3.7337523433185273,0.0008200336666666,0.7488957589643404,0.02233,0.0134333333333333
Organic Lacinato (Dinosaur) Kale,Fresh Cauliflower,0.00112,0.0833746898263027,3.7337523433185273,0.0008200336666666,0.7421423624015948,0.0134333333333333,0.02233
Bag of Organic Bananas + Organic Granny Smith Apple,Organic Hass Avocado,0.0011133333333333,0.2482348569305091,3.730424138614073,0.0008148864833333,0.735231480254811,0.004485,0.0665433333333333
Organic Ginger Root,Organic Cucumber,0.00154,0.0948567908838928,3.724255629520724,0.00112649455,0.7435616915955209,0.016235,0.02547
Organic Cucumber,Organic Ginger Root,0.00154,0.0604632901452689,3.7242556295207234,0.00112649455,0.7506079520717346,0.02547,0.016235
Bag of Organic Bananas + Organic Gala Apples,Organic Hass Avocado,0.0014533333333333,0.2477976697925546,3.7238541771159848,0.0010630566833333,0.7357763489286685,0.005865,0.0665433333333333
Organic Raspberries + Organic Hass Avocado,Organic Strawberries,0.0024333333333333,0.3067226890756303,3.7207823021244657,0.001779349,0.7370868709110541,0.0079333333333333,0.082435
Michigan Organic Kale,Organic Ginger Root,0.001265,0.0602955195424213,3.713921745760478,0.0009243897,0.7464023675203799,0.02098,0.016235
Organic Ginger Root,Michigan Organic Kale,0.001265,0.0779180782260548,3.7139217457604774,0.0009243897,0.7428022402197704,0.016235,0.02098
Organic Cucumber,Bag of Organic Bananas + Organic Strawberries,0.001845,0.0724381625441696,3.709387857514873,0.00134761335,0.7495035964386919,0.02547,0.0195283333333333
Bag of Organic Bananas + Organic Strawberries,Organic Cucumber,0.001845,0.0944781087309038,3.709387857514872,0.00134761335,0.7449615982485284,0.0195283333333333,0.02547
Banana + Large Lemon,Organic Avocado,0.0026116666666666,0.20374463658822,3.7071440427259823,0.0019071710666666,0.7397327083980789,0.0128183333333333,0.05496
Limes,Organic Red Onion,0.0034466666666666,0.0782947790860561,3.703631934061311,0.0025160486333333,0.7636101598101241,0.0440216666666666,0.02114
Organic Red Onion,Limes,0.0034466666666666,0.163040050457269,3.70363193406131,0.0025160486333333,0.74576013719192,0.02114,0.0440216666666666
Organic Granny Smith Apple,Organic D'Anjou Pears,0.0010033333333333,0.0549420461805238,3.700631758903718,0.0007322084555555,0.7433506918759486,0.0182616666666666,0.0148466666666666
Organic D'Anjou Pears,Organic Granny Smith Apple,0.0010033333333333,0.06757970363718,3.700631758903718,0.0007322084555555,0.7407738923800092,0.0148466666666666,0.0182616666666666
Organic Baby Spinach + Organic Grape Tomatoes,Organic Avocado,0.0010116666666666,0.2032819825853985,3.698726029574209,0.0007381490666666,0.7332859589985082,0.0049766666666666,0.05496
Organic Ginger Root,Organic Yellow Onion,0.0021266666666666,0.1309927112206138,3.6960087812070688,0.0015512712083333,0.7414757307457098,0.016235,0.0354416666666666
Organic Yellow Onion,Organic Ginger Root,0.0021266666666666,0.0600047025628967,3.6960087812070688,0.0015512712083333,0.7562402884813118,0.0354416666666666,0.016235
Organic Hass Avocado + Organic Lemon,Limes,0.0010633333333333,0.1626721060683324,3.695273677393688,0.0007755783722222,0.7341831596990404,0.0065366666666666,0.0440216666666666
Organic Lacinato (Dinosaur) Kale,Organic Garlic,0.001685,0.1254342431761786,3.693225336426892,0.0012287592222222,0.7391633879539813,0.0134333333333333,0.0339633333333333
Organic Ginger Root,Carrots,0.0013616666666666,0.0838722923724463,3.687774836836275,0.00099242865,0.7408616589224469,0.016235,0.0227433333333333
Carrots,Organic Ginger Root,0.0013616666666666,0.0598710244760369,3.687774836836275,0.00099242865,0.7457956489320522,0.0227433333333333,0.016235
Organic Whole String Cheese,Bag of Organic Bananas + Organic Strawberries,0.0013316666666666,0.0718395971947491,3.6787367343901582,0.0009696764611111,0.7419202842803739,0.0185366666666666,0.0195283333333333
Bag of Organic Bananas + Organic Strawberries,Organic Whole String Cheese,0.0013316666666666,0.0681915165998122,3.6787367343901582,0.0009696764611111,0.742670675791172,0.0195283333333333,0.0185366666666666
Organic Strawberries + Limes,Large Lemon,0.0010516666666666,0.1762569832402234,3.678662513709965,0.0007657837777777,0.7325328501261966,0.0059666666666666,0.0479133333333333
Organic Kiwi + Organic Hass Avocado,Bag of Organic Bananas,0.0012916666666666,0.4363738738738739,3.674521070035708,0.0009401469333333,0.7300165392788459,0.00296,0.1187566666666666
Organic Tomato Cluster,Organic Cucumber,0.0018783333333333,0.0934959349593495,3.6708258719807456,0.0013666410333333,0.7424985346924052,0.02009,0.02547
Organic Cucumber,Organic Tomato Cluster,0.0018783333333333,0.0737468917680931,3.6708258719807456,0.0013666410333333,0.7465975794797849,0.02547,0.02009
Organic Yellow Onion + Organic Garlic,Limes,0.001095,0.1614250614250614,3.6669457030642807,0.0007963863611111,0.7322606485326479,0.0067833333333333,0.0440216666666666
Bag of Organic Bananas + Organic Baby Spinach,Organic Small Bunch Celery,0.0012183333333333,0.0771178394345395,3.659788314539564,0.0008854361194444,0.7384260536971027,0.0157983333333333,0.0210716666666666
Organic Small Bunch Celery,Bag of Organic Bananas + Organic Baby Spinach,0.0012183333333333,0.0578185557225342,3.659788314539563,0.0008854361194444,0.7424038389859434,0.0210716666666666,0.0157983333333333
Organic Strawberries + Organic Whole String Cheese,Organic Hass Avocado,0.001025,0.2433715868618915,3.657339881709536,0.0007447416611111,0.7296502740900127,0.0042116666666666,0.0665433333333333
Organic Whole Strawberries,Organic Raspberries,0.0015066666666666,0.1557009989665862,3.6532378922239857,0.0010942471333333,0.733366766987487,0.0096766666666666,0.04262
Organic Navel Orange,Organic Lemon,0.0013216666666666,0.0990754622688655,3.6516541164272582,0.0009597302333333,0.7359693315128992,0.01334,0.0271316666666666
Organic Hass Avocado + Apple Honeycrisp Organic,Bag of Organic Bananas,0.0021266666666666,0.4335711858647638,3.650920811727879,0.0015441652166666,0.7296755554647584,0.004905,0.1187566666666666
Carrots,Yellow Onions,0.0019266666666666,0.0847134691484684,3.648035705812176,0.0013985285611111,0.7427730101705392,0.0227433333333333,0.0232216666666666
Yellow Onions,Carrots,0.0019266666666666,0.0829684920691882,3.648035705812175,0.0013985285611111,0.7431367499032301,0.0232216666666666,0.0227433333333333
Bag of Organic Bananas + Organic Large Extra Fancy Fuji Apple,Organic Hass Avocado,0.0017866666666666,0.2424790771318706,3.643927422710073,0.0012963532055555,0.7309567570431212,0.0073683333333333,0.0665433333333333
Organic Zucchini,Fresh Cauliflower,0.0026583333333333,0.0813567967355266,3.643385433745036,0.0019287005833333,0.7500374744785878,0.032675,0.02233
Fresh Cauliflower,Organic Zucchini,0.0026583333333333,0.119047619047619,3.6433854337450353,0.0019287005833333,0.7421011179641391,0.02233,0.032675
Banana + Cucumber Kirby,Organic Avocado,0.0019516666666666,0.2001709401709401,3.642120454347528,0.0014158066666666,0.7325772998951563,0.00975,0.05496
Organic Hass Avocado,Bag of Organic Bananas + Organic Strawberries,0.0047316666666666,0.0711065471121575,3.6411989645211658,0.0034321862722222,0.7770743002871671,0.0665433333333333,0.0195283333333333
Bag of Organic Bananas + Organic Strawberries,Organic Hass Avocado,0.0047316666666666,0.24229751642912,3.641198964521165,0.0034321862722222,0.739812491027337,0.0195283333333333,0.0665433333333333
Bag of Organic Bananas + Organic Hass Avocado,Organic Red Bell Pepper,0.0012766666666666,0.0658924731182795,3.6357811174331194,0.0009255270833333,0.7392794798702672,0.019375,0.0181233333333333
Organic Red Bell Pepper,Bag of Organic Bananas + Organic Hass Avocado,0.0012766666666666,0.0704432591502666,3.635781117433119,0.0009255270833333,0.7383370687572242,0.0181233333333333,0.019375
Green Bell Pepper,Organic Cilantro,0.0014033333333333,0.0794489526325721,3.635553049080485,0.0010173306222222,0.7379737622224308,0.0176633333333333,0.0218533333333333
Organic Cilantro,Green Bell Pepper,0.0014033333333333,0.0642159853569249,3.635553049080485,0.0010173306222222,0.741134954883087,0.0218533333333333,0.0176633333333333
Bag of Organic Bananas + Organic Baby Spinach,Organic Hass Avocado,0.0038216666666666,0.2419031543411752,3.635272569370965,0.0027703929055555,0.7365537855155873,0.0157983333333333,0.0665433333333333
Organic Hass Avocado,Bag of Organic Bananas + Organic Baby Spinach,0.0038216666666666,0.0574312478084456,3.6352725693709647,0.0027703929055555,0.7765946606635018,0.0665433333333333,0.0157983333333333
Orange Bell Pepper,Cucumber Kirby,0.0013116666666666,0.1076902025177887,3.633272689534033,0.0009506514666666,0.7337025452862113,0.01218,0.02964
Organic Baby Spinach + Organic Yellow Onion,Organic Hass Avocado,0.0014783333333333,0.241623535821302,3.6310705177774194,0.0010711990388888,0.7290597549902761,0.0061183333333333,0.0665433333333333
Organic Garbanzo Beans,Organic Garlic,0.0011533333333333,0.1232852307144129,3.6299508503605744,0.0008356063499999,0.7313560117908817,0.009355,0.0339633333333333
Organic Granny Smith Apple,Organic Small Bunch Celery,0.001395,0.0763895226795655,3.625224520109099,0.0010101962472222,0.737625282972457,0.0182616666666666,0.0210716666666666
Organic Small Bunch Celery,Organic Granny Smith Apple,0.001395,0.066202641778059,3.625224520109099,0.0010101962472222,0.7397426259633324,0.0210716666666666,0.0182616666666666
Strawberries + Banana,Honeycrisp Apple,0.0011733333333333,0.0915831924027579,3.6251428580059866,0.0008496679277777,0.7335467586394355,0.0128116666666666,0.0252633333333333
Organic White Onions,Limes,0.0011316666666666,0.1595769682726204,3.624964258644314,0.0008194796805555,0.7293072147594161,0.0070916666666666,0.0440216666666666
Organic Lemon,Organic Hass Avocado,0.0065366666666666,0.2409238896738129,3.620556374399834,0.0047312351277777,0.7439849071259438,0.0271316666666666,0.0665433333333333
Organic Hass Avocado,Organic Lemon,0.0065366666666666,0.0982317286980914,3.620556374399833,0.0047312351277777,0.7753968475102628,0.0665433333333333,0.0271316666666666
Bag of Organic Bananas + Organic Raspberries,Organic Lemon,0.0012516666666666,0.098221292178917,3.620171712473141,0.0009059187944444,0.7331123033291439,0.0127433333333333,0.0271316666666666
Organic Baby Spinach + Organic Raspberries,Organic Strawberries,0.00166,0.2982929020664869,3.618522497318942,0.001201249225,0.7276937270367427,0.005565,0.082435
Organic Large Green Asparagus,Organic Hass Avocado,0.0014216666666666,0.240078806642274,3.607856634407766,0.0010276192277777,0.7271329629051844,0.0059216666666666,0.0665433333333333
Bag of Organic Bananas + Organic Garnet Sweet Potato (Yam),Organic Baby Spinach,0.0010966666666666,0.271900826446281,3.605872640359141,0.0007925331666666,0.7256012116143014,0.0040333333333333,0.075405
No Salt Added Black Beans,Organic Avocado,0.0017383333333333,0.1981759452783583,3.605821420639708,0.0012562425333333,0.7290658029300351,0.0087716666666666,0.05496
Blueberries,Strawberries,0.0028183333333333,0.1606803496769289,3.603506384322246,0.0020362247333333,0.735391276291896,0.01754,0.04459
Strawberries,Blueberries,0.0028183333333333,0.0632055019810121,3.6035063843222455,0.0020362247333333,0.7562120066837654,0.04459,0.01754
Organic Broccoli,Organic Cucumber,0.0011016666666666,0.0917800610941405,3.603457443821771,0.0007959417666666,0.7312663784224417,0.0120033333333333,0.02547
Michigan Organic Kale,Organic Baby Spinach + Banana,0.001215,0.0579122974261201,3.600391509239671,0.0008775367,0.737730003456047,0.02098,0.016085
Organic Baby Spinach + Banana,Michigan Organic Kale,0.001215,0.0755362138638483,3.600391509239671,0.0008775367,0.7340597795373982,0.016085,0.02098
Organic Blackberries,Blueberries,0.0012133333333333,0.0630903891151746,3.596943507136524,0.0008760099,0.7361434467045543,0.0192316666666666,0.01754
Blueberries,Organic Blackberries,0.0012133333333333,0.0691752185480805,3.596943507136523,0.0008760099,0.7348759046868895,0.01754,0.0192316666666666
Organic Strawberries + Organic Garlic,Organic Hass Avocado,0.0011566666666666,0.2390630382363072,3.5925918685013367,0.0008347078388888,0.7251579844824522,0.0048383333333333,0.0665433333333333
Ground Turkey Breast,Organic Yellow Onion,0.0010566666666666,0.1273092369477911,3.5920781645273783,0.0007625008333333,0.7276491090562711,0.0083,0.0354416666666666
Organic Whole Milk,Organic Whole String Cheese,0.0030266666666666,0.0665811182401466,3.591860361813342,0.0021840206944444,0.7559572993550617,0.0454583333333333,0.0185366666666666
Organic Whole String Cheese,Organic Whole Milk,0.0030266666666666,0.1632799856140981,3.591860361813342,0.0021840206944444,0.7352212924801533,0.0185366666666666,0.0454583333333333
Organic Red Bell Pepper,Organic Small Bunch Celery,0.00137,0.0755931579915394,3.5874313687355586,0.0009881111611111,0.7345617297917665,0.0181233333333333,0.0210716666666666
Organic Small Bunch Celery,Organic Red Bell Pepper,0.00137,0.0650162145060507,3.587431368735558,0.0009881111611111,0.7367740805426753,0.0210716666666666,0.0181233333333333
Organic Large Extra Fancy Fuji Apple + Organic Strawberries,Organic Hass Avocado,0.0011216666666666,0.2386524822695035,3.5864221149552207,0.000808913,0.7245760871041891,0.0047,0.0665433333333333
Strawberries + Banana,Seedless Red Grapes,0.0011916666666666,0.093014179784051,3.582290767727749,0.0008590117416666,0.7302041461045232,0.0128116666666666,0.025965
Organic Large Extra Fancy Fuji Apple + Organic Hass Avocado,Bag of Organic Bananas,0.0017866666666666,0.4252280840936136,3.580667056672863,0.0012876907388888,0.7237634412080629,0.0042016666666666,0.1187566666666666
Organic Garnet Sweet Potato (Yam),Fresh Cauliflower,0.00131,0.0799024092711192,3.5782538858539743,0.00094389965,0.7325441452305201,0.016395,0.02233
Fresh Cauliflower,Organic Garnet Sweet Potato (Yam),0.00131,0.0586654724585759,3.5782538858539743,0.00094389965,0.7369910951235751,0.02233,0.016395
Organic Navel Orange,Apple Honeycrisp Organic,0.001235,0.0925787106446776,3.573088021793812,0.0008893606,0.7298664590495509,0.01334,0.02591
Organic Garlic,Yellow Onions,0.002815,0.0828835018156835,3.569231399512678,0.0020263147944444,0.7451349006923785,0.0339633333333333,0.0232216666666666
Yellow Onions,Organic Garlic,0.002815,0.1212229957654489,3.5692313995126774,0.0020263147944444,0.736940625234176,0.0232216666666666,0.0339633333333333
Bag of Organic Bananas + Organic Baby Carrots,Organic Hass Avocado,0.001155,0.2374914324880054,3.5689740893854456,0.0008313775888888,0.7233252078616702,0.0048633333333333,0.0665433333333333
Bag of Organic Bananas + Organic Raspberries,Organic Cucumber,0.0011583333333333,0.0908972011509285,3.5687947055723828,0.0008337606333333,0.7290843169975916,0.0127433333333333,0.02547
Organic Navel Orange,Organic Gala Apples,0.00107,0.0802098950524737,3.568320384925058,0.0007701390333333,0.729487468752157,0.01334,0.0224783333333333
Bag of Organic Bananas + Organic Kiwi,Organic Strawberries,0.00132,0.2938775510204082,3.5649608906460633,0.0009497294583333,0.7227383134802712,0.0044916666666666,0.082435
Organic Baby Broccoli,Organic Zucchini,0.0011533333333333,0.1162048698572628,3.5563846934127863,0.0008290339583333,0.726021332534655,0.009925,0.032675
Organic Strawberries + Apple Honeycrisp Organic,Organic Hass Avocado,0.0011433333333333,0.2363886974500344,3.552402406201991,0.0008214854111111,0.7219923961283411,0.0048366666666666,0.0665433333333333
Bag of Organic Bananas + Organic Whole String Cheese,Organic Strawberries,0.0013316666666666,0.2925668253387038,3.549060779264922,0.000956450025,0.7215194288246475,0.0045516666666666,0.082435
Fresh Ginger Root,Large Lemon,0.0013066666666666,0.1698808234019501,3.545585572602271,0.0009381332777777,0.7235242485011842,0.0076916666666666,0.0479133333333333
Organic Cilantro,Fresh Cauliflower,0.00173,0.0791641244661379,3.5451914225767083,0.0012420150666666,0.7339674188605513,0.0218533333333333,0.02233
Fresh Cauliflower,Organic Cilantro,0.00173,0.077474249888043,3.5451914225767083,0.0012420150666666,0.7343252674219167,0.02233,0.0218533333333333
Broccoli Crown,Cucumber Kirby,0.0014183333333333,0.1050747005803185,3.5450303839513686,0.0010182427333333,0.7277382237463326,0.0134983333333333,0.02964
Organic Coconut Milk,Organic Yellow Onion,0.00107,0.1256114263353551,3.5441737973765837,0.0007680960694444,0.7240141880653156,0.0085183333333333,0.0354416666666666
Bag of Organic Bananas + Organic Baby Spinach,Organic Unsweetened Almond Milk,0.0010183333333333,0.0644582761894714,3.5429613149214805,0.0007309089888888,0.7292715089774355,0.0157983333333333,0.0181933333333333
Organic Unsweetened Almond Milk,Bag of Organic Bananas + Organic Baby Spinach,0.0010183333333333,0.0559728838402345,3.5429613149214796,0.0007309089888888,0.7310504796478332,0.0181933333333333,0.0157983333333333
Organic Baby Spinach + Organic Garlic,Large Lemon,0.0011,0.1695786228160329,3.5392783390016604,0.0007892021777777,0.7221408119862762,0.0064866666666666,0.0479133333333333
Bag of Organic Bananas + Organic Blueberries,Organic Strawberries,0.0020333333333333,0.2915173237753883,3.536329517503346,0.0014583492083333,0.7222586763990306,0.006975,0.082435
Organic Lacinato (Dinosaur) Kale,Organic Cucumber,0.0012083333333333,0.0899503722084367,3.5316204243595104,0.0008661863333333,0.7266045836425639,0.0134333333333333,0.02547
Organic Ginger Root,Fresh Cauliflower,0.00128,0.0788420080073914,3.530766144531637,0.00091747245,0.728604241421986,0.016235,0.02233
Fresh Cauliflower,Organic Ginger Root,0.00128,0.0573219883564711,3.5307661445316367,0.00091747245,0.7331465132023075,0.02233,0.016235
Organic Basil,Organic Yellow Onion,0.0010733333333333,0.1251214299591995,3.530348364708193,0.0007693029027777,0.7229434850823261,0.0085783333333333,0.0354416666666666
Roma Tomato,Yellow Onions,0.00104,0.0818897637795275,3.526437828731539,0.0007450848333333,0.7256433954815905,0.0127,0.0232216666666666
Organic Ginger Root,Organic Red Onion,0.00121,0.0745303356944872,3.5255598720192634,0.0008667920999999,0.7281790950460898,0.016235,0.02114
Organic Red Onion,Organic Ginger Root,0.00121,0.0572374645222327,3.525559872019263,0.0008667920999999,0.7318279503075175,0.02114,0.016235
Organic Lacinato (Dinosaur) Kale,Organic Yellow Onion,0.0016766666666666,0.1248138957816377,3.5216711718308313,0.0012005669444444,0.7257937323855629,0.0134333333333333,0.0354416666666666
Organic Cilantro,Organic Yellow Onion,0.0027266666666666,0.12477120195241,3.5204665493273453,0.0019521481111111,0.7319421150369064,0.0218533333333333,0.0354416666666666
Organic Yellow Onion,Organic Cilantro,0.0027266666666666,0.0769339289913002,3.5204665493273453,0.0019521481111111,0.7422534389829195,0.0354416666666666,0.0218533333333333
Organic Small Bunch Celery,Organic Garnet Sweet Potato (Yam),0.001215,0.0576603654195997,3.5169481805184373,0.000869530025,0.7310673801621103,0.0210716666666666,0.016395
Organic Garnet Sweet Potato (Yam),Organic Small Bunch Celery,0.001215,0.0741079597438243,3.5169481805184373,0.000869530025,0.7275914335698385,0.016395,0.0210716666666666
Organic Carrot Bunch,Organic Garlic,0.0013566666666666,0.1194073639430834,3.515772812143001,0.0009707865944444,0.7237909862546779,0.0113616666666666,0.0339633333333333
Organic Grape Tomatoes + Organic Avocado,Organic Baby Spinach,0.0010116666666666,0.2650655021834061,3.515224483567484,0.0007238709166666,0.7182645228850795,0.0038166666666666,0.075405
Cucumber Kirby,Boneless Skinless Chicken Breasts,0.0016116666666666,0.054374718848403,3.5125787369769417,0.0011528394666666,0.7371582431288202,0.02964,0.01548
Boneless Skinless Chicken Breasts,Cucumber Kirby,0.0016116666666666,0.1041128337639965,3.5125787369769417,0.0011528394666666,0.7265559590485535,0.01548,0.02964
Honeycrisp Apple,Banana + Organic Avocado,0.0014616666666666,0.0578572371025201,3.512530836943446,0.0010455374611111,0.7338443447952536,0.0252633333333333,0.0164716666666666
Banana + Organic Avocado,Honeycrisp Apple,0.0014616666666666,0.0887382373773145,3.5125308369434456,0.0010455374611111,0.7272845796659743,0.0164716666666666,0.0252633333333333
Organic Cucumber,Organic Granny Smith Apple,0.0016333333333333,0.0641277319722549,3.511603466583277,0.0011682086833333,0.7339228203569403,0.02547,0.0182616666666666
Organic Granny Smith Apple,Organic Cucumber,0.0016333333333333,0.089440540293876,3.511603466583277,0.0011682086833333,0.7285340521379075,0.0182616666666666,0.02547
Bag of Organic Bananas + Organic Raspberries,Organic Strawberries,0.0036816666666666,0.2889092335861888,3.5046913760682825,0.0026311699833333,0.7238929806684716,0.0127433333333333,0.082435
Organic Strawberries + Organic Raspberries,Organic Lemon,0.0010016666666666,0.0949897265686739,3.5010649266665257,0.0007155632416666,0.7219859626079808,0.010545,0.0271316666666666
Organic Garnet Sweet Potato (Yam),Organic Red Bell Pepper,0.00104,0.0634339737724916,3.500127300303013,0.0007428679499999,0.7262021906855198,0.016395,0.0181233333333333
Organic Red Bell Pepper,Organic Garnet Sweet Potato (Yam),0.00104,0.0573845870884678,3.5001273003030127,0.0007428679499999,0.727480476946423,0.0181233333333333,0.016395
Organic Lacinato (Dinosaur) Kale,Carrots,0.0010683333333333,0.0795285359801488,3.496784522064292,0.0007628145555555,0.7237452967389228,0.0134333333333333,0.0227433333333333
Organic Lemon,Organic Garlic,0.0032216666666666,0.1187419374654463,3.496180315991156,0.0023001848277777,0.7338850882697945,0.0271316666666666,0.0339633333333333
Organic Garlic,Organic Lemon,0.0032216666666666,0.0948571989400333,3.496180315991156,0.0023001848277777,0.739075013732972,0.0339633333333333,0.0271316666666666
Organic D'Anjou Pears,Organic Cucumber,0.0013216666666666,0.0890211046250561,3.49513563506306,0.0009435220666666,0.724646658000352,0.0148466666666666,0.02547
Organic Cucumber,Organic D'Anjou Pears,0.0013216666666666,0.0518911137285695,3.49513563506306,0.0009435220666666,0.732546017688431,0.02547,0.0148466666666666
Banana + Yellow Onions,Large Lemon,0.0011333333333333,0.1671172278201032,3.487906521916722,0.0008084010777777,0.7181654271660152,0.0067816666666666,0.0479133333333333
Limes + Organic Hass Avocado,Large Lemon,0.0010466666666666,0.1669324827219563,3.4840507038115285,0.0007462500666666,0.7174763473988277,0.00627,0.0479133333333333
Michigan Organic Kale,Organic Garnet Sweet Potato (Yam),0.0011966666666666,0.0570384493168096,3.479014901909708,0.0008526995666666,0.7278322322094707,0.02098,0.016395
Organic Garnet Sweet Potato (Yam),Michigan Organic Kale,0.0011966666666666,0.0729897326420656,3.4790149019097076,0.0008526995666666,0.7244394975398823,0.016395,0.02098
Organic Strawberries + Organic Hass Avocado,Apple Honeycrisp Organic,0.0011433333333333,0.0901208617971623,3.4782270087673637,0.0008146218,0.7216525667294214,0.0126866666666666,0.02591
Organic Whole Strawberries,Organic Blueberries,0.001045,0.1079917326903203,3.4746374739485315,0.0007442491999999,0.7191592557860493,0.0096766666666666,0.03108
Bag of Organic Bananas + Organic Baby Spinach,Organic Large Extra Fancy Fuji Apple,0.0012866666666666,0.0814431902099377,3.4730571518097126,0.0009161957499999,0.7234993191618541,0.0157983333333333,0.02345
Organic Large Extra Fancy Fuji Apple,Bag of Organic Bananas + Organic Baby Spinach,0.0012866666666666,0.0548685145700071,3.473057151809712,0.0009161957499999,0.7291682307626801,0.02345,0.0157983333333333
Banana + Organic Zucchini,Large Lemon,0.0010116666666666,0.1663925438596491,3.472781630575674,0.0007203536,0.7164021169633944,0.00608,0.0479133333333333
Organic Carrot Bunch,Organic Zucchini,0.0012883333333333,0.1133929881179404,3.4703286340609156,0.0009170908749999,0.720023519746155,0.0113616666666666,0.032675
Organic Strawberries + Organic Raspberries,Organic Hass Avocado,0.0024333333333333,0.230757072862336,3.467771470154827,0.0017316338833333,0.7192144797021579,0.010545,0.0665433333333333
Organic Green Seedless Grapes,Organic Strawberries,0.0018916666666666,0.2858222110299672,3.4672434163882726,0.0013460843583333,0.7163273380328011,0.0066183333333333,0.082435
Banana + Seedless Red Grapes,Strawberries,0.0011916666666666,0.1545945945945946,3.4670238751871407,0.0008479520833333,0.7170957952398221,0.0077083333333333,0.04459
Bag of Organic Bananas + Organic Hass Avocado,Organic Whole String Cheese,0.001245,0.064258064516129,3.4665382763601347,0.0008858520833333,0.7255860066567524,0.019375,0.0185366666666666
Organic Whole String Cheese,Bag of Organic Bananas + Organic Hass Avocado,0.001245,0.0671641791044776,3.4665382763601347,0.0008858520833333,0.7249662352247268,0.0185366666666666,0.019375
Organic Raspberries + Apple Honeycrisp Organic,Bag of Organic Bananas,0.0013233333333333,0.4113989637305699,3.464217843746905,0.0009413327222222,0.7136300608266414,0.0032166666666666,0.1187566666666666
Organic Garnet Sweet Potato (Yam),Organic Garlic,0.0019216666666666,0.1172105316661583,3.4510903425112884,0.0013648378166666,0.7220749231349626,0.016395,0.0339633333333333
Organic Garlic,Organic Garnet Sweet Potato (Yam),0.0019216666666666,0.0565806261654725,3.451090342511288,0.0013648378166666,0.7352065705961798,0.0339633333333333,0.016395
Limes + Organic Cilantro,Organic Avocado,0.00105,0.1894736842105263,3.4474833371638702,0.0007454299999999,0.7138894708174465,0.0055416666666666,0.05496
Jalapeno Peppers,Organic Garlic,0.0015583333333333,0.1170505758637956,3.4463806810421733,0.0011061681555555,0.7194183843867017,0.0133133333333333,0.0339633333333333
Organic Gala Apples + Organic Hass Avocado,Bag of Organic Bananas,0.0014533333333333,0.4091975598310652,3.445680746324966,0.0010315492388888,0.7123114793288536,0.0035516666666666,0.1187566666666666
Organic Blueberries,Organic Blackberries,0.0020566666666666,0.0661733161733161,3.440851867925271,0.0014589464666666,0.7321288599427082,0.03108,0.0192316666666666
Organic Blackberries,Organic Blueberries,0.0020566666666666,0.1069416760551174,3.440851867925271,0.0014589464666666,0.7232842567059046,0.0192316666666666,0.03108
Bag of Organic Bananas + Organic Raspberries,Organic Blueberries,0.0013616666666666,0.1068532566047606,3.438006969265144,0.0009656038666666,0.7182871795678399,0.0127433333333333,0.03108
Organic Small Bunch Celery,Fresh Cauliflower,0.0016166666666666,0.0767222969231986,3.435839539776024,0.00114613635,0.7242106448932717,0.0210716666666666,0.02233
Fresh Cauliflower,Organic Small Bunch Celery,0.0016166666666666,0.0723988655023137,3.435839539776024,0.00114613635,0.7251427573594658,0.02233,0.0210716666666666
Organic Raspberries + Organic Cucumber,Bag of Organic Bananas,0.0011583333333333,0.4078638497652582,3.4344501341560463,0.0008210644,0.7108513934971,0.00284,0.1187566666666666
Pineapple Chunks,Organic Baby Spinach,0.00201,0.2586317821145185,3.4299022891654207,0.001423977475,0.7139954395326926,0.0077716666666666,0.075405
Organic Raspberries,Organic Kiwi,0.002275,0.0533786954481464,3.4297726781846056,0.0016116907333333,0.7399731425134086,0.04262,0.0155633333333333
Organic Kiwi,Organic Raspberries,0.002275,0.1461769115442278,3.4297726781846056,0.0016116907333333,0.7196354129903267,0.0155633333333333,0.04262
Organic Lemon,Bag of Organic Bananas + Organic Baby Spinach,0.00147,0.0541802322009951,3.4294903809048516,0.0010413648861111,0.7281678957759776,0.0271316666666666,0.0157983333333333
Bag of Organic Bananas + Organic Baby Spinach,Organic Lemon,0.00147,0.0930477898512501,3.4294903809048516,0.0010413648861111,0.7197828566473495,0.0157983333333333,0.0271316666666666
Bag of Organic Bananas + Organic Baby Spinach,Organic Tomato Cluster,0.0010883333333333,0.0688891233252452,3.4290255512814976,0.0007709448166666,0.7197426951967166,0.0157983333333333,0.02009
Organic Tomato Cluster,Bag of Organic Bananas + Organic Baby Spinach,0.0010883333333333,0.0541728886676621,3.4290255512814967,0.0007709448166666,0.7228949191086601,0.02009,0.0157983333333333
Organic Strawberries + Organic Whole Milk,Organic Raspberries,0.00114,0.1460290350128095,3.4263030270485584,0.0008072798666666,0.7137119451700897,0.0078066666666666,0.04262
Organic Baby Spinach + Organic Hass Avocado,Organic Garlic,0.0012733333333333,0.1163038514233521,3.4243944868981884,0.0009014914388888,0.7158145460631763,0.0109483333333333,0.0339633333333333
Organic Baby Spinach + Organic Blueberries,Organic Strawberries,0.0012066666666666,0.2821512081060016,3.4227113253593937,0.00085411965,0.7108741358092086,0.0042766666666666,0.082435
Limes,Organic Ginger Root,0.00244,0.0554272517321016,3.414059238195357,0.0017253082416666,0.7396543593212538,0.0440216666666666,0.016235
Organic Ginger Root,Limes,0.00244,0.1502925777640899,3.414059238195357,0.0017253082416666,0.7187626533437017,0.016235,0.0440216666666666
Organic Small Bunch Celery,Organic Cilantro,0.0015716666666666,0.0745867278335838,3.413059540890046,0.0011111805111111,0.7222262593151642,0.0210716666666666,0.0218533333333333
Organic Cilantro,Organic Small Bunch Celery,0.0015716666666666,0.0719188529591214,3.4130595408900457,0.0011111805111111,0.7228034122227356,0.0218533333333333,0.0210716666666666
Garlic,Limes,0.001715,0.1501751313485113,3.4113913152276085,0.0012122725666666,0.7150301142644727,0.01142,0.0440216666666666
Organic Grape Tomatoes,Organic Red Bell Pepper,0.0016116666666666,0.0617812420138001,3.408933714206372,0.0011388893111111,0.725581133464767,0.0260866666666666,0.0181233333333333
Organic Red Bell Pepper,Organic Grape Tomatoes,0.0016116666666666,0.0889277174912635,3.4089337142063716,0.0011388893111111,0.7196964387548159,0.0181233333333333,0.0260866666666666
Organic Garlic + Organic Avocado,Organic Baby Spinach,0.0011033333333333,0.2568878540939076,3.406774803977291,0.0007794688583333,0.7095146084456913,0.004295,0.075405
Carrots,Michigan Organic Kale,0.001625,0.0714495090136303,3.405601001602973,0.0011478448666666,0.7228050684005278,0.0227433333333333,0.02098
Michigan Organic Kale,Carrots,0.001625,0.0774547187797902,3.4056010016029727,0.0011478448666666,0.7215032091222568,0.02098,0.0227433333333333
Organic Whole String Cheese,Original Hummus,0.0014016666666666,0.0756158964215069,3.4048433660716064,0.0009899981944444,0.7196404687429951,0.0185366666666666,0.0222083333333333
Original Hummus,Organic Whole String Cheese,0.0014016666666666,0.0631144465290806,3.404843366071606,0.0009899981944444,0.7223427620956024,0.0222083333333333,0.0185366666666666
Broccoli Crown,Large Lemon,0.0022016666666666,0.1631065563649833,3.404199729337346,0.0015549165222222,0.7159087784568122,0.0134983333333333,0.0479133333333333
Red Onion,Limes,0.0019666666666666,0.1495564005069708,3.3973361717405255,0.0013877817499999,0.7150547066809906,0.01315,0.0440216666666666
Banana + Organic Raspberries,Organic Strawberries,0.0019883333333333,0.2797842401500938,3.3939981822052987,0.0014024952666666,0.7104108998995049,0.0071066666666666,0.082435
Organic Raspberries + Organic Lemon,Bag of Organic Bananas,0.0012516666666666,0.4028969957081545,3.3926263427301304,0.0008827292888888,0.7074408900000868,0.0031066666666666,0.1187566666666666
Organic Lemon,Organic Yellow Onion,0.0032616666666666,0.1202162294981264,3.3919462825711664,0.0023000751805555,0.7248504101000849,0.0271316666666666,0.0354416666666666
Organic Yellow Onion,Organic Lemon,0.0032616666666666,0.09202915588996,3.391946282571166,0.0023000751805555,0.7310952443415928,0.0354416666666666,0.0271316666666666
Banana + Limes,Organic Garlic,0.0011533333333333,0.1151797603195738,3.391297290791262,0.0008132471555555,0.7122596851696568,0.0100133333333333,0.0339633333333333
Banana + Organic Garlic,Organic Baby Spinach,0.0015466666666666,0.2556473829201102,3.3903240225463853,0.0010904664166666,0.7093344150212232,0.00605,0.075405
Organic Blueberries + Organic Hass Avocado,Bag of Organic Bananas,0.0015266666666666,0.4022837066315327,3.3874620930603143,0.0010759851166666,0.7074786259268772,0.003795,0.1187566666666666
Organic Strawberries + Organic Zucchini,Organic Hass Avocado,0.00111,0.2252282718971931,3.384685747090013,0.0007820522722222,0.7080410589487826,0.0049283333333333,0.0665433333333333
Bag of Organic Bananas + Organic Hass Avocado,Organic Small Bunch Celery,0.0013816666666666,0.0713118279569892,3.384251900197228,0.000973403125,0.7184333678531808,0.019375,0.0210716666666666
Organic Small Bunch Celery,Bag of Organic Bananas + Organic Hass Avocado,0.0013816666666666,0.0655698805663212,3.3842519001972273,0.000973403125,0.7196785478177926,0.0210716666666666,0.019375
Red Peppers,Organic Zucchini,0.0019383333333333,0.1104988123515439,3.3817540122890266,0.001365159375,0.7168705688788394,0.0175416666666666,0.032675
Organic Zucchini,Red Peppers,0.0019383333333333,0.0593216016322366,3.3817540122890266,0.001365159375,0.7280856633669377,0.032675,0.0175416666666666
Strawberries + Honeycrisp Apple,Banana,0.0011733333333333,0.4968242766407903,3.381021992179321,0.000826298225,0.7058985388105212,0.0023616666666666,0.146945
Apple Honeycrisp Organic,Bag of Organic Bananas + Organic Strawberries,0.00171,0.0659976842917792,3.379586120599773,0.0012040208833333,0.7228344195373071,0.02591,0.0195283333333333
Bag of Organic Bananas + Organic Strawberries,Apple Honeycrisp Organic,0.00171,0.0875650763847401,3.3795861205997726,0.0012040208833333,0.7181296550066163,0.0195283333333333,0.02591
Fresh Cauliflower,Organic Garlic,0.00256,0.1146439767129422,3.3755219367830676,0.0018015987666666,0.7198231696064794,0.02233,0.0339633333333333
Organic Garlic,Fresh Cauliflower,0.00256,0.0753754048483659,3.3755219367830676,0.0018015987666666,0.7284915185025759,0.0339633333333333,0.02233
Banana + Cucumber Kirby,Large Lemon,0.0015766666666666,0.1617094017094017,3.3750396906094693,0.0011095116666666,0.7106358880693527,0.00975,0.0479133333333333
Organic Baby Spinach + Organic Avocado,Organic Garlic,0.0011033333333333,0.1145328719723183,3.372250622406076,0.0007761532222222,0.7103047372467561,0.0096333333333333,0.0339633333333333
Organic Zucchini,Carrots,0.0025033333333333,0.0766131089007906,3.368596316904175,0.0017601949166666,0.7268916300849292,0.032675,0.0227433333333333
Carrots,Organic Zucchini,0.0025033333333333,0.1100688846548439,3.3685963169041746,0.0017601949166666,0.7195043738818913,0.0227433333333333,0.032675
Organic Zucchini,Organic Red Bell Pepper,0.0019933333333333,0.0610048457026268,3.3660941163855185,0.0014011534166666,0.7266635042488219,0.032675,0.0181233333333333
Organic Red Bell Pepper,Organic Zucchini,0.0019933333333333,0.1099871252528968,3.366094116385518,0.0014011534166666,0.7158941627911432,0.0181233333333333,0.032675
Organic Large Brown Grade AA Cage Free Eggs,Organic Raspberries,0.0014116666666666,0.1434620596205962,3.3660736654292873,0.0009922858666666,0.709903418945851,0.00984,0.04262
Organic Baby Spinach + Organic Avocado,Limes,0.0014266666666666,0.1480968858131487,3.364181709305617,0.0010025912777777,0.7095865796896396,0.0096333333333333,0.0440216666666666
Organic Italian Parsley Bunch,Organic Cucumber,0.00161,0.0856382978723404,3.3623202933781093,0.001131164,0.7160480385280541,0.0188,0.02547
Organic Cucumber,Organic Italian Parsley Bunch,0.00161,0.0632116215155084,3.362320293378109,0.001131164,0.7209489039883089,0.02547,0.0188
Organic Garlic,Michigan Organic Kale,0.002395,0.0705172244577485,3.3611641781577006,0.0016824492666666,0.7271815454070063,0.0339633333333333,0.02098
Michigan Organic Kale,Organic Garlic,0.002395,0.1141563393708293,3.3611641781577006,0.0016824492666666,0.7175379830713363,0.02098,0.0339633333333333
Red Peppers,Cucumber Kirby,0.0017433333333333,0.0993824228028503,3.3529832254672858,0.0012233983333333,0.7142879269129602,0.0175416666666666,0.02964
Cucumber Kirby,Red Peppers,0.0017433333333333,0.0588169140800719,3.3529832254672858,0.0012233983333333,0.7231935840255458,0.02964,0.0175416666666666
Organic Blueberries,Bag of Organic Bananas + Organic Strawberries,0.0020333333333333,0.0654225654225654,3.3501356365570754,0.0014263927333333,0.7240067528287368,0.03108,0.0195283333333333
Bag of Organic Bananas + Organic Strawberries,Organic Blueberries,0.0020333333333333,0.1041222155841938,3.350135636557075,0.0014263927333333,0.7154766902502568,0.0195283333333333,0.03108
Banana + Yellow Onions,Limes,0.001,0.1474563774883263,3.3496318666185525,0.0007014597305555,0.7062492777407676,0.0067816666666666,0.0440216666666666
Organic Strawberries + Organic Baby Spinach,Organic Grape Tomatoes,0.00105,0.0873422986274781,3.3481586491494313,0.0007363947888888,0.709862095866175,0.0120216666666666,0.0260866666666666
Organic Red Bell Pepper + Bag of Organic Bananas,Organic Strawberries,0.0011266666666666,0.2758057935536516,3.345736562790703,0.0007899196916666,0.7039879431144866,0.004085,0.082435
Grated Parmesan,Organic Garlic,0.0016266666666666,0.1135808215989759,3.3442189105596993,0.0011402551277777,0.7111615313766749,0.0143216666666666,0.0339633333333333
Organic Cucumber,Organic Red Onion,0.0017983333333333,0.0706059416306766,3.339921553012139,0.0012598975333333,0.7189022094317808,0.02547,0.02114
Organic Red Onion,Organic Cucumber,0.0017983333333333,0.0850678019552191,3.339921553012139,0.0012598975333333,0.715722136115025,0.02114,0.02547
Organic Strawberries + Limes,Organic Hass Avocado,0.001325,0.2220670391061452,3.337179368423763,0.0009279581111111,0.704549556589116,0.0059666666666666,0.0665433333333333
Yellow Bell Pepper,Large Lemon,0.0012716666666666,0.1598910310142497,3.3370884447109317,0.0008905959555555,0.7059522533171887,0.0079533333333333,0.0479133333333333
Bag of Organic Bananas + Organic Hass Avocado,Organic Gala Apples,0.0014533333333333,0.075010752688172,3.337024661741175,0.001017815625,0.7141688739979302,0.019375,0.0224783333333333
Organic Gala Apples,Bag of Organic Bananas + Organic Hass Avocado,0.0014533333333333,0.0646548528212352,3.3370246617411747,0.001017815625,0.7164361424870926,0.0224783333333333,0.019375
Organic Lemon,Organic Small Bunch Celery,0.0019033333333333,0.0701517292216966,3.329196989086294,0.0013316238972222,0.7191386979308971,0.0271316666666666,0.0210716666666666
Organic Small Bunch Celery,Organic Lemon,0.0019033333333333,0.0903266629755596,3.329196989086293,0.0013316238972222,0.7146869108479531,0.0210716666666666,0.0271316666666666
Bag of Organic Bananas + Organic Small Bunch Celery,Organic Baby Spinach,0.0012183333333333,0.2509440439409543,3.3279496577276615,0.0008522420583333,0.7029273978792208,0.004855,0.075405
Organic Baby Spinach + Organic Hass Avocado,Organic Zucchini,0.0011883333333333,0.1085401126503273,3.3218091094208817,0.0008305965416666,0.7066963690122808,0.0109483333333333,0.032675
Organic Raspberries + Organic Zucchini,Bag of Organic Bananas,0.001195,0.3941726223199561,3.3191620595611995,0.0008349693722222,0.700843864918726,0.0030316666666666,0.1187566666666666
Strawberries + Organic Fuji Apple,Banana,0.0011233333333333,0.487346348517715,3.3165221580708093,0.0007846251083333,0.7000930393815905,0.002305,0.146945
Organic Black Beans,Organic Yellow Onion,0.0013983333333333,0.1175234626698417,3.3159688503129567,0.0009766365694444,0.706839221382632,0.0118983333333333,0.0354416666666666
Fresh Cauliflower,Organic Italian Parsley Bunch,0.00139,0.0622480967308553,3.311068975045498,0.000970196,0.7139246717327418,0.02233,0.0188
Organic Italian Parsley Bunch,Fresh Cauliflower,0.00139,0.0739361702127659,3.311068975045498,0.000970196,0.7113562309549019,0.0188,0.02233
Large Lemon,Banana + Organic Avocado,0.0026116666666666,0.0545081396966745,3.309206093089622,0.0018224542111111,0.7329298275821983,0.0479133333333333,0.0164716666666666
Banana + Organic Avocado,Large Lemon,0.0026116666666666,0.1585550946069007,3.3092060930896214,0.0018224542111111,0.7094993532909338,0.0164716666666666,0.0479133333333333
Green Bell Pepper,Organic Cucumber,0.0014866666666666,0.0841668239290432,3.3045474648230555,0.0010367815666666,0.7099263701540285,0.0176633333333333,0.02547
Organic Cucumber,Green Bell Pepper,0.0014866666666666,0.0583693233869912,3.304547464823055,0.0010367815666666,0.71561337674148,0.02547,0.0176633333333333
Organic Red Onion,Organic Yellow Onion,0.002475,0.1170766319772942,3.303361353697462,0.0017257631666666,0.7123368481070299,0.02114,0.0354416666666666
Organic Yellow Onion,Organic Red Onion,0.002475,0.0698330590171643,3.303361353697462,0.0017257631666666,0.7228987849064396,0.0354416666666666,0.02114
Fresh Cauliflower,Carrots,0.0016766666666666,0.0750858337065233,3.3014436628985795,0.0011688080333333,0.7130240334258424,0.02233,0.0227433333333333
Carrots,Fresh Cauliflower,0.0016766666666666,0.0737212369925252,3.3014436628985795,0.0011688080333333,0.7133256088568783,0.0227433333333333,0.02233
Organic Grape Tomatoes,Organic Red Onion,0.00182,0.0697674418604651,3.300257420078766,0.0012685278666666,0.7156625846242308,0.0260866666666666,0.02114
Organic Red Onion,Organic Grape Tomatoes,0.00182,0.086092715231788,3.3002574200787658,0.0012685278666666,0.7120459854660863,0.02114,0.0260866666666666
Organic Italian Parsley Bunch,Organic Baby Arugula,0.0013866666666666,0.0737588652482269,3.2979595460866062,0.0009662046666666,0.7101327064191415,0.0188,0.022365
Organic Baby Arugula,Organic Italian Parsley Bunch,0.0013866666666666,0.0620016394664282,3.2979595460866062,0.0009662046666666,0.7127222445375437,0.022365,0.0188
Asparagus,Fresh Cauliflower,0.0015566666666666,0.0736418828352913,3.2978899612759216,0.0010846476833333,0.7118225561710254,0.0211383333333333,0.02233
Fresh Cauliflower,Asparagus,0.0015566666666666,0.0697118972981041,3.2978899612759216,0.0010846476833333,0.7126901855477787,0.02233,0.0211383333333333
Large Lemon + Organic Avocado,Organic Baby Spinach,0.001895,0.2485789243550502,3.2965841039062433,0.00132016255,0.7020073351265581,0.0076233333333333,0.075405
Broccoli Crown,Organic Avocado,0.0024433333333333,0.1810100012347203,3.2934861942270803,0.0017014649333333,0.7058988260022365,0.0134983333333333,0.05496
Organic Whole Milk + Organic Hass Avocado,Organic Strawberries,0.0013633333333333,0.2713101160862355,3.29120053479997,0.0009490974583333,0.6996753736425293,0.005025,0.082435
Organic Whole String Cheese + Organic Hass Avocado,Bag of Organic Bananas,0.001245,0.3906903765690376,3.2898395309936648,0.0008665620888888,0.6982589247767454,0.0031866666666666,0.1187566666666666
Organic Garlic,Limes,0.0049183333333333,0.144813033663755,3.289585438922236,0.0034232107944444,0.720480238057811,0.0339633333333333,0.0440216666666666
Limes,Organic Garlic,0.0049183333333333,0.1117252867905955,3.289585438922236,0.0034232107944444,0.728060776383608,0.0440216666666666,0.0339633333333333
Bag of Organic Bananas + Organic Blueberries,Organic Hass Avocado,0.0015266666666666,0.2188769414575866,3.289239214410459,0.0010625269166666,0.7008668761555078,0.006975,0.0665433333333333
Organic Lemon,Organic Red Bell Pepper,0.0016133333333333,0.0594631119847656,3.281025123308754,0.0011216170944444,0.714605649582875,0.0271316666666666,0.0181233333333333
Organic Red Bell Pepper,Organic Lemon,0.0016133333333333,0.0890196799705719,3.2810251233087535,0.0011216170944444,0.7080494230099593,0.0181233333333333,0.0271316666666666
Organic Yellow Onion,Organic Tomato Cluster,0.002335,0.0658829061838702,3.2793880629104133,0.0016229769166666,0.7206044846131124,0.0354416666666666,0.02009
Organic Tomato Cluster,Organic Yellow Onion,0.002335,0.1162269785963165,3.2793880629104133,0.0016229769166666,0.7093152031012535,0.02009,0.0354416666666666
Organic Yellow Onion + Organic Raspberries,Bag of Organic Bananas,0.0010333333333333,0.3894472361809045,3.279371568031868,0.0007182323111111,0.6969126684954616,0.0026533333333333,0.1187566666666666
Bag of Organic Bananas + Organic D'Anjou Pears,Organic Strawberries,0.0012383333333333,0.2698873955684707,3.273941839855289,0.000860094075,0.6977593519548616,0.0045883333333333,0.082435
Organic Black Beans,Limes,0.0017133333333333,0.1439977587897464,3.271065584138412,0.0011895488694444,0.7026495823585842,0.0118983333333333,0.0440216666666666
Organic Zucchini,Bag of Organic Bananas + Organic Baby Spinach,0.0016866666666666,0.0516194848252996,3.267400664118557,0.0011704561249999,0.7173869373477998,0.032675,0.0157983333333333
Bag of Organic Bananas + Organic Baby Spinach,Organic Zucchini,0.0016866666666666,0.1067623167000738,3.2674006641185565,0.0011704561249999,0.7050854948460363,0.0157983333333333,0.032675
Banana + Michigan Organic Kale,Organic Baby Spinach,0.001215,0.2459514170040485,3.261738837000843,0.0008424992999999,0.6968575379659468,0.00494,0.075405
Organic Granny Smith Apple + Organic Hass Avocado,Bag of Organic Bananas,0.0011133333333333,0.3872463768115942,3.2608390558699374,0.0007719079166666,0.6953295364892628,0.002875,0.1187566666666666
Organic Unsweetened Almond Milk + Organic Hass Avocado,Bag of Organic Bananas,0.0011016666666666,0.3872290568248389,3.260693211537645,0.00076380395,0.6952948612327032,0.002845,0.1187566666666666
Organic Zucchini,Organic Yellow Onion,0.0037666666666666,0.1152767151236929,3.252576020419269,0.0026086102083333,0.7159448817546975,0.032675,0.0354416666666666
Organic Yellow Onion,Organic Zucchini,0.0037666666666666,0.1062779214671996,3.2525760204192684,0.0026086102083333,0.7179984442724522,0.0354416666666666,0.032675
Organic Kiwi,Organic Cucumber,0.0012883333333333,0.0827800385521524,3.2500996683216528,0.0008919352333333,0.7032622326194458,0.0155633333333333,0.02547
Organic Cucumber,Organic Kiwi,0.0012883333333333,0.0505823845046459,3.2500996683216523,0.0008919352333333,0.7104113039849416,0.02547,0.0155633333333333
Bag of Organic Bananas + Organic Cucumber,Organic Strawberries,0.001845,0.2677793904208999,3.2483701148893056,0.00127702285,0.6969553284460557,0.00689,0.082435
Organic Small Bunch Celery + Organic Hass Avocado,Bag of Organic Bananas,0.0013816666666666,0.3855813953488372,3.2468189464353205,0.0009561219444444,0.6944948389146351,0.0035833333333333,0.1187566666666666
Green Bell Pepper,Yellow Onions,0.0013316666666666,0.0753915833176071,3.2466051812649295,0.0009214946277777,0.7044285088360002,0.0176633333333333,0.0232216666666666
Yellow Onions,Green Bell Pepper,0.0013316666666666,0.0573458695184095,3.246605181264929,0.0009214946277777,0.7084370421213891,0.0232216666666666,0.0176633333333333
Michigan Organic Kale,Fresh Cauliflower,0.00152,0.0724499523355576,3.2445119720357223,0.0010515166,0.7066119556721061,0.02098,0.02233
Fresh Cauliflower,Michigan Organic Kale,0.00152,0.0680698611733094,3.2445119720357223,0.0010515166,0.707587669502087,0.02233,0.02098
Organic Hass Avocado + Organic Garnet Sweet Potato (Yam),Bag of Organic Bananas,0.0012266666666666,0.3849372384937238,3.241394772170465,0.0008482287555555,0.69370142855232,0.0031866666666666,0.1187566666666666
Organic Strawberries + Organic Grape Tomatoes,Organic Hass Avocado,0.001055,0.2156729131175468,3.241089712731757,0.0007294921944444,0.6948608232088009,0.0048916666666666,0.0665433333333333
Organic Strawberries + Organic D'Anjou Pears,Bag of Organic Bananas,0.0012383333333333,0.384774728120145,3.2400263405856093,0.0008561347944444,0.6935927465275993,0.0032183333333333,0.1187566666666666
Organic Strawberries + Organic Baby Spinach,Organic Raspberries,0.00166,0.1380840149729655,3.2398877281315226,0.0011476365666666,0.6997596060479759,0.0120216666666666,0.04262
Organic Large Extra Fancy Fuji Apple + Organic Hass Avocado,Organic Strawberries,0.0011216666666666,0.2669575565251884,3.2384006371709644,0.000775302275,0.6941220638920937,0.0042016666666666,0.082435
Organic Red Onion,Organic Tomato Cluster,0.001375,0.065042573320719,3.2375596476216533,0.0009502973999999,0.706051306436244,0.02114,0.02009
Organic Tomato Cluster,Organic Red Onion,0.001375,0.0684420109507217,3.2375596476216533,0.0009502973999999,0.7052947534142746,0.02009,0.02114
Organic Zucchini,Organic Italian Parsley Bunch,0.0019883333333333,0.0608518235144095,3.236799123106893,0.0013740433333333,0.7143956871237077,0.032675,0.0188
Organic Italian Parsley Bunch,Organic Zucchini,0.0019883333333333,0.1057624113475177,3.236799123106893,0.0013740433333333,0.7042935263421733,0.0188,0.032675
Organic Zucchini,Organic Red Onion,0.0022333333333333,0.0683499107370568,3.2332029676942704,0.0015425838333333,0.7140404508355285,0.032675,0.02114
Organic Red Onion,Organic Zucchini,0.0022333333333333,0.1056449069694102,3.23320296769427,0.0015425838333333,0.7056261151793695,0.02114,0.032675
Bag of Organic Bananas + Organic Hass Avocado,Organic Yellow Onion,0.0022183333333333,0.1144946236559139,3.2305090145096815,0.0015316510416666,0.7040930615192266,0.019375,0.0354416666666666
Organic Yellow Onion,Bag of Organic Bananas + Organic Hass Avocado,0.0022183333333333,0.062591112156125,3.2305090145096815,0.0015316510416666,0.7158211531553733,0.0354416666666666,0.019375
Organic Strawberries + Organic Baby Spinach,Organic Blueberries,0.0012066666666666,0.1003743241369749,3.2295471086542764,0.0008330332666666,0.6987593123062558,0.0120216666666666,0.03108
Organic Cucumber,Organic Hass Avocado,0.0054716666666666,0.214827902107054,3.2283910550576675,0.0037768079666666,0.7082882841382752,0.02547,0.0665433333333333
Organic Hass Avocado,Organic Cucumber,0.0054716666666666,0.0822271201723187,3.228391055057667,0.0037768079666666,0.7394539095276051,0.0665433333333333,0.02547
Organic Cucumber + Organic Hass Avocado,Bag of Organic Bananas,0.0020933333333333,0.3825769113615595,3.221519448970384,0.0014435364388888,0.6933814228253533,0.0054716666666666,0.1187566666666666
Bag of Organic Bananas + Organic Strawberries,Organic Lemon,0.0017066666666666,0.0873943842280447,3.22112110920983,0.0011768304361111,0.703283029078373,0.0195283333333333,0.0271316666666666
Organic Lemon,Bag of Organic Bananas + Organic Strawberries,0.0017066666666666,0.0629031267276859,3.22112110920983,0.0011768304361111,0.7087794514764972,0.0271316666666666,0.0195283333333333
Organic Italian Parsley Bunch,Michigan Organic Kale,0.00127,0.0675531914893617,3.2198851996835893,0.000875576,0.7026395447002065,0.0188,0.02098
Michigan Organic Kale,Organic Italian Parsley Bunch,0.00127,0.0605338417540514,3.2198851996835893,0.000875576,0.7042041237766772,0.02098,0.0188
Boneless Skinless Chicken Breasts,Yellow Onions,0.001155,0.0746124031007751,3.2130511634583443,0.0007955286,0.6995991454204594,0.01548,0.0232216666666666
Organic AppleApple,Organic Strawberries,0.0013533333333333,0.2642369020501139,3.2053970043078053,0.0009311287416666,0.6915681453106696,0.0051216666666666,0.082435
Organic Red Bell Pepper,Fresh Cauliflower,0.0012966666666666,0.0715468089019679,3.2040666772041195,0.0008919726333333,0.700593726018623,0.0181233333333333,0.02233
Fresh Cauliflower,Organic Red Bell Pepper,0.0012966666666666,0.058068368413196,3.2040666772041195,0.0008919726333333,0.7036082035766111,0.02233,0.0181233333333333
Organic Yellow Onion,Fresh Cauliflower,0.002535,0.0715259816600046,3.2031339749218404,0.0017435875833333,0.7130784412149405,0.0354416666666666,0.02233
Fresh Cauliflower,Organic Yellow Onion,0.002535,0.1135244066278549,3.2031339749218404,0.0017435875833333,0.7035152482884964,0.02233,0.0354416666666666
Organic Strawberries + Organic Baby Spinach,Organic Hass Avocado,0.002555,0.2125329266601968,3.19390261974949,0.0017550382277777,0.6952616193944786,0.0120216666666666,0.0665433333333333
Organic Tomato Cluster,Green Bell Pepper,0.0011333333333333,0.0564128090260494,3.1937804694876077,0.0007784769666666,0.7009740090176351,0.02009,0.0176633333333333
Green Bell Pepper,Organic Tomato Cluster,0.0011333333333333,0.064163049632006,3.1937804694876077,0.0007784769666666,0.699242392638441,0.0176633333333333,0.02009
Organic Cucumber,Organic Large Extra Fancy Fuji Apple,0.0019066666666666,0.0748593116084282,3.1922947380992848,0.0013093951666666,0.7046942800972948,0.02547,0.02345
Organic Large Extra Fancy Fuji Apple,Organic Cucumber,0.0019066666666666,0.0813077469793887,3.192294738099284,0.0013093951666666,0.7032366154146913,0.02345,0.02547
Organic Large Extra Fancy Fuji Apple + Organic Strawberries,Bag of Organic Bananas,0.0017816666666666,0.3790780141843972,3.1920567057377593,0.0012235103333333,0.6899651937539552,0.0047,0.1187566666666666
Organic Roma Tomato,Organic Yellow Onion,0.0010183333333333,0.1130643967431532,3.190154622426143,0.0006991220555555,0.692775165090571,0.0090066666666666,0.0354416666666666
Organic Strawberries + Organic Hass Avocado,Organic Grape Tomatoes,0.001055,0.0831581713084603,3.18776531977231,0.0007240471555555,0.6951193691091043,0.0126866666666666,0.0260866666666666
Mango Chunks,Organic Baby Spinach,0.0013683333333333,0.2401286926001755,3.1845194960569656,0.0009386505083333,0.6899122329434839,0.0056983333333333,0.075405
Organic Red Bell Pepper,Bag of Organic Bananas + Organic Strawberries,0.0011266666666666,0.0621666360125068,3.1834071526418137,0.0007727481722222,0.6985308665145863,0.0181233333333333,0.0195283333333333
Bag of Organic Bananas + Organic Strawberries,Organic Red Bell Pepper,0.0011266666666666,0.0576939489630451,3.1834071526418133,0.0007727481722222,0.6995318499196341,0.0195283333333333,0.0181233333333333
Bag of Organic Bananas + Organic Grape Tomatoes,Organic Strawberries,0.0013766666666666,0.2623054938075579,3.1819675357258204,0.0009440203083333,0.6893469601595034,0.0052483333333333,0.082435
Strawberries + Banana,Organic Fuji Apple,0.0011233333333333,0.0876804995446858,3.1783651357425993,0.0007699021555555,0.6942675633729042,0.0128116666666666,0.0275866666666666
Organic Strawberries + Banana,Organic Whole String Cheese,0.001025,0.0588742102240092,3.1760947792128684,0.0007022766333333,0.6972877140611544,0.01741,0.0185366666666666
Organic Whole String Cheese,Organic Strawberries + Banana,0.001025,0.055295810106096,3.176094779212868,0.0007022766333333,0.6980881625321539,0.0185366666666666,0.01741
Bag of Organic Bananas + Seedless Red Grapes,Organic Strawberries,0.0011333333333333,0.2617397998460354,3.1751052325594156,0.0007763897833333,0.6880289742821712,0.00433,0.082435
Organic Strawberries + Limes,Organic Avocado,0.00104,0.1743016759776536,3.171427874411456,0.0007120719999999,0.6887944221031642,0.0059666666666666,0.05496
Green Onions,Limes,0.0011916666666666,0.1395939086294416,3.1710273417508414,0.0008158683722222,0.6905396950757513,0.0085366666666666,0.0440216666666666
Organic D'Anjou Pears,Organic Raspberries,0.002005,0.1350471486304445,3.1686332386307963,0.0013722350666666,0.6947208052628675,0.0148466666666666,0.04262
Bag of Organic Bananas + Organic Whole Milk,Organic Raspberries,0.0012433333333333,0.1350470673425054,3.168631331358645,0.0008509451999999,0.6907659791928501,0.0092066666666666,0.04262
Organic Strawberries + Organic Avocado,Limes,0.00104,0.1394413407821229,3.1675615972920053,0.0007116717361111,0.6894418332671344,0.0074583333333333,0.0440216666666666
Bag of Organic Bananas + Organic Unsweetened Almond Milk,Organic Baby Spinach,0.0010183333333333,0.2384855581576893,3.162728707084269,0.0006963539833333,0.6867497536904842,0.00427,0.075405
Bag of Organic Bananas + Organic Cilantro,Organic Baby Spinach,0.0010433333333333,0.2382946326608298,3.1601967065954493,0.0007131851083333,0.6865700340632511,0.0043783333333333,0.075405
Fresh Cauliflower,Organic Red Onion,0.0014916666666666,0.0668010150768771,3.159934488026355,0.0010196104666666,0.6991497570926385,0.02233,0.02114
Organic Red Onion,Fresh Cauliflower,0.0014916666666666,0.0705613371176285,3.159934488026355,0.0010196104666666,0.6982998008057945,0.02114,0.02233
Bag of Organic Bananas + Large Lemon,Organic Hass Avocado,0.0013066666666666,0.210075026795284,3.1569657886382414,0.0008927671333333,0.6875165057268454,0.00622,0.0665433333333333
Organic Yellow Onion + Organic Garlic,Organic Hass Avocado,0.001425,0.21007371007371,3.156946001207886,0.0009736143888888,0.6879044528464675,0.0067833333333333,0.0665433333333333
Organic Russet Potato,Organic Zucchini,0.0010316666666666,0.1031151091121106,3.155779926919988,0.0007047532916666,0.6900248211139199,0.010005,0.032675
Organic Cucumber + Organic Hass Avocado,Organic Baby Spinach,0.0013016666666666,0.2378921717940907,3.1548593832516514,0.0008890756416666,0.686786528929289,0.0054716666666666,0.075405
Organic Grape Tomatoes,Organic Baby Arugula,0.00184,0.0705341170457449,3.153772280158505,0.0012565717,0.7012116774667626,0.0260866666666666,0.022365
Organic Baby Arugula,Organic Grape Tomatoes,0.00184,0.0822714062150681,3.1537722801585044,0.0012565717,0.6985423007297334,0.022365,0.0260866666666666
Organic Baby Carrots + Organic Hass Avocado,Bag of Organic Bananas,0.001155,0.3743922204213938,3.1525996049742657,0.0007886356833333,0.6849144184122592,0.003085,0.1187566666666666
Red Peppers,Yellow Onions,0.0012833333333333,0.0731591448931116,3.1504691693007234,0.0008759865972222,0.6947744608756526,0.0175416666666666,0.0232216666666666
Yellow Onions,Red Peppers,0.0012833333333333,0.0552644800114835,3.150469169300723,0.0008759865972222,0.6988145985436398,0.0232216666666666,0.0175416666666666
Organic Garlic,Organic Red Bell Pepper,0.0019383333333333,0.0570713514574541,3.149053786506572,0.0013228045222222,0.7064372575511327,0.0339633333333333,0.0181233333333333
Organic Red Bell Pepper,Organic Garlic,0.0019383333333333,0.1069523634357182,3.149053786506572,0.0013228045222222,0.6950407486620904,0.0181233333333333,0.0339633333333333
Organic Strawberries + Organic Hass Avocado,Organic Blueberries,0.0012416666666666,0.0978717813977929,3.149027715501704,0.0008473650666666,0.6912108257724973,0.0126866666666666,0.03108
Organic Hass Avocado + Large Lemon,Organic Baby Spinach,0.0011183333333333,0.2374380750176928,3.148837278929684,0.0007631757833333,0.6856518793682177,0.00471,0.075405
Bag of Organic Bananas + Organic Hass Avocado,Organic Granny Smith Apple,0.0011133333333333,0.0574623655913978,3.146611239831953,0.0007595135416666,0.6956765245799033,0.019375,0.0182616666666666
Organic Granny Smith Apple,Bag of Organic Bananas + Organic Hass Avocado,0.0011133333333333,0.060965592771744,3.146611239831953,0.0007595135416666,0.6948875975942344,0.0182616666666666,0.019375
Green Bell Pepper,Organic Zucchini,0.0018133333333333,0.1026608794112096,3.141878482362958,0.0012361839166666,0.6939770191053066,0.0176633333333333,0.032675
Organic Zucchini,Green Bell Pepper,0.0018133333333333,0.0554960469268043,3.141878482362958,0.0012361839166666,0.7047466691041547,0.032675,0.0176633333333333
Organic Strawberries + Organic Hass Avocado,Bag of Organic Bananas,0.0047316666666666,0.3729637414608512,3.140570983755449,0.0032250404222222,0.6903447369061161,0.0126866666666666,0.1187566666666666
Organic Zucchini + Organic Hass Avocado,Bag of Organic Bananas,0.00193,0.3729468599033816,3.140428831251986,0.00131543425,0.6851176340150956,0.005175,0.1187566666666666
Organic Baby Spinach + Organic Hass Avocado,Organic Raspberries,0.001465,0.1338103212056629,3.1396133553651566,0.0009983820333333,0.6890332077849156,0.0109483333333333,0.04262
Green Bell Pepper,Organic Small Bunch Celery,0.0011683333333333,0.0661445555765238,3.1390281852340687,0.0007961374611111,0.6936828174029586,0.0176633333333333,0.0210716666666666
Organic Small Bunch Celery,Green Bell Pepper,0.0011683333333333,0.0554457011785177,3.139028185234068,0.0007961374611111,0.6960980118444807,0.0210716666666666,0.0176633333333333
Bag of Organic Bananas + Organic Zucchini,Organic Baby Spinach,0.0016866666666666,0.2366697848456501,3.1386484297546597,0.0011492803666666,0.6862824278415478,0.0071266666666666,0.075405
Organic Strawberries + Banana,Seedless Red Grapes,0.0014183333333333,0.0814665900823281,3.1375540181909565,0.0009662826833333,0.6933516398284977,0.01741,0.025965
Seedless Red Grapes,Organic Strawberries + Banana,0.0014183333333333,0.0546248154567045,3.1375540181909556,0.0009662826833333,0.6994413832963738,0.025965,0.01741
Total Greek Strained Yogurt,Organic Whole Milk,0.0011633333333333,0.1425071457737852,3.1348959656928006,0.0007922418055555,0.6866152169295598,0.0081633333333333,0.0454583333333333
Organic Strawberries + Organic Garlic,Organic Baby Spinach,0.0011433333333333,0.2363072683430934,3.1338408373860274,0.0007784988083333,0.6842131993428986,0.0048383333333333,0.075405
Green Bell Pepper,Organic Garlic,0.00188,0.1064351764483864,3.1338259823845274,0.0012800943222222,0.693144477173053,0.0176633333333333,0.0339633333333333
Organic Garlic,Green Bell Pepper,0.00188,0.0553538129355187,3.1338259823845274,0.0012800943222222,0.7048399493717489,0.0339633333333333,0.0176633333333333
Broccoli Crown,Honeycrisp Apple,0.0010683333333333,0.079145573527596,3.132823863079404,0.0007273204388888,0.6901145591237493,0.0134983333333333,0.0252633333333333
Jalapeno Peppers,Large Lemon,0.0019983333333333,0.150100150225338,3.132742804202129,0.0013604471555555,0.6899767945893529,0.0133133333333333,0.0479133333333333
Organic Baby Spinach + Banana,Yellow Onions,0.00117,0.0727385763133354,3.1323581273237093,0.0007964794916666,0.6918806017584875,0.016085,0.0232216666666666
Yellow Onions,Organic Baby Spinach + Banana,0.00117,0.0503839804780018,3.1323581273237093,0.0007964794916666,0.6969357110492851,0.0232216666666666,0.016085
Organic Tomato Cluster,Organic Cilantro,0.001375,0.0684420109507217,3.131879695731624,0.0009359665333333,0.6946586251118301,0.02009,0.0218533333333333
Organic Cilantro,Organic Tomato Cluster,0.001375,0.0629194630872483,3.131879695731624,0.0009359665333333,0.695910906339881,0.0218533333333333,0.02009
Bag of Organic Bananas + Organic Yellow Onion,Organic Raspberries,0.0010333333333333,0.1334481274214378,3.131115143628292,0.0007033124666666,0.6859364019476837,0.0077433333333333,0.04262
Organic Hass Avocado + Organic Lemon,Bag of Organic Bananas,0.0024283333333333,0.371494135645079,3.1281960505662476,0.0016520605888888,0.6848032719241971,0.0065366666666666,0.1187566666666666
Red Onion,Large Lemon,0.00197,0.1498098859315589,3.126684693159015,0.0013399396666666,0.6892358713358155,0.01315,0.0479133333333333
Bag of Organic Bananas + Organic Hass Avocado,Organic Unsweetened Almond Milk,0.0011016666666666,0.0568602150537634,3.1253324507381888,0.0007491708333333,0.6934700209910434,0.019375,0.0181933333333333
Organic Unsweetened Almond Milk,Bag of Organic Bananas + Organic Hass Avocado,0.0011016666666666,0.0605533162330524,3.1253324507381883,0.0007491708333333,0.692635385786416,0.0181933333333333,0.019375
Organic Red Bell Pepper,Organic Italian Parsley Bunch,0.0010633333333333,0.058672061798786,3.1208543509992595,0.0007226146666666,0.6921184143596725,0.0181233333333333,0.0188
Organic Italian Parsley Bunch,Organic Red Bell Pepper,0.0010633333333333,0.0565602836879432,3.1208543509992595,0.0007226146666666,0.6925957211884366,0.0188,0.0181233333333333
Organic Tomato Cluster,Organic Hass Avocado,0.0041716666666666,0.2076489132238261,3.1205066356333133,0.0028348111,0.6934710503410236,0.02009,0.0665433333333333
Organic Hass Avocado,Organic Tomato Cluster,0.0041716666666666,0.0626909783098732,3.120506635633313,0.0028348111,0.7279815348753976,0.0665433333333333,0.02009
"YoKids Squeezers Organic Low-Fat Yogurt, Strawberry",Organic Strawberries,0.0015883333333333,0.2572199730094467,3.1202762541329134,0.0010792972083333,0.6837376360410635,0.006175,0.082435
Organic Strawberries + Large Lemon,Organic Baby Spinach,0.0012033333333333,0.23510257245197,3.1178644977384797,0.0008173854083333,0.6827622571742074,0.0051183333333333,0.075405
Organic Grape Tomatoes + Organic Hass Avocado,Organic Strawberries,0.001055,0.2570036540803898,3.11765213902335,0.000716604325,0.6820456028870552,0.004105,0.082435
Organic Gala Apples,Bag of Organic Bananas + Organic Strawberries,0.0013683333333333,0.060873433676874,3.1171853039280033,0.0009293689472222,0.6948160763504825,0.0224783333333333,0.0195283333333333
Bag of Organic Bananas + Organic Strawberries,Organic Gala Apples,0.0013683333333333,0.0700691303234616,3.117185303928003,0.0009293689472222,0.6927255443188917,0.0195283333333333,0.0224783333333333
Organic Whole Milk + Organic Hass Avocado,Bag of Organic Bananas,0.00186,0.3701492537313433,3.116871364959244,0.00126324775,0.6825954993735996,0.005025,0.1187566666666666
Limes,Banana + Organic Avocado,0.00226,0.0513383561125203,3.1167675470517264,0.0015348897805555,0.7104290405716922,0.0440216666666666,0.0164716666666666
Banana + Organic Avocado,Limes,0.00226,0.1372053020337954,3.1167675470517264,0.0015348897805555,0.6905289325581118,0.0164716666666666,0.0440216666666666
Strawberries + Banana,Cucumber Kirby,0.0011833333333333,0.0923637309743723,3.1161852555456244,0.0008035955333333,0.6879080657369415,0.0128116666666666,0.02964
Michigan Organic Kale,Organic Cucumber,0.001665,0.0793612964728312,3.1158734382737054,0.0011306394,0.6936147399467862,0.02098,0.02547
Organic Cucumber,Michigan Organic Kale,0.001665,0.0653710247349823,3.1158734382737054,0.0011306394,0.6968104652526886,0.02547,0.02098
Banana + Large Lemon,Organic Fuji Apple,0.0011016666666666,0.0859446105837992,3.1154402096592286,0.0007480515777777,0.6878349715697241,0.0128183333333333,0.0275866666666666
Original Hummus,Organic Baby Spinach + Banana,0.0011116666666666,0.0500562851782364,3.1119854011959216,0.000754445625,0.6940760028644646,0.0222083333333333,0.016085
Organic Baby Spinach + Banana,Original Hummus,0.0011116666666666,0.069112009118226,3.111985401195921,0.000754445625,0.6897564643634694,0.016085,0.0222083333333333
Large Lemon,Cucumber Kirby,0.0044183333333333,0.0922151106163907,3.111171073427487,0.0029981821333333,0.7127267372770204,0.0479133333333333,0.02964
Cucumber Kirby,Large Lemon,0.0044183333333333,0.1490665766981556,3.1111710734274864,0.0029981821333333,0.6993050244633822,0.02964,0.0479133333333333
Organic Small Bunch Celery,Organic Zucchini,0.0021416666666666,0.1016372696353713,3.1105514808070804,0.0014531499583333,0.69311876683699,0.0210716666666666,0.032675
Organic Zucchini,Organic Small Bunch Celery,0.0021416666666666,0.0655445039530732,3.1105514808070804,0.0014531499583333,0.7014329198788307,0.032675,0.0210716666666666
Organic Yellow Onion + Organic Hass Avocado,Organic Baby Spinach,0.0014783333333333,0.2344699973565952,3.109475463916123,0.0010029048083333,0.6827068171018951,0.006305,0.075405
Apple Honeycrisp Organic,Organic Granny Smith Apple,0.00147,0.0567348514087225,3.1067729164217854,0.0009968402166666,0.6961601046842512,0.02591,0.0182616666666666
Organic Granny Smith Apple,Apple Honeycrisp Organic,0.00147,0.0804964862644884,3.106772916421785,0.0009968402166666,0.6907365978767751,0.0182616666666666,0.02591
Large Lemon,Yellow Onions,0.003455,0.0721093641296785,3.10526221759902,0.0023423725444444,0.7120843384503545,0.0479133333333333,0.0232216666666666
Yellow Onions,Large Lemon,0.003455,0.1487834637192277,3.10526221759902,0.0023423725444444,0.694083786509805,0.0232216666666666,0.0479133333333333
Organic Egg Whites,Organic Baby Spinach,0.001415,0.2339487462110774,3.102562777151083,0.000958925425,0.6818096246003056,0.0060483333333333,0.075405
Bag of Organic Bananas + Organic Cucumber,Organic Baby Spinach,0.0016116666666666,0.2339138848572811,3.1021004556366436,0.0010921262166666,0.6823390929793764,0.00689,0.075405
Bag of Organic Bananas + Organic Baby Spinach,Organic Yellow Onion,0.0017366666666666,0.1099272075113408,3.101637644335975,0.0011767474027777,0.6884662953262317,0.0157983333333333,0.0354416666666666
Organic Tomato Cluster,Bag of Organic Bananas + Organic Strawberries,0.0012166666666666,0.0605608096897295,3.1011765651478815,0.00082434245,0.6914326210835969,0.02009,0.0195283333333333
Bag of Organic Bananas + Organic Strawberries,Organic Tomato Cluster,0.0012166666666666,0.0623026371938209,3.101176565147881,0.00082434245,0.6910365314578467,0.0195283333333333,0.02009
Organic Large Extra Fancy Fuji Apple + Organic Baby Spinach,Bag of Organic Bananas,0.0012866666666666,0.3681449690033381,3.099994125270201,0.0008716121166666,0.6797946257402784,0.003495,0.1187566666666666
Organic Kiwi,Organic Strawberries,0.0039716666666666,0.2551938316556008,3.0956975999951575,0.0026887032833333,0.6876735246000707,0.0155633333333333,0.082435
Bag of Organic Bananas + Organic Grape Tomatoes,Organic Baby Spinach,0.001225,0.2334074309304541,3.0953840054433273,0.000829249425,0.6805098486447528,0.0052483333333333,0.075405
Organic Baby Spinach + Organic Garlic,Organic Avocado,0.0011033333333333,0.1700924974306269,3.094841656306895,0.0007468261333333,0.6813010647495759,0.0064866666666666,0.05496
Yellow Bell Pepper,Limes,0.0010833333333333,0.1362112321877619,3.09418617016837,0.0007332143444444,0.6822393177326749,0.0079533333333333,0.0440216666666666
Organic Garlic + Organic Hass Avocado,Organic Baby Spinach,0.0012733333333333,0.2331400671345743,3.091838301632177,0.0008614963583333,0.6802833013112901,0.0054616666666666,0.075405
Organic Raspberries,Organic Blueberries,0.0040933333333333,0.0960425465352729,3.090172024944432,0.0027687037333333,0.7065046483062521,0.04262,0.03108
Organic Blueberries,Organic Raspberries,0.0040933333333333,0.1317031317031317,3.090172024944432,0.0027687037333333,0.6980900592365105,0.03108,0.04262
Organic Cucumber + Organic Hass Avocado,Organic Strawberries,0.0013933333333333,0.254645141638745,3.089041567765452,0.0009422764916666,0.6799957038453458,0.0054716666666666,0.082435
Organic Avocado + Cucumber Kirby,Organic Baby Spinach,0.0010916666666666,0.2328474937788837,3.087958275696356,0.0007381428916666,0.6793464299935356,0.0046883333333333,0.075405
Organic Strawberries + Organic Cucumber,Organic Baby Spinach,0.00123,0.2327341532639545,3.0864551855175995,0.000831484575,0.6795953811013156,0.005285,0.075405
Bag of Organic Bananas + Organic Tomato Cluster,Organic Strawberries,0.0012166666666666,0.2542668059909439,3.084452065153684,0.0008222151916666,0.6790425267094831,0.004785,0.082435
Organic Strawberries + Organic Lemon,Bag of Organic Bananas,0.0017066666666666,0.3662374821173104,3.083931979543412,0.0011532606,0.6789023176125746,0.00466,0.1187566666666666
Organic Baby Spinach + Banana,Organic Grape Tomatoes,0.0012916666666666,0.0803025593202776,3.0782989772659475,0.0008720626333333,0.6861825101925767,0.016085,0.0260866666666666
Organic Cilantro,Organic Cucumber,0.0017133333333333,0.0784014643075045,3.078188626128959,0.0011567289333333,0.6902171644440263,0.0218533333333333,0.02547
Organic Cucumber,Organic Cilantro,0.0017133333333333,0.0672686821096715,3.0781886261289584,0.0011567289333333,0.692778691961297,0.02547,0.0218533333333333
Organic Baby Spinach + Banana,Honeycrisp Apple,0.00125,0.0777121541809139,3.0760847412949164,0.0008436392833333,0.6859448495720328,0.016085,0.0252633333333333
Bag of Organic Bananas + Organic Garlic,Organic Baby Spinach,0.0015433333333333,0.2319058352116203,3.0754702633992483,0.0010415130583333,0.6793676658986287,0.006655,0.075405
Honeycrisp Apple,Seedless Red Grapes,0.0020166666666666,0.0798258345428156,3.074362971030837,0.0013607042166666,0.6922170743240366,0.0252633333333333,0.025965
Seedless Red Grapes,Honeycrisp Apple,0.0020166666666666,0.077668656524809,3.0743629710308364,0.0013607042166666,0.6927157275009251,0.025965,0.0252633333333333
Banana + Organic Avocado,Michigan Organic Kale,0.0010616666666666,0.0644541131235454,3.0721693576523115,0.0007160911,0.6857932695990477,0.0164716666666666,0.02098
Michigan Organic Kale,Banana + Organic Avocado,0.0010616666666666,0.0506037496027963,3.072169357652311,0.0007160911,0.6889513099425637,0.02098,0.0164716666666666
Organic Strawberries + Organic Zucchini,Organic Baby Spinach,0.0011416666666666,0.2316537030774433,3.0721265576214223,0.0007700456916666,0.6778331644209905,0.0049283333333333,0.075405
Frozen Organic Wild Blueberries,Organic Baby Spinach,0.0021416666666666,0.2313231323132313,3.0677426206913507,0.0014435420416666,0.6803260982442734,0.0092583333333333,0.075405
Organic Lemon,Organic Tomato Cluster,0.0016716666666666,0.0616131211990908,3.06685521150278,0.0011265914833333,0.692727954685012,0.0271316666666666,0.02009
Organic Tomato Cluster,Organic Lemon,0.0016716666666666,0.0832088933134229,3.06685521150278,0.0011265914833333,0.6877499879864646,0.02009,0.0271316666666666
Organic Lemon,Limes,0.003655,0.1347134344861478,3.060162067606432,0.0024606188138888,0.691994896589939,0.0271316666666666,0.0440216666666666
Limes,Organic Lemon,0.003655,0.0830272971642751,3.0601620676064316,0.0024606188138888,0.7042208994143447,0.0440216666666666,0.0271316666666666
Organic Fuji Apple + Organic Avocado,Banana,0.0012716666666666,0.4493521790341578,3.057961679772417,0.0008558123166666,0.6748947358508196,0.00283,0.146945
Organic Garnet Sweet Potato (Yam),Organic Cucumber,0.0012766666666666,0.0778692690861034,3.0572936429565565,0.0008590860166666,0.6841296343366731,0.016395,0.02547
Organic Cucumber,Organic Garnet Sweet Potato (Yam),0.0012766666666666,0.0501243292762727,3.057293642956556,0.0008590860166666,0.6905003734946316,0.02547,0.016395
Organic Red Bell Pepper + Organic Hass Avocado,Bag of Organic Bananas,0.0012766666666666,0.3630331753554502,3.056949858439809,0.0008590390555555,0.6752511781313458,0.0035166666666666,0.1187566666666666
Organic Garlic + Large Lemon,Organic Baby Spinach,0.0011,0.2302057900244157,3.052924740062539,0.000739689775,0.6756738448553339,0.0047783333333333,0.075405
Red Peppers,Organic Yellow Onion,0.0018966666666666,0.1081235154394299,3.050745791848481,0.0012749607638888,0.6842135449978537,0.0175416666666666,0.0354416666666666
Organic Yellow Onion,Red Peppers,0.0018966666666666,0.0535151657653421,3.050745791848481,0.0012749607638888,0.6969109859220711,0.0354416666666666,0.0175416666666666
Organic Strawberries + Banana,Honeycrisp Apple,0.0013416666666666,0.0770629906184185,3.050388862056414,0.0009018320333333,0.6840828261018114,0.01741,0.0252633333333333
Honeycrisp Apple,Organic Strawberries + Banana,0.0013416666666666,0.0531072700884021,3.0503888620564137,0.0009018320333333,0.6895943972211765,0.0252633333333333,0.01741
Organic Red Onion,Organic Small Bunch Celery,0.0013583333333333,0.064254178492589,3.049316388163684,0.0009128783,0.6865717714195894,0.02114,0.0210716666666666
Organic Small Bunch Celery,Organic Red Onion,0.0013583333333333,0.0644625484457802,3.0493163881636836,0.0009128783,0.6865238458093927,0.0210716666666666,0.02114
Organic Lacinato (Dinosaur) Kale,Organic Zucchini,0.0013383333333333,0.0996277915632754,3.0490525344537236,0.0008993991666666,0.6811797803040435,0.0134333333333333,0.032675
Feta Cheese Crumbles,Organic Baby Spinach,0.0022866666666666,0.2298927613941019,3.048773442001219,0.0015366382666666,0.6787505474275871,0.0099466666666666,0.075405
Organic Romaine Lettuce,Organic Garlic,0.001145,0.1035418236623963,3.04863549894189,0.0007694221388888,0.6794985219313463,0.0110583333333333,0.0339633333333333
Organic Zucchini,Bag of Organic Bananas + Organic Hass Avocado,0.00193,0.0590665646518745,3.04859688525804,0.001296921875,0.6946788784679292,0.032675,0.019375
Bag of Organic Bananas + Organic Hass Avocado,Organic Zucchini,0.00193,0.0996129032258064,3.0485968852580396,0.001296921875,0.6852571024744316,0.019375,0.032675
Organic Broccoli,Organic Zucchini,0.001195,0.0995556789780616,3.0468455693362406,0.0008027910833333,0.6799534089529691,0.0120033333333333,0.032675
Organic Zucchini,Organic Cucumber,0.002535,0.0775822494261667,3.0460247124525632,0.00170276775,0.6943925303676323,0.032675,0.02547
Organic Cucumber,Organic Zucchini,0.002535,0.0995288574793875,3.0460247124525632,0.00170276775,0.6892586728349767,0.02547,0.032675
Organic Zucchini + Organic Hass Avocado,Organic Baby Spinach,0.0011883333333333,0.2296296296296296,3.045283862205817,0.0007981124583333,0.6751171181833732,0.005175,0.075405
Garlic,Large Lemon,0.001665,0.1457968476357267,3.0429285022066255,0.0011178297333333,0.6791248145918481,0.01142,0.0479133333333333
Michigan Organic Kale,Organic Red Onion,0.0013483333333333,0.0642675564029234,3.040092545076794,0.0009048161333333,0.6854432445108766,0.02098,0.02114
Organic Red Onion,Michigan Organic Kale,0.0013483333333333,0.0637811415957111,3.040092545076794,0.0009048161333333,0.6855552839436063,0.02114,0.02098
Banana + Organic Whole Milk,Organic Avocado,0.0016866666666666,0.16688654353562,3.0365091618562596,0.0011312042666666,0.6775219549613043,0.0101066666666666,0.05496
Bag of Organic Bananas + Organic Whole Milk,Organic Hass Avocado,0.00186,0.2020275162925416,3.0360293987758604,0.0012473577111111,0.6768539944373407,0.0092066666666666,0.0665433333333333
Organic Strawberries + Organic Hass Avocado,Organic Yellow Onion,0.001365,0.1075932737782448,3.03578482327519,0.0009153633888888,0.6792128361437664,0.0126866666666666,0.0354416666666666
Bag of Organic Bananas + Organic Hass Avocado,Organic Cilantro,0.001285,0.0663225806451612,3.034895392548564,0.0008615916666666,0.6837469486211034,0.019375,0.0218533333333333
Organic Cilantro,Bag of Organic Bananas + Organic Hass Avocado,0.001285,0.0588010982306284,3.0348953925485636,0.0008615916666666,0.6854793604485722,0.0218533333333333,0.019375
Organic Kiwi,Organic Gala Apples,0.0010616666666666,0.068215892053973,3.034739766618507,0.0007118288722222,0.6810823661035795,0.0155633333333333,0.0224783333333333
Organic Baby Spinach + Organic Raspberries,Bag of Organic Bananas,0.0020033333333333,0.3599880203653789,3.031307887546346,0.0013424524833333,0.6738594203531338,0.005565,0.1187566666666666
"Organic Red Radish, Bunch",Limes,0.0011216666666666,0.1333994053518335,3.0303124677658766,0.0007515178194444,0.6756823905033186,0.0084083333333333,0.0440216666666666
Bag of Organic Bananas + Fresh Cauliflower,Organic Baby Spinach,0.001005,0.2284090909090909,3.0290974193898403,0.000673218,0.6728291047774386,0.0044,0.075405
Michigan Organic Kale,Organic Cilantro,0.0013883333333333,0.0661741340959644,3.0281025364230216,0.0009298504,0.6841128803056432,0.02098,0.0218533333333333
Organic Cilantro,Michigan Organic Kale,0.0013883333333333,0.0635295912141549,3.028102536423021,0.0009298504,0.6847236870511895,0.0218533333333333,0.02098
Bunched Cilantro,Organic Garlic,0.00147,0.1026894865525672,3.0235396963166328,0.0009838148833333,0.6789814447788344,0.014315,0.0339633333333333
Bag of Organic Bananas + Organic Baby Spinach,Organic Cilantro,0.0010433333333333,0.0660407215951049,3.0219976324788727,0.0006980870888888,0.679833289359421,0.0157983333333333,0.0218533333333333
Organic Garbanzo Beans,Organic Yellow Onion,0.0010016666666666,0.1070728665597719,3.0211013372143514,0.000670109875,0.6753124313224761,0.009355,0.0354416666666666
Organic Bartlett Pear,Organic Strawberries,0.0029083333333333,0.2488590986879635,3.0188524132706194,0.0019449429666666,0.6766561529011744,0.0116866666666666,0.082435
Organic Baby Spinach + Banana,Large Lemon,0.002325,0.1445446067764998,3.0167929618025564,0.0015543140333333,0.6794511364036039,0.016085,0.0479133333333333
Bag of Organic Bananas + Organic Tomato Cluster,Organic Baby Spinach,0.0010883333333333,0.2274468826192964,3.016336882425521,0.0007275204083333,0.6716860622181272,0.004785,0.075405
Organic Broccoli,Organic Yellow Onion,0.0012816666666666,0.1067758955845598,3.0127221890776346,0.0008562485277777,0.676190817731016,0.0120033333333333,0.0354416666666666
Organic Roasted Turkey Breast,Organic Hass Avocado,0.0017783333333333,0.2004508735675371,3.012335924974259,0.0011879830611111,0.6740113156873504,0.0088716666666666,0.0665433333333333
Organic Milk,Organic Raspberries,0.001125,0.1281564457945699,3.006955555949553,0.0007508674333333,0.6733485969520964,0.0087783333333333,0.04262
Organic Baby Kale,Organic Baby Spinach,0.001265,0.2266348163630934,3.005567487077693,0.000844114425,0.6710295939516896,0.0055816666666666,0.075405
Organic Avocado + Broccoli Crown,Banana,0.0010783333333333,0.4413369713506139,3.0034160492062605,0.0007192977166666,0.6686796031451374,0.0024433333333333,0.146945
Jalapeno Peppers,Organic Yellow Onion,0.0014166666666666,0.1064096144216324,3.0023874278382072,0.0009448199444444,0.675930615078947,0.0133133333333333,0.0354416666666666
Organic Strawberries,Organic Raspberries,0.010545,0.1279189664584218,3.001383539615716,0.0070316203,0.7267281581443178,0.082435,0.04262
Organic Raspberries,Organic Strawberries,0.010545,0.2474190520882214,3.0013835396157154,0.0070316203,0.6965053818000072,0.04262,0.082435
Organic Baby Spinach + Organic Cucumber,Organic Strawberries,0.00123,0.24715338245144,2.9981607624363447,0.0008197484833333,0.6697955306627473,0.0049766666666666,0.082435
Organic Kiwi,Apple Honeycrisp Organic,0.0012083333333333,0.077639751552795,2.996516848814937,0.0008050873666666,0.6768126610481121,0.0155633333333333,0.02591
Organic Lemon,Organic Red Onion,0.0017183333333333,0.063333128570551,2.9958906608586107,0.0011447699,0.6847889116259656,0.0271316666666666,0.02114
Organic Red Onion,Organic Lemon,0.0017183333333333,0.0812835067801955,2.99589066085861,0.0011447699,0.680597273500501,0.02114,0.0271316666666666
Bunched Cilantro,Large Lemon,0.0020533333333333,0.1434392828035859,2.993723726247098,0.0013674539666666,0.6756396220994445,0.014315,0.0479133333333333
Organic Garlic + Limes,Organic Baby Spinach,0.00111,0.2256862080650627,2.99298730939676,0.000739133075,0.6691768881480279,0.0049183333333333,0.075405
Organic Whole Milk + Organic Raspberries,Bag of Organic Bananas,0.0012433333333333,0.3552380952380952,2.991310763506009,0.0008276849999999,0.6680365192382453,0.0035,0.1187566666666666
Banana + Organic Zucchini,Organic Baby Spinach,0.00137,0.225328947368421,2.9882494180547847,0.0009115375999999,0.6694260226263272,0.00608,0.075405
Banana + Large Lemon,Organic Garlic,0.0013,0.1014172409309582,2.9860803100684543,0.0008646466722222,0.6737491661814947,0.0128183333333333,0.0339633333333333
Organic Strawberries + Organic Avocado,Organic Baby Spinach,0.0016783333333333,0.2250279329608938,2.9842574492526204,0.0011159377083333,0.6699046392310207,0.0074583333333333,0.075405
Bag of Organic Bananas + Organic Avocado,Organic Baby Spinach,0.0016466666666666,0.2249544626593806,2.9832831066823244,0.0010947020666666,0.6697010375054712,0.00732,0.075405
Asparagus,Organic Zucchini,0.00206,0.097453283923362,2.9825029509827696,0.0013693049583333,0.679065456803062,0.0211383333333333,0.032675
Organic Zucchini,Asparagus,0.00206,0.0630451415455241,2.9825029509827696,0.0013693049583333,0.6871642362411873,0.032675,0.0211383333333333
Banana + Honeycrisp Apple,Organic Avocado,0.0014616666666666,0.1638027642883825,2.980399641346116,0.0009712402666666,0.67045724023627,0.0089233333333333,0.05496
Feta Cheese Crumbles,Organic Garlic,0.0010066666666666,0.1012064343163538,2.979873421818251,0.0006688447111111,0.6710903883341536,0.0099466666666666,0.0339633333333333
Red Peppers,Carrots,0.0011883333333333,0.0677434679334916,2.9786077062945195,0.0007893773611111,0.6761331769592916,0.0175416666666666,0.0227433333333333
Carrots,Red Peppers,0.0011883333333333,0.052249743514583,2.9786077062945195,0.0007893773611111,0.6797320466613658,0.0227433333333333,0.0175416666666666
Organic Whole Strawberries,Organic Baby Spinach,0.0021733333333333,0.2245952462969342,2.9785192798479443,0.0014436642833333,0.6707533637719817,0.0096766666666666,0.075405
Organic Strawberries + Apple Honeycrisp Organic,Bag of Organic Bananas,0.00171,0.3535492763611302,2.977089929220509,0.0011356135888888,0.6673291626869732,0.0048366666666666,0.1187566666666666
Bag of Organic Bananas + Organic Baby Spinach,Organic Raspberries,0.0020033333333333,0.1268066251714316,2.975284494871694,0.0013300083666666,0.6745545244162562,0.0157983333333333,0.04262
Bag of Organic Bananas + Organic Yellow Onion,Organic Baby Spinach,0.0017366666666666,0.2242789496340938,2.974324642054159,0.0011527806166666,0.6689692747327666,0.0077433333333333,0.075405
Organic Navel Orange,Organic Cucumber,0.00101,0.0757121439280359,2.972600860935845,0.0006702302,0.6725662917577916,0.01334,0.02547
Bag of Organic Bananas + Organic Baby Carrots,Organic Strawberries,0.0011916666666666,0.2450308430431802,2.9724127257012225,0.0007907577833333,0.666815913092304,0.0048633333333333,0.082435
Bag of Organic Bananas + Organic Baby Spinach,Organic Grape Tomatoes,0.001225,0.0775398248760417,2.97239298017027,0.0008128741444444,0.674222319096591,0.0157983333333333,0.0260866666666666
Organic Baby Spinach + Banana,Asparagus,0.00101,0.0627914205781784,2.970500066774979,0.0006699899083333,0.6742008658110594,0.016085,0.0211383333333333
Bag of Organic Bananas + Organic Lemon,Organic Strawberries,0.0017066666666666,0.244858919177427,2.9703271568802947,0.0011320947166666,0.6679926568652257,0.00697,0.082435
Organic Yellow Onion + Organic Hass Avocado,Bag of Organic Bananas,0.0022183333333333,0.351837166270156,2.96267296940654,0.00146957255,0.6666703210625035,0.006305,0.1187566666666666
Bag of Organic Bananas + Organic Hass Avocado,Organic Strawberries,0.0047316666666666,0.2442150537634408,2.962516573827147,0.0031344885416666,0.6755376885414865,0.019375,0.082435
Organic Strawberries,Bag of Organic Bananas + Organic Hass Avocado,0.0047316666666666,0.0573987586179009,2.962516573827147,0.0031344885416666,0.7219642704614878,0.082435,0.019375
Large Lemon,Organic Italian Parsley Bunch,0.0026683333333333,0.0556908306664811,2.9622782269404864,0.0017675626666666,0.6957580748166361,0.0479133333333333,0.0188
Organic Italian Parsley Bunch,Large Lemon,0.0026683333333333,0.1419326241134751,2.9622782269404864,0.0017675626666666,0.6751141319390425,0.0188,0.0479133333333333
Organic Garnet Sweet Potato (Yam),Organic Baby Spinach,0.00366,0.2232387923147301,2.9605303668819056,0.002423735025,0.6732607951629258,0.016395,0.075405
Shredded Parmesan,Organic Garlic,0.001155,0.1005221932114882,2.9597269568599938,0.0007647613,0.6698273114798997,0.01149,0.0339633333333333
Bunched Cilantro,Organic Avocado,0.0023283333333333,0.1626499010362091,2.959423235738885,0.0015415809333333,0.671711876194917,0.014315,0.05496
Banana + Organic Blueberries,Organic Strawberries,0.0014266666666666,0.243944143630664,2.959230225397756,0.0009445593083333,0.6659690907746029,0.0058483333333333,0.082435
Strawberries + Cucumber Kirby,Banana,0.0011833333333333,0.4342507645259938,2.9551925177855245,0.0007829082083333,0.6634203909879774,0.002725,0.146945
Organic Tomato Cluster + Organic Hass Avocado,Bag of Organic Bananas,0.0014633333333333,0.3507790651218537,2.953763144147869,0.0009679201055555,0.6642197225622121,0.0041716666666666,0.1187566666666666
Organic Cilantro + Organic Hass Avocado,Bag of Organic Bananas,0.001285,0.3504545454545454,2.951030500361064,0.0008495588888888,0.6635684062487659,0.0036666666666666,0.1187566666666666
No Salt Added Black Beans,Organic Baby Spinach,0.0019516666666666,0.222496674900247,2.950688613490445,0.0012902391416666,0.6669462894597072,0.0087716666666666,0.075405
Organic Kiwi,Organic Large Extra Fancy Fuji Apple,0.0010766666666666,0.0691796958663525,2.9500936403561853,0.0007117065,0.6714781472093971,0.0155633333333333,0.02345
Carrots,Organic Red Onion,0.0014183333333333,0.0623625970980507,2.949980941251217,0.0009375392666666,0.6763983113684904,0.0227433333333333,0.02114
Organic Red Onion,Carrots,0.0014183333333333,0.0670923998738568,2.949980941251216,0.0009375392666666,0.6752903981232588,0.02114,0.0227433333333333
Organic Baby Spinach + Organic Garlic,Organic Hass Avocado,0.0012733333333333,0.1963001027749229,2.949958965710408,0.0008416889111111,0.665327994783053,0.0064866666666666,0.0665433333333333
Banana + Honeycrisp Apple,Strawberries,0.0011733333333333,0.1314904744116548,2.9488780984896805,0.0007754419,0.6668384043157227,0.0089233333333333,0.04459
Organic Garnet Sweet Potato (Yam),Carrots,0.0010983333333333,0.0669919690962691,2.945565107559835,0.0007254563833333,0.6715160766379357,0.016395,0.0227433333333333
Bag of Organic Bananas + Large Lemon,Organic Avocado,0.0010066666666666,0.1618435155412647,2.9447510105761405,0.0006648154666666,0.6645461925494456,0.00622,0.05496
Organic Gala Apples,Organic Granny Smith Apple,0.0012083333333333,0.0537554682286646,2.9436233400747276,0.0007978415027777,0.6754659722684808,0.0224783333333333,0.0182616666666666
Organic Granny Smith Apple,Organic Gala Apples,0.0012083333333333,0.0661677466459797,2.943623340074727,0.0007978415027777,0.6725647767533159,0.0182616666666666,0.0224783333333333
Organic Strawberries + Organic Avocado,Large Lemon,0.0010516666666666,0.1410055865921787,2.942930010967972,0.0006943130555555,0.665163600336397,0.0074583333333333,0.0479133333333333
Organic Tomato Cluster + Organic Hass Avocado,Organic Strawberries,0.0010116666666666,0.2425089892129444,2.941820697676284,0.000667775325,0.6628396022165824,0.0041716666666666,0.082435
Organic Strawberries + Organic Raspberries,Bag of Organic Bananas,0.0036816666666666,0.349138612296507,2.9399495800643365,0.0024293776166666,0.666890472298381,0.010545,0.1187566666666666
Organic Strawberries + Organic Cucumber,Bag of Organic Bananas,0.001845,0.3491012298959319,2.939634798573542,0.0012173710166666,0.663327374424057,0.005285,0.1187566666666666
Organic Bell Pepper,Organic Hass Avocado,0.0014266666666666,0.1956124314442413,2.9396247775019986,0.0009413439555555,0.6646681761598079,0.0072933333333333,0.0665433333333333
Organic Baby Spinach + Organic Hass Avocado,Bag of Organic Bananas,0.0038216666666666,0.3490637844420765,2.939319486137563,0.0025214790944444,0.6670887064979464,0.0109483333333333,0.1187566666666666
Organic Zucchini,Organic Garlic,0.0032616666666666,0.0998214741137464,2.9390953218298113,0.00215191475,0.6820450715636224,0.032675,0.0339633333333333
Organic Garlic,Organic Zucchini,0.0032616666666666,0.096034939640789,2.9390953218298113,0.00215191475,0.6829546658169784,0.0339633333333333,0.032675
Organic Garlic,Large Lemon,0.0047783333333333,0.14069094121111,2.9363630418347717,0.0031510368222222,0.6826269418743669,0.0339633333333333,0.0479133333333333
Large Lemon,Organic Garlic,0.0047783333333333,0.0997286767775149,2.9363630418347717,0.0031510368222222,0.6926288105829026,0.0479133333333333,0.0339633333333333
Banana + Organic Grape Tomatoes,Organic Baby Spinach,0.0012916666666666,0.2212389380530973,2.9340088595331526,0.0008514271416666,0.663040451167399,0.0058383333333333,0.075405
Bag of Organic Bananas + Organic Large Extra Fancy Fuji Apple,Organic Strawberries,0.0017816666666666,0.2418004976249717,2.933226149390086,0.0011742581083333,0.6639708100763808,0.0073683333333333,0.082435
Yellow Onions,Limes,0.0029983333333333,0.1291179214813751,2.933053908636849,0.0019760768638888,0.6747267102935723,0.0232216666666666,0.0440216666666666
Limes,Yellow Onions,0.0029983333333333,0.0681104001817286,2.933053908636849,0.0019760768638888,0.6894072894288452,0.0440216666666666,0.0232216666666666
Organic Roasted Turkey Breast,Organic Raspberries,0.0011083333333333,0.1249295510050723,2.9312423980542546,0.0007302229,0.6647451265039424,0.0088716666666666,0.04262
Organic Romaine Lettuce,Organic Yellow Onion,0.0011483333333333,0.1038432554634513,2.9299766413388584,0.0007564075694444,0.6660659298238477,0.0110583333333333,0.0354416666666666
Organic Zucchini,Organic Tomato Cluster,0.0019233333333333,0.0588625350675848,2.929942014314823,0.0012668925833333,0.6809462353993874,0.032675,0.02009
Organic Tomato Cluster,Organic Zucchini,0.0019233333333333,0.0957358553177368,2.9299420143148227,0.0012668925833333,0.6722008318699803,0.02009,0.032675
Clementines,Strawberries,0.0012466666666666,0.1305182341650671,2.927074101033128,0.00082075785,0.6647110097595931,0.0095516666666666,0.04459
Organic Yellow Peaches,Organic Hass Avocado,0.00128,0.1947261663286004,2.926306161327463,0.0008425884888888,0.6626279312122799,0.0065733333333333,0.0665433333333333
Organic Fuji Apple + Large Lemon,Banana,0.0011016666666666,0.429778933680104,2.9247605136622825,0.00072499765,0.6597829076652163,0.0025633333333333,0.146945
Organic Black Beans,Organic Garlic,0.0011816666666666,0.0993136293598543,2.9241425859217096,0.0007775596055555,0.6659430244031757,0.0118983333333333,0.0339633333333333
Organic Garnet Sweet Potato (Yam),Organic Hass Avocado,0.0031866666666666,0.1943682016875063,2.9209267397811907,0.0020956887166666,0.668604676389064,0.016395,0.0665433333333333
Yellow Onions,Organic Italian Parsley Bunch,0.001275,0.0549056197516686,2.9205116889185474,0.0008384326666666,0.6732277180247443,0.0232216666666666,0.0188
Organic Italian Parsley Bunch,Yellow Onions,0.001275,0.0678191489361702,2.9205116889185474,0.0008384326666666,0.6701938935650358,0.0188,0.0232216666666666
Banana + Honeycrisp Apple,Large Lemon,0.0012483333333333,0.1398954053044452,2.919759398311784,0.0008207866888888,0.6634259971265533,0.0089233333333333,0.0479133333333333
Limes + Organic Cilantro,Organic Hass Avocado,0.0010766666666666,0.1942857142857142,2.919687135486364,0.0007079056944444,0.6611614855855612,0.0055416666666666,0.0665433333333333
Red Peppers,Organic Red Onion,0.0010816666666666,0.0616627078384798,2.9168735969006536,0.0007108358333333,0.6689008154144109,0.0175416666666666,0.02114
Organic Red Onion,Red Peppers,0.0010816666666666,0.0511668243456322,2.916873596900653,0.0007108358333333,0.6713597248609096,0.02114,0.0175416666666666
Yellow Bell Pepper,Organic Avocado,0.001275,0.1603101424979044,2.9168512099327586,0.0008378848,0.6624331002771455,0.0079533333333333,0.05496
Organic Red Bell Pepper,Organic Hass Avocado,0.0035166666666666,0.1940408313408129,2.916007083216144,0.0023106796555555,0.6691933184724298,0.0181233333333333,0.0665433333333333
Organic Hass Avocado,Organic Red Bell Pepper,0.0035166666666666,0.0528477683714872,2.916007083216144,0.0023106796555555,0.7039055248741927,0.0665433333333333,0.0181233333333333
Apple Honeycrisp Organic,Organic Raspberries,0.0032166666666666,0.124147690724302,2.9128974829728316,0.0021123824666666,0.6741668761975106,0.02591,0.04262
Organic Raspberries,Apple Honeycrisp Organic,0.0032166666666666,0.075473173783826,2.9128974829728316,0.0021123824666666,0.6859337070288006,0.04262,0.02591
Small Hass Avocado,Yellow Onions,0.0010516666666666,0.0675950723085163,2.9108622253003515,0.0006903762361111,0.6668340042689802,0.0155583333333333,0.0232216666666666
Original Hummus,Organic Strawberries + Banana,0.001125,0.0506566604127579,2.9096301213531293,0.0007383529166666,0.6712203898618865,0.0222083333333333,0.01741
Organic Strawberries + Banana,Original Hummus,0.001125,0.0646180356117174,2.9096301213531293,0.0007383529166666,0.6679425840927588,0.01741,0.0222083333333333
Organic Hothouse Cucumbers,Organic Hass Avocado,0.00145,0.1934192974655402,2.9066667955548797,0.0009511468111111,0.6609179999472675,0.0074966666666666,0.0665433333333333
Organic Yellow Onion + Organic Garlic,Organic Baby Spinach,0.0014866666666666,0.2191646191646191,2.9064998231499124,0.0009751694166666,0.66042342605171,0.0067833333333333,0.075405
Organic Strawberries + Organic Baby Spinach,Organic Zucchini,0.0011416666666666,0.0949674199362262,2.9064244815983553,0.0007488587083333,0.6639160120277567,0.0120216666666666,0.032675
Bag of Organic Bananas + Organic Baby Spinach,Organic Gala Apples,0.0010316666666666,0.065302247072476,2.90511961470198,0.0006765464638888,0.6663066284565848,0.0157983333333333,0.0224783333333333
Organic Baby Arugula,Organic Red Onion,0.0013733333333333,0.061405469856174,2.9047052912097486,0.0009005372333333,0.6707319144114431,0.022365,0.02114
Organic Red Onion,Organic Baby Arugula,0.0013733333333333,0.064963733837906,2.904705291209748,0.0009005372333333,0.6698925230836188,0.02114,0.022365
Organic Bartlett Pear,Organic Raspberries,0.001445,0.1236451796919566,2.901106984794854,0.0009469142666666,0.6630528686308456,0.0116866666666666,0.04262
Organic Navel Orange,Organic Raspberries,0.0016466666666666,0.1234382808595702,2.8962524838003336,0.0010781158666666,0.6635783702773131,0.01334,0.04262
Fresh Cauliflower,Organic Cucumber,0.0016466666666666,0.0737423496044185,2.895263039042739,0.0010779215666666,0.6695595025585286,0.02233,0.02547
Organic Cucumber,Fresh Cauliflower,0.0016466666666666,0.0646512236618243,2.895263039042739,0.0010779215666666,0.6717168674811415,0.02547,0.02233
Organic Avocado,Large Lemon,0.0076233333333333,0.1387069383794274,2.894954884780036,0.0049900165333333,0.6926389079257282,0.05496,0.0479133333333333
Large Lemon,Organic Avocado,0.0076233333333333,0.1591067204675108,2.894954884780036,0.0049900165333333,0.6875124885824088,0.0479133333333333,0.05496
Organic Small Bunch Celery,Organic Tomato Cluster,0.001225,0.058134936328403,2.8937250536785997,0.0008016702166666,0.6685113142432967,0.0210716666666666,0.02009
Organic Tomato Cluster,Organic Small Bunch Celery,0.001225,0.0609756097560975,2.8937250536785997,0.0008016702166666,0.6678416045010936,0.02009,0.0210716666666666
Organic Baby Spinach + Limes,Organic Hass Avocado,0.0012416666666666,0.1925064599483204,2.892948854605827,0.0008124621666666,0.6585797859279601,0.00645,0.0665433333333333
Organic Bosc Pear,Organic Hass Avocado,0.0012733333333333,0.1924433249370277,2.8920000741926724,0.0008330382777777,0.6585761214275293,0.0066166666666666,0.0665433333333333
Bag of Organic Bananas + Organic Baby Spinach,Apple Honeycrisp Organic,0.0011833333333333,0.0749024158666526,2.8908690029584174,0.0007739985166666,0.6645825501763292,0.0157983333333333,0.02591
Organic Whole String Cheese,Apple Honeycrisp Organic,0.0013883333333333,0.0748966013306959,2.890644590146504,0.0009080483,0.6664094076118555,0.0185366666666666,0.02591
Apple Honeycrisp Organic,Organic Whole String Cheese,0.0013883333333333,0.053582915219349,2.890644590146504,0.0009080483,0.6714537656268146,0.02591,0.0185366666666666
Organic Kiwi,Organic Zucchini,0.0014666666666666,0.0942385949882201,2.884119203924106,0.00095813475,0.6636015452307595,0.0155633333333333,0.032675
Fresh Cauliflower,Red Peppers,0.0011283333333333,0.0505299298402746,2.880566071654613,0.0007366279166666,0.6677570262121564,0.02233,0.0175416666666666
Red Peppers,Fresh Cauliflower,0.0011283333333333,0.0643230403800475,2.880566071654613,0.0007366279166666,0.6645024930490749,0.0175416666666666,0.02233
Organic Cilantro,Organic Zucchini,0.0020566666666666,0.0941122635753508,2.880252902076536,0.001342609,0.6673930281098973,0.0218533333333333,0.032675
Organic Zucchini,Organic Cilantro,0.0020566666666666,0.0629431267533792,2.880252902076536,0.001342609,0.674859293207835,0.032675,0.0218533333333333
Organic Hass Avocado + Organic Lemon,Organic Strawberries,0.0015516666666666,0.2373788883222845,2.8795886252475835,0.00101281655,0.6570229137862275,0.0065366666666666,0.082435
Strawberries + Large Lemon,Banana,0.00154,0.4230769230769231,2.8791515402152035,0.0010051202,0.6550598724812864,0.00364,0.146945
Organic Avocado,Cucumber Kirby,0.0046883333333333,0.0853044638524987,2.878018348599824,0.0030593189333333,0.6904879146892975,0.05496,0.02964
Cucumber Kirby,Organic Avocado,0.0046883333333333,0.1581758884390463,2.878018348599824,0.0030593189333333,0.6724707313759571,0.02964,0.05496
Bag of Organic Bananas + Organic Baby Spinach,Organic Garlic,0.0015433333333333,0.097689629707775,2.8763263237150385,0.0010067692722222,0.6628055242633549,0.0157983333333333,0.0339633333333333
Cantaloupe,Organic Strawberries,0.00176,0.2370902559497081,2.876087292408663,0.0011480575166666,0.6571839023655298,0.0074233333333333,0.082435
Organic D'Anjou Pears,Organic Zucchini,0.001395,0.0939604849573417,2.875607802826066,0.0009098851666666,0.6620770688511467,0.0148466666666666,0.032675
Organic Grape Tomatoes + Organic Hass Avocado,Bag of Organic Bananas,0.0014016666666666,0.3414535119772635,2.8752365788076193,0.00091417055,0.6548908596781465,0.004105,0.1187566666666666
Organic Large Green Asparagus,Organic Strawberries,0.0014033333333333,0.2369828314100759,2.8747841500585425,0.0009151807416666,0.6560326033113896,0.0059216666666666,0.082435
Organic Baby Spinach + Organic Lemon,Bag of Organic Bananas,0.00147,0.3413312693498452,2.8742072249965913,0.0009585546222222,0.6548984034249147,0.0043066666666666,0.1187566666666666
Organic Avocado,Limes,0.0069533333333333,0.1265162542455118,2.8739542099461297,0.0045339025333333,0.6899679846349623,0.05496,0.0440216666666666
Limes,Organic Avocado,0.0069533333333333,0.1579525233786393,2.8739542099461297,0.0045339025333333,0.6820733498486801,0.0440216666666666,0.05496
Organic Granny Smith Apple,Organic Lemon,0.0014233333333333,0.077941042256092,2.872696440423564,0.0009278638805555,0.6640211305949477,0.0182616666666666,0.0271316666666666
Organic Lemon,Organic Granny Smith Apple,0.0014233333333333,0.0524602248295349,2.872696440423564,0.0009278638805555,0.6700752565507149,0.0271316666666666,0.0182616666666666
Organic Baby Spinach + Organic Whole Milk,Organic Strawberries,0.0013333333333333,0.2367564368156259,2.8720378093725474,0.0008690868916666,0.6555067643445337,0.0056316666666666,0.082435
Organic Romaine,Organic Avocado,0.0011683333333333,0.1578117964880684,2.871393677002701,0.0007614461333333,0.6565980757618316,0.0074033333333333,0.05496
Bag of Organic Bananas + Organic Avocado,Large Lemon,0.0010066666666666,0.1375227686703096,2.87024005851488,0.0006559410666666,0.6564019483546714,0.00732,0.0479133333333333
Bag of Organic Bananas + Organic Raspberries,Organic Zucchini,0.001195,0.0937745226262097,2.869916530258907,0.0007786115833333,0.6599680025668242,0.0127433333333333,0.032675
Organic Strawberries + Organic Zucchini,Bag of Organic Bananas,0.0016766666666666,0.3402096719648292,2.864762724603497,0.0010913942277777,0.6541548440841628,0.0049283333333333,0.1187566666666666
Honeycrisp Apple + Organic Avocado,Banana,0.0014616666666666,0.4208253358925144,2.8638288876281224,0.0009512777,0.6530855102400788,0.0034733333333333,0.146945
Organic Red Onion,Bag of Organic Bananas + Organic Hass Avocado,0.0011716666666666,0.0554241564175338,2.860601621550136,0.0007620791666666,0.6644700839182711,0.02114,0.019375
Bag of Organic Bananas + Organic Hass Avocado,Organic Red Onion,0.0011716666666666,0.0604731182795698,2.860601621550136,0.0007620791666666,0.6632741224670378,0.019375,0.02114
Organic Beef Hot Dogs,Organic Strawberries,0.0012216666666666,0.2357671276937922,2.860036728256107,0.000794515975,0.6537416116360448,0.0051816666666666,0.082435
Banana + Organic Avocado,Organic Grape Tomatoes,0.0012283333333333,0.0745724982292826,2.8586441948357755,0.0007986424555555,0.6610727878816406,0.0164716666666666,0.0260866666666666
Green Beans,Large Lemon,0.00123,0.1369456299870105,2.858194587178459,0.0007996584111111,0.6560209510297272,0.0089816666666666,0.0479133333333333
Organic Kiwi,Organic Hass Avocado,0.00296,0.1901906189762261,2.8581468563275987,0.0019243639222222,0.6604009873972222,0.0155633333333333,0.0665433333333333
Large Yellow Flesh Nectarine,Organic Strawberries,0.0010966666666666,0.2355889724310776,2.857875567793749,0.0007129317416666,0.6531300544459994,0.004655,0.082435
Limes,Red Peppers,0.0022066666666666,0.0501268314844962,2.857586592940405,0.0014344532638888,0.6799885797910628,0.0440216666666666,0.0175416666666666
Red Peppers,Limes,0.0022066666666666,0.1257957244655582,2.857586592940405,0.0014344532638888,0.6616609856509883,0.0175416666666666,0.0440216666666666
Banana + Asparagus,Organic Baby Spinach,0.00101,0.2153518123667377,2.8559354468103937,0.00065635055,0.6529141972882523,0.00469,0.075405
Organic Italian Parsley Bunch,Organic Tomato Cluster,0.0010783333333333,0.0573581560283687,2.85506003127769,0.0007006413333333,0.6621939132664731,0.0188,0.02009
Organic Tomato Cluster,Organic Italian Parsley Bunch,0.0010783333333333,0.0536751285880205,2.8550600312776897,0.0007006413333333,0.6630656567409898,0.02009,0.0188
Organic Strawberries,Organic Blueberries,0.0073133333333333,0.0887163623865267,2.854451814238313,0.0047512535333333,0.7080370725377287,0.082435,0.03108
Organic Blueberries,Organic Strawberries,0.0073133333333333,0.2353067353067353,2.854451814238313,0.0047512535333333,0.6705094708160437,0.03108,0.082435
Organic Baby Broccoli,Organic Hass Avocado,0.001885,0.1899244332493702,2.8541466700802025,0.0012245574166666,0.656144819115754,0.009925,0.0665433333333333
Bag of Organic Bananas + Organic Zucchini,Organic Strawberries,0.0016766666666666,0.235266604303087,2.853964994275332,0.0010891798999999,0.6542730643687544,0.0071266666666666,0.082435
Carrots + Banana,Organic Baby Spinach,0.0010333333333333,0.2150537634408602,2.851982805395666,0.0006710123083333,0.6525020222167515,0.004805,0.075405
Red Vine Tomato,Organic Red Onion,0.00102,0.0602421498178954,2.849675961111422,0.0006620645666666,0.6602622488061007,0.0169316666666666,0.02114
Organic Italian Parsley Bunch,Limes,0.0023583333333333,0.1254432624113475,2.8495800343319013,0.001530726,0.6615074351878928,0.0188,0.0440216666666666
Limes,Organic Italian Parsley Bunch,0.0023583333333333,0.0535721046454397,2.8495800343319013,0.001530726,0.6789600483341084,0.0440216666666666,0.0188
Organic Granny Smith Apple,Michigan Organic Kale,0.0010916666666666,0.0597791366249885,2.8493392099613244,0.0007085368999999,0.6611144875139885,0.0182616666666666,0.02098
Michigan Organic Kale,Organic Granny Smith Apple,0.0010916666666666,0.052033682872577,2.8493392099613244,0.0007085368999999,0.6629501288170863,0.02098,0.0182616666666666
Bag of Organic Bananas + Organic Baby Spinach,Fresh Cauliflower,0.001005,0.0636143053064669,2.8488269281892937,0.0006522232166666,0.6593956777572274,0.0157983333333333,0.02233
Organic Strawberries + Organic Grape Tomatoes,Organic Baby Spinach,0.00105,0.2146507666098807,2.8466383742441583,0.0006811438749999,0.6518973167554142,0.0048916666666666,0.075405
Apple Honeycrisp Organic,Organic Red Bell Pepper,0.0013366666666666,0.0515888331403576,2.8465422001300884,0.0008670910999999,0.6659513838979428,0.02591,0.0181233333333333
Organic Red Bell Pepper,Apple Honeycrisp Organic,0.0013366666666666,0.0737539084053705,2.8465422001300884,0.0008670910999999,0.6606701285033902,0.0181233333333333,0.02591
Organic Navel Orange,Organic Hass Avocado,0.0025266666666666,0.1894052973513243,2.8463451988878075,0.0016389786,0.6574425527834185,0.01334,0.0665433333333333
Bag of Organic Bananas + Apple Honeycrisp Organic,Organic Strawberries,0.00171,0.2346215412760119,2.846139883253617,0.0011091862416666,0.6534091889232023,0.0072883333333333,0.082435
Apple Honeycrisp Organic,Organic Hass Avocado,0.004905,0.189309147047472,2.844900271213826,0.0031808622333333,0.6657432366883511,0.02591,0.0665433333333333
Organic Hass Avocado,Apple Honeycrisp Organic,0.004905,0.0737113660271502,2.844900271213826,0.0031808622333333,0.6947230145578149,0.0665433333333333,0.02591
Red Vine Tomato,Limes,0.00212,0.1252091741313121,2.844262464649501,0.0013746398138888,0.6595828433947751,0.0169316666666666,0.0440216666666666
Fresh Cauliflower + Organic Hass Avocado,Bag of Organic Bananas,0.001145,0.3377581120943953,2.8441191688415697,0.0007424148999999,0.650602836191107,0.00339,0.1187566666666666
Banana + Yellow Onions,Organic Avocado,0.00106,0.1563037601376259,2.843954878777765,0.0006872795999999,0.6528040808067466,0.0067816666666666,0.05496
Strawberries + Organic Avocado,Banana,0.00165,0.4178978471929084,2.84390654457728,0.0010698121583333,0.650941137642296,0.0039483333333333,0.146945
Jalapeno Peppers,Organic Avocado,0.00208,0.1562343515272909,2.842691985576618,0.0013482992,0.6569671924529595,0.0133133333333333,0.05496
Organic Navel Orange,Bag of Organic Bananas,0.0044983333333333,0.3372063968015992,2.8394734061380347,0.0029141194,0.6565808109900786,0.01334,0.1187566666666666
Ground Turkey Breast,Organic Avocado,0.001295,0.1560240963855421,2.838866382560811,0.0008388319999999,0.6531680126517274,0.0083,0.05496
Large Lemon,Organic Red Onion,0.0028733333333333,0.0599693891748991,2.8367733762960796,0.0018604454666666,0.6800713044460669,0.0479133333333333,0.02114
Organic Red Onion,Large Lemon,0.0028733333333333,0.1359192683695995,2.8367733762960796,0.0018604454666666,0.6614703035630302,0.02114,0.0479133333333333
Red Peppers,Asparagus,0.0010516666666666,0.0599524940617577,2.836197779472887,0.0006808650694444,0.658974796195465,0.0175416666666666,0.0211383333333333
Organic D'Anjou Pears,Organic Hass Avocado,0.0028016666666666,0.1887067804220925,2.8358480251779667,0.0018137199777777,0.6571279542609876,0.0148466666666666,0.0665433333333333
Organic Sour Cream,Limes,0.001025,0.1247970779220779,2.8349012514007024,0.0006634353777777,0.6526141647736116,0.0082133333333333,0.0440216666666666
Carrots,Organic Cilantro,0.0014083333333333,0.0619229078118129,2.8335680816875985,0.0009113156888888,0.6621475045276787,0.0227433333333333,0.0218533333333333
Organic Cilantro,Carrots,0.0014083333333333,0.0644447834045149,2.8335680816875985,0.0009113156888888,0.6615450271087882,0.0218533333333333,0.0227433333333333
Organic Avocado + Cucumber Kirby,Banana,0.0019516666666666,0.4162815499466761,2.832907209817797,0.001262739525,0.6500534014454734,0.0046883333333333,0.146945
Organic Baby Spinach + Organic Zucchini,Organic Hass Avocado,0.0011883333333333,0.1884249471458773,2.8316126906658927,0.0007686667111111,0.6509496798236719,0.0063066666666666,0.0665433333333333
Organic Baby Spinach + Banana,Organic Garlic,0.0015466666666666,0.0961558387731841,2.8311661234620904,0.00100036645,0.6573623260314575,0.016085,0.0339633333333333
Organic Baby Spinach + Organic Hass Avocado,Organic Strawberries,0.002555,0.2333688537068047,2.8309438188488474,0.0016524741416666,0.6539202534113531,0.0109483333333333,0.082435
Bag of Organic Bananas + Organic Gala Apples,Organic Strawberries,0.0013683333333333,0.2333049161693662,2.8301682073071666,0.0008848520583333,0.6504791711794057,0.005865,0.082435
Organic Hass Avocado + Organic Red Onion,Bag of Organic Bananas,0.0011716666666666,0.3358815097945532,2.8283170892403504,0.0007574038277777,0.6486957213413264,0.0034883333333333,0.1187566666666666
Organic Hass Avocado + Apple Honeycrisp Organic,Organic Strawberries,0.0011433333333333,0.2330954808019028,2.827627595097991,0.0007389896583333,0.6495325973316026,0.004905,0.082435
Organic Baby Spinach + Banana,Carrots,0.0010333333333333,0.0642420474562221,2.82465399924764,0.0006675068166666,0.6565346993487012,0.016085,0.0227433333333333
Original Hummus + Organic Hass Avocado,Bag of Organic Bananas,0.0010683333333333,0.3354264782836211,2.824485460046772,0.0006900933499999,0.6480171483460312,0.003185,0.1187566666666666
Organic Strawberries + Cucumber Kirby,Banana,0.0014533333333333,0.4150404569252737,2.824461240091692,0.000938780925,0.6482200282177695,0.0035016666666666,0.146945
Organic Strawberries + Organic Yellow Onion,Organic Baby Spinach,0.0011283333333333,0.2129600503302925,2.824216568268583,0.0007288125083333,0.649360031067808,0.0052983333333333,0.075405
Organic Garnet Sweet Potato (Yam),Organic Cilantro,0.0010116666666666,0.0617058046152282,2.8236335241867705,0.0006533812666666,0.6566115382620635,0.016395,0.0218533333333333
Organic Yellow Onion + Organic Lemon,Bag of Organic Bananas,0.0010933333333333,0.3352069494123658,2.82263689964661,0.0007059886722222,0.6478343663028063,0.0032616666666666,0.1187566666666666
Organic Granny Smith Apple,Organic Large Extra Fancy Fuji Apple,0.0012083333333333,0.0661677466459797,2.8216523089970043,0.00078009725,0.6576067188350573,0.0182616666666666,0.02345
Organic Large Extra Fancy Fuji Apple,Organic Granny Smith Apple,0.0012083333333333,0.0515280739161336,2.8216523089970043,0.00078009725,0.6611005316040459,0.02345,0.0182616666666666
Organic Yellow Onion + Banana,Organic Baby Spinach,0.0011016666666666,0.2127454135822336,2.8213701158044384,0.0007111944416666,0.6489226144584567,0.0051783333333333,0.075405
Bag of Organic Bananas + Fresh Cauliflower,Organic Strawberries,0.0010233333333333,0.2325757575757575,2.821322952335265,0.0006606193333333,0.6484093529444868,0.0044,0.082435
Bunched Cilantro,Cucumber Kirby,0.0011966666666666,0.0835952963092327,2.8203541264923326,0.0007723700666666,0.6548081751272248,0.014315,0.02964
Organic Whole String Cheese,Organic Large Extra Fancy Fuji Apple,0.001225,0.0660852364682611,2.818133751311774,0.0007903151666666,0.6573401330277967,0.0185366666666666,0.02345
Organic Large Extra Fancy Fuji Apple,Organic Whole String Cheese,0.001225,0.0522388059701492,2.818133751311774,0.0007903151666666,0.6606474200965011,0.02345,0.0185366666666666
Organic Strawberries + Banana,Cucumber Kirby,0.0014533333333333,0.083476928968026,2.816360626451621,0.0009373009333333,0.6563590458506452,0.01741,0.02964
Organic Garlic,Organic Tomato Cluster,0.0019216666666666,0.0565806261654725,2.8163576986297945,0.0012393433,0.6676055764704003,0.0339633333333333,0.02009
Organic Tomato Cluster,Organic Garlic,0.0019216666666666,0.0956528953044632,2.8163576986297945,0.0012393433,0.6581537750829606,0.02009,0.0339633333333333
Organic Whole String Cheese,Organic Baby Carrots,0.0012283333333333,0.0662650602409638,2.815795760947472,0.0007921037777777,0.657039936347365,0.0185366666666666,0.0235333333333333
Organic Baby Carrots,Organic Whole String Cheese,0.0012283333333333,0.0521954674220963,2.815795760947472,0.0007921037777777,0.6604020680623397,0.0235333333333333,0.0185366666666666
Organic Small Bunch Celery,Organic Large Extra Fancy Fuji Apple,0.0013883333333333,0.0658862611721901,2.809648664059282,0.00089420275,0.6579476673764455,0.0210716666666666,0.02345
Organic Large Extra Fancy Fuji Apple,Organic Small Bunch Celery,0.0013883333333333,0.0592039800995024,2.8096486640592815,0.00089420275,0.659550062408866,0.02345,0.0210716666666666
Honeycrisp Apple + Large Lemon,Banana,0.0012483333333333,0.4126721763085399,2.808344457508183,0.0008038247083333,0.645872087497256,0.003025,0.146945
Organic Lemon,Organic Cilantro,0.001665,0.0613674058603108,2.808148529300374,0.0010720826444444,0.6618505897305188,0.0271316666666666,0.0218533333333333
Organic Cilantro,Organic Lemon,0.001665,0.0761897498474679,2.808148529300374,0.0010720826444444,0.6582790721365714,0.0218533333333333,0.0271316666666666
Organic Shredded Carrots,Organic Baby Spinach,0.0013466666666666,0.2116845690332722,2.807301492384752,0.0008669651916666,0.6479078069141606,0.0063616666666666,0.075405
Organic Strawberries + Banana,Organic Avocado,0.002685,0.1542217116599655,2.8060719006543953,0.0017281464,0.6550340875991799,0.01741,0.05496
Organic Zucchini,Organic Grape Tomatoes,0.0023916666666666,0.0731956133639377,2.8058630218734133,0.0015392848333333,0.6653435139525457,0.032675,0.0260866666666666
Organic Grape Tomatoes,Organic Zucchini,0.0023916666666666,0.0916815742397137,2.805863021873413,0.0015392848333333,0.6608425951325029,0.0260866666666666,0.032675
Apple Honeycrisp Organic,Organic Cucumber,0.0018516666666666,0.0714653287019169,2.8058629250850764,0.0011917389666666,0.6607227282286381,0.02591,0.02547
Organic Cucumber,Apple Honeycrisp Organic,0.0018516666666666,0.0726999083889543,2.805862925085076,0.0011917389666666,0.6604244121168502,0.02547,0.02591
Organic Whole String Cheese + Banana,Organic Strawberries,0.001025,0.231203007518797,2.8046704375422697,0.0006595381666666,0.646317209547694,0.0044333333333333,0.082435
Bag of Organic Bananas + Organic Whole Milk,Organic Strawberries,0.0021283333333333,0.2311730629978276,2.8043071874546937,0.0013693817666666,0.649384350452856,0.0092066666666666,0.082435
Organic Basil,Limes,0.0010583333333333,0.1233728385467262,2.8025481061611996,0.0006807008027777,0.6487470291575114,0.0085783333333333,0.0440216666666666
Organic Raspberries + Organic Blueberries,Bag of Organic Bananas,0.0013616666666666,0.3326547231270358,2.801145674295078,0.0008755560444444,0.6456460595513768,0.0040933333333333,0.1187566666666666
Organic Strawberries + Organic Baby Spinach,Organic Garlic,0.0011433333333333,0.0951060585054762,2.8002568997588453,0.0007350374611111,0.6507125571350486,0.0120216666666666,0.0339633333333333
Organic Strawberries + Organic Kiwi,Bag of Organic Bananas,0.00132,0.3323541754091481,2.798614888223663,0.0008483381055555,0.645243073403166,0.0039716666666666,0.1187566666666666
Banana + Organic Avocado,Organic Fuji Apple,0.0012716666666666,0.0772032783567742,2.7985721975631077,0.0008172682888888,0.6534381476400516,0.0164716666666666,0.0275866666666666
Michigan Organic Kale,Organic Baby Spinach,0.0044266666666666,0.2109945980298697,2.7981512900983985,0.0028446697666666,0.6563922925261135,0.02098,0.075405
Organic Baby Spinach,Michigan Organic Kale,0.0044266666666666,0.0587052140662643,2.7981512900983985,0.0028446697666666,0.6950299128038931,0.075405,0.02098
Organic Raspberries,Organic Hass Avocado,0.0079333333333333,0.1861410918191772,2.797291366315342,0.0050972564666666,0.6711142068225063,0.04262,0.0665433333333333
Organic Hass Avocado,Organic Raspberries,0.0079333333333333,0.1192205580323598,2.797291366315342,0.0050972564666666,0.6883140292115661,0.0665433333333333,0.04262
Bag of Organic Bananas + Organic Lemon,Organic Baby Spinach,0.00147,0.2109038737446198,2.7969481300261227,0.00094442715,0.6469768778179832,0.00697,0.075405
Organic Bartlett Pear,Organic Hass Avocado,0.0021733333333333,0.1859669138619509,2.7946738545602012,0.0013956635777777,0.6497701398772344,0.0116866666666666,0.0665433333333333
"Organic Red Radish, Bunch",Organic Hass Avocado,0.0015633333333333,0.1859266600594648,2.79406892840953,0.0010038148055555,0.6475437867503516,0.0084083333333333,0.0665433333333333
Organic Ginger Root,Organic Zucchini,0.0014816666666666,0.0912637306231393,2.7930751529652427,0.0009511880416666,0.6525660921711912,0.016235,0.032675
Feta Cheese Crumbles,Large Lemon,0.00133,0.1337131367292225,2.790729165073518,0.0008534220444444,0.6481173170219161,0.0099466666666666,0.0479133333333333
Feta Cheese Crumbles,Organic Avocado,0.001525,0.1533176943699732,2.7896232600067905,0.0009783312,0.6479738354880258,0.0099466666666666,0.05496
Organic Zucchini,Michigan Organic Kale,0.0019116666666666,0.0585054832950777,2.7886312342744417,0.0012261451666666,0.6630668424691349,0.032675,0.02098
Michigan Organic Kale,Organic Zucchini,0.0019116666666666,0.0911185255799173,2.7886312342744417,0.0012261451666666,0.6551460985387999,0.02098,0.032675
Cucumber Kirby,Organic Grape Tomatoes,0.002155,0.0727058029689608,2.787086748107367,0.0013817912,0.6607881744847679,0.02964,0.0260866666666666
Organic Grape Tomatoes,Cucumber Kirby,0.002155,0.0826092512139023,2.787086748107367,0.0013817912,0.658377281681162,0.0260866666666666,0.02964
Organic Roma Tomato,Limes,0.0011033333333333,0.1225018504811251,2.7827626656826205,0.0007068448555555,0.6464674005771905,0.0090066666666666,0.0440216666666666
Red Vine Tomato,Organic Avocado,0.0025833333333333,0.1525740722512058,2.7760930176711396,0.0016527689333333,0.6508006624639303,0.0169316666666666,0.05496
Green Onions,Large Lemon,0.001135,0.1329558766106989,2.774924376179886,0.0007259798444444,0.6451371396089116,0.0085366666666666,0.0479133333333333
Organic Jalapeno Pepper,Organic Hass Avocado,0.0011383333333333,0.1846444985131116,2.774800859286355,0.0007280936833333,0.6435814571356572,0.006165,0.0665433333333333
Bag of Organic Bananas + Organic Hass Avocado,Organic Grape Tomatoes,0.0014016666666666,0.0723440860215053,2.773220777721903,0.0008962375,0.6520417512612455,0.019375,0.0260866666666666
Organic Grape Tomatoes,Bag of Organic Bananas + Organic Hass Avocado,0.0014016666666666,0.0537311525683618,2.773220777721903,0.0008962375,0.6565352587813005,0.0260866666666666,0.019375
Boneless Skinless Chicken Breasts,Organic Avocado,0.0023583333333333,0.1523471145564169,2.7719635108518355,0.0015075525333333,0.6492959924220575,0.01548,0.05496
Bag of Organic Bananas + Large Lemon,Organic Baby Spinach,0.0013,0.2090032154340836,2.7717421316104183,0.0008309808999999,0.643216885953709,0.00622,0.075405
Grated Parmesan,Organic Yellow Onion,0.0014066666666666,0.0982194809728849,2.7712997217837265,0.0008990829305555,0.6484452988594306,0.0143216666666666,0.0354416666666666
Banana + Organic Avocado,Yellow Onions,0.00106,0.0643529292724881,2.7712450702284404,0.0006775004472222,0.6498555696283786,0.0164716666666666,0.0232216666666666
Large Lemon,Asparagus,0.002805,0.0585432030054264,2.7695278564421577,0.0017921919888888,0.6710813706794877,0.0479133333333333,0.0211383333333333
Asparagus,Large Lemon,0.002805,0.1326973113616652,2.7695278564421573,0.0017921919888888,0.6527251470047669,0.0211383333333333,0.0479133333333333
Organic Tomato Cluster,Organic Red Bell Pepper,0.0010083333333333,0.0501908080305292,2.7694026869889248,0.0006442355666666,0.6520101905125206,0.02009,0.0181233333333333
Organic Red Bell Pepper,Organic Tomato Cluster,0.0010083333333333,0.0556372999816075,2.7694026869889248,0.0006442355666666,0.6507042355473608,0.0181233333333333,0.02009
Organic Black Beans,Organic Zucchini,0.0010766666666666,0.0904888639865527,2.769360795303833,0.000687888625,0.6465992976295464,0.0118983333333333,0.032675
Organic Garnet Sweet Potato (Yam),Organic Lemon,0.0012316666666666,0.0751245298363322,2.768887394913652,0.0007868429916666,0.6494925370460887,0.016395,0.0271316666666666
Organic Extra Firm Tofu,Limes,0.0011,0.1218836565096952,2.76871971778356,0.0007027044583333,0.6446401118580033,0.009025,0.0440216666666666
Organic Kiwi,Organic Lemon,0.0011683333333333,0.0750696080531163,2.766863126228256,0.0007460741611111,0.6486754331128867,0.0155633333333333,0.0271316666666666
Organic Snipped Green Beans,Organic Strawberries,0.0012333333333333,0.2280431432973806,2.7663388523974115,0.0007874973749999,0.6419834456034403,0.0054083333333333,0.082435
Organic Gala Apples,Organic Cucumber,0.0015833333333333,0.0704381997479054,2.7655359147194893,0.0010108101833333,0.6530867328556544,0.0224783333333333,0.02547
Organic Cucumber,Organic Gala Apples,0.0015833333333333,0.0621646381363695,2.7655359147194893,0.0010108101833333,0.655091615013337,0.02547,0.0224783333333333
Organic Hass Avocado + Organic Lemon,Organic Baby Spinach,0.0013616666666666,0.2083120856705762,2.7625765621719545,0.0008687693166666,0.6422170407302507,0.0065366666666666,0.075405
Organic Ginger Root,Organic Baby Spinach,0.0033816666666666,0.2082948362591109,2.7623478053061596,0.0021574664916666,0.6485177918208874,0.016235,0.075405
Bag of Organic Bananas + Organic Baby Carrots,Organic Baby Spinach,0.0010116666666666,0.2080191912268677,2.75869227805673,0.0006449470166666,0.640624979737398,0.0048633333333333,0.075405
Organic Strawberries,Organic Whole String Cheese,0.0042116666666666,0.0510907583752855,2.7561998763865625,0.00268359655,0.6944266734296328,0.082435,0.0185366666666666
Organic Whole String Cheese,Organic Strawberries,0.0042116666666666,0.2272073368099262,2.7561998763865625,0.00268359655,0.6492159095148343,0.0185366666666666,0.082435
Orange Bell Pepper,Large Lemon,0.0016083333333333,0.1320470717022441,2.7559566933820254,0.0010247489333333,0.6450057660858479,0.01218,0.0479133333333333
Organic D'Anjou Pears,Organic Lemon,0.00111,0.0747642568477772,2.755608704998241,0.0007071851888888,0.6467051901637382,0.0148466666666666,0.0271316666666666
Organic Strawberries + Organic Gala Apples,Bag of Organic Bananas,0.0013683333333333,0.3269613699721226,2.7532043391707637,0.0008713366833333,0.6394630101885037,0.004185,0.1187566666666666
Asparagus,Organic Red Onion,0.00123,0.0581881258377355,2.752513048142647,0.0007831356333333,0.6504449592193333,0.0211383333333333,0.02114
Organic Red Onion,Asparagus,0.00123,0.0581835383159886,2.7525130481426467,0.0007831356333333,0.650446066706545,0.02114,0.0211383333333333
Organic Strawberries + Organic Tomato Cluster,Bag of Organic Bananas,0.0012166666666666,0.3267681289167413,2.7515771374244924,0.0007744960111111,0.6389510918255042,0.0037233333333333,0.1187566666666666
Organic Blackberries,Strawberries,0.0023566666666666,0.1225409480890891,2.7481710717445433,0.00149912665,0.6485952003582561,0.0192316666666666,0.04459
Strawberries,Organic Blackberries,0.0023566666666666,0.0528519099947671,2.748171071744543,0.00149912665,0.6658101063034365,0.04459,0.0192316666666666
Organic Broccoli,Organic Garlic,0.00112,0.0933074146070535,2.7472984966253877,0.0007123267888888,0.6437330033245083,0.0120033333333333,0.0339633333333333
Organic Broccoli,Organic Hass Avocado,0.0021933333333333,0.1827270202721466,2.7459853770297045,0.0013945915222222,0.6435568281402818,0.0120033333333333,0.0665433333333333
Organic Reduced Fat 2% Milk,Organic Raspberries,0.00172,0.1169935381476023,2.7450384361239397,0.0010934149666666,0.6451917703121988,0.0147016666666666,0.04262
Organic Garlic + Organic Hass Avocado,Bag of Organic Bananas,0.00178,0.3259078425389075,2.744333027245411,0.0011313906722222,0.6391033064287741,0.0054616666666666,0.1187566666666666
Organic Red Bell Pepper,Michigan Organic Kale,0.0010433333333333,0.0575685120470847,2.743971022263336,0.0006631058,0.6472958224930572,0.0181233333333333,0.02098
Organic Kiwi,Organic Grape Tomatoes,0.0011133333333333,0.071535660741058,2.74223079763831,0.0007073378444444,0.6453776202432927,0.0155633333333333,0.0260866666666666
Red Onion,Organic Avocado,0.0019816666666666,0.1506970849176172,2.7419411375112306,0.0012589426666666,0.6437603178176537,0.01315,0.05496
Organic Roasted Turkey Breast,Organic Strawberries,0.002005,0.2260003757279729,2.7415585094677377,0.0012736641583333,0.6409300873350318,0.0088716666666666,0.082435
Organic Whole Milk + Organic Avocado,Banana,0.0016866666666666,0.4027059291683247,2.7405214819716543,0.001071212025,0.6377771670438581,0.0041883333333333,0.146945
Large Alfresco Eggs,Organic Yellow Onion,0.0012266666666666,0.0971104367330782,2.7400076200257204,0.0007789793472222,0.6431617157283052,0.0126316666666666,0.0354416666666666
Organic Strawberries + Organic Yellow Onion,Bag of Organic Bananas,0.0017233333333333,0.3252595155709342,2.7388737382120376,0.0010941209277777,0.6382681759921816,0.0052983333333333,0.1187566666666666
Bag of Organic Bananas + Limes,Organic Baby Spinach,0.0013516666666666,0.2065189712248536,2.7387967803839746,0.0008581409416666,0.6390587989016969,0.006545,0.075405
Organic Cucumber,Organic Yellow Onion,0.0024716666666666,0.0970422719539327,2.73808432505806,0.0015689674166666,0.6513715873991618,0.02547,0.0354416666666666
Organic Yellow Onion,Organic Cucumber,0.0024716666666666,0.0697390077592287,2.7380843250580593,0.0015689674166666,0.6581055091550763,0.0354416666666666,0.02547
Organic Baby Arugula,Organic Cilantro,0.0013366666666666,0.0597660034279752,2.7348689793155243,0.0008479168666666,0.6488636051016647,0.022365,0.0218533333333333
Organic Cilantro,Organic Baby Arugula,0.0013366666666666,0.0611653447223916,2.734868979315524,0.0008479168666666,0.6485241857801481,0.0218533333333333,0.022365
Organic Peeled Whole Baby Carrots,Organic Grape Tomatoes,0.0012516666666666,0.0712253414264036,2.7303350917353812,0.0007932369777777,0.6450808095290986,0.0175733333333333,0.0260866666666666
Large Lemon,Michigan Organic Kale,0.0027433333333333,0.0572561569500487,2.72908279075542,0.0017381116,0.6654609785967,0.0479133333333333,0.02098
Michigan Organic Kale,Large Lemon,0.0027433333333333,0.130759453447728,2.7290827907554194,0.0017381116,0.6471538118821577,0.02098,0.0479133333333333
Cucumber Kirby,Michigan Organic Kale,0.0016966666666666,0.0572424651372019,2.7284301781316485,0.0010748194666666,0.6528390289760201,0.02964,0.02098
Michigan Organic Kale,Cucumber Kirby,0.0016966666666666,0.080870670479822,2.728430178131648,0.0010748194666666,0.6470642889391135,0.02098,0.02964
Organic D'Anjou Pears,Organic Grape Tomatoes,0.0010566666666666,0.0711719802424786,2.7282895569567596,0.0006693666222222,0.6430166432481775,0.0148466666666666,0.0260866666666666
Unsalted Butter,Organic Whole Milk,0.0013816666666666,0.1239718857484671,2.72715422361431,0.0008750335416666,0.6404552745170009,0.011145,0.0454583333333333
Organic Baby Spinach + Organic Cucumber,Bag of Organic Bananas,0.0016116666666666,0.3238446081714668,2.7269593974075854,0.0010206543222222,0.6364586455595045,0.0049766666666666,0.1187566666666666
Organic Red Bell Pepper,Carrots,0.0011233333333333,0.06198271105389,2.725313398236406,0.0007111483222222,0.6447548297442196,0.0181233333333333,0.0227433333333333
Seedless Red Grapes,Strawberries,0.0031533333333333,0.1214455356569741,2.7236047467363567,0.0019955539833333,0.6497092297487347,0.025965,0.04459
Strawberries,Seedless Red Grapes,0.0031533333333333,0.0707183972490095,2.7236047467363567,0.0019955539833333,0.6623748229538197,0.04459,0.025965
Orange Bell Pepper,Organic Zucchini,0.0010833333333333,0.088943623426382,2.722069576935946,0.0006853518333333,0.6404329346828992,0.01218,0.032675
Banana + Cucumber Kirby,Strawberries,0.0011833333333333,0.1213675213675213,2.72185515513616,0.0007485808333333,0.6388321344375264,0.00975,0.04459
Red Vine Tomato,Yellow Onions,0.00107,0.0631951963775962,2.7213893509335914,0.0006768184805555,0.6434350640595308,0.0169316666666666,0.0232216666666666
Bag of Organic Bananas + Organic Baby Spinach,Organic Baby Carrots,0.0010116666666666,0.0640362907479692,2.721088841981694,0.0006398792222222,0.6426528996410443,0.0157983333333333,0.0235333333333333
Limes + Organic Avocado,Organic Baby Spinach,0.0014266666666666,0.2051773729626078,2.7210048798170923,0.0009023505666666,0.6369174140388881,0.0069533333333333,0.075405
Bartlett Pears,Strawberries,0.0013333333333333,0.1213224143160448,2.7208435594537987,0.0008432892333333,0.6394949747727526,0.01099,0.04459
Organic Baby Spinach + Organic Fuji Apple,Banana,0.0011566666666666,0.3997695852534562,2.7205388768141567,0.0007315058,0.6342608918692357,0.0028933333333333,0.146945
Red Vine Tomato,Large Lemon,0.0022066666666666,0.1303277881681268,2.720073497317242,0.0013954140777777,0.6432542415253071,0.0169316666666666,0.0479133333333333
Organic Bartlett Pear,Organic Zucchini,0.0010383333333333,0.0888476896748431,2.71913357841907,0.0006564715,0.6397118942129043,0.0116866666666666,0.032675
Organic Gala Apples,Organic Whole String Cheese,0.0011316666666666,0.0503447764513976,2.715956291210087,0.0007149932944444,0.6463340748809958,0.0224783333333333,0.0185366666666666
Organic Whole String Cheese,Organic Gala Apples,0.0011316666666666,0.061050170832584,2.7159562912100865,0.0007149932944444,0.6437383248494212,0.0185366666666666,0.0224783333333333
Organic Baby Spinach + Apple Honeycrisp Organic,Bag of Organic Bananas,0.0011833333333333,0.3222877893781207,2.7138500803726453,0.0007472984388888,0.6338470827171133,0.0036716666666666,0.1187566666666666
Ground Turkey Breast,Organic Baby Spinach,0.0016983333333333,0.2046184738955823,2.713592916856738,0.0010724718333333,0.636770078798285,0.0083,0.075405
Organic Strawberries + Organic Fuji Apple,Banana,0.0011516666666666,0.3982708933717579,2.710339877993521,0.0007267507083333,0.6328726399298656,0.0028916666666666,0.146945
100% Raw Coconut Water,Organic Raspberries,0.0013566666666666,0.1154282473057288,2.7083117622179462,0.0008557396,0.6382680672770191,0.0117533333333333,0.04262
Extra Virgin Olive Oil,Organic Garlic,0.0014483333333333,0.0919576719576719,2.707557325282323,0.0009134108333333,0.6407553022240682,0.01575,0.0339633333333333
Red Peppers,Organic Garlic,0.0016116666666666,0.09187648456057,2.7051668827334403,0.0010158931944444,0.6415916253806375,0.0175416666666666,0.0339633333333333
Bag of Organic Bananas + Organic Hass Avocado,Organic Garlic,0.00178,0.0918709677419354,2.7050044481873243,0.0011219604166666,0.6427684801264195,0.019375,0.0339633333333333
Organic Garlic,Bag of Organic Bananas + Organic Hass Avocado,0.00178,0.0524094611836294,2.705004448187324,0.0011219604166666,0.6524750690870638,0.0339633333333333,0.019375
Organic Strawberries + Organic Small Bunch Celery,Bag of Organic Bananas,0.0010466666666666,0.3212276214833759,2.7049228519104274,0.0006597178611111,0.6323641421227437,0.0032583333333333,0.1187566666666666
Organic Large Extra Fancy Fuji Apple,Organic Raspberries,0.0027016666666666,0.1152096659559346,2.7031831524151713,0.0017022276666666,0.6451955986640576,0.02345,0.04262
Organic Raspberries,Organic Large Extra Fancy Fuji Apple,0.0027016666666666,0.0633896449241357,2.7031831524151713,0.0017022276666666,0.6581146064001603,0.04262,0.02345
Organic Garbanzo Beans,Organic Baby Spinach,0.0019066666666666,0.2038125779440584,2.702905350362157,0.0012012528916666,0.6359773081019087,0.009355,0.075405
Organic Grape Tomatoes,Bag of Organic Bananas + Organic Strawberries,0.0013766666666666,0.052772808586762,2.7023713537643803,0.0008672375444444,0.6468282250662567,0.0260866666666666,0.0195283333333333
Bag of Organic Bananas + Organic Strawberries,Organic Grape Tomatoes,0.0013766666666666,0.0704958607152001,2.70237135376438,0.0008672375444444,0.642501618542465,0.0195283333333333,0.0260866666666666
Organic Romaine Lettuce,Organic Hass Avocado,0.0019883333333333,0.1798040693293142,2.7020598506634412,0.0012524749722222,0.6369556404082307,0.0110583333333333,0.0665433333333333
Bag of Organic Bananas + Organic Yellow Onion,Organic Strawberries,0.0017233333333333,0.2225570383125269,2.6997881762907374,0.0010850116499999,0.6345138226328669,0.0077433333333333,0.082435
Organic Baby Spinach + Honeycrisp Apple,Banana,0.00125,0.3964059196617336,2.6976482334324654,0.0007866334333333,0.6312974379209105,0.0031533333333333,0.146945
Hass Avocados,Strawberries,0.001895,0.1202156904208077,2.6960235573179587,0.0011921129666666,0.6391586302602265,0.0157633333333333,0.04459
Banana + Large Lemon,Strawberries,0.00154,0.1201404238720582,2.6943355880703805,0.0009684305166666,0.6370164743555997,0.0128183333333333,0.04459
Organic Large Extra Fancy Fuji Apple,Organic Hass Avocado,0.0042016666666666,0.1791755508173418,2.6926145992687753,0.0026412255,0.6437087341961135,0.02345,0.0665433333333333
Organic Hass Avocado,Organic Large Extra Fancy Fuji Apple,0.0042016666666666,0.0631418123528527,2.6926145992687753,0.0026412255,0.6734257591452715,0.0665433333333333,0.02345
Organic Garnet Sweet Potato (Yam),Organic Large Extra Fancy Fuji Apple,0.001035,0.0631290027447392,2.692068347323634,0.0006505372499999,0.6390150576675611,0.016395,0.02345
Organic Lacinato (Dinosaur) Kale,Organic Hass Avocado,0.002405,0.1790322580645161,2.6904612242325725,0.0015111012222222,0.6368718280736391,0.0134333333333333,0.0665433333333333
Organic Grape Tomatoes,Organic Baby Carrots,0.0016516666666666,0.0633145923843598,2.6904217727065083,0.0010377604444444,0.6451406349603667,0.0260866666666666,0.0235333333333333
Organic Baby Carrots,Organic Grape Tomatoes,0.0016516666666666,0.0701841359773371,2.690421772706508,0.0010377604444444,0.6434536761074287,0.0235333333333333,0.0260866666666666
Organic Baby Spinach + Banana,Organic Baby Carrots,0.0010183333333333,0.0633095016060511,2.6902054506820616,0.0006397996666666,0.6385522920131028,0.016085,0.0235333333333333
Whipped Cream Cheese,Organic Whole Milk,0.001155,0.1222006700758243,2.6881907257743216,0.0007253429861111,0.6339948937819814,0.0094516666666666,0.0454583333333333
Organic Lemon,Organic Raspberries,0.0031066666666666,0.1145033478714909,2.686610696187022,0.0019503150333333,0.6452916468787749,0.0271316666666666,0.04262
Organic Raspberries,Organic Lemon,0.0031066666666666,0.0728922258720475,2.686610696187022,0.0019503150333333,0.6557310670923516,0.04262,0.0271316666666666
Organic Italian Parsley Bunch,Organic Grape Tomatoes,0.0013166666666666,0.0700354609929078,2.6847225016448175,0.0008262373333333,0.6395454803469789,0.0188,0.0260866666666666
Organic Grape Tomatoes,Organic Italian Parsley Bunch,0.0013166666666666,0.0504727830309225,2.684722501644817,0.0008262373333333,0.6443304592295575,0.0260866666666666,0.0188
Organic Strawberries + Organic Hass Avocado,Organic Garlic,0.0011566666666666,0.0911718339464004,2.6844194900304377,0.0007257851777777,0.6355429017343742,0.0126866666666666,0.0339633333333333
Organic Broccoli,Organic Baby Spinach,0.0024283333333333,0.2023049153013051,2.6829111504715226,0.0015232219833333,0.6348913617186008,0.0120033333333333,0.075405
Organic Cilantro,Yellow Onions,0.00136,0.0622330689444783,2.679957034858753,0.0008525291777777,0.6408647198877642,0.0218533333333333,0.0232216666666666
Yellow Onions,Organic Cilantro,0.00136,0.0585659944017799,2.679957034858753,0.0008525291777777,0.6417624840257005,0.0232216666666666,0.0218533333333333
Organic Strawberries + Banana,Organic Raspberries,0.0019883333333333,0.114206394792265,2.6796432377349837,0.0012463191333333,0.6379222191292567,0.01741,0.04262
Organic Baby Arugula,Organic Garlic,0.002035,0.0909903867650346,2.6790770467671408,0.00127541005,0.641074762367474,0.022365,0.0339633333333333
Organic Garlic,Organic Baby Arugula,0.002035,0.0599175581509471,2.6790770467671408,0.00127541005,0.6487715704101555,0.0339633333333333,0.022365
Organic Carrot Bunch,Organic Raspberries,0.0012966666666666,0.1141264485844212,2.6777674468423576,0.0008124324333333,0.6337550899153976,0.0113616666666666,0.04262
Organic Baby Spinach + Cucumber Kirby,Banana,0.0018716666666666,0.3934828311142256,2.6777558345927095,0.0011726982833333,0.6295475039942069,0.0047566666666666,0.146945
Organic Strawberries + Organic Hass Avocado,Organic Zucchini,0.00111,0.0874934314240672,2.6776872662300613,0.0006954631666666,0.6345942794858033,0.0126866666666666,0.032675
Organic Baby Spinach + Banana,Limes,0.001895,0.1178116257382654,2.6762191134274516,0.0011869114916666,0.6365778731190228,0.016085,0.0440216666666666
Organic Lacinato (Dinosaur) Kale,Organic Baby Spinach,0.00271,0.2017369727047146,2.6753792547538575,0.0016970595,0.6347479991676627,0.0134333333333333,0.075405
Green Bell Pepper,Fresh Cauliflower,0.001055,0.0597282506133232,2.6747985048510197,0.0006605777666666,0.6373986479765795,0.0176633333333333,0.02233
Organic Unsweetened Vanilla Almond Milk,Organic Baby Spinach,0.0010016666666666,0.2016778523489933,2.6745952171473153,0.0006271551666666,0.6292368569775642,0.0049666666666666,0.075405
Organic Strawberries + Banana,Organic Whole Milk,0.0021166666666666,0.1215776373731572,2.674485148447088,0.0013252370833333,0.6371897330957162,0.01741,0.0454583333333333
Organic Hass Avocado,Organic Yellow Onion,0.006305,0.0947502880328608,2.6734151337745815,0.0039465933611111,0.6705684687708713,0.0665433333333333,0.0354416666666666
Organic Yellow Onion,Organic Hass Avocado,0.006305,0.1778979543851398,2.673415133774581,0.0039465933611111,0.6489463477729479,0.0354416666666666,0.0665433333333333
Honeycrisp Apple,Cucumber Kirby,0.0020016666666666,0.0792320886660509,2.6731473908924066,0.0012528614666666,0.6421315251449269,0.0252633333333333,0.02964
Cucumber Kirby,Honeycrisp Apple,0.0020016666666666,0.0675326135852451,2.6731473908924066,0.0012528614666666,0.6450277653462105,0.02964,0.0252633333333333
White Corn,Organic Strawberries,0.0013166666666666,0.2202397546696403,2.671677742095474,0.0008238427583333,0.629466521446877,0.0059783333333333,0.082435
Organic Strawberries + Limes,Organic Baby Spinach,0.0012016666666666,0.2013966480446927,2.6708659643882067,0.0007517501666666,0.6293446877511082,0.0059666666666666,0.075405
Organic Strawberries + Organic Hass Avocado,Organic Baby Spinach,0.002555,0.2013925380977404,2.670811459422325,0.0015983618999999,0.6336204888827887,0.0126866666666666,0.075405
Frozen Organic Wild Blueberries,Organic Hass Avocado,0.001645,0.1776777677767776,2.6701062131459854,0.0010289196388888,0.6313281092323156,0.0092583333333333,0.0665433333333333
Banana + Organic Avocado,Organic Baby Spinach,0.00331,0.2009511281999393,2.664957604932555,0.002067953975,0.6352226853963984,0.0164716666666666,0.075405
Bag of Organic Bananas + Organic Baby Spinach,Organic Strawberries,0.0034683333333333,0.219537925941555,2.663164019428095,0.002165997725,0.6345313298671814,0.0157983333333333,0.082435
Organic Strawberries + Organic Whole String Cheese,Bag of Organic Bananas,0.0013316666666666,0.3161851998417095,2.6624627376010572,0.0008315031722222,0.6270488095977073,0.0042116666666666,0.1187566666666666
Organic Avocado,Organic Grape Tomatoes,0.0038166666666666,0.0694444444444444,2.6620666155549877,0.0023829434666666,0.6606619825615846,0.05496,0.0260866666666666
Organic Grape Tomatoes,Organic Avocado,0.0038166666666666,0.1463071811909021,2.6620666155549872,0.0023829434666666,0.6410755234894275,0.0260866666666666,0.05496
Broccoli Crown,Organic Garlic,0.00122,0.0903815285837757,2.6611501202407237,0.0007615516055555,0.6327638853503074,0.0134983333333333,0.0339633333333333
Organic Baby Spinach + Organic Tomato Cluster,Bag of Organic Bananas,0.0010883333333333,0.3159167876149008,2.66020255099981,0.0006792166166666,0.6262461930200998,0.003445,0.1187566666666666
Bag of Organic Bananas + Organic Baby Spinach,Organic Blueberries,0.001305,0.082603650174069,2.6577751021257723,0.0008139877999999,0.633757756909265,0.0157983333333333,0.03108
Banana + Organic Hass Avocado,Organic Strawberries,0.002155,0.2190782785496441,2.6575881427748427,0.0013441143833333,0.6299152376049515,0.0098366666666666,0.082435
Organic Grade A Free Range Large Brown Eggs,Organic Hass Avocado,0.0022166666666666,0.1767911737338827,2.6567826539179897,0.0013823241722222,0.6315231373278397,0.0125383333333333,0.0665433333333333
Organic Red Bell Pepper,Limes,0.0021183333333333,0.1168843112010299,2.655154155931472,0.0013205139944444,0.6348801786742067,0.0181233333333333,0.0440216666666666
Bag of Organic Bananas + Limes,Organic Strawberries,0.00143,0.2184873949579832,2.6504202700064687,0.000890462925,0.6268037768734832,0.006545,0.082435
Organic Whole String Cheese,Organic Raspberries,0.0020933333333333,0.1129293292573278,2.649679241138616,0.0013033006,0.6343546486968211,0.0185366666666666,0.04262
Limes,Carrots,0.0026516666666666,0.0602354900995721,2.6484899648060463,0.0016504672277777,0.6510883531365936,0.0440216666666666,0.0227433333333333
Carrots,Limes,0.0026516666666666,0.1165909424007035,2.6484899648060463,0.0016504672277777,0.6369118573601602,0.0227433333333333,0.0440216666666666
Organic Bread with 21 Whole Grains,Organic Hass Avocado,0.0012683333333333,0.1762389995368226,2.6484846897283365,0.0007894431444444,0.6269374666260585,0.0071966666666666,0.0665433333333333
Organic Strawberries + Organic Baby Spinach,Organic Yellow Onion,0.0011283333333333,0.0938583113822265,2.6482476759621876,0.0007022654305555,0.6299650441495723,0.0120216666666666,0.0354416666666666
Bag of Organic Bananas + Organic Hass Avocado,Fresh Cauliflower,0.001145,0.0590967741935483,2.6465192204903,0.00071235625,0.6344374215490634,0.019375,0.02233
Fresh Cauliflower,Bag of Organic Bananas + Organic Hass Avocado,0.001145,0.0512763098969995,2.6465192204902994,0.00071235625,0.6363550037400658,0.02233,0.019375
Organic Unsweetened Almond Milk,Michigan Organic Kale,0.00101,0.0555148406009527,2.646083918062571,0.0006283038666666,0.6336105237660133,0.0181933333333333,0.02098
Bag of Organic Bananas,Organic Large Extra Fancy Fuji Apple,0.0073683333333333,0.0620456395430432,2.6458694901084523,0.0045834895,0.7058804139877175,0.1187566666666666,0.02345
Organic Large Extra Fancy Fuji Apple,Bag of Organic Bananas,0.0073683333333333,0.3142146410803127,2.645869490108452,0.0045834895,0.6369898202419225,0.02345,0.1187566666666666
Banana + Organic Baby Carrots,Organic Baby Spinach,0.0010183333333333,0.1994776363042768,2.6454165679235704,0.0006333908083333,0.6251792405138215,0.005105,0.075405
Organic Garnet Sweet Potato (Yam),Apple Honeycrisp Organic,0.0011233333333333,0.068516824235031,2.644416219028599,0.0006985388833333,0.6322097826506524,0.016395,0.02591
Organic Coconut Milk,Organic Baby Spinach,0.0016983333333333,0.1993738994325963,2.644040838572991,0.0010560084083333,0.6271331448740874,0.0085183333333333,0.075405
Organic Lemon,Organic Large Extra Fancy Fuji Apple,0.0016816666666666,0.0619816942072608,2.6431426101177355,0.0010454290833333,0.6389996120867639,0.0271316666666666,0.02345
Organic Large Extra Fancy Fuji Apple,Organic Lemon,0.0016816666666666,0.0717128642501776,2.6431426101177355,0.0010454290833333,0.636590535673029,0.02345,0.0271316666666666
Organic Strawberries + Banana,Organic Grape Tomatoes,0.0011983333333333,0.0688301742293701,2.6385193290072873,0.0007441644666666,0.6320027223332347,0.01741,0.0260866666666666
Organic Baby Spinach + Organic Gala Apples,Bag of Organic Bananas,0.0010316666666666,0.3132591093117409,2.637823358506814,0.0006405613777777,0.6229511441957896,0.0032933333333333,0.1187566666666666
Organic Large Brown Grade AA Cage Free Eggs,Organic Hass Avocado,0.0017266666666666,0.1754742547425474,2.636992256813316,0.0010718802666666,0.6269492579179903,0.00984,0.0665433333333333
Organic Strawberries + Banana,Organic Blueberries,0.0014266666666666,0.0819452421979705,2.636590804310506,0.0008855638666666,0.6317205919545265,0.01741,0.03108
Organic Avocado,Michigan Organic Kale,0.0030383333333333,0.0552826297913634,2.6350157193214216,0.0018852725333333,0.6565813326421207,0.05496,0.02098
Michigan Organic Kale,Organic Avocado,0.0030383333333333,0.1448204639339053,2.6350157193214208,0.0018852725333333,0.6337925911627033,0.02098,0.05496
Large Lemon,Organic Baby Arugula,0.00282,0.0588562682621399,2.6316238883138823,0.0017484183,0.6512080371132553,0.0479133333333333,0.022365
Organic Baby Arugula,Large Lemon,0.00282,0.1260898725687458,2.6316238883138823,0.0017484183,0.6341901521137255,0.022365,0.0479133333333333
Organic D'Anjou Pears,Organic Strawberries,0.0032183333333333,0.2167714414009878,2.6296044325952312,0.0019944483666666,0.629054021346435,0.0148466666666666,0.082435
Organic Cucumber,Organic Garlic,0.0022733333333333,0.0892553330715874,2.6279909629479095,0.0014082872333333,0.6356717470814489,0.02547,0.0339633333333333
Organic Garlic,Organic Cucumber,0.0022733333333333,0.0669349298262832,2.627990962947909,0.0014082872333333,0.6412605329162294,0.0339633333333333,0.02547
Organic Zucchini,Bag of Organic Bananas + Organic Strawberries,0.0016766666666666,0.051313440448865,2.627640545303324,0.0010385783749999,0.6403540096099288,0.032675,0.0195283333333333
Bag of Organic Bananas + Organic Strawberries,Organic Zucchini,0.0016766666666666,0.0858581548177861,2.627640545303324,0.0010385783749999,0.6317678148230608,0.0195283333333333,0.032675
Limes + Organic Hass Avocado,Organic Baby Spinach,0.0012416666666666,0.1980329611908559,2.6262576910132736,0.0007688773166666,0.6231371234553401,0.00627,0.075405
Organic Yellow Onion + Organic Hass Avocado,Organic Strawberries,0.001365,0.2164948453608247,2.6262491097328167,0.0008452473249999,0.6231578195762377,0.006305,0.082435
Organic Yellow Onion,Michigan Organic Kale,0.0019516666666666,0.055067011521279,2.6247383947225496,0.0012081004999999,0.6417544989038897,0.0354416666666666,0.02098
Michigan Organic Kale,Organic Yellow Onion,0.0019516666666666,0.0930251032729583,2.6247383947225496,0.0012081004999999,0.6322747746439341,0.02098,0.0354416666666666
Organic Strawberries + Organic Whole Milk,Organic Hass Avocado,0.0013633333333333,0.1746370623398804,2.624411095625113,0.0008438517111111,0.6238321852152372,0.0078066666666666,0.0665433333333333
Red Peppers,Organic Grape Tomatoes,0.0012,0.0684085510688836,2.6223569282730743,0.0007423963888888,0.6297098171159836,0.0175416666666666,0.0260866666666666
Organic Red Bell Pepper,Organic Raspberries,0.002025,0.1117344123597572,2.621642711397401,0.0012525835333333,0.6299770536835838,0.0181233333333333,0.04262
Organic Bosc Pear,Bag of Organic Bananas,0.00206,0.3113350125944585,2.621621348368865,0.0012742267222222,0.622676705474144,0.0066166666666666,0.1187566666666666
Bartlett Pears,Banana,0.0042333333333333,0.3851986654534426,2.621379873105193,0.0026184077833333,0.6253946103902359,0.01099,0.146945
Yellow Onions,Organic Red Onion,0.0012866666666666,0.0554080241154094,2.621003978969227,0.0007957606333333,0.6331700779653207,0.0232216666666666,0.02114
Organic Red Onion,Yellow Onions,0.0012866666666666,0.0608640807316304,2.621003978969227,0.0007957606333333,0.6318235636061363,0.02114,0.0232216666666666
Organic Extra Firm Tofu,Organic Baby Spinach,0.0017833333333333,0.1975992613111726,2.6205060846253256,0.0011028032083333,0.6240261585104635,0.009025,0.075405
Orange Bell Pepper,Limes,0.001405,0.1153530377668308,2.620369615723262,0.0008688161,0.6259991176515727,0.01218,0.0440216666666666
Banana + Cucumber Kirby,Limes,0.0011233333333333,0.1152136752136752,2.61720384387253,0.0006941220833333,0.6239968026537674,0.00975,0.0440216666666666
100% Raw Coconut Water,Organic Hass Avocado,0.0020466666666666,0.1741349971639251,2.616866159854608,0.0012645606888888,0.6252118520744545,0.0117533333333333,0.0665433333333333
Organic Raspberries,Organic Cucumber,0.00284,0.0666353824495542,2.616230170771661,0.0017544686,0.6452721320717134,0.04262,0.02547
Organic Cucumber,Organic Raspberries,0.00284,0.1115037298782881,2.616230170771661,0.0017544686,0.6339164867195642,0.02547,0.04262
Organic Baby Spinach,Bag of Organic Bananas + Organic Hass Avocado,0.0038216666666666,0.050681873438985,2.615838629108905,0.0023606947916666,0.6680908087131805,0.075405,0.019375
Bag of Organic Bananas + Organic Hass Avocado,Organic Baby Spinach,0.0038216666666666,0.197247311827957,2.615838629108905,0.0023606947916666,0.6299180841628178,0.019375,0.075405
Banana + Original Hummus,Organic Baby Spinach,0.0011116666666666,0.1972205795387344,2.6154841129730717,0.0006866338166666,0.6211628923678814,0.0056366666666666,0.075405
Bag of Organic Bananas + Organic Small Bunch Celery,Organic Strawberries,0.0010466666666666,0.2155853072433917,2.6152157122992867,0.0006464447416666,0.6206355502461266,0.004855,0.082435
Organic Baby Spinach,Organic Small Bunch Celery,0.004155,0.0551024467873483,2.615001824915684,0.002566090975,0.6679584997207838,0.075405,0.0210716666666666
Organic Small Bunch Celery,Organic Baby Spinach,0.004155,0.1971842126077671,2.6150018249156837,0.002566090975,0.6308848850521964,0.0210716666666666,0.075405
Organic White Onions,Organic Hass Avocado,0.0012333333333333,0.1739130434782608,2.6135306839392007,0.0007614301944444,0.6217853276150032,0.0070916666666666,0.0665433333333333
Roma Tomato,Limes,0.00146,0.1149606299212598,2.6114556450519024,0.0009009248333333,0.6250094233292496,0.0127,0.0440216666666666
Organic Garnet Sweet Potato (Yam),Organic Grape Tomatoes,0.0011166666666666,0.0681101961980278,2.6109198644784506,0.0006889757666666,0.627277437467883,0.016395,0.0260866666666666
Organic Hothouse Cucumbers,Organic Strawberries,0.0016133333333333,0.2152067585593597,2.610623625394065,0.0009953456166666,0.6216097635910822,0.0074966666666666,0.082435
Organic Red Bell Pepper,Organic Gala Apples,0.0010633333333333,0.058672061798786,2.610160679118533,0.0006559510055555,0.6282681362626792,0.0181233333333333,0.0224783333333333
Organic Baby Spinach + Banana,Organic Fuji Apple,0.0011566666666666,0.0719096466687389,2.6066812470543375,0.0007129351333333,0.6264468295296414,0.016085,0.0275866666666666
Organic Baby Spinach + Banana,Organic Zucchini,0.00137,0.0851725209822816,2.606657107338382,0.0008444226249999,0.6264432187354028,0.016085,0.032675
Fresh Cauliflower,Organic Lemon,0.0015766666666666,0.070607553366174,2.6024038343697056,0.00097081655,0.6298033934977346,0.02233,0.0271316666666666
Organic Lemon,Fresh Cauliflower,0.0015766666666666,0.0581116776214755,2.6024038343697056,0.00097081655,0.6329118367037646,0.0271316666666666,0.02233
Organic D'Anjou Pears,Bag of Organic Bananas,0.0045883333333333,0.3090480466995958,2.602363769328845,0.0028251926888888,0.6250133324010926,0.0148466666666666,0.1187566666666666
Organic Zucchini + Organic Hass Avocado,Organic Strawberries,0.00111,0.2144927536231884,2.6019621959506085,0.000683398875,0.6188773524611487,0.005175,0.082435
Organic Lacinato (Dinosaur) Kale,Limes,0.0015383333333333,0.114516129032258,2.601358324285573,0.0009469756111111,0.6239674081927793,0.0134333333333333,0.0440216666666666
Green Beans,Organic Avocado,0.0012833333333333,0.1428836518834663,2.599775325390581,0.0007897009333333,0.6209283480696219,0.0089816666666666,0.05496
Organic Peeled Whole Baby Carrots,Organic Cucumber,0.0011633333333333,0.0661987860394537,2.599088576342902,0.0007157405333333,0.6262551323121764,0.0175733333333333,0.02547
Organic Red Bell Pepper,Organic Strawberries,0.00388,0.2140886518300533,2.5970601301638054,0.0023860030166666,0.6262998724547784,0.0181233333333333,0.082435
Feta Cheese Crumbles,Limes,0.0011366666666666,0.1142761394101876,2.5959066992054143,0.0006987978222222,0.6209545708488744,0.0099466666666666,0.0440216666666666
Organic Baby Carrots,Bag of Organic Bananas + Organic Strawberries,0.0011916666666666,0.0506373937677053,2.593021785493149,0.0007320998888888,0.6291556876249987,0.0235333333333333,0.0195283333333333
Bag of Organic Bananas + Organic Strawberries,Organic Baby Carrots,0.0011916666666666,0.0610224460186054,2.593021785493149,0.0007320998888888,0.626585732148871,0.0195283333333333,0.0235333333333333
Organic Lemon,Michigan Organic Kale,0.001475,0.0543645187050801,2.5912544664003896,0.0009057776333333,0.6312123748230195,0.0271316666666666,0.02098
Michigan Organic Kale,Organic Lemon,0.001475,0.0703050524308865,2.591254466400389,0.0009057776333333,0.6272461554140327,0.02098,0.0271316666666666
Organic Cucumber,Organic Baby Spinach,0.0049766666666666,0.195393273131789,2.591250886967562,0.0030561013166666,0.630135550460861,0.02547,0.075405
Organic Baby Spinach,Organic Cucumber,0.0049766666666666,0.0659991600910638,2.591250886967562,0.0030561013166666,0.6641675522695049,0.075405,0.02547
Banana + Organic Hass Avocado,Organic Baby Spinach,0.0019216666666666,0.1953575059301931,2.590776552353202,0.0011799328166666,0.6201152091923171,0.0098366666666666,0.075405
Globe Eggplant,Organic Baby Spinach,0.0010433333333333,0.1950763477718915,2.5870479115694125,0.0006400422583333,0.6167576590930419,0.0053483333333333,0.075405
Organic Lemon,Organic Zucchini,0.0022933333333333,0.084526076540328,2.586873038724653,0.001406806125,0.6305405185110934,0.0271316666666666,0.032675
Organic Zucchini,Organic Lemon,0.0022933333333333,0.0701861769956643,2.586873038724653,0.001406806125,0.6341538814183685,0.032675,0.0271316666666666
Fresh Cauliflower,Organic Grape Tomatoes,0.0015066666666666,0.0674727571279295,2.586484428619839,0.0009241513999999,0.6273843147573819,0.02233,0.0260866666666666
Organic Grape Tomatoes,Fresh Cauliflower,0.0015066666666666,0.057756197291081,2.5864844286198387,0.0009241513999999,0.6298043183262537,0.0260866666666666,0.02233
Roma Tomato,Organic Avocado,0.001805,0.1421259842519685,2.585989524235235,0.001107008,0.6211899433049031,0.0127,0.05496
Green Bell Pepper,Limes,0.00201,0.1137950556708813,2.584978359237072,0.0012324306277777,0.6241745695385451,0.0176633333333333,0.0440216666666666
Organic Whole String Cheese,Organic Hass Avocado,0.0031866666666666,0.1719115267038302,2.5834522872889383,0.0019531750777777,0.6244971449215508,0.0185366666666666,0.0665433333333333
Organic Garbanzo Beans,Limes,0.0010633333333333,0.1136647069303402,2.582017345935871,0.0006515106416666,0.6184919245561031,0.009355,0.0440216666666666
Organic Lemon,Apple Honeycrisp Organic,0.001815,0.0668960009828613,2.5818603235376827,0.0011120185166666,0.6297690626125241,0.0271316666666666,0.02591
Apple Honeycrisp Organic,Organic Lemon,0.001815,0.0700501736781165,2.5818603235376827,0.0011120185166666,0.6289792301827777,0.02591,0.0271316666666666
Organic Shredded Mozzarella,Organic Strawberries,0.0012366666666666,0.2124248496993988,2.576876929694897,0.000756757575,0.6155166820070214,0.0058216666666666,0.082435
Organic Baby Spinach + Organic Hass Avocado,Limes,0.0012416666666666,0.1134114781549703,2.576264979100526,0.0007597027861111,0.6186139618817063,0.0109483333333333,0.0440216666666666
Organic Butternut Squash,Organic Baby Spinach,0.0012016666666666,0.1942349137931034,2.5758890497062987,0.0007351610666666,0.6155929901301916,0.0061866666666666,0.075405
Organic Old Fashioned Rolled Oats,Organic Baby Spinach,0.001215,0.1940377961139207,2.5732749302290396,0.000742839025,0.6152425880383553,0.0062616666666666,0.075405
Strawberries + Seedless Red Grapes,Banana,0.0011916666666666,0.377906976744186,2.5717579825389505,0.0007283000999999,0.6130942134968163,0.0031533333333333,0.146945
Organic Lemon,Carrots,0.0015866666666666,0.0584802506296455,2.571313965835214,0.0009696021277777,0.6281361588956414,0.0271316666666666,0.0227433333333333
Carrots,Organic Lemon,0.0015866666666666,0.0697640334163857,2.571313965835214,0.0009696021277777,0.625315537724178,0.0227433333333333,0.0271316666666666
Organic Shredded Mozzarella,Organic Baby Spinach,0.0011283333333333,0.1938162038362439,2.570336235478336,0.0006893505583333,0.6145233922986102,0.0058216666666666,0.075405
Bag of Organic Bananas + Organic Garlic,Organic Strawberries,0.00141,0.2118707738542449,2.5701555632224777,0.000861395075,0.6150113937330952,0.006655,0.082435
Organic Baby Spinach + Organic Blueberries,Bag of Organic Bananas,0.001305,0.3051441932969602,2.5694910598447267,0.0007971173222222,0.6134413556322402,0.0042766666666666,0.1187566666666666
Limes,Organic Yellow Onion,0.0040083333333333,0.0910536478249346,2.569113035267379,0.0024481320972222,0.6388854067915831,0.0440216666666666,0.0354416666666666
Organic Yellow Onion,Limes,0.0040083333333333,0.1130966376675287,2.5691130352673786,0.0024481320972222,0.6332023531069726,0.0354416666666666,0.0440216666666666
Organic Garlic + Organic Hass Avocado,Organic Strawberries,0.0011566666666666,0.2117790662191028,2.5690430790210814,0.000706434175,0.6141040387629882,0.0054616666666666,0.082435
Green Bell Pepper,Cucumber Kirby,0.0013433333333333,0.076052085299113,2.5658598279052987,0.0008197921333333,0.6212402707566588,0.0176633333333333,0.02964
Organic Lemon,Organic Baby Arugula,0.0015566666666666,0.0573745316051354,2.5653714109159607,0.0009498669416666,0.6272101529452705,0.0271316666666666,0.022365
Organic Baby Arugula,Organic Lemon,0.0015566666666666,0.0696028019971682,2.5653714109159607,0.0009498669416666,0.6241520568981372,0.022365,0.0271316666666666
Organic Baby Arugula + Organic Hass Avocado,Bag of Organic Bananas,0.0010583333333333,0.3045563549160672,2.5645411197917354,0.0006456539166666,0.6121940672972438,0.003475,0.1187566666666666
Green Bell Pepper,Organic Grape Tomatoes,0.0011816666666666,0.0668994149839592,2.5645060688969807,0.0007208891777777,0.6210308381267736,0.0176633333333333,0.0260866666666666
Organic Unsweetened Almond Milk,Organic Cucumber,0.0011883333333333,0.065316965921583,2.564466663587868,0.0007249491333333,0.6213599809219101,0.0181933333333333,0.02547
Limes + Organic Hass Avocado,Organic Strawberries,0.001325,0.2113237639553428,2.563519912116733,0.00080813255,0.6137596313793143,0.00627,0.082435
Organic Fuji Apple,Banana,0.0103866666666666,0.3765103914934751,2.5622538466329248,0.0063329439333333,0.6270158854143335,0.0275866666666666,0.146945
Banana,Organic Fuji Apple,0.0103866666666666,0.0706840427824469,2.5622538466329248,0.0063329439333333,0.7147471232085898,0.146945,0.0275866666666666
Asparagus,Organic Grape Tomatoes,0.0014116666666666,0.0667823070251517,2.5600168805961583,0.0008602380111111,0.6225369697361824,0.0211383333333333,0.0260866666666666
Organic Grape Tomatoes,Asparagus,0.0014116666666666,0.0541144901610017,2.5600168805961583,0.0008602380111111,0.6257000031737003,0.0260866666666666,0.0211383333333333
Organic Zucchini,Organic Baby Spinach,0.0063066666666666,0.193011986738077,2.559670933466972,0.0038428082916666,0.6299069929721078,0.032675,0.075405
Organic Baby Spinach,Organic Zucchini,0.0063066666666666,0.0836372477510333,2.5596709334669714,0.0038428082916666,0.6590180370613556,0.075405,0.032675
Banana + Organic Hass Avocado,Limes,0.0011083333333333,0.1126736699423924,2.5595048637199653,0.0006753068722222,0.615352450522264,0.0098366666666666,0.0440216666666666
Organic Baby Spinach + Organic Grape Tomatoes,Organic Strawberries,0.00105,0.2109845947756195,2.5594055289090747,0.0006397484833333,0.6123316403045186,0.0049766666666666,0.082435
Red Peppers,Organic Cucumber,0.0011433333333333,0.0651781472684085,2.559016382740815,0.0006965470833333,0.6201024853241327,0.0175416666666666,0.02547
Organic Granny Smith Apple,Organic Raspberries,0.0019916666666666,0.1090626996440631,2.558955880902467,0.0012133544333333,0.6205478531069156,0.0182616666666666,0.04262
Organic Bell Pepper,Organic Strawberries,0.0015383333333333,0.2109232175502742,2.5586609759237486,0.0009371074,0.613646099768832,0.0072933333333333,0.082435
Organic Broccoli,Organic Strawberries,0.0025316666666666,0.2109136351013607,2.5585447334428433,0.0015421718833333,0.6165535150015888,0.0120033333333333,0.082435
Organic Baby Carrots,Apple Honeycrisp Organic,0.00156,0.0662889518413597,2.558431178747965,0.0009502513333333,0.6238159385049533,0.0235333333333333,0.02591
Apple Honeycrisp Organic,Organic Baby Carrots,0.00156,0.0602084137398687,2.558431178747965,0.0009502513333333,0.6253379770713898,0.02591,0.0235333333333333
Organic Small Bunch Celery,Organic Hass Avocado,0.0035833333333333,0.1700545756545123,2.5555463956496376,0.0021811543944444,0.6217965390170576,0.0210716666666666,0.0665433333333333
Organic Hass Avocado,Organic Small Bunch Celery,0.0035833333333333,0.0538496218003306,2.5555463956496376,0.0021811543944444,0.6520862417599136,0.0665433333333333,0.0210716666666666
Organic Large Green Asparagus,Organic Baby Spinach,0.00114,0.1925133689839571,2.5530584044023232,0.0006934767249999,0.6119366012403449,0.0059216666666666,0.075405
Organic Carrot Bunch,Organic Hass Avocado,0.00193,0.1698694440369663,2.552764274462251,0.0011739568277777,0.6152581443635672,0.0113616666666666,0.0665433333333333
Organic Strawberries + Organic Blueberries,Organic Hass Avocado,0.0012416666666666,0.1697812215132178,2.551438483893471,0.0007550130888888,0.6125439709027277,0.0073133333333333,0.0665433333333333
Grated Parmesan,Organic Zucchini,0.0011933333333333,0.0833236355172815,2.550073007414889,0.0007253728749999,0.6166863407350331,0.0143216666666666,0.032675
Organic Tomato Cluster,Fresh Cauliflower,0.0011433333333333,0.056910569105691,2.548614827841069,0.0006947236333333,0.6200875590615466,0.02009,0.02233
Fresh Cauliflower,Organic Tomato Cluster,0.0011433333333333,0.051201671891327,2.5486148278410687,0.0006947236333333,0.6215082798899424,0.02233,0.02009
Small Hass Avocado,Limes,0.001745,0.1121585431173004,2.5478031980608145,0.0010600962361111,0.6171061495440552,0.0155583333333333,0.0440216666666666
Organic Red Bell Pepper,Organic Blueberries,0.001435,0.0791796946845686,2.5476092240852215,0.0008717268,0.6186878073124115,0.0181233333333333,0.03108
Organic Baby Carrots,Cucumber Kirby,0.0017766666666666,0.0754957507082152,2.547090104865563,0.0010791386666666,0.6220336471132855,0.0235333333333333,0.02964
Cucumber Kirby,Organic Baby Carrots,0.0017766666666666,0.0599415204678362,2.547090104865563,0.0010791386666666,0.6259482274117024,0.02964,0.0235333333333333
Banana + Cucumber Kirby,Organic Baby Spinach,0.0018716666666666,0.1919658119658119,2.5457968565189573,0.0011364679166666,0.6131741289684846,0.00975,0.075405
Bag of Organic Bananas + Organic Strawberries,Organic Small Bunch Celery,0.0010466666666666,0.0535973372023555,2.5435737025558276,0.0006351721361111,0.6189392105586861,0.0195283333333333,0.0210716666666666
Green Bell Pepper,Carrots,0.0010216666666666,0.0578411020947348,2.543211289523737,0.0006199435888888,0.617707101399033,0.0176633333333333,0.0227433333333333
Banana + Organic Whole Milk,Organic Strawberries,0.0021166666666666,0.2094327176781003,2.5405800652404964,0.0012835236,0.6125802467224126,0.0101066666666666,0.082435
Organic Strawberries + Organic Baby Spinach,Organic Avocado,0.0016783333333333,0.1396090392347151,2.540193581417669,0.0010176225333333,0.6137069964336861,0.0120216666666666,0.05496
Organic Garbanzo Beans,Large Lemon,0.0011383333333333,0.1216818100837341,2.5396231407485916,0.0006901041,0.6119657300340439,0.009355,0.0479133333333333
Organic Unsweetened Almond Milk,Organic Baby Spinach,0.0034783333333333,0.1911872480762184,2.535471760177951,0.0021064650333333,0.6168180570156273,0.0181933333333333,0.075405
Bag of Organic Bananas + Organic Hass Avocado,Organic Blueberries,0.0015266666666666,0.0787956989247311,2.5352541481573736,0.0009244916666666,0.6175268089985834,0.019375,0.03108
Bag of Organic Bananas + Organic Hass Avocado,Organic Baby Carrots,0.001155,0.0596129032258064,2.533126199396875,0.0006990416666666,0.6171889154680742,0.019375,0.0235333333333333
Organic Garlic,Organic Baby Spinach,0.0064866666666666,0.1909902836392187,2.5328596729556234,0.0039256615166666,0.6264662207484742,0.0339633333333333,0.075405
Organic Baby Spinach,Organic Garlic,0.0064866666666666,0.0860243573591494,2.5328596729556234,0.0039256615166666,0.6545453303025867,0.075405,0.0339633333333333
Organic Ginger Root,Large Lemon,0.00197,0.1213427779488758,2.5325471952596885,0.0011921270333333,0.6151272164160441,0.016235,0.0479133333333333
Organic Black Beans,Organic Hass Avocado,0.0020033333333333,0.1683709202969603,2.5302447572553284,0.0012115785722222,0.6120638570413935,0.0118983333333333,0.0665433333333333
Organic Grape Tomatoes,Organic Baby Spinach,0.0049766666666666,0.1907743419371326,2.5299959145564967,0.0030096015666666,0.6209407182796518,0.0260866666666666,0.075405
Organic Baby Spinach,Organic Grape Tomatoes,0.0049766666666666,0.0659991600910638,2.5299959145564967,0.0030096015666666,0.6540619890245242,0.075405,0.0260866666666666
Organic Garnet Sweet Potato (Yam),Large Lemon,0.0019866666666666,0.1211751550269391,2.5290487343872083,0.0012011275666666,0.6146719595281417,0.016395,0.0479133333333333
Asparagus,Organic Baby Arugula,0.001195,0.056532366159426,2.527715902500604,0.000722241175,0.6174375206255825,0.0211383333333333,0.022365
Organic Baby Arugula,Asparagus,0.001195,0.0534317013190252,2.527715902500604,0.000722241175,0.6182122371867743,0.022365,0.0211383333333333
Bag of Organic Bananas + Organic Avocado,Organic Strawberries,0.0015233333333333,0.2081056466302367,2.52448167198686,0.0009199091333333,0.6083320717278488,0.00732,0.082435
Organic Strawberries + Honeycrisp Apple,Banana,0.0013416666666666,0.3707968678028557,2.5233717908255184,0.0008099706749999,0.6058971889269442,0.0036183333333333,0.146945
Organic Baby Spinach + Organic Garnet Sweet Potato (Yam),Bag of Organic Bananas,0.0010966666666666,0.2996357012750455,2.5231063626607253,0.0006620172666666,0.6058806843991257,0.00366,0.1187566666666666
Organic Cilantro,Organic Hass Avocado,0.0036666666666666,0.1677852348993288,2.521443193397719,0.0022124730222222,0.6168826760812967,0.0218533333333333,0.0665433333333333
Organic Hass Avocado,Organic Cilantro,0.0036666666666666,0.0551019385863848,2.521443193397719,0.0022124730222222,0.6464164378278585,0.0665433333333333,0.0218533333333333
Organic Raspberries,Bag of Organic Bananas,0.0127433333333333,0.298998905052401,2.5177441691896685,0.0076819242,0.6296549524025502,0.04262,0.1187566666666666
Bag of Organic Bananas,Organic Raspberries,0.0127433333333333,0.1073062564908636,2.5177441691896685,0.0076819242,0.6840551701548421,0.1187566666666666,0.04262
Organic Snipped Green Beans,Organic Baby Spinach,0.0010266666666666,0.1898305084745762,2.5174790594068863,0.0006188512916666,0.606054979490267,0.0054083333333333,0.075405
Organic Cucumber,Organic Strawberries,0.005285,0.207499018453082,2.5171228052778805,0.0031853805499999,0.6184735331892905,0.02547,0.082435
Organic Strawberries,Organic Cucumber,0.005285,0.0641111178504276,2.5171228052778805,0.0031853805499999,0.6568700989019408,0.082435,0.02547
Organic Strawberries + Organic Baby Carrots,Bag of Organic Bananas,0.0011916666666666,0.2986633249791144,2.5149183903706276,0.0007178275666666,0.6047858788734884,0.00399,0.1187566666666666
Organic Celery Hearts,Organic Baby Spinach,0.0014083333333333,0.1896319569120287,2.5148459241698657,0.0008483255333333,0.6068683342729877,0.0074266666666666,0.075405
Organic Cucumber,Carrots,0.0014566666666666,0.05719146708546,2.514647534169427,0.0008773939666666,0.6180722545569758,0.02547,0.0227433333333333
Carrots,Organic Cucumber,0.0014566666666666,0.0640480726952953,2.514647534169427,0.0008773939666666,0.6163477567135992,0.0227433333333333,0.02547
Organic Romaine,Organic Baby Spinach,0.0014033333333333,0.189554254840162,2.513815461045847,0.0008450849833333,0.6066898526246078,0.0074033333333333,0.075405
Organic Strawberries + Fresh Cauliflower,Bag of Organic Bananas,0.0010233333333333,0.298492950899368,2.5134837418196985,0.0006161958944444,0.604217283443416,0.0034283333333333,0.1187566666666666
Apple Honeycrisp Organic,Organic Yellow Onion,0.0023066666666666,0.0890261160427119,2.511905460880657,0.0013883730833333,0.617905784245524,0.02591,0.0354416666666666
Organic Yellow Onion,Apple Honeycrisp Organic,0.0023066666666666,0.0650834704914178,2.511905460880657,0.0013883730833333,0.62401186592384,0.0354416666666666,0.02591
Gala Apples,Banana,0.00278,0.3691082097809249,2.5118800216470447,0.0016732592416666,0.6064594640794524,0.0075316666666666,0.146945
Organic American Cheese Singles,Organic Strawberries,0.00117,0.2070185785903863,2.511294699950098,0.0007041048583333,0.6052195232219335,0.0056516666666666,0.082435
Yellow Onions,Michigan Organic Kale,0.0012233333333333,0.0526806861408167,2.510995526254374,0.0007361427666666,0.6160574613975583,0.0232216666666666,0.02098
Michigan Organic Kale,Yellow Onions,0.0012233333333333,0.0583095011121703,2.510995526254374,0.0007361427666666,0.6146468717508032,0.02098,0.0232216666666666
Banana + Limes,Organic Baby Spinach,0.001895,0.1892476697736351,2.5097496157235613,0.0011399446,0.6076383641139628,0.0100133333333333,0.075405
Strawberries + Banana,Large Lemon,0.00154,0.1202029400286197,2.50875761851857,0.0009261503444444,0.6092012104019268,0.0128116666666666,0.0479133333333333
Organic Fuji Apple,Cucumber Kirby,0.00205,0.0743112614789753,2.5071275802623263,0.0012323312,0.6181909997789425,0.0275866666666666,0.02964
Cucumber Kirby,Organic Fuji Apple,0.00205,0.0691632928475033,2.5071275802623263,0.0012323312,0.6194991247904976,0.02964,0.0275866666666666
Organic Low Sodium Chicken Broth,Organic Baby Spinach,0.0010233333333333,0.1889812249923053,2.5062160996260903,0.0006150152583333,0.6042641997622336,0.005415,0.075405
Organic Baby Spinach + Banana,Seedless Red Grapes,0.0010466666666666,0.0650709771008185,2.506103489344062,0.0006290196416666,0.610798879919816,0.016085,0.025965
Whipped Cream Cheese,Organic Strawberries,0.0019516666666666,0.2064891553517898,2.504872388570265,0.001172518525,0.606510601793718,0.0094516666666666,0.082435
Boneless Skinless Chicken Breasts,Limes,0.0017066666666666,0.1102497846683893,2.5044436755019723,0.0010252112666666,0.610154924798379,0.01548,0.0440216666666666
Organic Avocado,Organic Baby Arugula,0.0030766666666666,0.0559801067442988,2.503022881479941,0.0018474862666666,0.6354049319849709,0.05496,0.022365
Organic Baby Arugula,Organic Avocado,0.0030766666666666,0.1375661375661375,2.503022881479941,0.0018474862666666,0.6142201096759803,0.022365,0.05496
Organic Bartlett Pear,Organic Yellow Onion,0.0010366666666666,0.0887050770108385,2.5028472234424233,0.0006224717222222,0.6075553341855798,0.0116866666666666,0.0354416666666666
Organic Gala Apples,Organic Baby Carrots,0.0013233333333333,0.0588715058945651,2.5016220635084334,0.0007943432222222,0.6140624626026422,0.0224783333333333,0.0235333333333333
Organic Baby Carrots,Organic Gala Apples,0.0013233333333333,0.0562322946175637,2.5016220635084334,0.0007943432222222,0.6147259116687094,0.0235333333333333,0.0224783333333333
Organic Avocado,Honeycrisp Apple,0.0034733333333333,0.0631974769529354,2.5015494241826945,0.0020848605333333,0.6351559238959388,0.05496,0.0252633333333333
Honeycrisp Apple,Organic Avocado,0.0034733333333333,0.1374851563530809,2.5015494241826945,0.0020848605333333,0.6158050423724198,0.0252633333333333,0.05496
Air Chilled Organic Boneless Skinless Chicken Breasts,Organic Baby Spinach,0.0010016666666666,0.1884603323925996,2.499308167795234,0.0006008890916666,0.6030947246679328,0.005315,0.075405
Asparagus,Michigan Organic Kale,0.0011083333333333,0.0524323898131356,2.499160620263856,0.0006648511,0.6128196399579836,0.0211383333333333,0.02098
Michigan Organic Kale,Asparagus,0.0011083333333333,0.0528280902446774,2.499160620263856,0.0006648511,0.6127205308730551,0.02098,0.0211383333333333
Large Lemon,Honeycrisp Apple,0.003025,0.0631348267705579,2.499069538351681,0.0018145494888888,0.6300383060790026,0.0479133333333333,0.0252633333333333
Honeycrisp Apple,Large Lemon,0.003025,0.1197387518142235,2.49906953835168,0.0018145494888888,0.6153980774709108,0.0252633333333333,0.0479133333333333
Organic Baby Arugula,Limes,0.00246,0.1099932930918846,2.4986171905929195,0.001475455425,0.6134995453812317,0.022365,0.0440216666666666
Limes,Organic Baby Arugula,0.00246,0.0558815734676106,2.4986171905929195,0.001475455425,0.627397721408031,0.0440216666666666,0.022365
Ezekiel 4:9 Bread Organic Sprouted Whole Grain,Organic Baby Spinach,0.00105,0.1880597014925373,2.493995112957195,0.0006289887499999,0.6024003064730459,0.0055833333333333,0.075405
Bag of Organic Bananas + Organic Strawberries,Organic Yellow Onion,0.0017233333333333,0.0882478450115217,2.489946250031178,0.0010312166527777,0.6103031074160542,0.0195283333333333,0.0354416666666666
Banana + Organic Grape Tomatoes,Organic Strawberries,0.0011983333333333,0.2052526405937767,2.4898725128134505,0.000717050325,0.6018870282263596,0.0058383333333333,0.082435
Small Hass Avocado,Organic Fuji Apple,0.0010683333333333,0.0686663095875736,2.4891122373455894,0.0006391307777777,0.6077052183693163,0.0155583333333333,0.0275866666666666
Organic Grape Tomatoes,Organic Garlic,0.002205,0.0845259391771019,2.4887409709618797,0.0013190098444444,0.6142131801362261,0.0260866666666666,0.0339633333333333
Organic Garlic,Organic Grape Tomatoes,0.002205,0.0649229561291589,2.4887409709618793,0.0013190098444444,0.61922122242814,0.0339633333333333,0.0260866666666666
Organic D'Anjou Pears,Organic Blueberries,0.0011483333333333,0.0773462056578356,2.488616655657517,0.0006868989333333,0.6071850072243843,0.0148466666666666,0.03108
Organic Gala Apples,Organic Lemon,0.001515,0.0673982353377326,2.4841170343780075,0.0009051253527777,0.61118080289546,0.0224783333333333,0.0271316666666666
Organic Lemon,Organic Gala Apples,0.001515,0.0558388107377603,2.4841170343780075,0.0009051253527777,0.6141041460708538,0.0271316666666666,0.0224783333333333
Bag of Organic Bananas + Organic Hass Avocado,Original Hummus,0.0010683333333333,0.0551397849462365,2.482842098892453,0.0006380468749999,0.609035833708683,0.019375,0.0222083333333333
Michigan Organic Kale,Limes,0.0022916666666666,0.1092310136638068,2.481301184957562,0.0013680921,0.60977880292166,0.02098,0.0440216666666666
Limes,Michigan Organic Kale,0.0022916666666666,0.0520576988604096,2.481301184957562,0.0013680921,0.6244761233811404,0.0440216666666666,0.02098
Bag of Organic Bananas + Organic Blueberries,Organic Baby Spinach,0.001305,0.1870967741935484,2.4812250406942296,0.0007790501249999,0.6011664115828593,0.006975,0.075405
Seedless Red Grapes,Organic Fuji Apple,0.0017766666666666,0.0684254445086334,2.4803810237542323,0.0010603788666666,0.6127460872396041,0.025965,0.0275866666666666
Organic Fuji Apple,Seedless Red Grapes,0.0017766666666666,0.0644030932817786,2.4803810237542323,0.0010603788666666,0.6137679468447174,0.0275866666666666,0.025965
Organic Black Beans,Organic Avocado,0.0016216666666666,0.1362935985432133,2.47986896912688,0.0009677342666666,0.6039387525662853,0.0118983333333333,0.05496
Organic Hass Avocado,Organic Red Onion,0.0034883333333333,0.0524219806642288,2.479753106160304,0.0020816072666666,0.6392734318922955,0.0665433333333333,0.02114
Organic Red Onion,Organic Hass Avocado,0.0034883333333333,0.1650110375275938,2.479753106160304,0.0020816072666666,0.6096214441521183,0.02114,0.0665433333333333
Roma Tomato,Large Lemon,0.0015083333333333,0.118766404199475,2.4787756546432806,0.000899834,0.6042489897947021,0.0127,0.0479133333333333
Asparation/Broccolini/Baby Broccoli,Banana,0.0018633333333333,0.3640507977857375,2.4774629812905347,0.0011112198416666,0.5994293538402345,0.0051183333333333,0.146945
Red Peppers,Organic Fuji Apple,0.0011983333333333,0.068313539192399,2.4763245236490716,0.0007144172222222,0.6068203472586253,0.0175416666666666,0.0275866666666666
Organic Blackberries,Organic Strawberries,0.003925,0.204090475777797,2.475774559080452,0.0023396375583333,0.607774519082633,0.0192316666666666,0.082435
Original Veggie Straws,Organic Strawberries,0.0011,0.2038924930491195,2.473372876194815,0.000655263175,0.5989249958069239,0.005395,0.082435
Organic Grape Tomatoes,Organic Cilantro,0.00141,0.0540506005622284,2.4733343759409,0.0008399193777777,0.6116432351647187,0.0260866666666666,0.0218533333333333
Organic Cilantro,Organic Grape Tomatoes,0.00141,0.0645210494203782,2.4733343759409,0.0008399193777777,0.6089960966692675,0.0218533333333333,0.0260866666666666
Organic Sticks Low Moisture Part Skim Mozzarella String Cheese,Organic Strawberries,0.00217,0.2036284016265248,2.4701692439682765,0.0012915176833333,0.6015802798396075,0.0106566666666666,0.082435
Organic Baby Carrots,Organic Cucumber,0.00148,0.0628895184135977,2.469160518790645,0.000880606,0.609343948304145,0.0235333333333333,0.02547
Organic Cucumber,Organic Baby Carrots,0.00148,0.0581075775422065,2.469160518790645,0.000880606,0.6105548870266221,0.02547,0.0235333333333333
Organic Baby Spinach + Organic Small Bunch Celery,Bag of Organic Bananas,0.0012183333333333,0.2932210188527878,2.4690910168084974,0.0007248993833333,0.5974751632018727,0.004155,0.1187566666666666
Organic Whole String Cheese,Organic Cucumber,0.001165,0.0628484085596115,2.4675464687715576,0.0006928711,0.605971839631538,0.0185366666666666,0.02547
Organic Baby Spinach + Organic Unsweetened Almond Milk,Bag of Organic Bananas,0.0010183333333333,0.2927647340680402,2.465248834322623,0.0006052580611111,0.5964360381590584,0.0034783333333333,0.1187566666666666
Banana + Organic Hass Avocado,Organic Raspberries,0.0010333333333333,0.1050491358861402,2.4647849809042772,0.0006140946,0.6001889554661287,0.0098366666666666,0.04262
Organic Garnet Sweet Potato (Yam),Organic Avocado,0.00222,0.1354071363220494,2.4637397438509714,0.0013189308,0.6040158122142252,0.016395,0.05496
Organic Granny Smith Apple,Organic Baby Carrots,0.0010583333333333,0.0579538194761339,2.462626889920708,0.0006285754444444,0.6049774503448212,0.0182616666666666,0.0235333333333333
Organic Cilantro,Asparagus,0.0011366666666666,0.0520134228187919,2.460620806692042,0.0006747236222222,0.6068604176166381,0.0218533333333333,0.0211383333333333
Asparagus,Organic Cilantro,0.0011366666666666,0.0537727666955767,2.460620806692042,0.0006747236222222,0.6064171423170002,0.0211383333333333,0.0218533333333333
Organic Baby Spinach + Yellow Onions,Banana,0.00117,0.3614830072090628,2.459988480105229,0.0006943880166666,0.5954212113263577,0.0032366666666666,0.146945
Organic Roma Tomato,Organic Baby Spinach,0.00167,0.1854182087342709,2.4589643754959343,0.0009908523,0.5987171765759496,0.0090066666666666,0.075405
Organic Red Bell Pepper,Organic Large Extra Fancy Fuji Apple,0.001045,0.0576604745263932,2.4588688497395834,0.0006200078333333,0.6042601393448509,0.0181233333333333,0.02345
XL Emerald White Seedless Grapes,Banana,0.0017416666666666,0.3612167300380228,2.458176392786572,0.0010331468583333,0.5960684116123769,0.0048216666666666,0.146945
Watermelon Chunks,Organic Strawberries,0.00155,0.2025702461337399,2.45733300338133,0.0009192348583333,0.5976275944554026,0.0076516666666666,0.082435
Organic Navel Orange,Organic Yellow Onion,0.0011616666666666,0.0870814592703648,2.4570362361730016,0.0006888748333333,0.6010232455039176,0.01334,0.0354416666666666
Limes + Organic Cilantro,Organic Baby Spinach,0.0010266666666666,0.1852631578947368,2.456908134669278,0.0006087972916666,0.5962888088155194,0.0055416666666666,0.075405
Limes + Large Lemon,Organic Baby Spinach,0.0015933333333333,0.1851995350639287,2.456064386498624,0.0009445989833333,0.5979892510658751,0.0086033333333333,0.075405
Organic Strawberries + Organic Garlic,Bag of Organic Bananas,0.00141,0.2914226662073717,2.453947844674306,0.0008354156611111,0.5953739945180232,0.0048383333333333,0.1187566666666666
Organic Reduced Fat Milk,Organic Strawberries,0.0022283333333333,0.2022386930872787,2.4533110097322592,0.001320037025,0.5989874386239913,0.0110183333333333,0.082435
Unsalted Butter,Large Lemon,0.00131,0.1175414984297891,2.4532106253608417,0.0007760059,0.5990472981686237,0.011145,0.0479133333333333
Grated Parmesan,Organic Whole Milk,0.0015966666666666,0.1114860933317816,2.452489679159267,0.0009456275694444,0.6008563517185881,0.0143216666666666,0.0454583333333333
Organic Avocado,Organic Cilantro,0.002945,0.0535844250363901,2.4520023659116887,0.0017439408,0.626608451424052,0.05496,0.0218533333333333
Organic Cilantro,Organic Avocado,0.002945,0.1347620500305064,2.4520023659116883,0.0017439408,0.6054000602504594,0.0218533333333333,0.05496
Organic Hass Avocado,Bag of Organic Bananas,0.019375,0.2911636527576016,2.45176680122605,0.0114725355444444,0.6343421049468847,0.0665433333333333,0.1187566666666666
Bag of Organic Bananas,Organic Hass Avocado,0.019375,0.1631487355095854,2.4517668012260496,0.0114725355444444,0.6719266341230412,0.1187566666666666,0.0665433333333333
Organic Red Bell Pepper,Organic Baby Carrots,0.001045,0.0576604745263932,2.4501618070705335,0.0006184975555555,0.6027882213925517,0.0181233333333333,0.0235333333333333
Organic Strawberries + Organic Avocado,Banana,0.002685,0.36,2.4498962196740277,0.0015890352083333,0.5962665994990415,0.0074583333333333,0.146945
Organic Raspberries + Organic Hass Avocado,Organic Baby Spinach,0.001465,0.1846638655462185,2.4489604873180624,0.0008667869999999,0.5963948806148803,0.0079333333333333,0.075405
Organic White Onions,Organic Baby Spinach,0.0013083333333333,0.1844888366627497,2.446639303265695,0.0007735862083333,0.5954991643765851,0.0070916666666666,0.075405
Half & Half,Sparkling Water Grapefruit,0.00124,0.0581113801452784,2.4452505846950747,0.0007328945083333,0.6039308358183029,0.0213383333333333,0.023765
Sparkling Water Grapefruit,Half & Half,0.00124,0.0521775720597517,2.4452505846950747,0.0007328945083333,0.6054320510259654,0.023765,0.0213383333333333
Organic Red Bell Pepper + Organic Strawberries,Bag of Organic Bananas,0.0011266666666666,0.2903780068728522,2.4451512072825574,0.0006658908,0.5933294555657014,0.00388,0.1187566666666666
Organic Navel Orange,Organic Garlic,0.0011066666666666,0.0829585207396301,2.4425906587387436,0.0006535957999999,0.598583721299973,0.01334,0.0339633333333333
Bag of Organic Bananas + Organic Hass Avocado,Organic Baby Arugula,0.0010583333333333,0.0546236559139785,2.442372274266868,0.0006250114583333,0.602230218354637,0.019375,0.022365
Organic Russet Potato,Organic Hass Avocado,0.001625,0.1624187906046976,2.4407973341386215,0.00095923395,0.5962634310118894,0.010005,0.0665433333333333
Organic Strawberries + Organic Baby Spinach,Organic Whole Milk,0.0013333333333333,0.1109108553999722,2.439835499174458,0.0007868484027777,0.5973170485351399,0.0120216666666666,0.0454583333333333
Organic Small Bunch Celery,Yellow Onions,0.0011933333333333,0.0566321284505259,2.4387624395546967,0.0007040141138888,0.6026549046246873,0.0210716666666666,0.0232216666666666
Yellow Onions,Organic Small Bunch Celery,0.0011933333333333,0.0513887892054833,2.4387624395546963,0.0007040141138888,0.6039814164859008,0.0232216666666666,0.0210716666666666
Russet Potato,Large Lemon,0.0010616666666666,0.1167308044713212,2.4362906178792523,0.0006258949,0.5949510167025612,0.009095,0.0479133333333333
Organic Gala Apples,Organic Raspberries,0.0023333333333333,0.1038036627863869,2.435562242758961,0.0013753067666666,0.602970968126148,0.0224783333333333,0.04262
Organic Raspberries,Organic Gala Apples,0.0023333333333333,0.0547473799468168,2.435562242758961,0.0013753067666666,0.615656464219313,0.04262,0.0224783333333333
No Salt Added Black Beans,Large Lemon,0.0010233333333333,0.1166634999049971,2.434885903123636,0.0006030535444444,0.5945180520737005,0.0087716666666666,0.0479133333333333
Organic Frozen Peas,Organic Hass Avocado,0.0010233333333333,0.1620052770448548,2.4345831344715956,0.0006030012777777,0.5929978326177291,0.0063166666666666,0.0665433333333333
Cucumber Kirby,Limes,0.003175,0.1071187584345479,2.4333190118778156,0.0018701978,0.6070310783269656,0.02964,0.0440216666666666
Limes,Cucumber Kirby,0.003175,0.0721235755120584,2.4333190118778156,0.0018701978,0.6161632085441486,0.0440216666666666,0.02964
Organic Large Extra Fancy Fuji Apple,Organic Strawberries,0.0047,0.2004264392324093,2.4313269755857267,0.00276689925,0.6028385316523541,0.02345,0.082435
Organic Strawberries,Organic Large Extra Fancy Fuji Apple,0.0047,0.0570146175774852,2.4313269755857267,0.00276689925,0.6415915690824154,0.082435,0.02345
Organic Kiwi,Bag of Organic Bananas,0.0044916666666666,0.2886056971514243,2.4302273316705674,0.0026434170777777,0.5978199323523723,0.0155633333333333,0.1187566666666666
Organic Strawberries + Organic Baby Spinach,Bag of Organic Bananas,0.0034683333333333,0.2885068626091778,2.429395087510971,0.0020406802722222,0.5955342120722085,0.0120216666666666,0.1187566666666666
Organic Baby Spinach,Fresh Cauliflower,0.00409,0.0542404349844174,2.429038736427115,0.00240620635,0.6362942812825562,0.075405,0.02233
Fresh Cauliflower,Organic Baby Spinach,0.00409,0.1831616659202866,2.429038736427115,0.00240620635,0.6017516247838688,0.02233,0.075405
Large Lemon + Cucumber Kirby,Banana,0.0015766666666666,0.3568464730290456,2.428435625771858,0.000927414675,0.590822719155998,0.0044183333333333,0.146945
Yellow Onions + Organic Avocado,Banana,0.00106,0.3565022421524663,2.4260930426517837,0.0006230835333333,0.5895676351900153,0.0029733333333333,0.146945
Organic Baby Arugula,Michigan Organic Kale,0.0011383333333333,0.0508979804754452,2.4260238548829967,0.0006691156333333,0.6012498519131473,0.022365,0.02098
Michigan Organic Kale,Organic Baby Arugula,0.0011383333333333,0.0542580235144582,2.4260238548829967,0.0006691156333333,0.6003992757809952,0.02098,0.022365
Banana + Organic Fuji Apple,Strawberries,0.0011233333333333,0.1081514762516046,2.4254648183809064,0.0006601918666666,0.5938762882220741,0.0103866666666666,0.04459
Organic Tomato Cluster,Organic Large Extra Fancy Fuji Apple,0.0011416666666666,0.0568276090924174,2.42335220010309,0.0006705561666666,0.5993902166048767,0.02009,0.02345
Large Alfresco Eggs,Organic Zucchini,0.001,0.0791661169019659,2.422834488200947,0.0005872602916666,0.5947732693473053,0.0126316666666666,0.032675
Banana + Original Hummus,Organic Strawberries,0.001125,0.1995860437610881,2.421132331668443,0.0006603413833333,0.5902974283563537,0.0056366666666666,0.082435
Unsweetened Almondmilk,Organic Lemon,0.0010233333333333,0.0656824989302524,2.420879621484826,0.0006006219666666,0.596216049305509,0.01558,0.0271316666666666
Cucumber Kirby,Carrots,0.0016316666666666,0.0550494826810616,2.420466774779201,0.0009575542666666,0.6047822947127317,0.02964,0.0227433333333333
Carrots,Cucumber Kirby,0.0016316666666666,0.0717426352044555,2.420466774779201,0.0009575542666666,0.6005142430996766,0.0227433333333333,0.02964
Organic Baby Arugula,Fresh Cauliflower,0.0012083333333333,0.0540278709292793,2.4195195221352166,0.0007089228833333,0.6001164033611726,0.022365,0.02233
Fresh Cauliflower,Organic Baby Arugula,0.0012083333333333,0.0541125541125541,2.419519522135216,0.0007089228833333,0.6000949195536327,0.02233,0.022365
Organic Garlic,Asparagus,0.0017366666666666,0.0511335754244773,2.4189974970185624,0.0010187384055555,0.6072291332684083,0.0339633333333333,0.0211383333333333
Asparagus,Organic Garlic,0.0017366666666666,0.0821572183237404,2.4189974970185624,0.0010187384055555,0.5992732454250455,0.0211383333333333,0.0339633333333333
Organic Hass Avocado,Organic Garlic,0.0054616666666666,0.0820768421579922,2.4166309399742554,0.0032016332555555,0.6279892790966246,0.0665433333333333,0.0339633333333333
Organic Garlic,Organic Hass Avocado,0.0054616666666666,0.1608106781823535,2.416630939974255,0.0032016332555555,0.60681007191025,0.0339633333333333,0.0665433333333333
Banana + Large Lemon,Organic Zucchini,0.0010116666666666,0.0789234169808867,2.4154067936002064,0.0005928276249999,0.5936000255977525,0.0128183333333333,0.032675
Organic Grape Tomatoes,Organic Small Bunch Celery,0.0013266666666666,0.0508561206235624,2.413483538253381,0.0007769771222222,0.6013483205935695,0.0260866666666666,0.0210716666666666
Organic Small Bunch Celery,Organic Grape Tomatoes,0.0013266666666666,0.0629597405679031,2.4134835382533804,0.0007769771222222,0.5982676437706729,0.0210716666666666,0.0260866666666666
Fresh Cauliflower,Yellow Onions,0.00125,0.0559785042543663,2.410615269692083,0.0007314601833333,0.5985333974313077,0.02233,0.0232216666666666
Yellow Onions,Fresh Cauliflower,0.00125,0.0538290389722242,2.410615269692083,0.0007314601833333,0.5990797775680938,0.0232216666666666,0.02233
Organic Black Beans,Organic Baby Spinach,0.0021616666666666,0.1816781061773357,2.4093641824459353,0.0012644728416666,0.591996512781882,0.0118983333333333,0.075405
Limes + Cucumber Kirby,Banana,0.0011233333333333,0.3538057742782152,2.4077428580640055,0.0006567829583333,0.5865355069110004,0.003175,0.146945
Shredded Mozzarella,Organic Baby Spinach,0.0012933333333333,0.1814355856909048,2.4061479436496898,0.0007558213583333,0.5885936492036333,0.0071283333333333,0.075405
Banana + Large Lemon,Organic Baby Spinach,0.002325,0.181380834741906,2.405421851891865,0.001358433575,0.5918591532895945,0.0128183333333333,0.075405
Honeycrisp Apple,Organic Baby Carrots,0.00143,0.0566037735849056,2.405259500775028,0.0008354695555555,0.5993869569330976,0.0252633333333333,0.0235333333333333
Organic Baby Carrots,Honeycrisp Apple,0.00143,0.0607648725212464,2.405259500775028,0.0008354695555555,0.598325026740402,0.0235333333333333,0.0252633333333333
Organic Grape Tomatoes,Original Hummus,0.0013933333333333,0.0534117045744952,2.40502984950823,0.0008139919444444,0.5998529076679515,0.0260866666666666,0.0222083333333333
Original Hummus,Organic Grape Tomatoes,0.0013933333333333,0.0627392120075046,2.4050298495082294,0.0008139919444444,0.5974736385391437,0.0222083333333333,0.0260866666666666
Organic Baby Arugula,Organic Small Bunch Celery,0.0011333333333333,0.0506744168715999,2.404860406783199,0.0006620655083333,0.5975394176041281,0.022365,0.0210716666666666
Organic Small Bunch Celery,Organic Baby Arugula,0.0011333333333333,0.0537847029977062,2.404860406783199,0.0006620655083333,0.5967499648725513,0.0210716666666666,0.022365
Honeycrisp Apple,Banana,0.0089233333333333,0.3532128249109381,2.4037076791380323,0.0052110128166666,0.5991115905564728,0.0252633333333333,0.146945
Banana,Honeycrisp Apple,0.0089233333333333,0.0607256683339571,2.4037076791380323,0.0052110128166666,0.68457020325815,0.146945,0.0252633333333333
Seedless Red Grapes,Organic Baby Carrots,0.0014683333333333,0.0565504846267411,2.402995097453589,0.0008572903333333,0.5994165172949458,0.025965,0.0235333333333333
Organic Baby Carrots,Seedless Red Grapes,0.0014683333333333,0.0623937677053824,2.402995097453589,0.0008572903333333,0.5979238076978726,0.0235333333333333,0.025965
Organic Whole String Cheese,Organic Grape Tomatoes,0.0011616666666666,0.0626685847869088,2.4023224426364234,0.0006781068222222,0.5947610323886952,0.0185366666666666,0.0260866666666666
Banana + Organic Avocado,Organic Garlic,0.0013433333333333,0.0815541839522412,2.4012420439368305,0.0007839006277777,0.5933218542341381,0.0164716666666666,0.0339633333333333
Organic Whole String Cheese,Sparkling Water Grapefruit,0.0010566666666666,0.0570041359467721,2.3986592024730555,0.0006161427833333,0.5941133061865186,0.0185366666666666,0.023765
Organic Strawberries + Banana,Organic Fuji Apple,0.0011516666666666,0.0661497223817729,2.397887471548077,0.0006713828,0.5932955269328739,0.01741,0.0275866666666666
Bag of Organic Bananas + Organic Strawberries,Organic Whole Milk,0.0021283333333333,0.1089869420500127,2.397512932355918,0.0012406078472222,0.5945109100673078,0.0195283333333333,0.0454583333333333
Apple Honeycrisp Organic,Organic Small Bunch Celery,0.0013083333333333,0.0504953042583301,2.3963602432174387,0.00076236645,0.5981998289044952,0.02591,0.0210716666666666
Organic Small Bunch Celery,Apple Honeycrisp Organic,0.0013083333333333,0.0620896939017638,2.3963602432174387,0.00076236645,0.5952432384436516,0.0210716666666666,0.02591
Organic Whole Grassmilk Milk,Bag of Organic Bananas,0.0013466666666666,0.2845070422535211,2.3957142806314407,0.0007845517777777,0.5853586514120633,0.0047333333333333,0.1187566666666666
Limes + Organic Hass Avocado,Bag of Organic Bananas,0.0017833333333333,0.2844231791600212,2.395008104752193,0.0010387290333333,0.5861399761551659,0.00627,0.1187566666666666
Organic Whole Strawberries,Organic Hass Avocado,0.0015416666666666,0.1593179469514295,2.394198471443614,0.0008977490111111,0.5880136954087887,0.0096766666666666,0.0665433333333333
Organic Extra Firm Tofu,Organic Avocado,0.0011866666666666,0.1314866112650046,2.392405590702413,0.0006906526666666,0.5873111573524088,0.009025,0.05496
Organic Baby Spinach,Organic Red Onion,0.0038133333333333,0.0505713591052759,2.392211878206053,0.0022192716333333,0.6294397297444578,0.075405,0.02114
Organic Red Onion,Organic Baby Spinach,0.0038133333333333,0.1803847366761274,2.3922118782060524,0.0022192716333333,0.5945455191989427,0.02114,0.075405
Organic Green Seedless Grapes,Organic Hass Avocado,0.0010533333333333,0.1591538655250566,2.3917326883492964,0.0006129273722222,0.5857698953183634,0.0066183333333333,0.0665433333333333
Organic Baby Spinach + Seedless Red Grapes,Banana,0.0010466666666666,0.3514269725797426,2.391554476707221,0.000609015475,0.5836000743445652,0.0029783333333333,0.146945
Organic D'Anjou Pears,Organic Whole Milk,0.0016133333333333,0.1086663673102829,2.390460875753244,0.0009384286111111,0.5904366427443745,0.0148466666666666,0.0454583333333333
Organic Spring Mix Salad,Organic Baby Spinach,0.001165,0.1802475502836513,2.3903925506750396,0.00067763235,0.5854425800704187,0.0064633333333333,0.075405
Orange Bell Pepper,Organic Avocado,0.0016,0.1313628899835796,2.3901544756837634,0.0009305872,0.5887884432386468,0.01218,0.05496
Organic Baby Spinach + Organic Yellow Onion,Bag of Organic Bananas,0.0017366666666666,0.2838463633887224,2.3901509814639663,0.0010100737944444,0.5851968175511097,0.0061183333333333,0.1187566666666666
Organic Small Bunch Celery,Organic Baby Carrots,0.001185,0.0562366526931899,2.389659462883424,0.0006891134444444,0.5940479124598943,0.0210716666666666,0.0235333333333333
Organic Baby Carrots,Organic Small Bunch Celery,0.001185,0.0503541076487252,2.389659462883424,0.0006891134444444,0.5955455037186899,0.0235333333333333,0.0210716666666666
Organic Tomato Cluster,Organic Baby Arugula,0.0010733333333333,0.0534262485481997,2.388832933073989,0.0006240204833333,0.5933050417673673,0.02009,0.022365
Organic Zucchini,Organic Hass Avocado,0.005175,0.1583779648048967,2.380072606395282,0.0030006965833333,0.5994311636756793,0.032675,0.0665433333333333
Organic Hass Avocado,Organic Zucchini,0.005175,0.0777688724139658,2.3800726063952817,0.0030006965833333,0.6211801480546247,0.0665433333333333,0.032675
Michigan Organic Kale,Organic Grape Tomatoes,0.0013016666666666,0.0620432157610422,2.3783496969476974,0.0007543684,0.5919596985995377,0.02098,0.0260866666666666
Organic Strawberries + Organic Raspberries,Organic Whole Milk,0.00114,0.1081081081081081,2.3781801966953204,0.0006606418749999,0.5856864806046426,0.010545,0.0454583333333333
Michigan Organic Kale + Organic Avocado,Banana,0.0010616666666666,0.3494240263302249,2.3779238921380443,0.000615198775,0.5812310679195517,0.0030383333333333,0.146945
Organic Baby Arugula,Organic Baby Spinach,0.00401,0.1792980102839257,2.3778000170270643,0.0023235671749999,0.5926988966081781,0.022365,0.075405
Organic Baby Spinach,Organic Baby Arugula,0.00401,0.0531794973808102,2.3778000170270643,0.0023235671749999,0.6266994584499549,0.075405,0.022365
Large Alfresco Eggs,Organic Garlic,0.00102,0.0807494392400052,2.377547528903875,0.0005909864944444,0.586810923952873,0.0126316666666666,0.0339633333333333
Organic Grape Tomatoes,Apple Honeycrisp Organic,0.0016066666666666,0.0615895732174801,2.3770580168846083,0.0009307611333333,0.5948290149503648,0.0260866666666666,0.02591
Apple Honeycrisp Organic,Organic Grape Tomatoes,0.0016066666666666,0.0620095201337964,2.377058016884608,0.0009307611333333,0.5947211332768974,0.02591,0.0260866666666666
Organic Jalapeno Pepper,Organic Baby Spinach,0.001105,0.1792376317923763,2.3769992943753904,0.000640128175,0.582895063906085,0.006165,0.075405
Unsweetened Almondmilk,Organic Raspberries,0.0015783333333333,0.1013050919982884,2.3769378695046552,0.0009143137333333,0.58845883275369,0.01558,0.04262
Organic Hass Avocado,Organic Gala Apples,0.0035516666666666,0.05337374142163,2.374452795505154,0.0020558834388888,0.6201148434754583,0.0665433333333333,0.0224783333333333
Organic Gala Apples,Organic Hass Avocado,0.0035516666666666,0.1580040038555646,2.374452795505154,0.0020558834388888,0.5921611300084975,0.0224783333333333,0.0665433333333333
Organic Strawberries + Organic Hass Avocado,Limes,0.001325,0.1044403573305307,2.3724762199794966,0.0007665117888888,0.5859329999720139,0.0126866666666666,0.0440216666666666
Shredded Parmesan,Organic Baby Spinach,0.0020533333333333,0.178706121264868,2.369950550558557,0.0011869298833333,0.5847692667318923,0.01149,0.075405
Organic Strawberries + Organic Grape Tomatoes,Bag of Organic Bananas,0.0013766666666666,0.2814310051107325,2.3698122641036226,0.0007957486388888,0.5808670536862838,0.0048916666666666,0.1187566666666666
Organic Romaine Lettuce,Limes,0.0011533333333333,0.1042954031650339,2.3691834285776077,0.0006665270694444,0.5843758671579634,0.0110583333333333,0.0440216666666666
Apple Honeycrisp Organic,Bag of Organic Bananas,0.0072883333333333,0.2812942235944937,2.3686604844176644,0.0042113481,0.5931900105246254,0.02591,0.1187566666666666
Bag of Organic Bananas,Apple Honeycrisp Organic,0.0072883333333333,0.0613719931512616,2.3686604844176644,0.0042113481,0.655687748770032,0.1187566666666666,0.02591
Creamy Almond Butter,Organic Baby Spinach,0.00118,0.178562421185372,2.368044840333824,0.000681698625,0.5815538005176297,0.0066083333333333,0.075405
Asparagus,Cucumber Kirby,0.0014833333333333,0.0701726720807379,2.3674990580545883,0.0008567931333333,0.5900867997840418,0.0211383333333333,0.02964
Cucumber Kirby,Asparagus,0.0014833333333333,0.0500449842555105,2.3674990580545883,0.0008567931333333,0.5952567586407177,0.02964,0.0211383333333333
Organic Unsweetened Almond Milk,Organic Lemon,0.0011683333333333,0.0642176621473067,2.3668896915279825,0.0006747178777777,0.588206031345108,0.0181933333333333,0.0271316666666666
Carrots,Original Hummus,0.001195,0.0525428697054081,2.365907829136579,0.0006899084722222,0.5907652361453251,0.0227433333333333,0.0222083333333333
Original Hummus,Carrots,0.001195,0.0538086303939962,2.3659078291365785,0.0006899084722222,0.5904419981672238,0.0222083333333333,0.0227433333333333
Organic Granny Smith Apple,Organic Hass Avocado,0.002875,0.1574336040887104,2.3658809410716386,0.0016598078277777,0.5880634811065564,0.0182616666666666,0.0665433333333333
"Milk, Organic, Vitamin D",Bag of Organic Bananas,0.0017433333333333,0.2809562181036799,2.3658142821765504,0.0010064482166666,0.580917143456409,0.006205,0.1187566666666666
Grated Parmesan,Large Lemon,0.0016233333333333,0.1133480740137321,2.365689592606069,0.0009371345444444,0.585678161183495,0.0143216666666666,0.0479133333333333
Organic Bartlett Pear,Organic Whole Milk,0.0012566666666666,0.1075299486594409,2.3654617486953096,0.0007254102777777,0.5840754530412261,0.0116866666666666,0.0454583333333333
Organic Hass Avocado,Organic Grape Tomatoes,0.004105,0.0616891248810299,2.364776062395729,0.0023691062444444,0.6182686337235952,0.0665433333333333,0.0260866666666666
Organic Grape Tomatoes,Organic Hass Avocado,0.004105,0.1573600817786864,2.364776062395729,0.0023691062444444,0.5925855599131149,0.0260866666666666,0.0665433333333333
Organic Strawberries + Organic Hass Avocado,Organic Whole Milk,0.0013633333333333,0.1074619022595901,2.363964852639929,0.0007866186111111,0.5843959023552147,0.0126866666666666,0.0454583333333333
Yellow Bell Pepper,Organic Baby Spinach,0.0014166666666666,0.1781223805532271,2.362209144661855,0.0008169455666666,0.5812906571836636,0.0079533333333333,0.075405
Boneless Skinless Chicken Breasts,Large Lemon,0.0017516666666666,0.1131567614125753,2.361696704033158,0.0010099682666666,0.585641332005941,0.01548,0.0479133333333333
Organic Ginger Root,Organic Hass Avocado,0.00255,0.1570680628272251,2.3603876595785973,0.0014696689833333,0.5858520864004898,0.016235,0.0665433333333333
Banana + Organic Hass Avocado,Large Lemon,0.0011116666666666,0.1130125381226702,2.3586866172812777,0.0006403591777777,0.5817577999375294,0.0098366666666666,0.0479133333333333
Organic Zucchini,Organic Baby Arugula,0.0017233333333333,0.0527416475388931,2.3582225593066464,0.0009925569583333,0.5954067281898309,0.032675,0.022365
Organic Baby Arugula,Organic Zucchini,0.0017233333333333,0.0770549221253446,2.358222559306646,0.0009925569583333,0.5891276533125637,0.022365,0.032675
Small Hass Avocado,Organic Zucchini,0.0011983333333333,0.0770219603642206,2.3572137831437083,0.0006899647916666,0.5848699422695197,0.0155583333333333,0.032675
Organic Sticks Low Moisture Part Skim Mozzarella String Cheese,Organic Raspberries,0.00107,0.1004066312167657,2.355857137887511,0.0006158128666666,0.5817252961867372,0.0106566666666666,0.04262
Bag of Organic Bananas + Organic Strawberries,Organic Baby Spinach,0.0034683333333333,0.1776051890415635,2.3553502956244743,0.0019957993583333,0.5868957988583531,0.0195283333333333,0.075405
Organic Zucchini,Yellow Onions,0.0017866666666666,0.0546799285896455,2.354694405640372,0.0010278987083333,0.5947498940183942,0.032675,0.0232216666666666
Yellow Onions,Organic Zucchini,0.0017866666666666,0.0769396397042991,2.3546944056403714,0.0010278987083333,0.5889938603245123,0.0232216666666666,0.032675
Broccoli Crown,Organic Zucchini,0.0010383333333333,0.0769230769230769,2.3541875110352537,0.0005972752916666,0.5830958217674915,0.0134983333333333,0.032675
Organic Broccoli Crowns,Organic Strawberries,0.00111,0.1939429237041351,2.3526769418831215,0.0006381970166666,0.578261852603669,0.0057233333333333,0.082435
Organic Bartlett Pear,Bag of Organic Bananas,0.0032616666666666,0.2790929834569309,2.3501247659662416,0.0018737970888888,0.581283947943374,0.0116866666666666,0.1187566666666666
Organic Unsweetened Almond Milk,Organic Hass Avocado,0.002845,0.1563759618908025,2.3499869041346866,0.0016343549555555,0.5851108300966799,0.0181933333333333,0.0665433333333333
Yellow Onions,Cucumber Kirby,0.0016166666666666,0.0696188904040766,2.348815465724583,0.0009283764666666,0.5879056331812736,0.0232216666666666,0.02964
Cucumber Kirby,Yellow Onions,0.0016166666666666,0.0545434098065677,2.348815465724583,0.0009283764666666,0.5917942665980487,0.02964,0.0232216666666666
Organic Large Green Asparagus,Bag of Organic Bananas,0.0016516666666666,0.2789192231916689,2.3486616037696324,0.0009484292722222,0.5776462220546884,0.0059216666666666,0.1187566666666666
Organic Baby Spinach + Organic Cilantro,Bag of Organic Bananas,0.0010433333333333,0.2787177203918076,2.346964833343877,0.0005987875444444,0.5760742120282611,0.0037433333333333,0.1187566666666666
Bag of Organic Bananas + Organic Strawberries,Fresh Cauliflower,0.0010233333333333,0.0524024921054877,2.346730501813155,0.00058726565,0.5853052643163539,0.0195283333333333,0.02233
Organic Diced Tomatoes,Organic Baby Spinach,0.0012466666666666,0.1768321513002364,2.345098485514706,0.0007150614166666,0.5776511168443409,0.00705,0.075405
Organic Baby Broccoli,Organic Baby Spinach,0.001755,0.1768261964735516,2.345019514270295,0.001006605375,0.5793140077663977,0.009925,0.075405
Organic Granny Smith Apple,Organic Grape Tomatoes,0.0011166666666666,0.0611481244866295,2.3440374835150606,0.0006402806555555,0.5840514139289074,0.0182616666666666,0.0260866666666666
Strawberries + Banana,Organic Avocado,0.00165,0.1287888643163783,2.343319947532356,0.0009458708,0.5806946971986402,0.0128116666666666,0.05496
Organic Strawberries + Organic Blueberries,Bag of Organic Bananas,0.0020333333333333,0.2780309936189608,2.341182195685526,0.0011648262444444,0.5770857868413182,0.0073133333333333,0.1187566666666666
Organic Navel Orange,Organic Zucchini,0.00102,0.0764617691154422,2.340069445002059,0.0005841155,0.5804048556766878,0.01334,0.032675
Organic Kiwi,Organic Whole Milk,0.001655,0.1063396872992075,2.339278180734171,0.0009475168055555,0.5815688572662439,0.0155633333333333,0.0454583333333333
Organic Baby Spinach + Organic Avocado,Banana,0.00331,0.343598615916955,2.3382804172782676,0.0018944298333333,0.5779024237617956,0.0096333333333333,0.146945
Broccoli Crown,Limes,0.0013883333333333,0.1028522039757995,2.3363995905606973,0.0007941142027777,0.579817593559359,0.0134983333333333,0.0440216666666666
Organic Hass Avocado + Large Lemon,Bag of Organic Bananas,0.0013066666666666,0.2774239207360226,2.3360702899712797,0.0007473227666666,0.5746372301294197,0.00471,0.1187566666666666
Organic Baby Arugula,Organic Hass Avocado,0.003475,0.1553767046724793,2.3349702650775837,0.00198675835,0.5848082582791468,0.022365,0.0665433333333333
Organic Hass Avocado,Organic Baby Arugula,0.003475,0.0522216099784601,2.334970265077583,0.00198675835,0.6124858732053984,0.0665433333333333,0.022365
Organic Broccoli Florets,Organic Baby Spinach,0.0018116666666666,0.1759184334034633,2.332981014567513,0.0010351208416666,0.5773091723391374,0.0102983333333333,0.075405
Bag of Organic Bananas + Organic Gala Apples,Organic Baby Spinach,0.0010316666666666,0.1759022449559533,2.3327663279086717,0.0005894163416666,0.5746949883684935,0.005865,0.075405
Organic Mint,Organic Baby Spinach,0.001075,0.175845147219193,2.3320091137085477,0.0006140240999999,0.5746985330007367,0.0061133333333333,0.075405
Large Lemon + Organic Avocado,Banana,0.0026116666666666,0.3425885439440315,2.3314066075336455,0.00149145595,0.5754613240488669,0.0076233333333333,0.146945
Organic D'Anjou Pears,Organic Yellow Onion,0.0012266666666666,0.0826223619218679,2.331221121708008,0.0007004760555555,0.5796460747374278,0.0148466666666666,0.0354416666666666
Organic Small Bunch Celery,Limes,0.0021616666666666,0.1025864114529779,2.3303618245480164,0.0012340567805555,0.5831704617316005,0.0210716666666666,0.0440216666666666
Yellow Onions,Organic Avocado,0.0029733333333333,0.1280413407019306,2.329718717284037,0.0016970705333333,0.584332814118859,0.0232216666666666,0.05496
Organic Avocado,Yellow Onions,0.0029733333333333,0.0540999514798641,2.329718717284037,0.0016970705333333,0.6039571153464356,0.05496,0.0232216666666666
Large Alfresco Eggs,Organic Hass Avocado,0.001955,0.1547697585433434,2.325849199168614,0.0011144467944444,0.5773423067968014,0.0126316666666666,0.0665433333333333
Organic Granny Smith Apple,Organic Yellow Onion,0.001505,0.0824130692707858,2.3253158505747225,0.0008577760972222,0.5805527560781816,0.0182616666666666,0.0354416666666666
Organic Baby Spinach,Organic Avocado,0.0096333333333333,0.1277545697676988,2.324500905525816,0.0054890745333333,0.6162699609747772,0.075405,0.05496
Organic Avocado,Organic Baby Spinach,0.0096333333333333,0.1752789907811741,2.324500905525816,0.0054890745333333,0.6029375736132588,0.05496,0.075405
Organic Raspberries,Original Hummus,0.0021983333333333,0.0515798529641795,2.3225449739968287,0.0012518141666666,0.5947876827285663,0.04262,0.0222083333333333
Original Hummus,Organic Raspberries,0.0021983333333333,0.0989868667917448,2.3225449739968287,0.0012518141666666,0.5823713282727317,0.0222083333333333,0.04262
Organic Red Onion,Organic Avocado,0.0026933333333333,0.1274046042257962,2.3181332646615043,0.0015314789333333,0.5808986125100466,0.02114,0.05496
Frozen Organic Wild Blueberries,Bag of Organic Bananas,0.0025483333333333,0.2752475247524752,2.3177437737037243,0.0014488445277777,0.57385890024617,0.0092583333333333,0.1187566666666666
Organic Grape Tomatoes,Large Lemon,0.0028966666666666,0.1110401226680296,2.317520300571094,0.0016467675111111,0.5837319396737303,0.0260866666666666,0.0479133333333333
Large Lemon,Organic Grape Tomatoes,0.0028966666666666,0.0604563795742312,2.317520300571093,0.0016467675111111,0.5971140433372047,0.0479133333333333,0.0260866666666666
Organic Peeled Whole Baby Carrots,Cucumber Kirby,0.0012066666666666,0.0686646433990895,2.3166208974051794,0.0006857930666666,0.5785030220204159,0.0175733333333333,0.02964
Large Lemon,Organic Cilantro,0.002425,0.0506122165020175,2.3159952639727366,0.0013779339555555,0.5968156132753613,0.0479133333333333,0.0218533333333333
Organic Cilantro,Large Lemon,0.002425,0.110967053081147,2.315995263972736,0.0013779339555555,0.5809151196050638,0.0218533333333333,0.0479133333333333
Organic Carrot Bunch,Limes,0.0011583333333333,0.101951004840839,2.3159278728089743,0.0006581738305555,0.5747376005393267,0.0113616666666666,0.0440216666666666
Bag of Organic Bananas + Organic Large Extra Fancy Fuji Apple,Organic Baby Spinach,0.0012866666666666,0.1746211264419814,2.315776492831794,0.0007310574916666,0.5723970096343831,0.0073683333333333,0.075405
Organic Baby Arugula,Cucumber Kirby,0.001535,0.0686340263805052,2.3155879345649546,0.0008721013999999,0.5811414633556361,0.022365,0.02964
Cucumber Kirby,Organic Baby Arugula,0.001535,0.0517881241565452,2.3155879345649546,0.0008721013999999,0.585498407320672,0.02964,0.022365
Organic Broccoli Crowns,Bag of Organic Bananas,0.0015733333333333,0.2748980780430984,2.3148012297675784,0.0008936493444444,0.5712670162455777,0.0057233333333333,0.1187566666666666
Organic Large Extra Fancy Fuji Apple,Organic Baby Carrots,0.0012766666666666,0.0544420753375977,2.313402634742113,0.00072481,0.5813694049748589,0.02345,0.0235333333333333
Organic Baby Carrots,Organic Large Extra Fancy Fuji Apple,0.0012766666666666,0.0542492917847025,2.313402634742113,0.00072481,0.5814190200329744,0.0235333333333333,0.02345
Organic Hass Avocado,Organic Strawberries,0.0126866666666666,0.1906527075088914,2.3127640869641715,0.0072011669833333,0.6080806596401812,0.0665433333333333,0.082435
Organic Strawberries,Organic Hass Avocado,0.0126866666666666,0.1538990315602191,2.3127640869641715,0.0072011669833333,0.6186122461211919,0.082435,0.0665433333333333
Organic Zucchini,Apple Honeycrisp Organic,0.0019566666666666,0.0598826829890333,2.311180354652003,0.0011100574166666,0.5864840212724187,0.032675,0.02591
Apple Honeycrisp Organic,Organic Zucchini,0.0019566666666666,0.0755178180882542,2.3111803546520027,0.0011100574166666,0.5824109228894069,0.02591,0.032675
Asparagus,Organic Avocado,0.002685,0.1270204210360324,2.3111430319511004,0.0015232371999999,0.5795647003531627,0.0211383333333333,0.05496
Organic Grape Tomatoes,Organic Large Extra Fancy Fuji Apple,0.0014133333333333,0.0541783797597751,2.310378667794248,0.000801601,0.5823624130154543,0.0260866666666666,0.02345
Organic Large Extra Fancy Fuji Apple,Organic Grape Tomatoes,0.0014133333333333,0.0602700781805259,2.3103786677942475,0.000801601,0.5807900454333362,0.02345,0.0260866666666666
"Milk, Organic, Vitamin D",Organic Strawberries,0.0011816666666666,0.1904378189632017,2.310157323505814,0.0006701574916666,0.5706700556501754,0.006205,0.082435
Red Onion,Organic Garlic,0.0010316666666666,0.0784537389100126,2.30995403601961,0.0005850488333333,0.5746475686783628,0.01315,0.0339633333333333
Granny Smith Apples,Large Lemon,0.0012216666666666,0.1106415094339622,2.3092008369409127,0.0006926236111111,0.5732797133883079,0.0110416666666666,0.0479133333333333
Organic Red Bell Pepper,Organic Baby Spinach,0.0031533333333333,0.1739930108515725,2.307446599715835,0.0017867433833333,0.5770791205166439,0.0181233333333333,0.075405
Organic Whole Strawberries,Bag of Organic Bananas,0.00265,0.2738546331381329,2.306014818576919,0.0015008313222222,0.5718853866057299,0.0096766666666666,0.1187566666666666
Organic Baby Spinach + Large Lemon,Organic Hass Avocado,0.0011183333333333,0.1533363802559415,2.304308674887665,0.0006330106222222,0.5701889406499622,0.0072933333333333,0.0665433333333333
Organic Yellow Onion,Organic Large Extra Fancy Fuji Apple,0.001915,0.0540324476839877,2.3041555515559815,0.0010838929166666,0.5867986450415477,0.0354416666666666,0.02345
Organic Large Extra Fancy Fuji Apple,Organic Yellow Onion,0.001915,0.0816631130063965,2.3041555515559815,0.0010838929166666,0.5795929784071818,0.02345,0.0354416666666666
Organic Small Bunch Celery,Organic Gala Apples,0.00109,0.0517282290595586,2.3012484196437453,0.0006163440527777,0.577624776171038,0.0210716666666666,0.0224783333333333
Organic Gala Apples,Fresh Cauliflower,0.001155,0.0513828130792615,2.301066416447,0.0006530588166666,0.5784208250001848,0.0224783333333333,0.02233
Fresh Cauliflower,Organic Gala Apples,0.001155,0.0517241379310344,2.301066416447,0.0006530588166666,0.5783330662584398,0.02233,0.0224783333333333
Organic Avocado,Organic Garlic,0.004295,0.0781477438136826,2.300944464040122,0.0024283752,0.598277168845869,0.05496,0.0339633333333333
Organic Garlic,Organic Avocado,0.004295,0.1264599077436451,2.3009444640401218,0.0024283752,0.5852737014600207,0.0339633333333333,0.05496
Grape White/Green Seedless,Organic Strawberries,0.0022583333333333,0.1896165687097677,2.300194925817526,0.0012765324833333,0.5720675608116281,0.01191,0.082435
Organic Gala Apples,Organic Grape Tomatoes,0.0013466666666666,0.059909542522429,2.296557980670675,0.0007602818777777,0.5775480688323184,0.0224783333333333,0.0260866666666666
Organic Grape Tomatoes,Organic Gala Apples,0.0013466666666666,0.0516227958088423,2.296557980670675,0.0007602818777777,0.5796878751960295,0.0260866666666666,0.0224783333333333
Organic Strawberries + Organic Whole Milk,Bag of Organic Bananas,0.0021283333333333,0.2726302305721605,2.295704638943727,0.0012012396222222,0.5688446753097568,0.0078066666666666,0.1187566666666666
Organic Red Onion,Cucumber Kirby,0.0014383333333333,0.0680384736676127,2.2954950630098767,0.0008117437333333,0.5765524438069219,0.02114,0.02964
Organic Grade A Free Range Large Brown Eggs,Organic Yellow Onion,0.00102,0.0813505250564934,2.295335764584813,0.0005756205694444,0.5714995433870349,0.0125383333333333,0.0354416666666666
Organic Yellow Onion + Organic Zucchini,Bag of Organic Bananas,0.0010266666666666,0.2725663716814159,2.2951669100520613,0.0005793498888888,0.5664354132166223,0.0037666666666666,0.1187566666666666
Original Hummus,Cucumber Kirby,0.00151,0.0679924953095684,2.293943836355212,0.000851745,0.5768811042814245,0.0222083333333333,0.02964
Cucumber Kirby,Original Hummus,0.00151,0.050944669365722,2.293943836355212,0.000851745,0.5812992460775807,0.02964,0.0222083333333333
Organic Garnet Sweet Potato (Yam),Limes,0.001655,0.1009454101860323,2.293084697369454,0.000933264775,0.5733055530006603,0.016395,0.0440216666666666
Sparkling Water Grapefruit,Original Hummus,0.00121,0.0509152114454029,2.292617400918705,0.0006822189583333,0.5775426213326086,0.023765,0.0222083333333333
Original Hummus,Sparkling Water Grapefruit,0.00121,0.054484052532833,2.292617400918705,0.0006822189583333,0.5766231602880358,0.0222083333333333,0.023765
Grape White/Green Seedless,Strawberries,0.0012166666666666,0.102155051777218,2.2909856868629297,0.0006855997666666,0.5702989176433793,0.01191,0.04459
Organic Roma Tomato,Organic Avocado,0.0011333333333333,0.1258327165062916,2.289532687523501,0.0006383269333333,0.5683485732081853,0.0090066666666666,0.05496
Organic Baby Spinach,Organic Yellow Onion,0.0061183333333333,0.081139623809208,2.289385106302602,0.0034458544583333,0.6091331787639255,0.075405,0.0354416666666666
Organic Yellow Onion,Organic Baby Spinach,0.0061183333333333,0.1726310839407476,2.2893851063026016,0.0034458544583333,0.5838957292224232,0.0354416666666666,0.075405
Bartlett Pears,Large Lemon,0.001205,0.1096451319381255,2.288405425173067,0.0006784324666666,0.5692707810427189,0.01099,0.0479133333333333
Banana + Yellow Onions,Organic Baby Spinach,0.00117,0.1725239616613418,2.2879644806225294,0.000658628425,0.5667739497805394,0.0067816666666666,0.075405
Bag of Organic Bananas + Organic Raspberries,Organic Yellow Onion,0.0010333333333333,0.0810881506670154,2.287932772170668,0.0005816883611111,0.5701903460735717,0.0127433333333333,0.0354416666666666
Organic Frozen Peas,Organic Baby Spinach,0.0010883333333333,0.1722955145118733,2.2849348784811796,0.0006120250833333,0.5659255286192288,0.0063166666666666,0.075405
Carrots,Organic Baby Spinach,0.0039183333333333,0.172284918657482,2.284794359226604,0.0022033722833333,0.5754106046099554,0.0227433333333333,0.075405
Organic Baby Spinach,Carrots,0.0039183333333333,0.0519638397100103,2.2847943592266033,0.0022033722833333,0.6081839610053875,0.075405,0.0227433333333333
Air Chilled Organic Boneless Skinless Chicken Breasts,Organic Strawberries,0.001,0.1881467544684854,2.2823649477586634,0.000561857975,0.564860207000206,0.005315,0.082435
Organic Hass Avocado,Fresh Cauliflower,0.00339,0.0509442468566848,2.2814261915219376,0.0019040873666666,0.6017180114936982,0.0665433333333333,0.02233
Fresh Cauliflower,Organic Hass Avocado,0.00339,0.1518137035378414,2.2814261915219376,0.0019040873666666,0.5745064175869184,0.02233,0.0665433333333333
Organic Strawberries + Large Lemon,Banana,0.001715,0.3350700097688049,2.28024097294093,0.0009628865083333,0.5643383307761812,0.0051183333333333,0.146945
Uncured Genoa Salami,Organic Raspberries,0.0012666666666666,0.0971742743894642,2.280015823309814,0.0007111149666666,0.5688211361411792,0.013035,0.04262
Organic Yellow Onion,Organic Baby Arugula,0.0018066666666666,0.0509757818010815,2.27926589765623,0.0010140137916666,0.5818852286210059,0.0354416666666666,0.022365
Organic Baby Arugula,Organic Yellow Onion,0.0018066666666666,0.0807809821894328,2.27926589765623,0.0010140137916666,0.5741020383987512,0.022365,0.0354416666666666
Original Hummus,Honeycrisp Apple,0.0012783333333333,0.0575609756097561,2.2784394620565815,0.0007172768055555,0.5738472994533254,0.0222083333333333,0.0252633333333333
Honeycrisp Apple,Original Hummus,0.0012783333333333,0.0506003430531732,2.278439462056581,0.0007172768055555,0.5756458400846377,0.0252633333333333,0.0222083333333333
Bag of Organic Bananas,Organic Cucumber,0.00689,0.0580177954921828,2.277887534047228,0.0038652677,0.6365968878349008,0.1187566666666666,0.02547
Organic Cucumber,Bag of Organic Bananas,0.00689,0.2705143305850019,2.277887534047228,0.0038652677,0.5756587928799053,0.02547,0.1187566666666666
Organic Basil,Organic Baby Spinach,0.0014733333333333,0.1717505342918205,2.277707503372727,0.0008264841083333,0.5658158211991582,0.0085783333333333,0.075405
Organic Whole Milk + Large Lemon,Banana,0.0010683333333333,0.3345511482254697,2.2767099814588434,0.0005990889666666,0.5625661648746433,0.0031933333333333,0.146945
Organic Grape Tomatoes,Organic Strawberries,0.0048916666666666,0.1875159723996933,2.274713075752937,0.0027412123,0.5753942334122176,0.0260866666666666,0.082435
Organic Strawberries,Organic Grape Tomatoes,0.0048916666666666,0.0593396817694749,2.274713075752937,0.0027412123,0.6107296113553491,0.082435,0.0260866666666666
Organic Tomato Cluster,Organic Baby Spinach,0.003445,0.1714783474365356,2.2740978374979854,0.00193011355,0.5717516725233454,0.02009,0.075405
Organic Gala Apples,Original Hummus,0.001135,0.0504930673982353,2.2736090385696963,0.0006357936805555,0.5730518951784009,0.0224783333333333,0.0222083333333333
Original Hummus,Organic Gala Apples,0.001135,0.0511069418386491,2.2736090385696963,0.0006357936805555,0.5728936569595935,0.0222083333333333,0.0224783333333333
Bag of Organic Bananas + Large Lemon,Organic Strawberries,0.001165,0.1872990353697749,2.272081462604172,0.0006522543,0.5633791539599485,0.00622,0.082435
Organic Cilantro,Organic Baby Spinach,0.0037433333333333,0.1712934716290421,2.271646066295897,0.0020954827333333,0.5722971798436167,0.0218533333333333,0.075405
Organic Raspberries,Organic Grape Tomatoes,0.002525,0.0592444861567339,2.2710638700511345,0.0014131862666666,0.5845930867293417,0.04262,0.0260866666666666
Organic Grape Tomatoes,Organic Raspberries,0.002525,0.0967927421415793,2.2710638700511345,0.0014131862666666,0.5746689260915796,0.0260866666666666,0.04262
Organic Strawberries + Organic Baby Spinach,Limes,0.0012016666666666,0.099958408429225,2.2706638798142964,0.0006724528638888,0.5664093485085556,0.0120216666666666,0.0440216666666666
Limes + Yellow Onions,Banana,0.001,0.3335186214563646,2.269683360824558,0.0005594099083333,0.5610922499293716,0.0029983333333333,0.146945
Organic Frozen Peas,Bag of Organic Bananas,0.0017016666666666,0.2693931398416886,2.26844645781308,0.0009515203888888,0.5627242115273985,0.0063166666666666,0.1187566666666666
Organic Kiwi,Organic Blueberries,0.0010966666666666,0.0704647676161919,2.26720616525714,0.0006129582666666,0.5677648238467664,0.0155633333333333,0.03108
Large Yellow Flesh Nectarine,Banana,0.00155,0.3329752953813104,2.26598588166532,0.0008659710249999,0.5613038533081169,0.004655,0.146945
Michigan Organic Kale,Organic Hass Avocado,0.0031633333333333,0.1507785192246584,2.2658696472172286,0.0017672542,0.5706403808165061,0.02098,0.0665433333333333
Organic Strawberries + Organic Whole Milk,Organic Baby Spinach,0.0013333333333333,0.1707941929974381,2.2650247728590687,0.0007446716333333,0.5628980826989364,0.0078066666666666,0.075405
Apple Honeycrisp Organic,Organic Strawberries,0.0048366666666666,0.186671812684935,2.2644727686654345,0.0027007758166666,0.573248983859604,0.02591,0.082435
Organic Strawberries,Apple Honeycrisp Organic,0.0048366666666666,0.0586724894361214,2.264472768665434,0.0027007758166666,0.6085629930171722,0.082435,0.02591
Organic Lacinato (Dinosaur) Kale,Large Lemon,0.0014566666666666,0.1084367245657568,2.2631847342233926,0.0008130308888888,0.565744610920969,0.0134333333333333,0.0479133333333333
Fresh Cauliflower,Organic Large Extra Fancy Fuji Apple,0.001185,0.0530676220331392,2.2630116005603105,0.0006613615,0.5708582348482976,0.02233,0.02345
Organic Large Extra Fancy Fuji Apple,Fresh Cauliflower,0.001185,0.0505330490405117,2.2630116005603105,0.0006613615,0.5715129491210231,0.02345,0.02233
Organic Grade A Free Range Large Brown Eggs,Organic Strawberries,0.0023383333333333,0.1864947494350658,2.262324855159408,0.001304735825,0.5650617645468332,0.0125383333333333,0.082435
Organic Baby Spinach + Limes,Organic Strawberries,0.0012016666666666,0.1863049095607235,2.2600219513643904,0.0006699609166666,0.561145812124821,0.00645,0.082435
Organic Garbanzo Beans,Organic Avocado,0.0011616666666666,0.1241760199536789,2.259389009346415,0.0006475158666666,0.5626662101144152,0.009355,0.05496
Organic Broccoli,Organic Avocado,0.00149,0.1241321855040266,2.258591439301795,0.0008302968,0.5640162495453537,0.0120033333333333,0.05496
Organic Strawberries,Organic Gala Apples,0.004185,0.0507672711833565,2.2584980136438015,0.0023319985916666,0.6072897935498395,0.082435,0.0224783333333333
Organic Gala Apples,Organic Strawberries,0.004185,0.1861792837547267,2.2584980136438015,0.0023319985916666,0.5700414409418633,0.0224783333333333,0.082435
Organic Strawberries + Banana,Organic Baby Spinach,0.0029633333333333,0.17020869232242,2.257260026820769,0.0016505322833333,0.566853949762554,0.01741,0.075405
Organic Frozen Peas,Organic Strawberries,0.001175,0.1860158311345646,2.2565152075521886,0.0006542855833333,0.5603785186356228,0.0063166666666666,0.082435
Fresh Cauliflower,Apple Honeycrisp Organic,0.001305,0.0584415584415584,2.25555995528979,0.0007264297,0.5693650322819674,0.02233,0.02591
Apple Honeycrisp Organic,Fresh Cauliflower,0.001305,0.0503666538016209,2.25555995528979,0.0007264297,0.5714575769293506,0.02591,0.02233
Organic Italian Parsley Bunch,Organic Baby Spinach,0.003195,0.1699468085106383,2.253786997024578,0.001777386,0.5669612183222996,0.0188,0.075405
Banana + Organic Avocado,Organic Whole Milk,0.0016866666666666,0.1023980572700597,2.2525695458124955,0.0009378921527777,0.5653752132264572,0.0164716666666666,0.0454583333333333
Organic Baby Spinach + Organic Zucchini,Bag of Organic Bananas,0.0016866666666666,0.2674418604651162,2.252015553920759,0.0009377079555555,0.55948179854281,0.0063066666666666,0.1187566666666666
Organic Grade A Free Range Large Brown Eggs,Organic Whole Milk,0.0012833333333333,0.1023527847933005,2.2515736343164185,0.0007133615972222,0.5629243123230231,0.0125383333333333,0.0454583333333333
Broccoli Crown,Organic Baby Spinach,0.0022916666666666,0.1697740461785405,2.2514958713419606,0.0012738248416666,0.5634565645268381,0.0134983333333333,0.075405
Organic Broccoli,Organic Raspberries,0.0011516666666666,0.0959455706748125,2.25118654797777,0.0006400846,0.5625421933274333,0.0120033333333333,0.04262
Organic Large Grade AA Brown Eggs,Organic Hass Avocado,0.001195,0.1497181039883065,2.2499339376091756,0.0006638732944444,0.560012337619349,0.0079816666666666,0.0665433333333333
Organic Grape Tomatoes,Organic Yellow Onion,0.00208,0.0797342192691029,2.249731086831027,0.0011554450555555,0.5703817901889512,0.0260866666666666,0.0354416666666666
Organic Yellow Onion,Organic Grape Tomatoes,0.00208,0.0586879849517987,2.249731086831027,0.0011554450555555,0.5759137745830704,0.0354416666666666,0.0260866666666666
Organic Zucchini,Organic Gala Apples,0.0016516666666666,0.0505483295077786,2.2487578931316956,0.000917187125,0.5740677286230716,0.032675,0.0224783333333333
Organic Gala Apples,Organic Zucchini,0.0016516666666666,0.0734781641580781,2.248757893131695,0.000917187125,0.5680795470078032,0.0224783333333333,0.032675
Organic Reduced Fat Milk,Organic Avocado,0.0013616666666666,0.123581908939646,2.2485791291784216,0.0007560990666666,0.5614610776697591,0.0110183333333333,0.05496
Organic Tomato Cluster,Organic Strawberries,0.0037233333333333,0.1853326696532271,2.2482279329559915,0.0020672141833333,0.5665879945289771,0.02009,0.082435
Organic D'Anjou Pears,Organic Baby Spinach,0.0025166666666666,0.169510552312528,2.248001489457305,0.0013971537666666,0.5635269336273467,0.0148466666666666,0.075405
Banana + Organic Avocado,Strawberries,0.00165,0.1001720125467975,2.2465129523838874,0.0009155283833333,0.5641583145735712,0.0164716666666666,0.04459
Granny Smith Apples,Banana,0.003645,0.3301132075471698,2.246508608984109,0.0020224822916666,0.5610598622247305,0.0110416666666666,0.146945
Organic Broccoli,Organic Whole Milk,0.001225,0.1020549847264648,2.2450225787673297,0.0006793484722222,0.5613077453762283,0.0120033333333333,0.0454583333333333
Organic Tomato Cluster,Cucumber Kirby,0.0013366666666666,0.0665339306454289,2.2447345022074527,0.0007411990666666,0.5658815783657265,0.02009,0.02964
Asparagus,Organic Cucumber,0.0012083333333333,0.0571631317511629,2.244331831612209,0.0006699399833333,0.5664059678046157,0.0211383333333333,0.02547
Organic Bosc Pear,Organic Strawberries,0.0012233333333333,0.1848866498740554,2.2428173697344023,0.0006778884166666,0.5578231505546167,0.0066166666666666,0.082435
Organic Zucchini,Organic Large Extra Fancy Fuji Apple,0.0017183333333333,0.0525886253506758,2.242585302800676,0.0009521045833333,0.5728023998907263,0.032675,0.02345
Organic Large Extra Fancy Fuji Apple,Organic Zucchini,0.0017183333333333,0.073276474769012,2.2425853028006757,0.0009521045833333,0.5673914100397284,0.02345,0.032675
Red Peppers,Large Lemon,0.0018833333333333,0.1073634204275534,2.2407837851861716,0.0010428536111111,0.5636143155732921,0.0175416666666666,0.0479133333333333
Organic Roasted Turkey Breast,Bag of Organic Bananas,0.00236,0.2660154048468908,2.240003970417584,0.0013064304388888,0.5585272877896807,0.0088716666666666,0.1187566666666666
Organic Tomato Cluster,Carrots,0.0010233333333333,0.0509374481499917,2.239665021984099,0.0005664197666666,0.564852545622002,0.02009,0.0227433333333333
Asparagus,Organic Baby Spinach,0.0035683333333333,0.1688086414886068,2.2386929446138426,0.0019743973083333,0.5652594244791472,0.0211383333333333,0.075405
Banana,Cucumber Kirby,0.00975,0.0663513559495049,2.238574762129046,0.0053945502,0.6485949909443119,0.146945,0.02964
Cucumber Kirby,Banana,0.00975,0.3289473684210526,2.238574762129046,0.0053945502,0.5701875592563584,0.02964,0.146945
Organic Baby Spinach + Organic Yellow Onion,Organic Strawberries,0.0011283333333333,0.1844184146009261,2.237137315471901,0.000623968525,0.5564044376849631,0.0061183333333333,0.082435
Original Hummus,Apple Honeycrisp Organic,0.0012866666666666,0.057936210131332,2.2360559680174483,0.00071124875,0.5653392449898226,0.0222083333333333,0.02591
Bag of Organic Bananas + Organic Strawberries,Seedless Red Grapes,0.0011333333333333,0.0580353332764359,2.235137041264623,0.0006262801583333,0.5636064340182012,0.0195283333333333,0.025965
Organic Baby Spinach + Banana,Organic Strawberries,0.0029633333333333,0.1842296135115532,2.2348470129381113,0.0016373663583333,0.5615750122497652,0.016085,0.082435
Asparagus,Yellow Onions,0.0010966666666666,0.0518804699203658,2.234140669792543,0.0006057993361111,0.5643295975791577,0.0211383333333333,0.0232216666666666
Green Bell Pepper,Organic Baby Spinach,0.002975,0.1684280052840158,2.2336450538295325,0.00164309635,0.5622321886769781,0.0176633333333333,0.075405
Fresh Cauliflower,Limes,0.002195,0.0982982534706672,2.232951655715002,0.0012119961833333,0.564773666279331,0.02233,0.0440216666666666
Organic Baby Spinach + Organic Whole Milk,Bag of Organic Bananas,0.0014933333333333,0.265167209233501,2.2328616714865217,0.0008245353722222,0.5552713254849274,0.0056316666666666,0.1187566666666666
Yellow Onions + Large Lemon,Banana,0.0011333333333333,0.3280270139893874,2.23231150423211,0.0006256383583333,0.5539477350127043,0.003455,0.146945
Banana + Seedless Red Grapes,Organic Strawberries,0.0014183333333333,0.184,2.2320616243100626,0.000782896875,0.5562716227441602,0.0077083333333333,0.082435
Organic Strawberries + Banana,Limes,0.00171,0.0982194141298104,2.2311607344067803,0.0009435827833333,0.5615799033889569,0.01741,0.0440216666666666
Large Lemon,Organic Zucchini,0.0034916666666666,0.0728746347572005,2.2302872152165416,0.0019260985,0.5793876489219416,0.0479133333333333,0.032675
Organic Zucchini,Large Lemon,0.0034916666666666,0.1068604947717419,2.2302872152165416,0.0019260985,0.5702605177886733,0.032675,0.0479133333333333
Banana + Organic Fuji Apple,Organic Avocado,0.0012716666666666,0.1224326059050064,2.227667501910597,0.0007008154666666,0.5568841437608765,0.0103866666666666,0.05496
Chicken & Maple Breakfast Sausage,Organic Strawberries,0.0010466666666666,0.183625730994152,2.2275214531952696,0.0005767871666666,0.554229650408603,0.0057,0.082435
Organic Lacinato (Dinosaur) Kale,Organic Raspberries,0.001275,0.0949131513647642,2.2269627255927795,0.0007024713333333,0.5584598863027321,0.0134333333333333,0.04262
Organic Grape Tomatoes,Organic Blueberries,0.001805,0.0691924354715052,2.2262688375645183,0.0009942263999999,0.5655718340494063,0.0260866666666666,0.03108
Organic Blueberries,Organic Grape Tomatoes,0.001805,0.058075933075933,2.2262688375645183,0.0009942263999999,0.5684865108971887,0.03108,0.0260866666666666
Boneless Skinless Chicken Breasts,Organic Baby Spinach,0.0025983333333333,0.1678509905254091,2.2259928456390043,0.0014310639333333,0.5594221121537409,0.01548,0.075405
Grape White/Green Seedless,Organic Avocado,0.0014566666666666,0.1223061852784774,2.2253672721702595,0.0008020930666666,0.557273095102719,0.01191,0.05496
Organic Large Brown Grade AA Cage Free Eggs,Organic Strawberries,0.001805,0.1834349593495935,2.225207246310348,0.0009938396,0.5560754388277604,0.00984,0.082435
Broccoli Crown,Banana,0.0044133333333333,0.326953944931473,2.225008982486461,0.0024298207416666,0.5580969913821272,0.0134983333333333,0.146945
Limes,Organic Zucchini,0.003195,0.0725778972475674,2.2212057306065027,0.0017565920416666,0.5751114299131758,0.0440216666666666,0.032675
Organic Zucchini,Limes,0.003195,0.0977811782708492,2.2212057306065027,0.0017565920416666,0.5683654058866957,0.032675,0.0440216666666666
Organic Celery Hearts,Organic Hass Avocado,0.0010966666666666,0.1476660682226211,2.219096351589759,0.0006024715111111,0.5534766058133787,0.0074266666666666,0.0665433333333333
Organic Basil,Organic Hass Avocado,0.0012666666666666,0.147658830386633,2.2189875828277263,0.0006958357722222,0.5540972617118055,0.0085783333333333,0.0665433333333333
"Clementines, Bag",Strawberries,0.001215,0.0989010989010988,2.2180107401008944,0.0006672118499999,0.5559757172418719,0.012285,0.04459
Banana + Organic Fuji Apple,Large Lemon,0.0011016666666666,0.1060654685494223,2.2136942093242453,0.0006040068444444,0.5540208545517892,0.0103866666666666,0.0479133333333333
Organic Bell Pepper,Organic Baby Spinach,0.0012166666666666,0.1668190127970749,2.212307045913069,0.0006667128666666,0.552009164925045,0.0072933333333333,0.075405
Organic Creamy Peanut Butter,Organic Strawberries,0.0010166666666666,0.1823617339312406,2.212188195926981,0.0005570915416666,0.5510308906580415,0.005575,0.082435
Limes + Organic Avocado,Banana,0.00226,0.3250239693192713,2.2118749826075836,0.0012382424333333,0.551731253320656,0.0069533333333333,0.146945
Organic Baby Spinach + Original Hummus,Banana,0.0011116666666666,0.3248904042864101,2.210966036860119,0.0006088698583333,0.549589530166725,0.0034216666666666,0.146945
Organic Milk,Organic Hass Avocado,0.00129,0.1469527245111068,2.208376363939892,0.0007058604388888,0.5520244897770141,0.0087783333333333,0.0665433333333333
Organic Grape Tomatoes,Organic Lemon,0.0015616666666666,0.0598645540506005,2.2064458769187505,0.0008538919222222,0.5614282388517496,0.0260866666666666,0.0271316666666666
Organic Lemon,Organic Grape Tomatoes,0.0015616666666666,0.0575588181092204,2.2064458769187505,0.0008538919222222,0.5620312932317703,0.0271316666666666,0.0260866666666666
Banana + Organic Whole Milk,Large Lemon,0.0010683333333333,0.1057058047493403,2.206187659997364,0.0005840892444444,0.5523114294901259,0.0101066666666666,0.0479133333333333
Seedless Red Grapes,Cucumber Kirby,0.0016966666666666,0.0653443738365748,2.204601006632081,0.0009270640666666,0.5609687359398773,0.025965,0.02964
Cucumber Kirby,Seedless Red Grapes,0.0016966666666666,0.0572424651372019,2.204601006632081,0.0009270640666666,0.5630932671495099,0.02964,0.025965
Organic Leek,Organic Baby Spinach,0.0010116666666666,0.1661647960580345,2.203631006671103,0.0005525758916666,0.549549356966519,0.0060883333333333,0.075405
Boneless Skinless Chicken Breasts,Organic Garlic,0.0011583333333333,0.0748277347114556,2.2031917178758165,0.0006325809333333,0.5546997887003038,0.01548,0.0339633333333333
Blueberries,Seedless Red Grapes,0.0010033333333333,0.057202584568605,2.20306507100347,0.0005479072333333,0.5558363124418243,0.01754,0.025965
Organic Roma Tomato,Organic Hass Avocado,0.0013183333333333,0.1463730569948186,2.1996652356081547,0.0007189997111111,0.5503421167295746,0.0090066666666666,0.0665433333333333
Organic Granny Smith Apple,Organic Baby Spinach,0.0030283333333333,0.1658300629734416,2.1991918702134026,0.0016513123583333,0.5554306036756274,0.0182616666666666,0.075405
Organic Baby Spinach + Organic Baby Carrots,Bag of Organic Bananas,0.0010116666666666,0.2610752688172043,2.198405160276231,0.0005514845833333,0.547245369877468,0.003875,0.1187566666666666
Boneless Skinless Chicken Breasts,Organic Zucchini,0.0011116666666666,0.0718130921619293,2.197799301053691,0.0006058576666666,0.5535686428918153,0.01548,0.032675
Unsweetened Almondmilk,Organic Hass Avocado,0.0022783333333333,0.1462344886606761,2.1975828581978076,0.0012415882,0.5535793530060078,0.01558,0.0665433333333333
Organic Gala Apples,Bag of Organic Bananas,0.005865,0.2609179209609253,2.1970802000807703,0.0031955480611111,0.5573794401517091,0.0224783333333333,0.1187566666666666
Organic Baby Spinach + Organic Zucchini,Organic Strawberries,0.0011416666666666,0.1810253699788583,2.1959770725888075,0.0006217766,0.5480783871107704,0.0063066666666666,0.082435
Asparagus,Limes,0.0020416666666666,0.0965859812347236,2.19405553102011,0.0011111220027777,0.5559754154251016,0.0211383333333333,0.0440216666666666
Red Vine Tomato,Organic Garlic,0.0012616666666666,0.0745152081897824,2.1939898377598133,0.0006866108277777,0.5535824482104067,0.0169316666666666,0.0339633333333333
Organic Yellow Peaches,Organic Baby Spinach,0.0010866666666666,0.1653144016227181,2.1923533137420343,0.0005910044666666,0.5474678296377802,0.0065733333333333,0.075405
Organic Grape Tomatoes + Organic Avocado,Banana,0.0012283333333333,0.3218340611353711,2.1901668048274603,0.00066749325,0.5454957474850815,0.0038166666666666,0.146945
Organic Strawberries + Organic Blueberries,Organic Baby Spinach,0.0012066666666666,0.1649954421148587,2.188123362043083,0.0006552047666666,0.5469876789157448,0.0073133333333333,0.075405
Organic Strawberries + Seedless Red Grapes,Banana,0.0014183333333333,0.3213746223564954,2.1870402011398515,0.0007698160666666,0.5451670379383237,0.0044133333333333,0.146945
Organic AppleApple,Bag of Organic Bananas,0.00133,0.2596810933940774,2.186665394734983,0.0007217679388888,0.5454764091609662,0.0051216666666666,0.1187566666666666
Banana + Organic Raspberries,Organic Hass Avocado,0.0010333333333333,0.1454033771106941,2.1850930788562968,0.0005604320444444,0.546235505053765,0.0071066666666666,0.0665433333333333
Organic Baby Carrots,Organic Baby Spinach,0.003875,0.1646600566572238,2.183675573996735,0.0021004689999999,0.5551203483263113,0.0235333333333333,0.075405
Organic Baby Spinach,Organic Baby Carrots,0.003875,0.0513891651747231,2.183675573996735,0.0021004689999999,0.5862637329090382,0.075405,0.0235333333333333
Original Hummus,Organic Cucumber,0.001235,0.0556097560975609,2.1833433882042,0.00066935375,0.5542968513455625,0.0222083333333333,0.02547
Organic Baby Spinach,Organic Hass Avocado,0.0109483333333333,0.145193731626992,2.1819425681559688,0.0059306332833333,0.5858703485806848,0.075405,0.0665433333333333
Organic Hass Avocado,Organic Baby Spinach,0.0109483333333333,0.1645293793518008,2.1819425681559688,0.0059306332833333,0.5803084538249855,0.0665433333333333,0.075405
Organic Carrot Bunch,Bag of Organic Bananas,0.00294,0.2587648525744462,2.178950115708139,0.0015907263388888,0.547281409522308,0.0113616666666666,0.1187566666666666
Organic Red Onion,Apple Honeycrisp Organic,0.0011933333333333,0.0564490696941028,2.178659579085404,0.0006455959333333,0.5526859599646015,0.02114,0.02591
Organic Granny Smith Apple,Organic Zucchini,0.0013,0.0711873688053299,2.178649389604588,0.0007033000416666,0.5510633675822804,0.0182616666666666,0.032675
Organic Zucchini,Organic Raspberries,0.0030316666666666,0.092782453455751,2.176969813602794,0.0016390581666666,0.5589082307839098,0.032675,0.04262
Organic Raspberries,Organic Zucchini,0.0030316666666666,0.0711324886594712,2.1769698136027937,0.0016390581666666,0.5647140156918314,0.04262,0.032675
Organic Italian Parsley Bunch,Organic Hass Avocado,0.0027216666666666,0.1447695035460993,2.175567352794159,0.0014706519999999,0.550703002110217,0.0188,0.0665433333333333
Organic Gala Apples,Organic Yellow Onion,0.0017316666666666,0.0770371468821828,2.173632171611084,0.0009349970694444,0.5523566159657225,0.0224783333333333,0.0354416666666666
Organic Grade A Free Range Large Brown Eggs,Organic Raspberries,0.00116,0.0925162833975807,2.1707246221863152,0.0006256162333333,0.5461724310788029,0.0125383333333333,0.04262
Honeycrisp Apple,Yellow Onions,0.0012733333333333,0.0504024277609183,2.1704913985897507,0.0006866766277777,0.5532518238111511,0.0252633333333333,0.0232216666666666
Yellow Onions,Honeycrisp Apple,0.0012733333333333,0.0548338476997057,2.1704913985897507,0.0006866766277777,0.5520954142467691,0.0232216666666666,0.0252633333333333
Organic Baby Spinach + Large Lemon,Banana,0.002325,0.3187842778793418,2.169412214633651,0.0012532811333333,0.5430059723035201,0.0072933333333333,0.146945
Organic Baby Spinach + Banana,Organic Whole Milk,0.0015833333333333,0.0984353952958242,2.1653982466542456,0.0008521360416666,0.546989510486705,0.016085,0.0454583333333333
Organic Lacinato (Dinosaur) Kale,Organic Avocado,0.0015983333333333,0.1189826302729528,2.1648950195224317,0.0008600373333333,0.5454105186308267,0.0134333333333333,0.05496
Organic Lemon,Bag of Organic Bananas,0.00697,0.2568953866945144,2.1632081289009553,0.0037479337055555,0.5527198411288073,0.0271316666666666,0.1187566666666666
Bag of Organic Bananas,Organic Lemon,0.00697,0.0586914418839644,2.163208128900955,0.0037479337055555,0.6101874593539215,0.1187566666666666,0.0271316666666666
Organic Strawberries + Seedless Red Grapes,Bag of Organic Bananas,0.0011333333333333,0.256797583081571,2.1623845657639236,0.0006092205777777,0.5399304617318944,0.0044133333333333,0.1187566666666666
Organic Peeled Whole Baby Carrots,Organic Avocado,0.0020883333333333,0.1188353566009104,2.1622153675565956,0.0011225029333333,0.5471262119849686,0.0175733333333333,0.05496
Organic Baby Arugula,Organic Cucumber,0.0012316666666666,0.055071167747224,2.16219739879168,0.0006620301166666,0.549803901468799,0.022365,0.02547
Organic Granny Smith Apple,Large Lemon,0.0018916666666666,0.1035867481974993,2.1619607944378596,0.0010166893444444,0.5474543510473171,0.0182616666666666,0.0479133333333333
Organic Kiwi,Organic Baby Spinach,0.0025366666666666,0.1629899336046262,2.161526869632336,0.0013631135166666,0.545859459742204,0.0155633333333333,0.075405
Organic Blueberries,Strawberries,0.002995,0.0963642213642213,2.161117321467176,0.0016091427999999,0.5545105829067243,0.03108,0.04459
Strawberries,Organic Blueberries,0.002995,0.0671675263511998,2.161117321467176,0.0016091427999999,0.5623516542531304,0.04459,0.03108
Fresh Cauliflower,Organic Raspberries,0.0020566666666666,0.0921032989998507,2.1610347020143297,0.0011049620666666,0.549529701641214,0.02233,0.04262
Organic Coconut Milk,Organic Hass Avocado,0.0012233333333333,0.1436118176482097,2.158169878999295,0.0006564950388888,0.5412550367798563,0.0085183333333333,0.0665433333333333
Original Hummus,Organic Hass Avocado,0.003185,0.1434146341463414,2.1552066444874236,0.0017071834722222,0.5481815686175608,0.0222083333333333,0.0665433333333333
Berry Medley,Banana,0.001365,0.3165829145728643,2.154431348959572,0.0007314221416666,0.5381607666643312,0.0043116666666666,0.146945
Bag of Organic Bananas + Apple Honeycrisp Organic,Organic Baby Spinach,0.0011833333333333,0.1623599359707294,2.1531720173825275,0.0006337565583333,0.5395009855515729,0.0072883333333333,0.075405
Organic Bartlett Pear,Organic Baby Spinach,0.0018966666666666,0.1622932116371933,2.1522871379509763,0.0010154335666666,0.5417087484843225,0.0116866666666666,0.075405
Bag of Organic Bananas + Organic Whole Milk,Organic Baby Spinach,0.0014933333333333,0.1622013034033309,2.1510682766836537,0.0007991046333333,0.5400871118310195,0.0092066666666666,0.075405
Organic Broccoli,Bag of Organic Bananas,0.003065,0.2553457372951958,2.1501591823212376,0.0016395241444444,0.541416963074375,0.0120033333333333,0.1187566666666666
Organic Peeled Whole Baby Carrots,Organic Strawberries,0.0031133333333333,0.1771623672230652,2.149115875818102,0.0016646756,0.544256782735602,0.0175733333333333,0.082435
Organic Yams,Organic Baby Spinach,0.00101,0.1620320855614973,2.148824157038623,0.0005399755,0.5379826329998243,0.0062333333333333,0.075405
Bag of Organic Bananas + Organic Raspberries,Organic Whole Milk,0.0012433333333333,0.0975673554799895,2.146302961979605,0.0006640426388888,0.540976393898073,0.0127433333333333,0.0454583333333333
Limes,Organic Cucumber,0.002405,0.0546321886949608,2.1449622573600635,0.00128376815,0.5583717872559844,0.0440216666666666,0.02547
Organic Cucumber,Limes,0.002405,0.0944248135060855,2.144962257360063,0.00128376815,0.5477423276464866,0.02547,0.0440216666666666
Red Vine Tomato,Organic Zucchini,0.0011866666666666,0.0700856383502313,2.1449315485916243,0.0006334244583333,0.5429781814748819,0.0169316666666666,0.032675
Organic Sticks Low Moisture Part Skim Mozzarella String Cheese,Organic Hass Avocado,0.00152,0.1426337191116672,2.143471208410568,0.0008108698777777,0.5392132406213561,0.0106566666666666,0.0665433333333333
Organic Peeled Whole Baby Carrots,Organic Baby Spinach,0.00284,0.1616084977238239,2.143206653720893,0.0015148828,0.5429508936575944,0.0175733333333333,0.075405
Fresh Cauliflower,Organic Baby Carrots,0.001125,0.0503806538289296,2.14082098423214,0.0005995006666666,0.5450606866135623,0.02233,0.0235333333333333
Limes,Organic Hass Avocado,0.00627,0.1424298640820808,2.1404077155048964,0.0033406515611111,0.5573340665425536,0.0440216666666666,0.0665433333333333
Organic Hass Avocado,Limes,0.00627,0.094224314982718,2.140407715504896,0.0033406515611111,0.570780959705224,0.0665433333333333,0.0440216666666666
Organic Grape Tomatoes,Limes,0.0024566666666666,0.0941732685918732,2.139248141260892,0.0013082881222222,0.5468105105562503,0.0260866666666666,0.0440216666666666
Limes,Organic Grape Tomatoes,0.0024566666666666,0.0558058531783591,2.1392481412608917,0.0013082881222222,0.5570691599051647,0.0440216666666666,0.0260866666666666
Organic Baby Spinach + Organic Garlic,Organic Strawberries,0.0011433333333333,0.1762589928057554,2.138157248811251,0.0006086049666666,0.5357829967258365,0.0064866666666666,0.082435
Organic Zucchini,Organic Baby Carrots,0.0016433333333333,0.0502932925274164,2.1371087476239294,0.0008743816666666,0.5500510100599985,0.032675,0.0235333333333333
Organic Baby Carrots,Organic Zucchini,0.0016433333333333,0.0698300283286118,2.137108747623929,0.0008743816666666,0.5449014405403373,0.0235333333333333,0.032675
Organic Baby Spinach + Organic Hass Avocado,Large Lemon,0.0011183333333333,0.1021464454254833,2.1319002106334355,0.0005937621888888,0.536812090902805,0.0109483333333333,0.0479133333333333
Organic Kiwi,Organic Garlic,0.0011266666666666,0.0723923752409509,2.1314861686412097,0.0005980839888888,0.5392360881048541,0.0155633333333333,0.0339633333333333
Bartlett Pears,Organic Avocado,0.0012866666666666,0.1170761298149833,2.1302061465608317,0.0006826562666666,0.5364575335790074,0.01099,0.05496
Organic Garlic + Organic Avocado,Banana,0.0013433333333333,0.312766783081102,2.1284615541944407,0.0007122045583333,0.532464023551875,0.004295,0.146945
Organic Baby Spinach,Cucumber Kirby,0.0047566666666666,0.063081581681144,2.128258491266668,0.0025216624666666,0.5733670022981292,0.075405,0.02964
Cucumber Kirby,Organic Baby Spinach,0.0047566666666666,0.1604813315339631,2.128258491266668,0.0025216624666666,0.5463253467680436,0.02964,0.075405
Bag of Organic Bananas + Organic Strawberries,Organic Garlic,0.00141,0.0722027822821541,2.125903885037417,0.0007467527055555,0.5401602778714409,0.0195283333333333,0.0339633333333333
Organic Sour Cream,Organic Hass Avocado,0.0011616666666666,0.1414366883116883,2.1254824672397183,0.0006151240888888,0.533903713576885,0.0082133333333333,0.0665433333333333
Banana + Organic Garlic,Organic Strawberries,0.0010583333333333,0.174931129476584,2.122049244575533,0.0005596015833333,0.5319758555005818,0.00605,0.082435
Organic Russet Potato,Bag of Organic Bananas,0.00252,0.2518740629685157,2.120925671276131,0.00133183955,0.533848916344535,0.010005,0.1187566666666666
Carrots,Large Lemon,0.00231,0.1015682251209145,2.119832164760983,0.0012202910888888,0.5405586461194506,0.0227433333333333,0.0479133333333333
Organic Unsweetened Almond Milk,Organic Yellow Onion,0.0013666666666666,0.0751190912422132,2.119513507892215,0.0007218646111111,0.537981290837482,0.0181933333333333,0.0354416666666666
Apple Honeycrisp Organic,Organic Garlic,0.001865,0.0719799305287533,2.1193423455320457,0.0009850100333333,0.5422040200101153,0.02591,0.0339633333333333
Organic Garlic,Apple Honeycrisp Organic,0.001865,0.0549121601727353,2.1193423455320457,0.0009850100333333,0.5467240862337729,0.0339633333333333,0.02591
Organic Fat Free Milk,Organic Strawberries,0.0014366666666666,0.1747061207944872,2.119319716073115,0.0007587761833333,0.5325296444139485,0.0082233333333333,0.082435
Grated Parmesan,Organic Baby Spinach,0.0022883333333333,0.1597812172698708,2.118973771896702,0.0012084080583333,0.535746220152211,0.0143216666666666,0.075405
Large Alfresco Eggs,Organic Baby Spinach,0.0020166666666666,0.1596516690856313,2.1172557401449685,0.0010641758416666,0.5344413854336696,0.0126316666666666,0.075405
Organic Unsweetened Almond Milk,Organic Zucchini,0.0012583333333333,0.06916452913155,2.1167415189456777,0.0006638661666666,0.5373519853766905,0.0181933333333333,0.032675
Strawberries + Organic Baby Spinach,Banana,0.0013416666666666,0.3109308613364233,2.1159676160224796,0.0007075989916666,0.5296885813839513,0.004315,0.146945
Uncured Genoa Salami,Organic Strawberries,0.0022733333333333,0.1744022503516174,2.115633533712834,0.0011987931083333,0.5342928541277489,0.013035,0.082435
Shredded Parmesan,Organic Whole Milk,0.001105,0.0961705831157528,2.1155765305023535,0.00058268375,0.5334448926765823,0.01149,0.0454583333333333
Organic Tomato Cluster,Organic Raspberries,0.00181,0.0900945744151319,2.11390366999371,0.0009537642,0.5377448408132646,0.02009,0.04262
Organic Baby Spinach + Organic Avocado,Organic Strawberries,0.0016783333333333,0.1742214532871972,2.1134403261623977,0.0008842095,0.5319624063349493,0.0096333333333333,0.082435
Bag of Organic Bananas + Organic Hass Avocado,Organic Whole Milk,0.00186,0.096,2.1118240146654443,0.0009792447916666,0.5368776998796119,0.019375,0.0454583333333333
Carrots,Organic Grape Tomatoes,0.0012516666666666,0.0550344423274219,2.1096770634074353,0.0006583689111111,0.5382350632728345,0.0227433333333333,0.0260866666666666
Banana + Organic Raspberries,Organic Baby Spinach,0.00113,0.1590056285178236,2.1086881309969314,0.0005941217999999,0.5295347312481825,0.0071066666666666,0.075405
Organic Yams,Organic Strawberries,0.0010833333333333,0.1737967914438503,2.108288851141509,0.0005694885,0.5289789947080391,0.0062333333333333,0.082435
Organic Unsalted Butter,Organic Strawberries,0.0011716666666666,0.1736660079051383,2.1067023461531913,0.0006155052,0.5288927581630775,0.0067466666666666,0.082435
Ground Turkey Breast,Organic Hass Avocado,0.0011633333333333,0.1401606425702811,2.106306305218872,0.0006110236666666,0.5296311823666519,0.0083,0.0665433333333333
Small Hass Avocado,Large Lemon,0.00157,0.1009105516871987,2.106105851270322,0.0008245483888888,0.5334902761637746,0.0155583333333333,0.0479133333333333
Organic Lemon,Organic Baby Spinach,0.0043066666666666,0.1587321088518951,2.105060789760561,0.0022608033416666,0.5395944325802666,0.0271316666666666,0.075405
Organic Baby Spinach,Organic Lemon,0.0043066666666666,0.0571138076608536,2.105060789760561,0.0022608033416666,0.567766791189991,0.075405,0.0271316666666666
Organic Small Bunch Celery,Large Lemon,0.002125,0.1008463181206992,2.1047652314046026,0.0011153862111111,0.536185960591092,0.0210716666666666,0.0479133333333333
Organic Salted Butter,Bag of Organic Bananas,0.0011816666666666,0.2498238195912614,2.103661433109115,0.0006199476333333,0.5271316684759534,0.00473,0.1187566666666666
Organic Kiwi,Organic Yellow Onion,0.00116,0.0745341614906832,2.103009494211612,0.0006084095277777,0.5327828493001637,0.0155633333333333,0.0354416666666666
Organic Small Bunch Celery,Organic Raspberries,0.0018883333333333,0.0896148066123546,2.102646799914469,0.0009902589,0.535696977842524,0.0210716666666666,0.04262
