antecedent,consequent,support,confidence,lift,leverage,zhangs,antecedent_support,consequent_support
packaged vegetables fruits + dry pasta,pasta sauce,0.010701666666666667,0.2897824713421789,4.664256319052159,0.008407267316666666,0.815728399069006,0.03693,0.062128333333333334
packaged vegetables fruits + pasta sauce,dry pasta,0.010701666666666667,0.326652083227349,4.5836256679625205,0.008366906491666666,0.8083138044488023,0.03276166666666667,0.071265
fresh vegetables + pasta sauce,dry pasta,0.013165,0.3222503263707572,4.521859627738121,0.0102535872,0.812026016627178,0.04085333333333333,0.071265
fresh fruits + pasta sauce,dry pasta,0.01345,0.316656856974691,4.443371317963811,0.010423019125,0.8093215945811348,0.042475,0.071265
dry pasta + fresh fruits,pasta sauce,0.01345,0.2757748692888631,4.43879393656458,0.01041989763611111,0.81443492770893,0.048771666666666665,0.062128333333333334
pasta sauce,dry pasta + fresh fruits,0.01345,0.21648737827614883,4.43879393656458,0.01041989763611111,0.8260336743580974,0.062128333333333334,0.048771666666666665
dry pasta + fresh vegetables,pasta sauce,0.013165,0.2739189236050907,4.408921162192623,0.010179008752777777,0.8122239824567785,0.04806166666666667,0.062128333333333334
pasta sauce,dry pasta + fresh vegetables,0.013165,0.21190009925691444,4.408921162192622,0.010179008752777777,0.8244061225362408,0.062128333333333334,0.04806166666666667
dry pasta,pasta sauce,0.019513333333333334,0.2738137000397577,4.407227513583567,0.015085757658333334,0.8324225774743115,0.071265,0.062128333333333334
pasta sauce,dry pasta,0.019513333333333334,0.3140810687555329,4.407227513583567,0.015085757658333334,0.8243131869398671,0.062128333333333334,0.071265
canned jarred vegetables,canned meals beans + fresh vegetables,0.015181666666666666,0.20495454954549547,4.094314290903855,0.011473679055555554,0.816218913168244,0.07407333333333334,0.05005833333333334
canned meals beans + fresh vegetables,canned jarred vegetables,0.015181666666666666,0.3032795072415515,4.094314290903854,0.011473679055555554,0.7955844911952435,0.05005833333333334,0.07407333333333334
packaged vegetables fruits + canned jarred vegetables,canned meals beans,0.010635,0.27403908095340346,3.929532982148557,0.007928571513888889,0.7756172451109867,0.038808333333333334,0.06973833333333333
fresh fruits + canned jarred vegetables,canned meals beans,0.013503333333333332,0.2692320473199747,3.8606034077858857,0.010005607225,0.7800989997433859,0.050155,0.06973833333333333
canned jarred vegetables + fresh vegetables,canned meals beans,0.015181666666666666,0.2687734206721549,3.8540270153500686,0.011242496908333333,0.7848641929205398,0.056485,0.06973833333333333
canned meals beans,canned jarred vegetables + fresh vegetables,0.015181666666666666,0.21769471596204862,3.8540270153500686,0.011242496908333333,0.7960460647990688,0.06973833333333333,0.056485
packaged vegetables fruits + canned meals beans,canned jarred vegetables,0.010635,0.28247011952191237,3.8133847473932905,0.007846139,0.7666293691377886,0.03765,0.07407333333333334
fresh fruits + canned meals beans,canned jarred vegetables,0.013503333333333332,0.2722903713661569,3.675956773010848,0.009829913277777777,0.7659465463941919,0.049591666666666666,0.07407333333333334
canned jarred vegetables,canned meals beans,0.018331666666666666,0.247479974799748,3.5486935659452907,0.013165915855555554,0.7756620282929976,0.07407333333333334,0.06973833333333333
canned meals beans,canned jarred vegetables,0.018331666666666666,0.26286356140812084,3.5486935659452907,0.013165915855555554,0.7720474593892839,0.06973833333333333,0.07407333333333334
spices seasonings + fresh vegetables,fresh herbs,0.011783333333333333,0.3223894208846329,3.4246955230122826,0.008342638166666666,0.7348624620252109,0.03655,0.09413666666666666
soup broth bouillon + fresh vegetables,canned jarred vegetables,0.013898333333333334,0.24724997776262342,3.3379080788762048,0.009734547811111112,0.742127379701264,0.05621166666666667,0.07407333333333334
frozen pizza,frozen meals,0.010263333333333333,0.23461728959500133,3.1522577369057663,0.007007465891666666,0.7140010318108087,0.043745,0.07442833333333333
dry pasta + fresh vegetables,canned jarred vegetables,0.010958333333333334,0.2280056871380518,3.0781075574392736,0.007398245477777778,0.70921092151722,0.04806166666666667,0.07407333333333334
canned jarred vegetables + fresh vegetables,fresh herbs,0.01627,0.28804107285119945,3.0598180608108723,0.010952690383333333,0.7134843460352369,0.056485,0.09413666666666666
packaged vegetables fruits + canned jarred vegetables,fresh herbs,0.010793333333333334,0.2781189607043161,2.9544169190642977,0.0071400461944444455,0.6882329084832817,0.038808333333333334,0.09413666666666666
fresh fruits + soup broth bouillon,canned jarred vegetables,0.011858333333333334,0.2168347910888977,2.9272989526896454,0.007807386188888889,0.6964773385137148,0.05468833333333333,0.07407333333333334
canned jarred vegetables + fresh vegetables,soup broth bouillon,0.013898333333333334,0.2460535245345372,2.924566456432692,0.009146062,0.6974653048394303,0.056485,0.08413333333333334
fresh fruits + canned jarred vegetables,fresh herbs,0.013793333333333333,0.2750141228857209,2.9214346824020496,0.009071908816666667,0.6924313203745962,0.050155,0.09413666666666666
soup broth bouillon + fresh vegetables,canned meals beans,0.011333333333333334,0.2016188810152104,2.891076849392401,0.007413225386111112,0.6930665480825555,0.05621166666666667,0.06973833333333333
fresh fruits + canned jarred vegetables,soup broth bouillon,0.011858333333333334,0.23643372212806965,2.810226491221113,0.007638626,0.67817043359965,0.050155,0.08413333333333334
spices seasonings,fresh herbs + fresh vegetables,0.011783333333333333,0.2237625015824788,2.8096160081508272,0.007589403166666666,0.6798820662718263,0.05266,0.07964166666666667
spices seasonings,canned jarred vegetables,0.010905,0.20708317508545385,2.7956508201618284,0.007004298266666666,0.6780052964310752,0.05266,0.07407333333333334
oils vinegars + fresh vegetables,fresh herbs,0.011448333333333333,0.26288797887404797,2.7926204334908253,0.007348838394444444,0.6711404315118479,0.043548333333333335,0.09413666666666666
canned jarred vegetables,fresh herbs + fresh vegetables,0.01627,0.2196471964719647,2.7579432433437026,0.010370676277777777,0.6884032833277728,0.07407333333333334,0.07964166666666667
fresh herbs + fresh vegetables,canned jarred vegetables,0.01627,0.20429004917861254,2.7579432433437026,0.010370676277777777,0.6925682469191241,0.07964166666666667,0.07407333333333334
packaged vegetables fruits + fresh herbs,canned jarred vegetables,0.010793333333333334,0.20418072327143172,2.7564673288376165,0.006877693477777778,0.6727811465873996,0.05286166666666667,0.07407333333333334
bread + packaged cheese,lunch meat,0.017096666666666666,0.2861925620065285,2.7378551508142204,0.010852119119444444,0.6750786559208878,0.05973833333333333,0.10453166666666666
soup broth bouillon + fresh vegetables,fresh herbs,0.014373333333333333,0.2557001808639962,2.716265509691543,0.009081754405555555,0.6694800675950543,0.05621166666666667,0.09413666666666666
canned meals beans + fresh vegetables,fresh herbs,0.012796666666666666,0.25563509239220905,2.7155740844043312,0.008084342027777778,0.6650447730544465,0.05005833333333334,0.09413666666666666
fresh fruits + breakfast bakery,other creams cheeses,0.010553333333333333,0.2324352103369797,2.706038888607948,0.006653414016666666,0.6604424494505762,0.04540333333333333,0.085895
canned meals beans + fresh vegetables,soup broth bouillon,0.011333333333333334,0.2264025303812219,2.6909967953394043,0.007121758888888889,0.6615042925752407,0.05005833333333334,0.08413333333333334
canned jarred vegetables,soup broth bouillon,0.016731666666666666,0.22587975879758798,2.684783186976085,0.01049963022222222,0.6777323379814768,0.07407333333333334,0.08413333333333334
chips pretzels + packaged vegetables fruits,fresh dips tapenades,0.019176666666666668,0.2628200735512461,2.6673665679518876,0.011987303608333335,0.6742985947590502,0.072965,0.09853166666666667
chips pretzels + bread,lunch meat,0.011196666666666667,0.2784432378662909,2.6637214037177657,0.006993274130555557,0.6507532366793889,0.040211666666666666,0.10453166666666666
spices seasonings,fresh herbs,0.013195,0.2505696923661223,2.661765083029521,0.008237763133333334,0.6590130739724194,0.05266,0.09413666666666666
fruit vegetable snacks,energy granola bars,0.010633333333333333,0.22905970631529818,2.6440644065714793,0.006611746980555556,0.6520642983912552,0.04642166666666667,0.08663166666666666
baking ingredients + fresh vegetables,fresh herbs,0.010695,0.24713086343680196,2.625234907795071,0.006621078855555556,0.6470854063602319,0.043276666666666665,0.09413666666666666
breakfast bakery,other creams cheeses,0.015251666666666667,0.2231624640296542,2.5980844522923827,0.00938131605,0.6602228733219734,0.06834333333333334,0.085895
preserved dips spreads,chips pretzels,0.013871666666666666,0.43344443287157586,2.5759120821202792,0.008486519105555555,0.6320145655229134,0.032003333333333335,0.16826833333333333
canned jarred vegetables,fresh herbs,0.017875,0.2413149131491315,2.5634529210983836,0.01090198331111111,0.6586927304444171,0.07407333333333334,0.09413666666666666
chips pretzels + packaged cheese,fresh dips tapenades,0.014258333333333333,0.25222595671914616,2.5598466488182767,0.008688338216666668,0.6458621885856195,0.05653,0.09853166666666667
fresh fruits + canned meals beans,soup broth bouillon,0.010661666666666667,0.2149890774659721,2.555337687788892,0.006489354444444444,0.6404218779102916,0.049591666666666666,0.08413333333333334
baby food formula,yogurt + milk,0.011145,0.242687087174276,2.5442009383496513,0.0067644497722222224,0.6361640582866238,0.04592333333333333,0.09538833333333334
chips pretzels + yogurt,fresh dips tapenades,0.01404,0.24810037109029864,2.517975991714663,0.008464092983333334,0.6390176334717063,0.05659,0.09853166666666667
packaged cheese + crackers,lunch meat,0.01137,0.26156972508722826,2.5023012970923797,0.006826182669444444,0.6276508032365451,0.04346833333333333,0.10453166666666666
baby food formula,yogurt + packaged cheese,0.01007,0.2192785076576904,2.496529498949037,0.006036400555555556,0.6282974616855893,0.04592333333333333,0.08783333333333333
fresh fruits + canned meals beans,fresh herbs,0.01161,0.23411191396403966,2.4869365174466873,0.006941605805555556,0.6290968234996646,0.049591666666666666,0.09413666666666666
fresh dips tapenades,chips pretzels + fresh vegetables,0.019718333333333334,0.20012178825758217,2.472929110380997,0.011744658208333335,0.6607234229944917,0.09853166666666667,0.080925
chips pretzels + fresh vegetables,fresh dips tapenades,0.019718333333333334,0.2436618267943569,2.4729291103809965,0.011744658208333335,0.6480659825597905,0.080925,0.09853166666666667
hot dogs bacon sausage + packaged vegetables fruits,lunch meat,0.010348333333333333,0.2583530978238256,2.471529499741631,0.006161317424999999,0.6202357905227097,0.040055,0.10453166666666666
chips pretzels + packaged cheese,lunch meat,0.014561666666666667,0.25759183914145883,2.464246934499519,0.008652491550000002,0.6297990529989359,0.05653,0.10453166666666666
packaged cheese + fresh dips tapenades,chips pretzels,0.014258333333333333,0.4133449292167947,2.4564629661956285,0.008453917175,0.6140937791732475,0.034495,0.16826833333333333
canned meals beans,soup broth bouillon,0.014348333333333333,0.2057452859498602,2.4454669486908895,0.008481014888888888,0.6353912690563174,0.06973833333333333,0.08413333333333334
chips pretzels + packaged cheese,crackers,0.015835,0.28011675216699095,2.436680700256536,0.009336405416666665,0.6249331158108088,0.05653,0.11495833333333333
oils vinegars + fresh fruits,fresh herbs,0.010041666666666667,0.22834944097024829,2.4257226121976734,0.005902006750000001,0.6147869663905948,0.043975,0.09413666666666666
packaged vegetables fruits + crackers,fresh dips tapenades,0.01257,0.2381433533312283,2.416922004748676,0.007369170194444444,0.6189192322710123,0.052783333333333335,0.09853166666666667
chips pretzels + milk,cereal,0.010881666666666666,0.22427948198275569,2.4150264566259296,0.006375849913888889,0.6158036269245475,0.04851833333333333,0.09286833333333333
chips pretzels + fresh fruits,fresh dips tapenades,0.025201666666666667,0.237953608409656,2.4149962794667297,0.01476617785,0.6553262950305533,0.10591,0.09853166666666667
fresh dips tapenades,chips pretzels + fresh fruits,0.025201666666666667,0.25577225595832137,2.4149962794667297,0.01476617785,0.6499625837741028,0.09853166666666667,0.10591
chips pretzels + lunch meat,bread,0.011196666666666667,0.3958517470979907,2.4099340293114953,0.0065506197083333335,0.602080735564354,0.028285,0.16425833333333334
milk + lunch meat,bread,0.014456666666666666,0.3941473167628482,2.3995575065466888,0.008431944763888888,0.6054639042896642,0.036678333333333334,0.16425833333333334
dry pasta + fresh vegetables,fresh herbs,0.010805,0.22481534140167148,2.3881803909387576,0.006280634905555556,0.6106185050643734,0.04806166666666667,0.09413666666666666
chips pretzels + bread,crackers,0.011028333333333333,0.27425705640983133,2.3857083558666012,0.006405667152777778,0.6051722669725655,0.040211666666666666,0.11495833333333333
fresh fruits + soup broth bouillon,fresh herbs,0.012236666666666667,0.2237527809100052,2.376892966715115,0.007088489261111112,0.6127954586676161,0.05468833333333333,0.09413666666666666
crackers + lunch meat,packaged cheese,0.01137,0.5484363694830774,2.376326569343538,0.006585304097222223,0.5914440390712634,0.020731666666666666,0.23079166666666667
chips pretzels + yogurt,energy granola bars,0.011615,0.20524827708075633,2.369206145721422,0.006712513983333334,0.6125838089525265,0.05659,0.08663166666666666
hot dogs bacon sausage + fresh fruits,lunch meat,0.013513333333333334,0.2464362785325674,2.3575274975611924,0.007781339391666667,0.6092341471318788,0.054835,0.10453166666666666
packaged cheese + eggs,lunch meat,0.011076666666666667,0.2443382352941176,2.337456610859079,0.006337897777777778,0.5993553479473519,0.04533333333333334,0.10453166666666666
other creams cheeses + fresh vegetables,fresh herbs,0.011325,0.2184395795158646,2.3204516077603268,0.006444484516666666,0.6001649576758866,0.051845,0.09413666666666666
bread + milk,lunch meat,0.014456666666666666,0.2424056116032753,2.318968206794834,0.008222572286111111,0.6048457253221797,0.059638333333333335,0.10453166666666666
bread + packaged vegetables fruits,lunch meat,0.018511666666666666,0.24150902370080451,2.310391017402744,0.010499314416666667,0.6142555178946292,0.07665,0.10453166666666666
fresh dips tapenades + milk,chips pretzels,0.01092,0.3885429638854296,2.309067643260841,0.0061908184916666656,0.5833189493712235,0.028105,0.16826833333333333
pasta sauce,packaged cheese + fresh vegetables,0.019475,0.3134640663143493,2.3052783539897725,0.011026996327777778,0.6037210902867503,0.062128333333333334,0.13597666666666666
hot dogs bacon sausage + fresh vegetables,lunch meat,0.011881666666666667,0.24034117726383927,2.299218838921277,0.006713969505555557,0.5944576797970843,0.049436666666666663,0.10453166666666666
fruit vegetable snacks,chips pretzels + fresh fruits,0.011298333333333334,0.24338491365382545,2.298035253081158,0.006381814616666667,0.5923432258081622,0.04642166666666667,0.10591
dry pasta,packaged cheese + fresh vegetables,0.022168333333333335,0.3110690147103534,2.2876646584734153,0.012477956183333336,0.6060641574437424,0.071265,0.13597666666666666
packaged cheese + lunch meat,bread,0.017096666666666666,0.3755720719071504,2.2864719511368294,0.009619353569444444,0.5894790423126991,0.04552166666666667,0.16425833333333334
chips pretzels + yogurt,crackers,0.014863333333333333,0.26264946692584085,2.2847362110257996,0.00835784125,0.5960427706394195,0.05659,0.11495833333333333
chips pretzels + milk,fresh dips tapenades,0.01092,0.22506956133420356,2.284235809139568,0.006139407752777777,0.5908856122757161,0.04851833333333333,0.09853166666666667
bread + yogurt,lunch meat,0.014536666666666666,0.23863854004213522,2.2829305955975245,0.008169120191666667,0.5984192428002642,0.060915,0.10453166666666666
packaged cheese + milk,lunch meat,0.018573333333333334,0.2379925253603844,2.276750509673793,0.010415507847222224,0.6082460584271226,0.07804166666666666,0.10453166666666666
pasta sauce,packaged vegetables fruits + packaged cheese,0.01616,0.26010676824851786,2.276247206165379,0.00906059535,0.5978220957612703,0.062128333333333334,0.11427
crackers + fresh vegetables,fresh dips tapenades,0.012638333333333333,0.22221245421245422,2.2552389676326143,0.007034344791666666,0.5901529589005157,0.056875,0.09853166666666667
fruit vegetable snacks,crackers,0.01203,0.25914623200373393,2.2542622573720967,0.0066934425694444456,0.5834821027386898,0.04642166666666667,0.11495833333333333
packaged vegetables fruits + canned meals beans,frozen produce,0.010485,0.27848605577689245,2.253670436003014,0.005832589499999999,0.5780427070625352,0.03765,0.12357
yogurt + fresh dips tapenades,chips pretzels,0.01404,0.3788791940271656,2.251636933234609,0.007804536461111112,0.5772703814222064,0.03705666666666667,0.16826833333333333
granola,yogurt + fresh fruits,0.01195,0.423658709524935,2.244926086627876,0.006626884877777779,0.5706470879926153,0.028206666666666668,0.18871833333333332
cereal + packaged cheese,bread,0.011295,0.3685956706189492,2.2439998211290093,0.006261577138888888,0.571891838130737,0.030643333333333335,0.16425833333333334
fresh fruits + cookies cakes,chips pretzels,0.012923333333333334,0.3774705481452634,2.2432655073459853,0.007162386494444445,0.5738686411850863,0.034236666666666665,0.16826833333333333
yogurt + tortillas flat bread,packaged cheese,0.010896666666666667,0.5158999447644599,2.235349101705549,0.00602196201388889,0.5645671829531815,0.021121666666666667,0.23079166666666667
chips pretzels + milk,crackers,0.01246,0.25681014049671946,2.2339410554263384,0.00688241326388889,0.5805268082720443,0.04851833333333333,0.11495833333333333
packaged cheese + energy granola bars,chips pretzels,0.010138333333333333,0.37577217692117615,2.2331722759551282,0.0055984537,0.5675181530015846,0.02698,0.16826833333333333
milk + pasta sauce,packaged cheese,0.010475,0.5150372859133,2.2316112767501717,0.005781082152777777,0.5633509027178378,0.020338333333333333,0.23079166666666667
chips pretzels + lunch meat,packaged cheese,0.014561666666666667,0.5148193977962406,2.230667186696114,0.008033724374999999,0.5677628019625881,0.028285,0.23079166666666667
yogurt + pasta sauce,packaged cheese,0.011956666666666668,0.5144496235209753,2.229064987272686,0.006592683680555556,0.564501358646011,0.023241666666666667,0.23079166666666667
tortillas flat bread,packaged cheese + fresh vegetables,0.017225,0.3026354319180088,2.225642379217087,0.00948566138888889,0.5839266775617331,0.056916666666666664,0.13597666666666666
bread + crackers,chips pretzels,0.011028333333333333,0.37420121020188885,2.223836195373791,0.006069185102777777,0.5670381517590299,0.029471666666666667,0.16826833333333333
fresh fruits + granola,yogurt,0.01195,0.5860237024928484,2.2233800934319925,0.006575300444444446,0.5616881033904041,0.020391666666666666,0.2635733333333333
baby food formula,packaged vegetables fruits + milk,0.010941666666666667,0.23825941787036367,2.2228456698939265,0.006019297644444446,0.5766058766182502,0.04592333333333333,0.10718666666666667
packaged cheese + baby food formula,yogurt,0.01007,0.5857489093553079,2.222337525376775,0.005538735111111112,0.559644570586706,0.017191666666666668,0.2635733333333333
canned jarred vegetables,packaged cheese + fresh vegetables,0.022381666666666668,0.3021555215552156,2.222113021022349,0.012309421711111112,0.5939756413434276,0.07407333333333334,0.13597666666666666
chips pretzels + yogurt,cereal,0.01167,0.20622018024385935,2.2205651037546996,0.006414581016666666,0.5826355275972753,0.05659,0.09286833333333333
popcorn jerky + fresh fruits,chips pretzels,0.01038,0.37295646445894964,2.2164388097916006,0.005696811836111111,0.5645378318503372,0.027831666666666668,0.16826833333333333
yogurt + packaged cheese,lunch meat,0.020345,0.23163187855787476,2.215901515246175,0.011163635277777776,0.6015527928602219,0.08783333333333333,0.10453166666666666
yogurt + lunch meat,bread,0.014536666666666666,0.3637652750552613,2.2145925121318735,0.007972629902777778,0.5712789185355973,0.039961666666666666,0.16425833333333334
other creams cheeses + bread,packaged cheese,0.011385,0.510652612693429,2.2126128731977426,0.006239499791666666,0.5605429611525965,0.022295,0.23079166666666667
yogurt + lunch meat,packaged cheese,0.020345,0.5091128998623681,2.205941432875399,0.01112218034722222,0.5694343537578342,0.039961666666666666,0.23079166666666667
tortillas flat bread,packaged vegetables fruits + packaged cheese,0.014333333333333333,0.2518301610541728,2.203816934052444,0.007829465833333334,0.5792084145892884,0.056916666666666664,0.11427
chips pretzels + other creams cheeses,packaged cheese,0.010955,0.5074500115803289,2.198736284153799,0.0059725925694444435,0.5572228088114458,0.021588333333333334,0.23079166666666667
milk + lunch meat,packaged cheese,0.018573333333333334,0.5063843322579179,2.1941187893464575,0.010108279652777778,0.5649578754862348,0.036678333333333334,0.23079166666666667
cookies cakes,crackers,0.014708333333333334,0.250952624694307,2.1829876740352914,0.007970625416666667,0.5756511218854333,0.05861,0.11495833333333333
bread + lunch meat,packaged cheese,0.017096666666666666,0.503682608268683,2.1824124568421004,0.009262828194444444,0.5608278379427918,0.03394333333333333,0.23079166666666667
packaged vegetables fruits + crackers,lunch meat,0.01203,0.22791285127881278,2.1803235186671928,0.006512470194444445,0.5715191543991572,0.052783333333333335,0.10453166666666666
baby food formula,yogurt + packaged vegetables fruits,0.01278,0.27828990346229227,2.178081972285456,0.006912452238888888,0.5669150874077885,0.04592333333333333,0.12776833333333334
dry pasta + milk,packaged cheese,0.012173333333333333,0.5024420444383297,2.177037202838042,0.006581635902777777,0.5540846715659286,0.024228333333333334,0.23079166666666667
milk + baby food formula,yogurt,0.011145,0.5735483317608714,2.1760484056083245,0.006023330844444445,0.5511613835163703,0.019431666666666667,0.2635733333333333
bread + milk,cereal,0.01205,0.20205125338848057,2.1756743782970216,0.006511487380555556,0.5746431568633368,0.059638333333333335,0.09286833333333333
dry pasta,packaged vegetables fruits + packaged cheese,0.017705,0.24843892513856733,2.174139539149097,0.009561548449999999,0.5814876380141851,0.071265,0.11427
packaged cheese + lunch meat,crackers,0.01137,0.24977117123713982,2.172710442077331,0.006136905069444444,0.5654873136915377,0.04552166666666667,0.11495833333333333
packaged vegetables fruits + packaged cheese,lunch meat,0.025926666666666667,0.22688953064379686,2.1705339432433255,0.013981833116666668,0.6088580823124349,0.11427,0.10453166666666666
lunch meat,packaged vegetables fruits + packaged cheese,0.025926666666666667,0.24802691369441476,2.170533943243325,0.013981833116666668,0.6022366723333895,0.10453166666666666,0.11427
chips pretzels + milk,lunch meat,0.011005,0.22682147641784892,2.169882903916028,0.005933297752777777,0.566637968430238,0.04851833333333333,0.10453166666666666
frozen produce + fresh vegetables,fresh herbs,0.015958333333333335,0.20404031794063118,2.167490364441392,0.008595747738888892,0.5843390663036429,0.07821166666666667,0.09413666666666666
canned meals beans,packaged cheese + fresh vegetables,0.020546666666666668,0.2946251463805176,2.166733113871382,0.011063880561111112,0.5788432564259931,0.06973833333333333,0.13597666666666666
popcorn jerky,chips pretzels + fresh fruits,0.01038,0.22946833204377143,2.1666351812271873,0.005589161150000001,0.5639658255241354,0.045235,0.10591
packaged cheese + crackers,chips pretzels,0.015835,0.36428817913423556,2.1649241536884674,0.008520655997222222,0.5625428537857852,0.04346833333333333,0.16826833333333333
fresh vegetables + soy lactosefree,fresh herbs,0.019318333333333333,0.2037404861928952,2.1643052957709914,0.010392451494444444,0.5943094027846656,0.09481833333333334,0.09413666666666666
fresh herbs,fresh vegetables + soy lactosefree,0.019318333333333333,0.20521582096951244,2.164305295770991,0.010392451494444444,0.5938621820012896,0.09413666666666666,0.09481833333333334
yogurt + dry pasta,packaged cheese,0.013283333333333333,0.4994047246068049,2.1638767630553017,0.0071446596527777765,0.5525637479899084,0.026598333333333335,0.23079166666666667
bread + fresh vegetables,lunch meat,0.020573333333333332,0.22584068205935084,2.160500155225857,0.011050846938888888,0.5909805731188282,0.09109666666666667,0.10453166666666666
fresh dips tapenades,chips pretzels,0.035685,0.3621678309849625,2.152323160338918,0.019105240669444447,0.5939041176121143,0.09853166666666667,0.16826833333333333
chips pretzels,fresh dips tapenades,0.035685,0.21207198819346085,2.152323160338918,0.019105240669444447,0.6437000976640262,0.16826833333333333,0.09853166666666667
fresh herbs,packaged vegetables fruits + fresh vegetables,0.04736,0.5030983322120323,2.148370883287684,0.025315389188888888,0.5900791014003398,0.09413666666666666,0.23417666666666667
packaged vegetables fruits + fresh vegetables,fresh herbs,0.04736,0.20224047371642492,2.1483708832876838,0.025315389188888888,0.6979821565350363,0.23417666666666667,0.09413666666666666
fresh fruits + fresh dips tapenades,chips pretzels,0.025201666666666667,0.36138329907748196,2.1476607744226897,0.013467193994444446,0.5744363972513566,0.06973666666666667,0.16826833333333333
eggs + lunch meat,packaged cheese,0.011076666666666667,0.49427338985571917,2.1416431407361003,0.005904625416666667,0.5452887210204949,0.02241,0.23079166666666667
other creams cheeses + packaged vegetables fruits,packaged cheese,0.0202,0.4942500611695621,2.1415420595900865,0.010767544583333333,0.5557607014181134,0.04087,0.23079166666666667
packaged vegetables fruits + pasta sauce,packaged cheese,0.01616,0.49325939868749047,2.1372496061563044,0.008598880347222223,0.5501321794638131,0.03276166666666667,0.23079166666666667
packaged vegetables fruits + tortillas flat bread,packaged cheese,0.014333333333333333,0.49317582291547196,2.136887479684298,0.007625758194444444,0.5479550414955333,0.029063333333333333,0.23079166666666667
lunch meat,bread + fresh fruits,0.025156666666666667,0.2406607248202299,2.1359155507386833,0.013378735344444446,0.5938978253286336,0.10453166666666666,0.11267333333333333
bread + fresh fruits,lunch meat,0.025156666666666667,0.2232708123779658,2.1359155507386833,0.013378735344444446,0.5993471353849269,0.11267333333333333,0.10453166666666666
yogurt + instant foods,packaged cheese,0.010036666666666666,0.49251656170769614,2.1340309588345745,0.005333517152777778,0.5424576189206242,0.02037833333333333,0.23079166666666667
fresh fruits + crackers,fresh dips tapenades,0.01594833333333333,0.20987410624204936,2.1300168092361105,0.008460911983333331,0.574149778574266,0.07599,0.09853166666666667
other creams cheeses,packaged cheese + fresh vegetables,0.024861666666666667,0.28944253643013756,2.128619148604939,0.013181950883333335,0.5800338849164183,0.085895,0.13597666666666666
baby food formula,fresh fruits + milk,0.015958333333333335,0.3474994556144299,2.125617279905575,0.008450710261111112,0.5550376004088688,0.04592333333333333,0.16348166666666666
packaged vegetables fruits + instant foods,packaged cheese,0.011823333333333333,0.49035736503767197,2.1246753495042654,0.006258561597222222,0.5424184721963045,0.024111666666666667,0.23079166666666667
bread + crackers,packaged cheese,0.014443333333333334,0.49007521348187527,2.1234528116203295,0.00764151826388889,0.545134919749772,0.029471666666666667,0.23079166666666667
chips pretzels + packaged vegetables fruits,crackers,0.017808333333333332,0.24406679001347678,2.1230891483593486,0.009420398541666666,0.570623783855563,0.072965,0.11495833333333333
yogurt + spreads,bread,0.010213333333333333,0.3482016023637707,2.1198413212750484,0.005395362652777777,0.5442297437070882,0.029331666666666666,0.16425833333333334
water seltzer sparkling water + packaged cheese,lunch meat,0.010663333333333334,0.22154506734997748,2.1194062470700503,0.005632049997222222,0.554876889783519,0.04813166666666667,0.10453166666666666
packaged vegetables fruits + baby food formula,yogurt,0.01278,0.55824111822947,2.117972676406832,0.006745927822222221,0.5402177626383498,0.022893333333333335,0.2635733333333333
packaged vegetables fruits + fresh dips tapenades,chips pretzels,0.019176666666666668,0.3563773771913524,2.1179111371203874,0.010122147650000003,0.5578548264780362,0.05381,0.16826833333333333
packaged vegetables fruits + canned jarred vegetables,frozen produce,0.010123333333333333,0.2608546274425596,2.110986707473979,0.0053277875833333335,0.5475368678261366,0.038808333333333334,0.12357
fresh fruits + canned meals beans,frozen produce,0.01291,0.2603259956309864,2.1067087127214243,0.0067819577499999995,0.5527370826700869,0.049591666666666666,0.12357
packaged vegetables fruits + lunch meat,bread,0.018511666666666666,0.345947797919392,2.1061202247641946,0.009722203249999999,0.5548852043021028,0.05351,0.16425833333333334
fresh herbs,packaged cheese + fresh vegetables,0.026936666666666668,0.2861442583477923,2.104362942277785,0.014136276522222225,0.5793333085161338,0.09413666666666666,0.13597666666666666
crackers + fresh vegetables,lunch meat,0.012505,0.21986813186813187,2.103363878902392,0.006559761458333334,0.5562052625382363,0.056875,0.10453166666666666
bread + packaged cheese,crackers,0.014443333333333334,0.2417766370002511,2.103167556363185,0.007575914097222224,0.5578518484591607,0.05973833333333333,0.11495833333333333
baby food formula,yogurt + fresh fruits,0.018216666666666666,0.39667561878493146,2.1019453265533192,0.00955009173888889,0.5494843873758163,0.04592333333333333,0.18871833333333332
baby food formula,yogurt + fresh vegetables,0.013976666666666667,0.30434782608695654,2.101414251791456,0.007325590300000001,0.5493583674267967,0.04592333333333333,0.14483
other creams cheeses + yogurt,packaged cheese,0.015881666666666665,0.48496106672095274,2.101293663351303,0.008323624236111112,0.5418472864612501,0.03274833333333333,0.23079166666666667
fresh fruits + lunch meat,bread,0.025156666666666667,0.3449978286210601,2.1003368390506423,0.013179222763888889,0.5650914165747641,0.07291833333333334,0.16425833333333334
packaged vegetables fruits + lunch meat,packaged cheese,0.025926666666666667,0.484520027409207,2.0993826787905703,0.013577004583333333,0.5532752596586028,0.05351,0.23079166666666667
fresh fruits + fruit vegetable snacks,chips pretzels,0.011298333333333334,0.3529074912801291,2.097289990868528,0.0059112226416666675,0.5404982672494762,0.032015,0.16826833333333333
milk + eggs,bread,0.01649,0.3440912568686096,2.094817656345855,0.00861819313888889,0.5489384419773503,0.04792333333333333,0.16425833333333334
other creams cheeses + milk,packaged cheese,0.014533333333333334,0.48283499446290146,2.0920815791857077,0.0075865041666666674,0.5382072042800213,0.0301,0.23079166666666667
baby food formula,fresh vegetables + milk,0.011916666666666667,0.25949045510633667,2.0912876340018265,0.006218422927777779,0.5469431529609085,0.04592333333333333,0.12408166666666667
tortillas flat bread,packaged cheese + fresh fruits,0.018596666666666668,0.3267349926793558,2.0906802419521746,0.00970163513888889,0.5531714545813099,0.056916666666666664,0.15628166666666668
yogurt + baby food formula,milk,0.011145,0.507590708972218,2.0892088861830276,0.005810444861111112,0.5330540094439491,0.021956666666666666,0.24295833333333333
cookies cakes,chips pretzels + fresh fruits,0.012923333333333334,0.22049707103452199,2.081928722826192,0.006715948233333333,0.552030677404263,0.05861,0.10591
packaged cheese + eggs,bread,0.0155,0.3419117647058823,2.0815489708642825,0.008053622222222221,0.5442617288400312,0.04533333333333334,0.16425833333333334
crackers + milk,bread,0.01237,0.3418228710910515,2.0810077890987864,0.006425764680555556,0.5389679475843582,0.036188333333333336,0.16425833333333334
fresh herbs,fresh fruits + fresh vegetables,0.062391666666666665,0.6627775220424207,2.080574852199528,0.03240396081666667,0.5733354957654483,0.09413666666666666,0.318555
chips pretzels + packaged vegetables fruits,lunch meat,0.015863333333333333,0.21741017382763425,2.0798498747840455,0.008236180275000001,0.5600609113203113,0.072965,0.10453166666666666
fresh fruits + frozen breakfast,crackers,0.010141666666666667,0.23906808627666676,2.079606404726351,0.005264942569444445,0.5421381820183415,0.04242166666666667,0.11495833333333333
other creams cheeses + fresh vegetables,packaged cheese,0.024861666666666667,0.47953836757000035,2.077797584704822,0.012896272708333333,0.547084775641975,0.051845,0.23079166666666667
packaged vegetables fruits + dry pasta,packaged cheese,0.017705,0.47942052531816953,2.077286984588566,0.009181863749999998,0.5384892753609963,0.03693,0.23079166666666667
canned meals beans + fresh vegetables,frozen produce,0.012846666666666666,0.2566339270850674,2.0768303559526373,0.006660958416666665,0.5458198548057678,0.05005833333333334,0.12357
fresh vegetables + lunch meat,bread,0.020573333333333332,0.3404020627085459,2.0723579486086705,0.010645833430555555,0.5507439238473368,0.06043833333333333,0.16425833333333334
packaged vegetables fruits + lunch meat,fresh dips tapenades,0.010923333333333334,0.2041362985111817,2.0717836754124566,0.00565090385,0.5465711462339405,0.05351,0.09853166666666667
packaged vegetables fruits + breakfast bakery,bread,0.010275,0.3402317880794702,2.071321321573559,0.005314398333333332,0.5333227292288758,0.0302,0.16425833333333334
fresh vegetables + lunch meat,packaged cheese,0.02889,0.4780078868267931,2.0711661462074447,0.014941336319444444,0.550448395424224,0.06043833333333333,0.23079166666666667
packaged vegetables fruits + soup broth bouillon,frozen produce,0.010705,0.25568249671589505,2.069130830427248,0.005531330049999999,0.5392842138031493,0.041868333333333334,0.12357
fresh herbs + canned meals beans,fresh vegetables,0.012796666666666666,0.9195209580838324,2.068834230233838,0.006611218611111111,0.5239273164370696,0.013916666666666667,0.4444633333333333
cereal + fresh fruits,crackers,0.014316666666666667,0.23765389403790288,2.0673046237439903,0.007391385069444445,0.5493735287607122,0.060241666666666666,0.11495833333333333
chips pretzels + yogurt,lunch meat,0.012228333333333334,0.21608646992990518,2.067186689168244,0.006312886316666668,0.5472178110015868,0.05659,0.10453166666666666
hot dogs bacon sausage + packaged cheese,bread,0.010603333333333333,0.33954208251054063,2.0671224139447455,0.005473819347222221,0.532876560197466,0.031228333333333334,0.16425833333333334
fresh vegetables + pasta sauce,packaged cheese,0.019475,0.4767052872062663,2.0655220965788756,0.01004639111111111,0.5378331825788757,0.04085333333333333,0.23079166666666667
cereal + packaged cheese,chips pretzels,0.010648333333333333,0.34749265745676056,2.0651102353785755,0.005492030705555555,0.5320687073763947,0.030643333333333335,0.16826833333333333
instant foods + fresh vegetables,packaged cheese,0.013431666666666666,0.4766100893015554,2.065109612427754,0.006927572847222222,0.5307207992041133,0.028181666666666667,0.23079166666666667
fresh fruits + energy granola bars,crackers,0.014035,0.2373182279337166,2.0643847301229425,0.007236364166666668,0.5480030709548268,0.05914,0.11495833333333333
lunch meat,packaged cheese + fresh fruits,0.033701666666666664,0.32240628836556706,2.0629821478243366,0.017365283580555554,0.5754137939369646,0.10453166666666666,0.15628166666666668
packaged cheese + fresh fruits,lunch meat,0.033701666666666664,0.2156469622156576,2.0629821478243366,0.017365283580555554,0.6107071645557982,0.15628166666666668,0.10453166666666666
energy granola bars,chips pretzels + fresh fruits,0.018903333333333334,0.21820350526174032,2.060272922875463,0.009728173516666667,0.5634390787283347,0.08663166666666666,0.10591
cookies cakes,chips pretzels,0.020298333333333335,0.3463288403571632,2.058193799727597,0.010436126316666669,0.5461467659859673,0.05861,0.16826833333333333
other creams cheeses,packaged vegetables fruits + packaged cheese,0.0202,0.235170848128529,2.0580278999608734,0.01038477835,0.5624057828354642,0.085895,0.11427
pasta sauce,packaged cheese + fresh fruits,0.019971666666666665,0.32145827185664083,2.0569160715586654,0.010262147186111108,0.5478737772973107,0.062128333333333334,0.15628166666666668
hot dogs bacon sausage,lunch meat,0.018121666666666668,0.21484320970578355,2.0552930662713074,0.00930459480277778,0.5607496837150272,0.08434833333333333,0.10453166666666666
fresh vegetables + baby food formula,yogurt,0.013976666666666667,0.5416262998126977,2.0549358805115503,0.0071751568,0.5269651469698097,0.025805,0.2635733333333333
granola,yogurt,0.015255,0.540829591113212,2.0519131593226883,0.007820474844444444,0.5275297978021087,0.028206666666666668,0.2635733333333333
yogurt + crackers,chips pretzels,0.014863333333333333,0.34501702259362427,2.050397812582825,0.007614333533333333,0.5353527614860105,0.04308,0.16826833333333333
cereal + fresh vegetables,crackers,0.010208333333333333,0.23545014223110633,2.0481346189005265,0.005224123194444444,0.534944242755832,0.04335666666666667,0.11495833333333333
fresh herbs + canned jarred vegetables,fresh vegetables,0.01627,0.9102097902097902,2.0478849928598315,0.008325217916666667,0.5210042801284809,0.017875,0.4444633333333333
yogurt + crackers,packaged cheese,0.02035,0.4723769730733519,2.0467678919950254,0.010407495,0.5344488731814735,0.04308,0.23079166666666667
canned meals beans,packaged vegetables fruits + packaged cheese,0.016306666666666667,0.23382644647850298,2.046262767817476,0.008337667316666667,0.5496348266898959,0.06973833333333333,0.11427
crackers + milk,chips pretzels,0.01246,0.34430986045226364,2.0461952265860894,0.006370649463888889,0.530485463754636,0.036188333333333336,0.16826833333333333
crackers + milk,packaged cheese,0.017078333333333334,0.47192925896928106,2.044827986146009,0.008726367569444445,0.5301464253710576,0.036188333333333336,0.23079166666666667
fresh herbs + soup broth bouillon,fresh vegetables,0.014373333333333333,0.9078850405305822,2.042654528376354,0.007336737994444445,0.5186520819642102,0.015831666666666667,0.4444633333333333
canned jarred vegetables + milk,packaged cheese,0.010141666666666667,0.47079303675048356,2.039904835170898,0.0051700295138888885,0.5210043552896584,0.021541666666666667,0.23079166666666667
fresh vegetables + breakfast bakery,bread,0.011221666666666666,0.3350251281285764,2.039623325829697,0.005719833791666667,0.5273779162960895,0.033495,0.16425833333333334
hot dogs bacon sausage + bread,packaged cheese,0.010603333333333333,0.4703881700554528,2.0381505833780227,0.005400904513888888,0.5211057091332294,0.022541666666666668,0.23079166666666667
chips pretzels + fresh fruits,crackers,0.024813333333333333,0.2342869732162528,2.0380164397209377,0.01263809625,0.569659456672522,0.10591,0.11495833333333333
crackers,chips pretzels + fresh fruits,0.024813333333333333,0.2158463211308445,2.0380164397209377,0.01263809625,0.5754834408357444,0.11495833333333333,0.10591
fresh fruits + pasta sauce,packaged cheese,0.019971666666666665,0.4701981557779086,2.03732726821986,0.010168790624999998,0.5317467872311027,0.042475,0.23079166666666667
yogurt + canned meals beans,packaged cheese,0.011753333333333333,0.4699766744418527,2.036367609063814,0.005981618402777777,0.5219834659591046,0.025008333333333334,0.23079166666666667
tortillas flat bread + fresh vegetables,packaged cheese,0.017225,0.46934604904632143,2.0336351646708275,0.008754945833333333,0.5276338778803772,0.0367,0.23079166666666667
fresh fruits + baby food formula,yogurt,0.018216666666666666,0.5357317910008822,2.0325720520571715,0.009254294755555554,0.5258946934501313,0.03400333333333334,0.2635733333333333
packaged cheese + fresh vegetables,lunch meat,0.02889,0.21246292256024318,2.032522099142938,0.014676132405555556,0.5879475817472846,0.13597666666666666,0.10453166666666666
lunch meat,packaged cheese + fresh vegetables,0.02889,0.27637557996779283,2.0325220991429376,0.014676132405555556,0.5673013891128419,0.10453166666666666,0.13597666666666666
packaged vegetables fruits + fresh dips tapenades,crackers,0.01257,0.23359970265749863,2.032038007894153,0.006384092083333333,0.5367666331615557,0.05381,0.11495833333333333
popcorn jerky,crackers,0.010551666666666668,0.23326332854353196,2.029111955434856,0.0053515264583333345,0.5312025163532214,0.045235,0.11495833333333333
hot dogs bacon sausage + packaged vegetables fruits,eggs,0.011145,0.278242416677069,2.0289425391487983,0.005651990816666667,0.528293203902472,0.040055,0.13713666666666666
packaged vegetables fruits + soy lactosefree,frozen produce,0.020685,0.2504237288135593,2.0265738351829676,0.010478117999999998,0.55216518986011,0.0826,0.12357
tortillas flat bread + fresh fruits,packaged cheese,0.018596666666666668,0.4672724988483605,2.024650653973759,0.009411542986111113,0.5270638960690212,0.03979833333333333,0.23079166666666667
hot dogs bacon sausage + yogurt,packaged cheese,0.013206666666666667,0.4672169811320755,2.0244101005903254,0.0066829555555555555,0.5207487736127681,0.028266666666666666,0.23079166666666667
fresh dips tapenades + fresh vegetables,chips pretzels,0.019718333333333334,0.340578041338016,2.024017440425606,0.00997615772777778,0.5370250726593817,0.057896666666666666,0.16826833333333333
packaged cheese + crackers,bread,0.014443333333333334,0.3322725355622867,2.0228656216059258,0.0073032973472222235,0.5286304752699271,0.04346833333333333,0.16425833333333334
bread + fresh dips tapenades,packaged cheese,0.010791666666666666,0.4667675893886966,2.0224629256776887,0.005455763333333333,0.5175183841140765,0.02312,0.23079166666666667
fresh herbs + oils vinegars,fresh vegetables,0.011448333333333333,0.8984957488554611,2.021529519920191,0.005785129694444444,0.5118468388241436,0.012741666666666667,0.4444633333333333
popcorn jerky,chips pretzels,0.015386666666666667,0.3401495891824177,2.021471196892371,0.007775048608333334,0.529251475253454,0.045235,0.16826833333333333
frozen appetizers sides,chips pretzels + fresh fruits,0.01114,0.2139290743822814,2.0199138361087847,0.0056249132666666675,0.5326671306692424,0.05207333333333333,0.10591
energy granola bars + milk,yogurt,0.013628333333333333,0.5322874625699778,2.019504233748904,0.006879977422222222,0.5180938965291797,0.025603333333333332,0.2635733333333333
frozen produce + fresh herbs,fresh vegetables,0.015958333333333335,0.8975440569928759,2.019388304231041,0.008055775266666667,0.5139383629974896,0.01778,0.4444633333333333
bread + milk,eggs,0.01649,0.27650001397311574,2.0162369459161114,0.008311397761111113,0.5359922303640923,0.059638333333333335,0.13713666666666666
packaged vegetables fruits + fresh herbs,fresh vegetables,0.04736,0.8959233218778573,2.015741805198458,0.023864927427777776,0.5320286381756992,0.05286166666666667,0.4444633333333333
fresh herbs + fresh dips tapenades,fresh vegetables,0.010748333333333334,0.8958188637310738,2.015506784356581,0.005415514105555556,0.5099656071419603,0.011998333333333333,0.4444633333333333
yogurt + packaged cheese,crackers,0.02035,0.2316888045540797,2.0154154799919946,0.01025282638888889,0.5523380879675417,0.08783333333333333,0.11495833333333333
water seltzer sparkling water + lunch meat,packaged cheese,0.010663333333333334,0.4639930379287838,2.010441038146021,0.005359356180555556,0.5144189072503534,0.022981666666666668,0.23079166666666667
poultry counter,packaged cheese + fresh vegetables,0.010625,0.27328846401166035,2.0098188219424435,0.0053384538277777786,0.5227670238099732,0.038878333333333334,0.13597666666666666
spices seasonings + fresh herbs,fresh vegetables,0.011783333333333333,0.8930150309460654,2.0091984286954276,0.00591863965,0.5090054055339411,0.013195,0.4444633333333333
yogurt + canned jarred vegetables,packaged cheese,0.01148,0.4634950541686293,2.0082833182970035,0.005763675069444445,0.5148133571125488,0.024768333333333333,0.23079166666666667
packaged vegetables fruits + juice nectars,refrigerated,0.010235,0.26775670372792676,2.006620147345258,0.005134383416666666,0.5215872492175262,0.038225,0.13343666666666668
tofu meat alternatives,soy lactosefree,0.011116666666666667,0.3416133162612035,2.0065982334941026,0.005576610625,0.5185175597738837,0.03254166666666667,0.170245
dry pasta,packaged cheese + fresh fruits,0.022335,0.3134077036413387,2.0054028749885697,0.011197587025,0.5398171488051438,0.071265,0.15628166666666668
fresh fruits + instant foods,packaged cheese,0.015478333333333334,0.4628226851390412,2.005370002407833,0.007759890694444445,0.5186854769391411,0.03344333333333333,0.23079166666666667
water seltzer sparkling water + packaged cheese,crackers,0.011095,0.2305135219363551,2.005191926956333,0.005561863819444445,0.5266428174944133,0.04813166666666667,0.11495833333333333
packaged vegetables fruits + crackers,chips pretzels,0.017808333333333332,0.3373855383643827,2.005044750137475,0.008926569805555555,0.5291904502845199,0.052783333333333335,0.16826833333333333
cereal + milk,bread,0.01205,0.3293249521727248,2.0049208188690057,0.0060397875833333335,0.5202636316198356,0.03659,0.16425833333333334
baby food formula,packaged cheese + fresh fruits,0.014381666666666666,0.31316687232343765,2.003861866864983,0.007204691594444443,0.5250768869627118,0.04592333333333333,0.15628166666666668
fresh fruits + lunch meat,packaged cheese,0.033701666666666664,0.4621837215149368,2.0026014292035534,0.01687272298611111,0.5400274112534501,0.07291833333333334,0.23079166666666667
chips pretzels + fresh vegetables,lunch meat,0.016935,0.2092678405931418,2.0019564144180406,0.008475774875,0.5445568921224044,0.080925,0.10453166666666666
hot dogs bacon sausage + milk,packaged cheese,0.012651666666666667,0.4617396593673966,2.0006773469610972,0.006327975,0.5142600035058887,0.0274,0.23079166666666667
baby food formula,packaged vegetables fruits + packaged cheese,0.010498333333333333,0.2286056470929811,2.000574491056105,0.005250674033333334,0.5242173915312988,0.04592333333333333,0.11427
fresh fruits + canned jarred vegetables,frozen produce,0.012396666666666667,0.2471671152759778,2.000219432515803,0.0061990133166666675,0.5264594245490395,0.050155,0.12357
dry pasta + fresh vegetables,packaged cheese,0.022168333333333335,0.46124770260429315,1.9985457415603964,0.011076101180555556,0.5248619089534357,0.04806166666666667,0.23079166666666667
instant foods,packaged vegetables fruits + packaged cheese,0.011823333333333333,0.22835989055206823,1.998423825606618,0.005907004083333333,0.5268851228516581,0.051775,0.11427
dry pasta + fresh herbs,fresh vegetables,0.010805,0.8882038635429511,1.9983737620867514,0.00539810355,0.5057455037242539,0.012165,0.4444633333333333
hot dogs bacon sausage + chips pretzels,packaged cheese,0.010078333333333333,0.46075891496494964,1.9964278676943115,0.005030150277777777,0.5102666004950195,0.021873333333333335,0.23079166666666667
fresh herbs + soy lactosefree,fresh vegetables,0.019318333333333333,0.8870436978648504,1.995763500247153,0.009638662705555556,0.5100465914932257,0.021778333333333334,0.4444633333333333
yogurt + energy granola bars,chips pretzels,0.011615,0.3358230531996916,1.9957590744922789,0.005795159244444445,0.5168123315035459,0.03458666666666667,0.16826833333333333
packaged cheese + ice cream ice,chips pretzels,0.01089,0.3357139187175667,1.995110500396589,0.0054316557138888895,0.5154964758916868,0.03243833333333333,0.16826833333333333
fresh herbs + eggs,fresh vegetables,0.016158333333333334,0.8866026520347506,1.9947711893026436,0.008057989083333333,0.5079466994063769,0.018225,0.4444633333333333
packaged vegetables fruits + spreads,bread,0.011945,0.3274995430451471,1.993807780702027,0.005953951055555556,0.5173153526376532,0.03647333333333334,0.16425833333333334
chips pretzels + milk,bread,0.015881666666666665,0.3273333104324826,1.9927957613463503,0.007912126097222222,0.5235964566678197,0.04851833333333333,0.16425833333333334
other creams cheeses + fresh fruits,packaged cheese,0.026131666666666668,0.45928291053957465,1.990032470292434,0.01300039013888889,0.5275091486057241,0.056896666666666665,0.23079166666666667
fresh fruits + fresh dips tapenades,crackers,0.01594833333333333,0.2286936570909612,1.9893612795154292,0.00793152236111111,0.534607867043893,0.06973666666666667,0.11495833333333333
fresh fruits + crackers,lunch meat,0.015793333333333333,0.2078343641707242,1.9882430922437304,0.007849971983333332,0.5379199281195706,0.07599,0.10453166666666666
packaged vegetables fruits + frozen appetizers sides,packaged cheese,0.01138,0.4587784720822415,1.987846782808051,0.005655212708333333,0.509583334861425,0.024805,0.23079166666666667
yogurt + baby food formula,packaged cheese,0.01007,0.4586306361014119,1.9872062225011529,0.005002584305555557,0.5079334901407504,0.021956666666666666,0.23079166666666667
packaged vegetables fruits + baby food formula,packaged cheese,0.010498333333333333,0.4585760046592894,1.986969509265742,0.005214742777777778,0.5083590470343256,0.022893333333333335,0.23079166666666667
fresh dips tapenades + milk,packaged cheese,0.012881666666666666,0.4583407460119789,1.9859501542313582,0.006395266874999999,0.5108192646555534,0.028105,0.23079166666666667
dry pasta + fresh fruits,packaged cheese,0.022335,0.45795031268154324,1.9842584409382626,0.01107890576388889,0.5214661638419975,0.048771666666666665,0.23079166666666667
fresh herbs + fresh fruits,fresh vegetables,0.062391666666666665,0.8819233396942069,1.9842431839766466,0.03094810815,0.5337926778897938,0.070745,0.4444633333333333
fresh fruits + breakfast bakery,bread,0.01479,0.32574700829601355,1.9831383996510388,0.007332124138888889,0.5193279799275407,0.04540333333333333,0.16425833333333334
packaged vegetables fruits + crackers,packaged cheese,0.024146666666666667,0.45746763498579096,1.98216704092056,0.011964713194444443,0.5231133152831554,0.052783333333333335,0.23079166666666667
yogurt + fresh herbs,fresh vegetables,0.02637,0.8808595924729985,1.9818498544454328,0.013064249344444445,0.5107098588254078,0.029936666666666667,0.4444633333333333
fresh vegetables + soy lactosefree,frozen produce,0.023218333333333334,0.24487177233657345,1.9816441882056604,0.011501631883333334,0.5472586975508206,0.09481833333333334,0.12357
fresh fruits + juice nectars,refrigerated,0.014875,0.26413139982243267,1.9794514238147884,0.007360291722222221,0.5243385255057498,0.05631666666666667,0.13343666666666668
packaged cheese + energy granola bars,yogurt,0.014073333333333334,0.521620953792933,1.9790353872151953,0.0069621248,0.5084205108201075,0.02698,0.2635733333333333
chips pretzels + bread,packaged cheese,0.018365,0.45670825216562355,1.9788767019272369,0.009084482430555554,0.5153873919190538,0.040211666666666666,0.23079166666666667
fresh dips tapenades + milk,yogurt,0.014656666666666667,0.5214967680721105,1.9785642252837055,0.007248938133333333,0.5088852165082589,0.028105,0.2635733333333333
fresh vegetables + spreads,bread,0.013333333333333334,0.324912679717326,1.9780590313063324,0.006592718861111112,0.5156129513989065,0.041036666666666666,0.16425833333333334
chips pretzels + packaged cheese,bread,0.018365,0.32487174951353265,1.9778098494050995,0.009079476416666666,0.524012656932072,0.05653,0.16425833333333334
other creams cheeses + fresh herbs,fresh vegetables,0.011325,0.8787016681753523,1.9769947311184703,0.005596608405555556,0.5006340967823124,0.012888333333333333,0.4444633333333333
bread,lunch meat,0.03394333333333333,0.20664603520876668,1.9768749681158821,0.01677313598611111,0.5912725593358282,0.16425833333333334,0.10453166666666666
lunch meat,bread,0.03394333333333333,0.32471818747110126,1.976874968115882,0.01677313598611111,0.5518353869132807,0.10453166666666666,0.16425833333333334
packaged vegetables fruits + energy granola bars,chips pretzels,0.012821666666666667,0.33255522413867633,1.9763387296402155,0.006334081075000001,0.5138243608343336,0.038555,0.16826833333333333
hot dogs bacon sausage + fresh vegetables,eggs,0.013398333333333333,0.27102016047468147,1.9762778771153946,0.006618753655555557,0.5196900250791155,0.049436666666666663,0.13713666666666666
frozen breakfast + milk,packaged cheese,0.010071666666666666,0.4560410535053958,1.9759857887939156,0.004974632708333333,0.5050781364959105,0.022085,0.23079166666666667
frozen breakfast,chips pretzels + fresh fruits,0.012938333333333333,0.209267845589821,1.9759026115552922,0.0063902710666666656,0.5264508855642286,0.06182666666666667,0.10591
frozen breakfast + milk,yogurt,0.011498333333333333,0.5206399517017584,1.9753134549591198,0.005677316266666666,0.5049019940507132,0.022085,0.2635733333333333
packaged cheese + milk,bread,0.025318333333333335,0.32442071542979184,1.9750639669004626,0.012499339236111113,0.5354767854868077,0.07804166666666666,0.16425833333333334
fruit vegetable snacks,chips pretzels,0.015421666666666667,0.3322083797077514,1.9742774717430578,0.007610370186111112,0.5175092250575433,0.04642166666666667,0.16826833333333333
frozen appetizers sides + fresh fruits,chips pretzels,0.01114,0.33212422360248445,1.9737773413643949,0.005495999652777779,0.5104795756942707,0.033541666666666664,0.16826833333333333
crackers + fresh vegetables,packaged cheese,0.025908333333333332,0.45553113553113556,1.9737763590444581,0.012782057291666664,0.5231088008243026,0.056875,0.23079166666666667
hot dogs bacon sausage + fresh fruits,eggs,0.01483,0.27044770675663354,1.9721035469966717,0.0073101108833333334,0.5215250609258011,0.054835,0.13713666666666666
instant foods,crackers,0.011733333333333333,0.22662159987123773,1.9713368600615098,0.005781365625,0.5196340793144607,0.051775,0.11495833333333333
fresh herbs + lunch meat,fresh vegetables,0.010011666666666667,0.8760390841475864,1.971004171654774,0.004932191538888889,0.49833959306924774,0.011428333333333334,0.4444633333333333
yogurt + cereal,bread,0.01197,0.3236884802595998,1.9706061402847128,0.005895726833333333,0.5114555505130549,0.03698,0.16425833333333334
yogurt + butter,milk,0.012333333333333333,0.47874749304522224,1.9704921682533585,0.006074321736111111,0.5055360237295099,0.025761666666666665,0.24295833333333333
cereal + fresh vegetables,bread,0.014026666666666666,0.3235181056354271,1.9695689044823321,0.00690497286111111,0.5145853883156011,0.04335666666666667,0.16425833333333334
fresh herbs + packaged cheese,fresh vegetables,0.026936666666666668,0.8753723663543302,1.9695041203721273,0.013259789127777779,0.5078864941440211,0.030771666666666666,0.4444633333333333
cereal + packaged vegetables fruits,bread,0.012893333333333333,0.3234248923449977,1.9690014246562693,0.006345174875,0.5125616202045528,0.039865,0.16425833333333334
yogurt + frozen breakfast,packaged cheese,0.011768333333333334,0.4541420118343195,1.9677574082006983,0.005787751944444444,0.504890675061163,0.025913333333333333,0.23079166666666667
poultry counter,yogurt + fresh vegetables,0.011076666666666667,0.28490590303082264,1.967174639445023,0.005445917650000001,0.5115447309086477,0.038878333333333334,0.14483
packaged vegetables fruits + baby food formula,milk,0.010941666666666667,0.47794117647058815,1.967173423991445,0.005379540555555556,0.5031757811392924,0.022893333333333335,0.24295833333333333
bread + yogurt,crackers,0.013773333333333334,0.22610741743960164,1.9668640879124464,0.006770646458333334,0.5234632234108998,0.060915,0.11495833333333333
bread + fresh herbs,fresh vegetables,0.015703333333333333,0.8723266364225535,1.9626515192611769,0.007702252561111112,0.49947660955081075,0.018001666666666666,0.4444633333333333
instant foods,chips pretzels + fresh fruits,0.010755,0.20772573635924674,1.96134204852466,0.00527150975,0.5169079338442907,0.051775,0.10591
bread + lunch meat,chips pretzels,0.011196666666666667,0.32986349798684084,1.9603421003368084,0.00548507853888889,0.5070975350150201,0.03394333333333333,0.16826833333333333
fresh fruits + spreads,bread,0.01724,0.3214718587811169,1.9571114125987532,0.00843109934722222,0.5167556286762612,0.05362833333333333,0.16425833333333334
tortillas flat bread,bread + fresh fruits,0.012543333333333333,0.22038067349926793,1.9559257455115193,0.006130342777777778,0.5182290154403558,0.056916666666666664,0.11267333333333333
packaged vegetables fruits + lunch meat,crackers,0.01203,0.2248177910670903,1.9556458809750517,0.005878579583333334,0.5162864710556591,0.05351,0.11495833333333333
packaged vegetables fruits + frozen breakfast,packaged cheese,0.013281666666666667,0.4512968626118473,1.9554296267709579,0.006489467916666667,0.5034190548329235,0.02943,0.23079166666666667
spreads,bread + fresh fruits,0.01724,0.22026319151654522,1.9548830677168088,0.008421058199999998,0.5299387591118818,0.07827,0.11267333333333333
fresh herbs + baking ingredients,fresh vegetables,0.010695,0.8688058489033307,1.954730084003924,0.005223656366666667,0.4945078087665584,0.01231,0.4444633333333333
yogurt + butter,packaged cheese,0.01162,0.45105777317720125,1.9543936732718594,0.005674422013888889,0.5012452728357363,0.025761666666666665,0.23079166666666667
grains rice dried goods,yogurt + fresh vegetables,0.011735,0.2827710843373494,1.9524344703262404,0.005724555000000001,0.5089399246399193,0.0415,0.14483
bread + cereal,milk,0.01205,0.473756634558679,1.9499501336663172,0.005870354791666667,0.49988084196787336,0.025435,0.24295833333333333
yogurt + eggs,bread,0.016023333333333334,0.3201678433462102,1.9491726042080675,0.007802751277777778,0.5126165519353809,0.05004666666666667,0.16425833333333334
chips pretzels + fresh herbs,fresh vegetables,0.013708333333333333,0.8656983475423641,1.9477385030839383,0.00667025645,0.49441308839763376,0.015835,0.4444633333333333
fresh herbs + milk,fresh vegetables,0.022361666666666665,0.8655012256483033,1.9472949976712814,0.010878215677777777,0.49936915879443405,0.025836666666666668,0.4444633333333333
cereal + packaged cheese,milk,0.014496666666666666,0.4730773414554552,1.9471542093861989,0.007051613472222221,0.5018070336873861,0.030643333333333335,0.24295833333333333
other creams cheeses,packaged cheese + fresh fruits,0.026131666666666668,0.30422803034712925,1.9466648701412783,0.012707852908333333,0.5319967572479856,0.085895,0.15628166666666668
yogurt + crackers,bread,0.013773333333333334,0.3197152584339214,1.94641728030392,0.006697084333333333,0.508125602757702,0.04308,0.16425833333333334
frozen appetizers sides + fresh vegetables,packaged cheese,0.012605,0.4486829615567157,1.944103823318501,0.0061212927777777775,0.4996613314560048,0.028093333333333335,0.23079166666666667
chips pretzels + fresh vegetables,crackers,0.01807,0.22329317269076304,1.9423835246749956,0.008766996875,0.5278879472381619,0.080925,0.11495833333333333
packaged vegetables fruits + fresh dips tapenades,lunch meat,0.010923333333333334,0.20299820355572076,1.94197806300216,0.005298484350000001,0.512646640214037,0.05381,0.10453166666666666
poultry counter,packaged vegetables fruits + fresh vegetables,0.017676666666666667,0.45466626655806575,1.9415523887580561,0.008572268161111112,0.5045648682398741,0.038878333333333334,0.23417666666666667
fresh fruits + crackers,chips pretzels,0.024813333333333333,0.32653419309558274,1.9405564114593719,0.012026622683333333,0.5245439771282637,0.07599,0.16826833333333333
nuts seeds dried fruit + fresh vegetables,frozen produce,0.010248333333333333,0.23977383505556638,1.940388727486982,0.004966745583333334,0.5062785363004841,0.042741666666666664,0.12357
butter,fresh vegetables + milk,0.01807,0.2406872974292945,1.9397490692632098,0.008754362072222221,0.5237941171200452,0.07507666666666667,0.12408166666666667
dry pasta,fresh vegetables + milk,0.017118333333333333,0.2402067401014991,1.935876157650196,0.008275653358333333,0.5205338776546555,0.071265,0.12408166666666667
yogurt + cereal,milk,0.017385,0.47011898323418067,1.934977807858058,0.008400400833333335,0.5017530344819432,0.03698,0.24295833333333333
frozen breakfast,lunch meat,0.012501666666666666,0.20220508949751995,1.9343907539742657,0.0060388221555555555,0.5148743305382665,0.06182666666666667,0.10453166666666666
fresh herbs,yogurt + fresh vegetables,0.02637,0.2801246414787012,1.9341617170386054,0.01273618656666667,0.5331711005966254,0.09413666666666666,0.14483
fresh fruits + soup broth bouillon,frozen produce,0.01307,0.23899064395209216,1.9340506915278155,0.0063121626500000005,0.510890204334615,0.05468833333333333,0.12357
chips pretzels + crackers,packaged cheese,0.015835,0.4462029775043441,1.9333582704647516,0.007644588402777777,0.5005282039960864,0.03548833333333333,0.23079166666666667
frozen breakfast + fresh vegetables,bread,0.010268333333333334,0.3173483053466571,1.9320073381157146,0.004953481194444445,0.4985345381192148,0.032356666666666666,0.16425833333333334
water seltzer sparkling water + fresh herbs,fresh vegetables,0.014978333333333333,0.8586032291965224,1.9317751652476525,0.007224670483333334,0.49090525646406524,0.017445,0.4444633333333333
fresh fruits + baby food formula,milk,0.015958333333333335,0.4693167336535633,1.931675803067316,0.007696940138888889,0.49929239242140794,0.03400333333333334,0.24295833333333333
packaged vegetables fruits + breakfast bakery,packaged cheese,0.013443333333333333,0.44514348785871966,1.9287675949827174,0.006473425,0.49652940575782895,0.0302,0.23079166666666667
dry pasta + fresh fruits,frozen produce,0.011621666666666667,0.238287256945631,1.928358476536627,0.005594951816666667,0.5061079487382488,0.048771666666666665,0.12357
canned jarred vegetables,packaged vegetables fruits + packaged cheese,0.016316666666666667,0.22027720277202772,1.927690581710228,0.007852306866666667,0.5197436955022857,0.07407333333333334,0.11427
frozen breakfast,bread + fresh fruits,0.013408333333333333,0.21686974336855724,1.924765487561895,0.0064421167111111104,0.5121187846736395,0.06182666666666667,0.11267333333333333
packaged cheese + refrigerated,chips pretzels,0.012226666666666667,0.32382802154144963,1.924473934735886,0.005873415294444445,0.49922661045754435,0.03775666666666667,0.16826833333333333
fresh herbs + refrigerated,fresh vegetables,0.01168,0.8552599463021723,1.9242530984232047,0.005610112411111111,0.4869682058820429,0.013656666666666666,0.4444633333333333
fresh fruits + frozen breakfast,bread,0.013408333333333333,0.3160727615605233,1.9242418643023078,0.0064402210694444436,0.5015932302200806,0.04242166666666667,0.16425833333333334
grains rice dried goods,packaged cheese + fresh vegetables,0.010858333333333333,0.2616465863453815,1.924202091133637,0.005215301666666666,0.5010997053066816,0.0415,0.13597666666666666
bread + cereal,packaged cheese,0.011295,0.44407312758010614,1.9241298180037096,0.0054248139583333325,0.49281940865637114,0.025435,0.23079166666666667
frozen breakfast + fresh vegetables,packaged cheese,0.014358333333333334,0.44375193159575566,1.9227381040437146,0.006890684305555557,0.495955845151979,0.032356666666666666,0.23079166666666667
bread + packaged vegetables fruits,eggs,0.020206666666666668,0.26362252663622526,1.9223343620929871,0.00969514116666667,0.5196286716296006,0.07665,0.13713666666666666
bread + yogurt,packaged cheese,0.027025,0.44365098908314865,1.922300729011657,0.012966325625,0.5109122522215012,0.060915,0.23079166666666667
breakfast bakery,bread + fresh fruits,0.01479,0.2164073550212164,1.920661691804181,0.007089528822222221,0.5145093867388897,0.06834333333333334,0.11267333333333333
fresh vegetables + breakfast bakery,packaged cheese,0.014846666666666666,0.44325023635368466,1.920564302669874,0.007116299791666667,0.4959309042224729,0.033495,0.23079166666666667
fresh fruits + instant foods,bread,0.01055,0.31545898534835043,1.9205052124094186,0.005056653805555556,0.49588781990886355,0.03344333333333333,0.16425833333333334
tofu meat alternatives,packaged vegetables fruits + fresh vegetables,0.014635,0.449731113956466,1.9204779039605395,0.007014500972222222,0.4954180016219747,0.03254166666666667,0.23417666666666667
chips pretzels + eggs,packaged cheese,0.012293333333333333,0.44313607689997,1.9200696597940565,0.005890787847222222,0.4928582723140627,0.027741666666666668,0.23079166666666667
fresh dips tapenades,packaged vegetables fruits + packaged cheese,0.021606666666666666,0.2192865237909978,1.9190209485516567,0.010347453116666667,0.5312454456345922,0.09853166666666667,0.11427
tortillas flat bread + fresh fruits,bread,0.012543333333333333,0.3151723271493781,1.9187600455545315,0.006006125430555556,0.4986765871738613,0.03979833333333333,0.16425833333333334
packaged cheese + frozen breakfast,yogurt,0.011768333333333334,0.5057298381320727,1.9187443271906848,0.005634981866666668,0.49023355554276277,0.02327,0.2635733333333333
bread + yogurt,eggs,0.016023333333333334,0.26304413253440584,1.9181167147206377,0.0076696532833333345,0.5097039045900413,0.060915,0.13713666666666666
hot dogs bacon sausage + packaged cheese,chips pretzels,0.010078333333333333,0.32273042642899075,1.9179510489931206,0.0048235937305555554,0.49403825052403855,0.031228333333333334,0.16826833333333333
soup broth bouillon + milk,packaged cheese,0.010471666666666667,0.442433631434406,1.9170260253521834,0.0050092125694444455,0.4899550933414627,0.023668333333333333,0.23079166666666667
packaged cheese + refrigerated,bread,0.011883333333333333,0.3147347046879138,1.9160958126198395,0.0056814861944444435,0.49686541184058797,0.03775666666666667,0.16425833333333334
fresh vegetables + baby food formula,packaged cheese,0.011401666666666666,0.44183943680165333,1.9144514322512511,0.005446087708333332,0.4903095982232261,0.025805,0.23079166666666667
fresh herbs,fresh vegetables + milk,0.022361666666666665,0.23754470450763074,1.9144222582516681,0.010681032172222221,0.5272861605607665,0.09413666666666666,0.12408166666666667
pasta sauce,packaged cheese,0.027446666666666668,0.4417737478874373,1.9141668079614542,0.013107965069444446,0.5092162467370813,0.062128333333333334,0.23079166666666667
instant foods,packaged cheese + fresh fruits,0.015478333333333334,0.29895380653468534,1.9129166773753712,0.007386850041666665,0.5032962402594843,0.051775,0.15628166666666668
soup broth bouillon + fresh vegetables,frozen produce,0.013286666666666667,0.23636848815489073,1.9128306883134314,0.006340591016666667,0.5056372921934613,0.05621166666666667,0.12357
frozen appetizers sides,packaged vegetables fruits + packaged cheese,0.01138,0.21853795928818334,1.912470108411511,0.0054295802,0.5033258661480305,0.05207333333333333,0.11427
nuts seeds dried fruit + milk,yogurt,0.011103333333333333,0.5038953180546101,1.9117841387138688,0.005295494933333334,0.4876742970103358,0.022035,0.2635733333333333
fresh fruits + instant foods,chips pretzels,0.010755,0.3215887571015648,1.9111662350901724,0.00512754603888889,0.49325538254885914,0.03344333333333333,0.16826833333333333
other creams cheeses + packaged cheese,bread,0.011385,0.31363636363636366,1.909409143948234,0.005422422499999999,0.4942178870787358,0.0363,0.16425833333333334
instant foods,packaged cheese + fresh vegetables,0.013431666666666666,0.2594237888298728,1.9078551871390153,0.00639147475,0.5018336403525306,0.051775,0.13597666666666666
canned jarred vegetables + fresh vegetables,frozen produce,0.013315,0.23572629901743825,1.9076337219182509,0.00633514855,0.5042742860318647,0.056485,0.12357
yogurt + breakfast bakery,packaged cheese,0.011648333333333333,0.44003022099099665,1.906612259213562,0.005538893263888889,0.48843931163481097,0.026471666666666668,0.23079166666666667
tortillas flat bread,packaged cheese,0.025036666666666665,0.43988286969253293,1.9059737989927406,0.011900774305555554,0.5040210118852868,0.056916666666666664,0.23079166666666667
energy granola bars,crackers,0.018975,0.21903076242328634,1.9053056535552273,0.009015967986111111,0.5202171026183801,0.08663166666666666,0.11495833333333333
fresh vegetables + juice nectars,refrigerated,0.011,0.25420791125832914,1.9050828951936933,0.005225973038888888,0.4965761350722772,0.04327166666666667,0.13343666666666668
packaged cheese + fresh dips tapenades,bread,0.010791666666666666,0.3128472725515775,1.9046051801628177,0.005125575458333333,0.49192577897348977,0.034495,0.16425833333333334
other creams cheeses + yogurt,bread,0.010245,0.31284034810931854,1.9045630243578826,0.004865813347222223,0.49102544273848864,0.03274833333333333,0.16425833333333334
packaged cheese + milk,crackers,0.017078333333333334,0.21883609183128672,1.9036122522475105,0.00810679340277778,0.5148637617274436,0.07804166666666666,0.11495833333333333
fresh herbs,fresh vegetables,0.07964166666666667,0.8460217414397508,1.9034680208485535,0.03780137001111111,0.5239677039167726,0.09413666666666666,0.4444633333333333
canned meals beans,yogurt + fresh vegetables,0.019225,0.27567335038118684,1.9034271240846985,0.009124797183333333,0.5102132658942834,0.06973833333333333,0.14483
yogurt + fresh dips tapenades,packaged cheese,0.016273333333333334,0.4391472519564631,1.9027864320193382,0.007720963472222222,0.49271325592318066,0.03705666666666667,0.23079166666666667
packaged cheese + lunch meat,chips pretzels,0.014561666666666667,0.3198843041774979,1.9010368608323884,0.006901811686111111,0.49657625153583984,0.04552166666666667,0.16826833333333333
fresh vegetables + baby food formula,milk,0.011916666666666667,0.46179680940386225,1.9007243055552554,0.005647126875,0.48643728691614374,0.025805,0.24295833333333333
fresh fruits + energy granola bars,chips pretzels,0.018903333333333334,0.3196370195017473,1.899567275492996,0.008951944100000001,0.503331329778753,0.05914,0.16826833333333333
fresh dips tapenades + fresh vegetables,crackers,0.012638333333333333,0.21829120847486902,1.898872418773779,0.005982629027777778,0.5024625844419599,0.057896666666666666,0.11495833333333333
lunch meat,chips pretzels + fresh fruits,0.021015,0.2010395573909023,1.8982112868558425,0.009944051183333332,0.5284254480034052,0.10453166666666666,0.10591
packaged cheese + soy lactosefree,frozen produce,0.010911666666666667,0.23437388129161593,1.8966891744890826,0.005158659366666666,0.4958506362142033,0.04655666666666667,0.12357
cereal + packaged cheese,yogurt,0.015315,0.4997824431632764,1.8961798481002494,0.007238234488888889,0.48756446519427993,0.030643333333333335,0.2635733333333333
dry pasta + fresh vegetables,frozen produce,0.01126,0.23428234559766964,1.8959484146448946,0.005321019849999999,0.4964181741563858,0.04806166666666667,0.12357
hot dogs bacon sausage + packaged vegetables fruits,packaged cheese,0.017511666666666665,0.4371905296883451,1.894308126470533,0.008267306458333332,0.49180190190092304,0.040055,0.23079166666666667
tortillas flat bread + fresh fruits,eggs,0.010336666666666666,0.2597261191842204,1.8939217752428508,0.004878855894444444,0.49155828877295876,0.03979833333333333,0.13713666666666666
packaged vegetables fruits + spreads,soy lactosefree,0.011758333333333334,0.3223816486931091,1.8936335792129524,0.0055489307,0.4897785876662177,0.03647333333333334,0.170245
frozen appetizers sides + fresh fruits,packaged cheese,0.014651666666666667,0.4368198757763975,1.8927021156587003,0.006910529513888889,0.48802397874582637,0.033541666666666664,0.23079166666666667
bread + packaged cheese,eggs,0.0155,0.25946488854169575,1.8920168824896997,0.007307684094444445,0.5014173252808963,0.05973833333333333,0.13713666666666666
chips pretzels + crackers,bread,0.011028333333333333,0.3107594044991312,1.891894299624359,0.005199078847222222,0.4887750562395315,0.03548833333333333,0.16425833333333334
milk + breakfast bakery,packaged cheese,0.010528333333333334,0.4364679057555448,1.8911770605042562,0.004961253680555556,0.48287656842788523,0.024121666666666666,0.23079166666666667
canned jarred vegetables,yogurt + fresh vegetables,0.020285,0.27385023850238505,1.8908391804348896,0.009556959133333334,0.5088246293711568,0.07407333333333334,0.14483
packaged vegetables fruits + canned jarred vegetables,fresh vegetables,0.032613333333333334,0.8403693364827142,1.890750650183474,0.01536445213888889,0.4901306850159859,0.038808333333333334,0.4444633333333333
bread + fresh vegetables,eggs,0.023608333333333332,0.25915693951480107,1.8897713194730397,0.011115640122222221,0.518025875110165,0.09109666666666667,0.13713666666666666
cereal + fresh fruits,bread,0.018691666666666665,0.3102780467561212,1.88896380755591,0.008796470902777777,0.5007768654283203,0.060241666666666666,0.16425833333333334
yogurt + cream,milk,0.014193333333333334,0.45888565578187307,1.888742194951973,0.0066786320833333345,0.48556566315247573,0.03093,0.24295833333333333
milk + pasta sauce,yogurt,0.010123333333333333,0.49774645578955995,1.8884552905815963,0.004762691022222222,0.4802338356652644,0.020338333333333333,0.2635733333333333
crackers + fresh vegetables,chips pretzels,0.01807,0.3177142857142857,1.8881406823285372,0.008499738541666666,0.4987445431328893,0.056875,0.16826833333333333
bread + frozen produce,packaged cheese,0.011513333333333334,0.4357534851447675,1.8880815388110526,0.0054154328472222225,0.48312687425494344,0.026421666666666666,0.23079166666666667
canned meals beans,packaged cheese + fresh fruits,0.020575,0.29503142700093204,1.887818534916222,0.00967617703611111,0.5055438557239331,0.06973833333333333,0.15628166666666668
packaged vegetables fruits + butter,bread,0.010555,0.309985315712188,1.8871816693958987,0.00496200375,0.486680789258918,0.03405,0.16425833333333334
lunch meat,packaged cheese,0.04552166666666667,0.4354820708238333,1.8869055244217365,0.021396629097222224,0.5249004821388733,0.10453166666666666,0.23079166666666667
packaged cheese + soy lactosefree,crackers,0.010091666666666667,0.21676093649316241,1.8855608828691186,0.004739589861111112,0.4925870365018228,0.04655666666666667,0.11495833333333333
fresh fruits + spreads,crackers,0.011616666666666668,0.2166143518662399,1.8842857719426451,0.005451642847222223,0.49588861666384415,0.05362833333333333,0.11495833333333333
fresh fruits + lunch meat,crackers,0.015793333333333333,0.21658933510091197,1.8840681560064834,0.007410763263888889,0.50614056491631,0.07291833333333334,0.11495833333333333
canned jarred vegetables,packaged vegetables fruits + fresh vegetables,0.032613333333333334,0.4402844028440284,1.8801377998549318,0.015267087044444443,0.505573614592621,0.07407333333333334,0.23417666666666667
dry pasta,yogurt + fresh vegetables,0.019405,0.27229355223461726,1.8800908115350223,0.00908369005,0.5040305348277015,0.071265,0.14483
frozen breakfast,packaged vegetables fruits + packaged cheese,0.013281666666666667,0.2148210049601035,1.8799422854651573,0.0062167334666666674,0.4989150297482046,0.06182666666666667,0.11427
bread + yogurt,milk,0.02782,0.45670196174997946,1.8797542586176483,0.013020193125000001,0.49837402241050627,0.060915,0.24295833333333333
butter + fresh vegetables,eggs,0.011593333333333334,0.2577728367611636,1.8796784479800948,0.005425611750000001,0.49003336352030025,0.044975,0.13713666666666666
frozen produce + fresh dips tapenades,packaged vegetables fruits,0.011758333333333334,0.6882926829268293,1.8792546688634961,0.00550142013888889,0.4760059112844667,0.017083333333333332,0.36625833333333335
frozen breakfast,crackers,0.013356666666666666,0.2160340737545827,1.879238046433485,0.00624917611111111,0.49870255335073144,0.06182666666666667,0.11495833333333333
butter + milk,packaged cheese,0.012033333333333333,0.43368572801537725,1.8791221289707625,0.005629633888888889,0.4811879735717076,0.027746666666666666,0.23079166666666667
crackers + milk,yogurt,0.017916666666666668,0.4950951043153871,1.8783960351909164,0.008378387022222223,0.48518908801258703,0.036188333333333336,0.2635733333333333
packaged vegetables fruits + butter,packaged cheese,0.01476,0.43348017621145385,1.8782314910768898,0.006901543750000001,0.48406673731057415,0.03405,0.23079166666666667
frozen produce + milk,yogurt,0.017955,0.494809847510564,1.8773137678719294,0.00839080231111111,0.4849201290170548,0.03628666666666667,0.2635733333333333
packaged vegetables fruits + canned meals beans,packaged cheese,0.016306666666666667,0.43311199645861,1.8766362005789203,0.0076173604166666666,0.48540725209280683,0.03765,0.23079166666666667
yogurt + soup broth bouillon,packaged cheese,0.011926666666666667,0.43301464359191577,1.8762143791669936,0.005569894861111112,0.4802392564182554,0.027543333333333333,0.23079166666666667
yogurt + cereal,chips pretzels,0.01167,0.31557598702001083,1.8754330108854558,0.005447437033333334,0.4847145498222053,0.03698,0.16826833333333333
canned jarred vegetables + soy lactosefree,fresh vegetables,0.013953333333333333,0.833117723156533,1.874435213605621,0.006509313272222222,0.47445225238255656,0.016748333333333334,0.4444633333333333
packaged vegetables fruits + fruit vegetable snacks,yogurt,0.010846666666666666,0.4940033399119478,1.8742538695566615,0.005059474844444444,0.4769260559537661,0.021956666666666666,0.2635733333333333
canned meals beans,frozen produce,0.01615,0.23157995363621156,1.8740790939241851,0.007532434150000001,0.5013692470017606,0.06973833333333333,0.12357
lunch meat,packaged vegetables fruits + milk,0.020996666666666667,0.20086417194151693,1.8739660275673304,0.009792265755555557,0.5208139465308335,0.10453166666666666,0.10718666666666667
yogurt + packaged cheese,bread,0.027025,0.30768500948766603,1.8731774713875462,0.012597643055555555,0.5110335327649725,0.08783333333333333,0.16425833333333334
chips pretzels + frozen produce,packaged cheese,0.010558333333333333,0.4320398281388529,1.8719905895166038,0.004918169652777777,0.4774780481526154,0.024438333333333333,0.23079166666666667
canned meals beans,packaged vegetables fruits + fresh vegetables,0.030558333333333333,0.43818559854694933,1.871175317268797,0.014227242894444443,0.5004791123905127,0.06973833333333333,0.23417666666666667
fresh fruits + canned jarred vegetables,fresh vegetables,0.04171,0.8316219718871498,1.8710699162746454,0.019417941516666665,0.49012884008944685,0.050155,0.4444633333333333
chips pretzels + milk,packaged cheese,0.020946666666666666,0.43172683865205597,1.8706344335889769,0.009749039652777777,0.48915499259427786,0.04851833333333333,0.23079166666666667
soup broth bouillon + canned jarred vegetables,fresh vegetables,0.013898333333333334,0.8306604243450543,1.8689065262490065,0.006461720994444446,0.4728391477294689,0.016731666666666666,0.4444633333333333
cereal + packaged vegetables fruits,chips pretzels,0.012535,0.31443622225009404,1.8686595155560706,0.005826982891666666,0.4841579899125937,0.039865,0.16826833333333333
fresh fruits + butter,eggs,0.012533333333333334,0.2561395142886338,1.867768267338911,0.005823007672222223,0.48850504184786303,0.048931666666666665,0.13713666666666666
energy granola bars + fresh vegetables,chips pretzels,0.012686666666666667,0.3142338177014531,1.8674566478231382,0.005893113155555557,0.48405525924296083,0.04037333333333333,0.16826833333333333
grains rice dried goods,packaged vegetables fruits + fresh vegetables,0.018145,0.4372289156626506,1.867090013220719,0.008426668333333333,0.4845145361279735,0.0415,0.23417666666666667
packaged vegetables fruits + frozen breakfast,yogurt,0.014465,0.4915052667346245,1.8647761536370315,0.0067080368,0.47780438947324494,0.02943,0.2635733333333333
tortillas flat bread + fresh vegetables,bread,0.011233333333333333,0.30608537693006355,1.863438954472509,0.005205052499999999,0.48101088894166644,0.0367,0.16425833333333334
canned meals beans + canned jarred vegetables,fresh vegetables,0.015181666666666666,0.8281661969269933,1.86329475305873,0.007033912994444445,0.4719682224098337,0.018331666666666666,0.4444633333333333
chips pretzels + yogurt,packaged cheese,0.024335,0.4300229722565824,1.8632517303047442,0.011274499583333332,0.49109492815801165,0.05659,0.23079166666666667
bread + eggs,milk,0.01649,0.45240054869684493,1.8620499346122927,0.00763416875,0.4804706286407598,0.03645,0.24295833333333333
packaged cheese + milk,yogurt,0.03825166666666667,0.49014415376401504,1.8596120767048325,0.017681964444444448,0.5013821360165099,0.07804166666666666,0.2635733333333333
packaged vegetables fruits + crackers,bread,0.016118333333333332,0.30536785601515626,1.8590707078189208,0.0074482309722222195,0.48784703730365236,0.052783333333333335,0.16425833333333334
frozen produce + canned jarred vegetables,fresh vegetables,0.013315,0.8251394340012395,1.8564848258976883,0.006142843344444445,0.4689143178306024,0.016136666666666667,0.4444633333333333
bread + packaged vegetables fruits,packaged cheese,0.03283,0.428310502283105,1.8558317484734645,0.015139818749999999,0.4994401354204924,0.07665,0.23079166666666667
frozen breakfast,packaged cheese + fresh fruits,0.017931666666666665,0.2900312702178132,1.855824015726817,0.008269292155555554,0.4915464844696315,0.06182666666666667,0.15628166666666668
milk + lunch meat,yogurt,0.017931666666666665,0.48888989866860544,1.8548534196755062,0.008264236088888887,0.4784215457440917,0.036678333333333334,0.2635733333333333
crackers + fresh vegetables,bread,0.017328333333333334,0.3046739926739927,1.8548464877925586,0.007986140625,0.4886646266481136,0.056875,0.16425833333333334
fresh fruits + candy chocolate,chips pretzels,0.012705,0.31181740090808685,1.8530961514332476,0.005848906758333332,0.47991680431485745,0.040745,0.16826833333333333
dry pasta,packaged cheese,0.030473333333333335,0.42760588414135037,1.8527787000166833,0.014025965208333335,0.49558822885265885,0.071265,0.23079166666666667
dry pasta + fresh fruits,bread,0.014841666666666666,0.3043091959129276,1.8526256156233225,0.006830513986111111,0.48382235805262885,0.048771666666666665,0.16425833333333334
canned jarred vegetables,fresh vegetables + milk,0.017015,0.22970479704797048,1.8512388108474565,0.007823857344444442,0.49660647500397653,0.07407333333333334,0.12408166666666667
fresh dips tapenades,crackers,0.020968333333333332,0.21280806508905767,1.8511756296257282,0.009641297152777777,0.5100597819867655,0.09853166666666667,0.11495833333333333
meat counter + fresh fruits,fresh vegetables,0.012516666666666667,0.8225629791894852,1.850688048934262,0.005753416277777779,0.46676299862237947,0.015216666666666667,0.4444633333333333
frozen pizza,chips pretzels,0.013621666666666667,0.3113879681487408,1.8505440802809452,0.006260768425000001,0.4806441632349168,0.043745,0.16826833333333333
soup broth bouillon,packaged cheese + fresh vegetables,0.021166666666666667,0.25158478605388274,1.8502055699792814,0.009726496444444444,0.5017318937185553,0.08413333333333334,0.13597666666666666
milk + spreads,yogurt,0.011936666666666667,0.487575736946014,1.8498674762723115,0.005483952177777778,0.4709503857223544,0.024481666666666665,0.2635733333333333
dry pasta,bread + fresh fruits,0.014841666666666666,0.20826024930424003,1.848354381139341,0.0068120015666666665,0.49419716899702926,0.071265,0.11267333333333333
pasta sauce,yogurt + fresh vegetables,0.016628333333333332,0.2676449285081954,1.8479937064710033,0.007630286816666667,0.489270155316387,0.062128333333333334,0.14483
yogurt + lunch meat,milk,0.017931666666666665,0.4487216916211369,1.8469080087304555,0.00822264673611111,0.477641882050427,0.039961666666666666,0.24295833333333333
fresh dips tapenades,yogurt + packaged vegetables fruits,0.023248333333333333,0.23594783402966898,1.8466847604101353,0.010659106502777776,0.5086025136033586,0.09853166666666667,0.12776833333333334
cereal,crackers,0.01971,0.21223596130722705,1.8461990110088617,0.009034011180555555,0.5052701844124858,0.09286833333333333,0.11495833333333333
packaged vegetables fruits + poultry counter,fresh vegetables,0.017676666666666667,0.8204533147675407,1.8459415057129738,0.00810070415,0.4683618816313176,0.021545,0.4444633333333333
water seltzer sparkling water + packaged cheese,chips pretzels,0.014946666666666667,0.31053706845804907,1.8454872780066507,0.006847631336111111,0.4813036359182061,0.04813166666666667,0.16826833333333333
canned jarred vegetables + eggs,fresh vegetables,0.012148333333333334,0.8198177932740974,1.8445116431218866,0.005562127505555557,0.46473771580801543,0.014818333333333333,0.4444633333333333
frozen produce + milk,packaged cheese,0.015438333333333333,0.4254547124747382,1.8434578623205844,0.007063673055555554,0.47476895000074343,0.03628666666666667,0.23079166666666667
fresh fruits + frozen pizza,packaged cheese,0.011626666666666667,0.42541773386998416,1.8432976372774181,0.0053191304166666665,0.47034864362523165,0.02733,0.23079166666666667
fresh fruits + soft drinks,chips pretzels,0.01223,0.3101437024513948,1.8431495475563522,0.005594618722222222,0.4762297536186966,0.039433333333333334,0.16826833333333333
yogurt + canned jarred vegetables,fresh vegetables,0.020285,0.8189893008545859,1.8426476143992063,0.009276384005555556,0.46891692848094435,0.024768333333333333,0.4444633333333333
bread + eggs,packaged cheese,0.0155,0.4252400548696844,1.8425277697910138,0.007087643749999999,0.4745652417722769,0.03645,0.23079166666666667
frozen produce + fresh herbs,packaged vegetables fruits,0.011996666666666666,0.6747281589801274,1.8422192686768284,0.005484593499999998,0.4654521917616872,0.01778,0.36625833333333335
fresh fruits + butter,bread,0.014806666666666666,0.3025988623590722,1.8422131542331013,0.006769232652777776,0.48069590175265986,0.048931666666666665,0.16425833333333334
packaged vegetables fruits + grains rice dried goods,fresh vegetables,0.018145,0.8186329799233025,1.8418459263755598,0.008293470216666668,0.46742693953483183,0.022165,0.4444633333333333
fresh fruits + crackers,packaged cheese,0.032301666666666666,0.42507786112207746,1.8418249985430328,0.014763807916666667,0.4946485993755072,0.07599,0.23079166666666667
fruit vegetable snacks + fresh vegetables,yogurt,0.010815,0.48544924066731504,1.841799527015815,0.004943025422222222,0.46746713221118186,0.022278333333333334,0.2635733333333333
cereal + packaged vegetables fruits,yogurt,0.01935,0.4853881851247962,1.8415678816450687,0.008842649066666666,0.4759585348828553,0.039865,0.2635733333333333
dry pasta + milk,yogurt,0.01176,0.4853821283621105,1.8415449022237094,0.005374057422222221,0.46832439142115406,0.024228333333333334,0.2635733333333333
packaged vegetables fruits + dry pasta,bread,0.01117,0.3024641213105876,1.8413928546126788,0.00510393975,0.47445443579650753,0.03693,0.16425833333333334
packaged cheese + butter,milk,0.012033333333333333,0.4472803865691984,1.8409756950198528,0.005496944305555555,0.4694392568928909,0.026903333333333335,0.24295833333333333
yogurt + soy lactosefree,frozen produce,0.013193333333333333,0.2274778010862381,1.8408820999129085,0.006026479283333333,0.484905892507599,0.05799833333333333,0.12357
hot dogs bacon sausage + packaged vegetables fruits,bread,0.012105,0.30220946198976406,1.839842496005869,0.005525632458333332,0.4755222574318699,0.040055,0.16425833333333334
nuts seeds dried fruit + fresh fruits,crackers,0.011673333333333334,0.21146704507714142,1.8395103594966997,0.005327441736111112,0.4830417879595704,0.05520166666666667,0.11495833333333333
bread + milk,packaged cheese,0.025318333333333335,0.42453120196741473,1.8394563724892496,0.011554302986111112,0.4853038329241078,0.059638333333333335,0.23079166666666667
packaged vegetables fruits + packaged cheese,crackers,0.024146666666666667,0.2113123887867915,1.8381650347528078,0.011010377916666668,0.5148060999738894,0.11427,0.11495833333333333
crackers,packaged vegetables fruits + packaged cheese,0.024146666666666667,0.21004711852120334,1.8381650347528078,0.011010377916666668,0.5152064858677535,0.11495833333333333,0.11427
energy granola bars + milk,packaged cheese,0.010855,0.42396823330295536,1.8370170787634823,0.004945964027777778,0.46761166446252095,0.025603333333333332,0.23079166666666667
other creams cheeses + milk,yogurt,0.014573333333333334,0.48416389811738647,1.8369229238569398,0.006639776000000002,0.46975084536780337,0.0301,0.2635733333333333
packaged vegetables fruits + fresh herbs,frozen produce,0.011996666666666666,0.2269445407825456,1.8365666487217416,0.0054645505166666655,0.48092841675101256,0.05286166666666667,0.12357
milk + breakfast bakery,yogurt,0.011665,0.48359013335175843,1.8347460542989622,0.005307171911111111,0.4662112366336535,0.024121666666666666,0.2635733333333333
crackers,chips pretzels,0.03548833333333333,0.30870605291772374,1.8346057561893627,0.016144486180555553,0.5140139512108495,0.11495833333333333,0.16826833333333333
chips pretzels,crackers,0.03548833333333333,0.21090322005526882,1.8346057561893627,0.016144486180555553,0.546959773568281,0.16826833333333333,0.11495833333333333
frozen appetizers sides,chips pretzels,0.016071666666666668,0.3086352579695302,1.8341850296819378,0.007309373655555557,0.4797826141356331,0.05207333333333333,0.16826833333333333
packaged vegetables fruits + tofu meat alternatives,fresh vegetables,0.014635,0.8151689565540289,1.8340522050278514,0.006655401622222222,0.46307295297807427,0.017953333333333335,0.4444633333333333
fresh fruits + baby food formula,packaged cheese,0.014381666666666666,0.42294873051661597,1.8325996628270054,0.006533980694444443,0.4703195163096188,0.03400333333333334,0.23079166666666667
chips pretzels + yogurt,bread,0.017033333333333334,0.3009954644519055,1.832451713978421,0.00773795425,0.48153297969677433,0.05659,0.16425833333333334
other creams cheeses + yogurt,milk,0.014573333333333334,0.4450099241691689,1.8316306259749706,0.006616852847222224,0.4694108148275345,0.03274833333333333,0.24295833333333333
juice nectars,refrigerated,0.021883333333333334,0.2444063884442128,1.8316284013205726,0.00993585898888889,0.4986886492379489,0.08953666666666667,0.13343666666666668
fresh fruits + frozen breakfast,packaged cheese,0.017931666666666665,0.4227006639688838,1.8315248122861907,0.008141099513888887,0.4741198031007547,0.04242166666666667,0.23079166666666667
frozen breakfast,yogurt + packaged vegetables fruits,0.014465,0.23396053482855295,1.8311308344155666,0.006565509844444444,0.48380119248514963,0.06182666666666667,0.12776833333333334
other creams cheeses,packaged cheese,0.0363,0.4226089993596833,1.8311276375938617,0.016476149791666665,0.4965386077232439,0.085895,0.23079166666666667
poultry counter,fresh fruits + fresh vegetables,0.022671666666666666,0.5831439962275474,1.8305912518326426,0.010286779191666666,0.47208217475222697,0.038878333333333334,0.318555
bread + packaged vegetables fruits,crackers,0.016118333333333332,0.21028484453141982,1.8292266287618977,0.007306777083333332,0.49095238210689934,0.07665,0.11495833333333333
nuts seeds dried fruit + packaged cheese,yogurt,0.011998333333333333,0.482054372572653,1.8289193617436754,0.0054379930666666665,0.46479785600219553,0.02489,0.2635733333333333
fruit vegetable snacks,yogurt + packaged vegetables fruits,0.010846666666666666,0.23365526155171795,1.8287415626072026,0.00491544768611111,0.47523717957564654,0.04642166666666667,0.12776833333333334
fresh fruits + salad dressing toppings,packaged vegetables fruits,0.01125,0.6697757491565787,1.828697638251449,0.00509808086111111,0.46090440079523376,0.016796666666666668,0.36625833333333335
hot dogs bacon sausage + fresh fruits,bread,0.016463333333333333,0.30023403543965227,1.827816156093464,0.007456227624999999,0.4791745627614989,0.054835,0.16425833333333334
milk + spreads,packaged cheese,0.010326666666666666,0.42181224045203897,1.8276753512996813,0.004676502013888888,0.46422180011833686,0.024481666666666665,0.23079166666666667
bread + water seltzer sparkling water,chips pretzels,0.010201666666666666,0.30749522756957703,1.8274099557427743,0.004619084261111111,0.46831452996626516,0.03317666666666667,0.16826833333333333
other creams cheeses + packaged vegetables fruits,eggs,0.010241666666666666,0.25059130576625077,1.8273107539893352,0.0046368911,0.47203998110675927,0.04087,0.13713666666666666
bread + packaged cheese,chips pretzels,0.018365,0.3074240437463382,1.8269869181941831,0.008312930213888889,0.48140929482600797,0.05973833333333333,0.16826833333333333
yogurt + frozen breakfast,milk,0.011498333333333333,0.44372266529457166,1.8263323558685851,0.005202473055555555,0.4644910457730611,0.025913333333333333,0.24295833333333333
refrigerated + milk,bread,0.01212,0.299987624272926,1.8263160120111168,0.005483689569444445,0.4714989790269306,0.04040166666666667,0.16425833333333334
packaged vegetables fruits + canned meals beans,fresh vegetables,0.030558333333333333,0.8116423196104471,1.8261176091251181,0.013824288833333333,0.47008899520165764,0.03765,0.4444633333333333
baby food formula,packaged cheese + fresh vegetables,0.011401666666666666,0.2482761123611817,1.8258729122240216,0.005157164877777777,0.47408847908964363,0.04592333333333333,0.13597666666666666
dry pasta + canned jarred vegetables,fresh vegetables,0.010958333333333334,0.8114278662223867,1.8256351095082162,0.004955856016666668,0.45843660228341937,0.013505,0.4444633333333333
hot dogs bacon sausage + fresh vegetables,packaged cheese,0.020825,0.4212460387027173,1.8252220489014652,0.009415429305555556,0.4756352779391514,0.049436666666666663,0.23079166666666667
cereal + packaged vegetables fruits,milk,0.017676666666666667,0.44341318616999037,1.825058560809427,0.007991132708333334,0.4708425132767877,0.039865,0.24295833333333333
butter,packaged cheese + fresh vegetables,0.01862166666666667,0.24803534165075705,1.8241022355606873,0.008412991788888892,0.48845682364776877,0.07507666666666667,0.13597666666666666
yogurt + eggs,milk,0.022176666666666667,0.4431197548954309,1.8238508176111028,0.010017411944444445,0.47550708672835734,0.05004666666666667,0.24295833333333333
fresh fruits + frozen breakfast,yogurt,0.020386666666666668,0.48057203473068,1.8232953563739882,0.009205446577777778,0.4715462864676772,0.04242166666666667,0.2635733333333333
packaged vegetables fruits + energy granola bars,yogurt,0.018525,0.48048242770068733,1.822955386359346,0.008362930133333333,0.46954347167223015,0.038555,0.2635733333333333
packaged vegetables fruits + lunch meat,eggs,0.013371666666666667,0.24989098610851554,1.8222040259729873,0.006033483633333334,0.47672350701808475,0.05351,0.13713666666666666
packaged vegetables fruits + canned jarred vegetables,packaged cheese,0.016316666666666667,0.4204423448572042,1.8217397141312333,0.007360026736111112,0.46928638397761224,0.038808333333333334,0.23079166666666667
yogurt + dry pasta,milk,0.01176,0.4421329657246694,1.8197892603999428,0.005297713263888888,0.4627954082942045,0.026598333333333335,0.24295833333333333
cereal + packaged vegetables fruits,soy lactosefree,0.01235,0.3097955600150508,1.819704308584985,0.005563183075,0.4691633655852504,0.039865,0.170245
other creams cheeses,fresh vegetables + milk,0.019388333333333334,0.22572132642567475,1.8191351912773153,0.008730338575,0.49260013260952745,0.085895,0.12408166666666667
yogurt + lunch meat,chips pretzels,0.012228333333333334,0.30600158485215,1.8185334031090223,0.005504050286111112,0.46884204333352875,0.039961666666666666,0.16826833333333333
pasta sauce,fresh vegetables + milk,0.014013333333333333,0.22555463154223784,1.817791762486302,0.00630434618611111,0.47968394698685746,0.062128333333333334,0.12408166666666667
fresh fruits + soy lactosefree,frozen produce,0.02654166666666667,0.22453612317410188,1.8170763387076303,0.011934868866666669,0.5099441921512097,0.11820666666666667,0.12357
frozen produce,fresh fruits + soy lactosefree,0.02654166666666667,0.21479053707749995,1.8170763387076303,0.011934868866666669,0.5130648072418664,0.12357,0.11820666666666667
hot dogs bacon sausage,packaged vegetables fruits + packaged cheese,0.017511666666666665,0.20761129443379633,1.8168486429841284,0.007873182616666665,0.4910125050225695,0.08434833333333333,0.11427
cereal + packaged vegetables fruits,packaged cheese,0.016713333333333334,0.4192482963334588,1.8165660068609877,0.0075128235416666665,0.4681745611914296,0.039865,0.23079166666666667
packaged vegetables fruits + cream,packaged cheese,0.015706666666666667,0.4190679473496976,1.8157845705709952,0.007056595000000001,0.466768353085883,0.03748,0.23079166666666667
hot dogs bacon sausage,packaged cheese + fresh vegetables,0.020825,0.24689284514612025,1.8157000844222313,0.009355594794444444,0.4906322631056278,0.08434833333333333,0.13597666666666666
fresh vegetables + spreads,soy lactosefree,0.012685,0.30911380066607097,1.8156997307766511,0.005698712683333333,0.46847270020333687,0.041036666666666666,0.170245
yogurt + frozen meals,packaged cheese,0.010851666666666667,0.4188215618165445,1.8147170037185536,0.004871854583333334,0.46089159368193183,0.02591,0.23079166666666667
nuts seeds dried fruit + yogurt,packaged cheese,0.011998333333333333,0.41874127501163333,1.8143691280518504,0.005385382777777777,0.4620844987978162,0.028653333333333333,0.23079166666666667
baby food formula,yogurt,0.021956666666666666,0.4781157000798433,1.8139759968630234,0.009852500622222224,0.47032361749193563,0.04592333333333333,0.2635733333333333
yogurt + breakfast bakery,milk,0.011665,0.4406598249700938,1.81372591309934,0.0052334879861111105,0.4608481970628496,0.026471666666666668,0.24295833333333333
fresh fruits + frozen breakfast,chips pretzels,0.012938333333333333,0.30499351746356024,1.812542570677154,0.005800110186111111,0.4681484580984579,0.04242166666666667,0.16826833333333333
other creams cheeses + packaged vegetables fruits,bread,0.012163333333333333,0.2976103091101868,1.8118429858060179,0.00545009525,0.4671689914175184,0.04087,0.16425833333333334
fresh fruits + pasta sauce,bread,0.012631666666666666,0.29739062193447124,1.8105055366108542,0.005654793958333333,0.4675262573425733,0.042475,0.16425833333333334
packaged cheese + canned jarred vegetables,fresh vegetables,0.022381666666666668,0.8046617532506442,1.8104120023038515,0.010018919050000002,0.4604468733062192,0.027815,0.4444633333333333
packaged cheese + spreads,yogurt,0.012155,0.47710323171529495,1.8101346812346784,0.005440030044444443,0.4592552112612699,0.02547666666666667,0.2635733333333333
packaged vegetables fruits + instant foods,yogurt,0.011501666666666667,0.47701665860233633,1.8098062219331863,0.0051464743111111115,0.4585100994953545,0.024111666666666667,0.2635733333333333
fresh vegetables + lunch meat,eggs,0.014998333333333334,0.24815928080964067,1.8095764381734087,0.006710021761111113,0.47616299103543325,0.06043833333333333,0.13713666666666666
fresh vegetables + salad dressing toppings,packaged vegetables fruits,0.011208333333333334,0.6627574652606683,1.8095355243630449,0.005014294486111112,0.45506795634930336,0.016911666666666665,0.36625833333333335
fresh herbs + milk,packaged cheese,0.01079,0.4176235324474261,1.8095260477953108,0.004827112638888888,0.4592341851882702,0.025836666666666668,0.23079166666666667
fresh fruits + fruit vegetable snacks,yogurt,0.015268333333333333,0.47691186423030874,1.8094086309830613,0.006830033066666666,0.46212827997926814,0.032015,0.2635733333333333
yogurt + poultry counter,fresh vegetables,0.011076666666666667,0.8042110358180058,1.809397931178438,0.004954925022222223,0.45357724551718237,0.013773333333333334,0.4444633333333333
tortillas flat bread,yogurt + fresh vegetables,0.014913333333333334,0.26202049780380676,1.8091589988524945,0.006670092500000002,0.4742496967052112,0.056916666666666664,0.14483
bread + fresh fruits,eggs,0.027953333333333334,0.24809182888586473,1.8090845790272339,0.01250168797777778,0.5040243504013635,0.11267333333333333,0.13713666666666666
eggs,bread + fresh fruits,0.027953333333333334,0.2038355898009285,1.8090845790272336,0.01250168797777778,0.5183141170604157,0.13713666666666666,0.11267333333333333
chips pretzels + fresh vegetables,packaged cheese,0.03378166666666667,0.4174441355164247,1.8087487366662198,0.015104851041666669,0.4865017665380531,0.080925,0.23079166666666667
instant foods,bread + fresh fruits,0.01055,0.20376629647513278,1.8084695858984627,0.004716338166666667,0.4714559009960283,0.051775,0.11267333333333333
spices seasonings + packaged vegetables fruits,fresh vegetables,0.020431666666666667,0.8036580569031074,1.8081537814962783,0.00913192718888889,0.458609066353523,0.025423333333333333,0.4444633333333333
meat counter,fresh fruits + fresh vegetables,0.012516666666666667,0.5758319276184635,1.8076373863805733,0.005592342816666668,0.4567192573191778,0.021736666666666668,0.318555
packaged vegetables fruits + milk,yogurt,0.051046666666666664,0.4762408259733798,1.806862704775571,0.02279511964444444,0.500165601961242,0.10718666666666667,0.2635733333333333
fresh fruits + poultry counter,fresh vegetables,0.022671666666666666,0.8025842232580094,1.8057377584757859,0.010116318272222221,0.45918082341162203,0.028248333333333334,0.4444633333333333
fresh vegetables + milk,eggs,0.03071166666666667,0.24751171943209446,1.8048544233156303,0.013695520505555558,0.5091098980720767,0.12408166666666667,0.13713666666666666
eggs,fresh vegetables + milk,0.03071166666666667,0.2239493449357089,1.8048544233156298,0.013695520505555558,0.5168126587093321,0.13713666666666666,0.12408166666666667
pasta sauce,bread + fresh fruits,0.012631666666666666,0.20331571746653432,1.8044706005550055,0.005631460255555555,0.4753537789499482,0.062128333333333334,0.11267333333333333
bread + milk,crackers,0.01237,0.20741692982701285,1.8042792011048598,0.005514076597222223,0.47403256526868204,0.059638333333333335,0.11495833333333333
cereal + fresh vegetables,chips pretzels,0.013161666666666667,0.30356730991004843,1.8040667777263406,0.005866112627777778,0.46589651311742725,0.04335666666666667,0.16826833333333333
cereal + fresh vegetables,packaged cheese,0.01805,0.4163142923041439,1.8038532253654909,0.008043642638888888,0.4658279168442209,0.04335666666666667,0.23079166666666667
yogurt + ice cream ice,chips pretzels,0.010775,0.3034926298000188,1.803622962134005,0.004800913272222223,0.4619615721781742,0.03550333333333333,0.16826833333333333
cereal + milk,yogurt,0.017385,0.4751298168898606,1.8026475246225995,0.007740851733333335,0.46217122674145006,0.03659,0.2635733333333333
bread + fresh vegetables,packaged cheese,0.03789666666666667,0.4160049763986973,1.8025129867428662,0.01687231513888889,0.4898419446620818,0.09109666666666667,0.23079166666666667
chips pretzels + cereal,packaged cheese,0.010648333333333333,0.41592344248421326,1.8021597074600322,0.004739682013888889,0.45680519636507916,0.025601666666666665,0.23079166666666667
chips pretzels + packaged vegetables fruits,packaged cheese,0.030346666666666668,0.41590717010438794,1.8020892006689493,0.013506952708333332,0.48012050453093813,0.072965,0.23079166666666667
fresh herbs,packaged vegetables fruits + packaged cheese,0.019375,0.20581778265642153,1.8011532568165007,0.0086180031,0.491023473003654,0.09413666666666666,0.11427
packaged vegetables fruits + energy granola bars,soy lactosefree,0.011818333333333333,0.30653179440625944,1.80053331614003,0.005254537358333334,0.46243830841691896,0.038555,0.170245
frozen appetizers sides,packaged cheese + fresh fruits,0.014651666666666667,0.28136602227627705,1.800377666027858,0.006513559344444444,0.4689824637437073,0.05207333333333333,0.15628166666666668
fresh vegetables + lunch meat,crackers,0.012505,0.20690510989162508,1.7998269798474094,0.005557109930555556,0.47297697830289603,0.06043833333333333,0.11495833333333333
fresh fruits + instant foods,yogurt,0.015865,0.47438453104754313,1.7998199022949077,0.007050229155555556,0.45976492480611725,0.03344333333333333,0.2635733333333333
pasta sauce,yogurt + packaged vegetables fruits,0.014281666666666666,0.22987364863052284,1.7991441434146918,0.0063436330638888885,0.4736044187130641,0.062128333333333334,0.12776833333333334
specialty cheeses,packaged cheese,0.010023333333333334,0.41495894569792313,1.7979806276855308,0.004448560625,0.45480632823531153,0.024155,0.23079166666666667
crackers,packaged cheese + fresh fruits,0.032301666666666666,0.280985864443639,1.7979451488891145,0.01433578673611111,0.501456059097132,0.11495833333333333,0.15628166666666668
packaged cheese + fresh fruits,crackers,0.032301666666666666,0.20668877774104444,1.7979451488891145,0.01433578673611111,0.5260161937575031,0.15628166666666668,0.11495833333333333
fresh fruits + canned meals beans,packaged cheese,0.020575,0.4148882540749454,1.7976743270985176,0.009129656597222221,0.4668790244958093,0.049591666666666666,0.23079166666666667
fresh fruits + grains rice dried goods,fresh vegetables,0.0236,0.7984662230743205,1.7964726518295184,0.010463145411111112,0.4568567827572391,0.029556666666666665,0.4444633333333333
yogurt + spreads,packaged cheese,0.012155,0.4143985453718961,1.7955524623443773,0.0053854957638888885,0.45645699183432487,0.029331666666666666,0.23079166666666667
packaged cheese + grains rice dried goods,fresh vegetables,0.010858333333333333,0.7979179424372321,1.7952390728231773,0.004809928138888888,0.4490823884436428,0.013608333333333333,0.4444633333333333
packaged cheese + soy lactosefree,bread,0.013728333333333334,0.29487363070093786,1.7951821665117216,0.006081012861111111,0.4645828992715527,0.04655666666666667,0.16425833333333334
tofu meat alternatives + fresh fruits,fresh vegetables,0.018563333333333334,0.7976795817517726,1.7947027840731653,0.008219930794444446,0.45335500207504054,0.023271666666666666,0.4444633333333333
yogurt + cereal,packaged cheese,0.015315,0.4141427798810168,1.7944442529598126,0.006780324166666667,0.45972503036034673,0.03698,0.23079166666666667
butter + fresh vegetables,packaged cheese,0.01862166666666667,0.41404483972577366,1.7940198868782393,0.008241811458333335,0.46343559392690087,0.044975,0.23079166666666667
packaged vegetables fruits + frozen meals,packaged cheese,0.01332,0.4139645705998135,1.7936720878128767,0.005893893472222222,0.45719552285187537,0.032176666666666666,0.23079166666666667
frozen produce + packaged cheese,bread,0.011513333333333334,0.2946219132511622,1.7936497179310773,0.005094391430555556,0.4604720208609233,0.03907833333333333,0.16425833333333334
other creams cheeses + packaged cheese,chips pretzels,0.010955,0.3017906336088154,1.7935081879665342,0.0048468595,0.45909883400008156,0.0363,0.16826833333333333
frozen breakfast + fresh vegetables,yogurt,0.015295,0.47270011332028433,1.7934292037141504,0.006766645511111112,0.45720254080438366,0.032356666666666666,0.2635733333333333
yogurt + pasta sauce,milk,0.010123333333333333,0.4355683040516314,1.7927695587787948,0.004476576736111111,0.4527259316125089,0.023241666666666667,0.24295833333333333
yogurt + packaged cheese,milk,0.03825166666666667,0.43550284629981034,1.792500139117724,0.01691182638888889,0.4846921112840731,0.08783333333333333,0.24295833333333333
yogurt + cream,packaged cheese,0.012795,0.41367604267701263,1.7924219216913346,0.005656613750000001,0.4562060974225084,0.03093,0.23079166666666667
fruit vegetable snacks,packaged cheese + fresh fruits,0.013001666666666667,0.2800775499946146,1.7921331143210308,0.005746811230555555,0.4635232570809713,0.04642166666666667,0.15628166666666668
frozen produce + packaged vegetables fruits,soy lactosefree,0.020685,0.3050959954767816,1.792099594565371,0.009142672741666665,0.4741412871563554,0.06779833333333334,0.170245
packaged cheese + instant foods,yogurt,0.010036666666666666,0.472313725490196,1.791963244221201,0.004435733333333332,0.4515482396814065,0.02125,0.2635733333333333
frozen produce + milk,bread,0.01068,0.2943229836487231,1.7918298431255022,0.004719612611111111,0.45855056466500865,0.03628666666666667,0.16425833333333334
frozen produce + packaged cheese,yogurt,0.018455,0.4722565786667804,1.79174642857186,0.008154993422222222,0.4598557059817547,0.03907833333333333,0.2635733333333333
breakfast bakery,bread,0.020113333333333334,0.29429839535677704,1.7916801503126805,0.008887371305555555,0.47427843465930636,0.06834333333333334,0.16425833333333334
crackers + soy lactosefree,packaged cheese,0.010091666666666667,0.4134799235181644,1.7915721546192356,0.004458811388888889,0.45288442027887815,0.024406666666666667,0.23079166666666667
spreads,bread,0.023031666666666666,0.29425918827988584,1.7914414587583736,0.010175166916666664,0.47930554456025554,0.07827,0.16425833333333334
tofu meat alternatives,fresh fruits + fresh vegetables,0.018563333333333334,0.5704481434058898,1.7907367437519104,0.008197022708333335,0.45642340359535066,0.03254166666666667,0.318555
hot dogs bacon sausage + fresh fruits,packaged cheese,0.022655,0.4131485365186469,1.7901362838865365,0.009999538958333333,0.4669907509295541,0.054835,0.23079166666666667
packaged cheese + milk,eggs,0.019158333333333333,0.24548852108916178,1.79010126945744,0.008455959305555556,0.478733550733357,0.07804166666666666,0.13713666666666666
packaged cheese + fresh dips tapenades,yogurt,0.016273333333333334,0.4717591921534522,1.7898593389067643,0.0071813712000000016,0.45706327603539487,0.034495,0.2635733333333333
packaged cheese + poultry counter,fresh vegetables,0.010625,0.7954829049163964,1.7897604712418642,0.004688451411111113,0.4472396460356145,0.013356666666666666,0.4444633333333333
frozen produce + canned meals beans,fresh vegetables,0.012846666666666666,0.7954592363261094,1.7897072191769312,0.0056685838333333325,0.44849254484311873,0.01615,0.4444633333333333
hot dogs bacon sausage + yogurt,milk,0.01229,0.4347877358490566,1.7895567930676315,0.005422377777777779,0.4540365219477936,0.028266666666666666,0.24295833333333333
bread + canned jarred vegetables,fresh vegetables,0.012613333333333334,0.7952085741305033,1.7891432532053713,0.005563404094444445,0.448182179641027,0.015861666666666666,0.4444633333333333
packaged vegetables fruits + hot cereal pancake mixes,yogurt,0.010346666666666667,0.471302763437595,1.7881276435562334,0.004560353422222223,0.4506490565141448,0.02195333333333333,0.2635733333333333
frozen appetizers sides,crackers,0.010698333333333334,0.20544744590961464,1.787147046694727,0.004712069722222223,0.46464454384015547,0.05207333333333333,0.11495833333333333
fresh herbs + soy lactosefree,packaged vegetables fruits,0.014253333333333333,0.6544731001760159,1.7869166121617688,0.0062768372638888886,0.45018098748191865,0.021778333333333334,0.36625833333333335
other creams cheeses + fresh fruits,bread,0.016698333333333332,0.29348526568633193,1.7867298403104779,0.007352581694444443,0.466882346122431,0.056896666666666665,0.16425833333333334
packaged cheese + breakfast bakery,yogurt,0.011648333333333333,0.4708934105915645,1.7865745545511602,0.005128407644444445,0.45143668930751785,0.024736666666666667,0.2635733333333333
cereal,bread + fresh fruits,0.018691666666666665,0.2012706161052386,1.7863198873312698,0.008227881988888889,0.48525464213887115,0.09286833333333333,0.11267333333333333
butter + fresh vegetables,bread,0.013195,0.2933852140077821,1.7861207285745955,0.005807481458333333,0.4608543561441526,0.044975,0.16425833333333334
lunch meat,yogurt + packaged vegetables fruits,0.02385,0.22816052551858287,1.7857361019442703,0.010494163169444444,0.4913706326702119,0.10453166666666666,0.12776833333333334
bread + cereal,yogurt,0.01197,0.4706113622960488,1.785504460350246,0.005266012266666667,0.45141595587070993,0.025435,0.2635733333333333
grains rice dried goods,fresh fruits + fresh vegetables,0.0236,0.5686746987951807,1.7851695901655311,0.0103799675,0.45887233318302784,0.0415,0.318555
frozen meals + fresh vegetables,packaged cheese,0.014173333333333333,0.4119356713815152,1.7848810458848827,0.006232561388888887,0.45540763261730954,0.03440666666666667,0.23079166666666667
cereal + fresh vegetables,yogurt,0.020396666666666667,0.4704389943876374,1.7848504946920685,0.008969005511111112,0.4596582328197409,0.04335666666666667,0.2635733333333333
fresh fruits + canned meals beans,fresh vegetables,0.03933333333333333,0.7931440094101831,1.7844981800002622,0.01729165586111111,0.46255735974917705,0.049591666666666666,0.4444633333333333
yogurt + fresh herbs,packaged cheese,0.012323333333333334,0.4116468099320788,1.7836294346217532,0.005414200138888889,0.4529038583101937,0.029936666666666667,0.23079166666666667
milk + lunch meat,chips pretzels,0.011005,0.3000408960785204,1.783109692327852,0.004833197980555555,0.45590379787771884,0.036678333333333334,0.16826833333333333
baking ingredients + fresh fruits,frozen produce,0.010351666666666667,0.22017795738948562,1.78180753734309,0.004542023116666667,0.460418744746839,0.047015,0.12357
fresh fruits + crackers,bread,0.022238333333333332,0.29264815545905165,1.7816335373692962,0.00975634258333333,0.47479718420149536,0.07599,0.16425833333333334
packaged cheese + frozen breakfast,milk,0.010071666666666666,0.4328176479014468,1.7814480448696146,0.00441802625,0.449109685238312,0.02327,0.24295833333333333
instant foods,chips pretzels,0.01552,0.29975857073877354,1.781431864217511,0.006807907041666667,0.46260518783105237,0.051775,0.16826833333333333
cream + fresh vegetables,packaged cheese,0.018445,0.4109085508484016,1.7804306229214006,0.00808514673611111,0.4589391391694087,0.044888333333333336,0.23079166666666667
hot cereal pancake mixes,yogurt + packaged vegetables fruits,0.010346666666666667,0.2274825943569073,1.780430161544258,0.004535336972222222,0.459225067377257,0.045483333333333334,0.12776833333333334
other creams cheeses + fresh vegetables,eggs,0.012658333333333334,0.24415726363840937,1.7803937456922003,0.0055484828500000005,0.46229413168651723,0.051845,0.13713666666666666
frozen appetizers sides,packaged cheese + fresh vegetables,0.012605,0.2420624759953911,1.78017656947558,0.005524241711111111,0.46233320081867935,0.05207333333333333,0.13597666666666666
fresh dips tapenades + eggs,packaged vegetables fruits,0.01218,0.6519760906414488,1.7800989938106948,0.005337683902777777,0.4465762787354009,0.018681666666666666,0.36625833333333335
cereal + fresh vegetables,milk,0.018743333333333334,0.4323056815560852,1.779340826161215,0.008209469861111112,0.45784474586832097,0.04335666666666667,0.24295833333333333
cereal + fresh fruits,milk,0.026038333333333333,0.4322312906349426,1.7790346381818938,0.011402118402777777,0.465968092009702,0.060241666666666666,0.24295833333333333
canned meals beans + fresh vegetables,packaged cheese,0.020546666666666668,0.41045446978525046,1.7784631295984854,0.00899362048611111,0.4607827842417979,0.05005833333333334,0.23079166666666667
instant foods,packaged cheese,0.02125,0.4104297440849832,1.7783559953131605,0.009300761458333334,0.46158126199674415,0.051775,0.23079166666666667
fresh dips tapenades + fresh vegetables,packaged vegetables fruits,0.037695,0.6510737520870516,1.7776353268514071,0.01648986336111111,0.46433858001213724,0.057896666666666666,0.36625833333333335
canned meals beans + soy lactosefree,fresh vegetables,0.013913333333333333,0.7900813931478327,1.7776075862602074,0.006086334033333333,0.44528766089279753,0.01761,0.4444633333333333
packaged vegetables fruits + eggs,bread,0.020206666666666668,0.29194760161818534,1.7773685857735395,0.00883779988888889,0.46989338690408594,0.06921333333333334,0.16425833333333334
canned meals beans + soup broth bouillon,fresh vegetables,0.011333333333333334,0.789871065164363,1.7771343684091594,0.004956025272222223,0.4436621601096597,0.014348333333333333,0.4444633333333333
canned jarred vegetables + milk,fresh vegetables,0.017015,0.7898646034816248,1.7771198302408706,0.007440519027777776,0.44691912707503073,0.021541666666666667,0.4444633333333333
packaged vegetables fruits + breakfast bakery,yogurt,0.014145,0.4683774834437086,1.7770291004794692,0.006185085333333333,0.45087957725453137,0.0302,0.2635733333333333
lunch meat,fresh vegetables + milk,0.023045,0.22045950987738963,1.7767291155883056,0.010074536580555555,0.4882004026481204,0.10453166666666666,0.12408166666666667
fresh fruits + latino foods,fresh vegetables,0.01175,0.7894736842105263,1.7762402992609656,0.005134904055555556,0.443615589806058,0.014883333333333333,0.4444633333333333
packaged cheese + crackers,yogurt,0.02035,0.4681568958245466,1.7761921887313332,0.00889290648888889,0.45685665941904197,0.04346833333333333,0.2635733333333333
yogurt + milk,bread,0.02782,0.29164992224765435,1.7755563223437938,0.012151671347222223,0.48285496894753227,0.09538833333333334,0.16425833333333334
cereal + fresh fruits,chips pretzels,0.017993333333333333,0.2986858486650989,1.7750567961793102,0.007856568486111113,0.46462769118591607,0.060241666666666666,0.16826833333333333
packaged cheese + lunch meat,eggs,0.011076666666666667,0.24332735327499724,1.7743420427918422,0.004833977038888889,0.45722442486213793,0.04552166666666667,0.13713666666666666
cereal + fresh fruits,yogurt,0.028168333333333333,0.46758887812975514,1.7740371236205805,0.012290236444444446,0.46428312743306016,0.060241666666666666,0.2635733333333333
chips pretzels + yogurt,refrigerated,0.013391666666666666,0.23664369441008423,1.7734532817822504,0.005840485699999999,0.46228931842909343,0.05659,0.13343666666666668
bread + crackers,yogurt,0.013773333333333334,0.4673415144489057,1.7730986232126633,0.006005387911111112,0.4492558993322568,0.029471666666666667,0.2635733333333333
frozen produce + canned meals beans,packaged vegetables fruits,0.010485,0.6492260061919505,1.7725904016526144,0.004569927916666666,0.4430084652707915,0.01615,0.36625833333333335
tortillas flat bread,fresh vegetables + milk,0.012518333333333333,0.21994143484626646,1.7725538409885946,0.005456018472222221,0.462146055479856,0.056916666666666664,0.12408166666666667
fresh fruits + spreads,soy lactosefree,0.016173333333333335,0.30158187525250957,1.7714580472407975,0.007043377725000001,0.4601714944106416,0.05362833333333333,0.170245
fresh fruits + eggs,bread,0.027953333333333334,0.2909179213210296,1.7710999217961316,0.01217029761111111,0.48166024542294067,0.09608666666666667,0.16425833333333334
cereal + fresh vegetables,soy lactosefree,0.013071666666666667,0.3014915045744599,1.770927220032658,0.00569041095,0.45505366595628877,0.04335666666666667,0.170245
canned meals beans,fresh fruits + fresh vegetables,0.03933333333333333,0.5640130965752933,1.770536003438318,0.017117838558333334,0.4678245927737421,0.06973833333333333,0.318555
refrigerated + milk,yogurt,0.018848333333333335,0.46652365826492315,1.769995668245105,0.008199531377777779,0.45334266516163924,0.04040166666666667,0.2635733333333333
bread + milk,yogurt,0.02782,0.4664784953748987,1.769824319765146,0.012100925688888889,0.4625583778290965,0.059638333333333335,0.2635733333333333
frozen produce + yogurt,packaged cheese,0.018455,0.40835668977725326,1.7693736332648633,0.008024755277777776,0.45540972959626724,0.045193333333333335,0.23079166666666667
packaged vegetables fruits + crackers,frozen produce,0.01154,0.21862961793495422,1.7692774778259628,0.0050175635,0.45902647792228746,0.052783333333333335,0.12357
frozen produce,yogurt + packaged vegetables fruits,0.027933333333333334,0.22605270966523697,1.7692389324316429,0.012145000383333333,0.49608664307145134,0.12357,0.12776833333333334
yogurt + packaged vegetables fruits,frozen produce,0.027933333333333334,0.21862485488057812,1.7692389324316429,0.012145000383333333,0.4984744686565826,0.12776833333333334,0.12357
hot dogs bacon sausage,eggs,0.020465,0.24262482957576714,1.7692192429141282,0.00889775072777778,0.47483004965631737,0.08434833333333333,0.13713666666666666
packaged vegetables fruits + fresh dips tapenades,frozen produce,0.011758333333333334,0.21851576534720937,1.768356116753333,0.0051090316333333346,0.45921331302295,0.05381,0.12357
packaged cheese + refrigerated,yogurt,0.017591666666666665,0.46592213295665225,1.7677134748962424,0.007640016177777776,0.4513384988037758,0.03775666666666667,0.2635733333333333
canned jarred vegetables,fresh fruits + fresh vegetables,0.04171,0.5630906309063091,1.7676402219595018,0.018113569299999997,0.46901556446628245,0.07407333333333334,0.318555
yogurt + fresh dips tapenades,bread,0.010758333333333333,0.29032112980120534,1.7674666722208228,0.004671467027777777,0.45092837123039514,0.03705666666666667,0.16425833333333334
cereal + milk,chips pretzels,0.010881666666666666,0.29739455224560446,1.7673827651010061,0.00472472835,0.45068206496665675,0.03659,0.16826833333333333
yogurt + eggs,packaged cheese,0.020413333333333332,0.40788597309178093,1.7673340592530677,0.00886297972222222,0.4570498359200685,0.05004666666666667,0.23079166666666667
energy granola bars,chips pretzels,0.02576,0.29735085322918875,1.767123066704106,0.011182633836111113,0.4752830162027802,0.08663166666666666,0.16826833333333333
bread + fresh dips tapenades,yogurt,0.010758333333333333,0.4653258362168396,1.7654511187911255,0.004664517866666666,0.44383397758024556,0.02312,0.2635733333333333
spices seasonings + fresh fruits,fresh vegetables,0.026375,0.7845032718619869,1.7650573467522335,0.011432142733333334,0.4485256006790313,0.03362,0.4444633333333333
water seltzer sparkling water + crackers,packaged cheese,0.011095,0.40723068452927147,1.764494751526,0.004807081041666668,0.44540046441983006,0.027245,0.23079166666666667
spices seasonings,packaged cheese + fresh vegetables,0.01263,0.23984048613748576,1.7638356051588686,0.005469468733333334,0.45712599465136833,0.05266,0.13597666666666666
packaged vegetables fruits + ice cream ice,chips pretzels,0.013145,0.29677152317880795,1.763680172614027,0.005691834622222223,0.4530718368833996,0.04429333333333333,0.16826833333333333
dry pasta + fresh vegetables,bread,0.013923333333333333,0.2896972639317543,1.7636685947851716,0.006028804069444444,0.4548614523723194,0.04806166666666667,0.16425833333333334
chips pretzels + packaged vegetables fruits,bread,0.021136666666666668,0.289682267753946,1.7635772984868103,0.009151557375000001,0.4670489254443193,0.072965,0.16425833333333334
packaged vegetables fruits + milk,eggs,0.02592,0.24182112203010325,1.763358610851243,0.011220777822222222,0.48487221548038256,0.10718666666666667,0.13713666666666666
nuts seeds dried fruit + packaged vegetables fruits,soy lactosefree,0.011575,0.30018153526970953,1.7632326075344915,0.0050103528,0.45022034982084114,0.03856,0.170245
canned meals beans + eggs,fresh vegetables,0.010913333333333334,0.7836285303973193,1.7630892621003291,0.004723440644444445,0.43892652603789906,0.013926666666666667,0.4444633333333333
yogurt + energy granola bars,packaged cheese,0.014073333333333334,0.4069005397070162,1.7630642630381637,0.006091018888888888,0.44831129357375327,0.03458666666666667,0.23079166666666667
canned jarred vegetables,frozen produce,0.016136666666666667,0.21784717847178472,1.7629455245754206,0.0069834248666666675,0.4673885244159725,0.07407333333333334,0.12357
water seltzer sparkling water + canned jarred vegetables,fresh vegetables,0.010876666666666666,0.7834333733493397,1.7626501774034748,0.004706034055555555,0.4387639600871888,0.013883333333333333,0.4444633333333333
fresh fruits + breakfast bakery,packaged cheese,0.018465,0.40668820204096623,1.762144222600323,0.007986289027777777,0.45308094531593324,0.04540333333333333,0.23079166666666667
salad dressing toppings,packaged vegetables fruits + fresh vegetables,0.011208333333333334,0.4126526354543781,1.7621424086702835,0.004847704772222222,0.44458463563868644,0.027161666666666667,0.23417666666666667
packaged vegetables fruits + asian foods,fresh vegetables,0.01665,0.7831608654750707,1.7620370607438274,0.007200709533333335,0.4418691859401344,0.02126,0.4444633333333333
hot dogs bacon sausage + fresh vegetables,bread,0.014308333333333333,0.28942755040118673,1.7620265865832483,0.00618794886111111,0.45496355507940595,0.049436666666666663,0.16425833333333334
milk + juice nectars,yogurt,0.012788333333333334,0.46441108824597505,1.7619805553646362,0.005530402311111112,0.44470247065272467,0.027536666666666668,0.2635733333333333
packaged vegetables fruits + soup broth bouillon,fresh vegetables,0.032788333333333336,0.7831296524819872,1.7619668344940052,0.01417939433888889,0.451349686477227,0.041868333333333334,0.4444633333333333
packaged vegetables fruits + lunch meat,chips pretzels,0.015863333333333333,0.2964554911854482,1.7618020296081551,0.006859294816666667,0.4568451193838263,0.05351,0.16826833333333333
tortillas flat bread,bread,0.016466666666666668,0.289311859443631,1.7613222633674457,0.0071176298611111116,0.4583314253680912,0.056916666666666664,0.16425833333333334
bread + refrigerated,packaged cheese,0.011883333333333333,0.40640674874600996,1.7609247102192163,0.005134984999999999,0.4451322157789992,0.02924,0.23079166666666667
fresh dips tapenades + lunch meat,packaged vegetables fruits,0.010923333333333334,0.644761436301033,1.760400727085253,0.004718306736111111,0.4393915444081343,0.016941666666666667,0.36625833333333335
chips pretzels + fresh vegetables,bread,0.0234,0.2891566265060241,1.7603772097165487,0.010107394375,0.46997245116617853,0.080925,0.16425833333333334
packaged vegetables fruits + milk,packaged cheese,0.043535,0.40616059211344696,1.7598581351729061,0.01879721055555555,0.48360879447227845,0.10718666666666667,0.23079166666666667
fresh fruits + fruit vegetable snacks,packaged cheese,0.013001666666666667,0.4061117184653027,1.7596463699525662,0.005612871458333332,0.4459821136510667,0.032015,0.23079166666666667
cream + fresh vegetables,eggs,0.010831666666666667,0.24130249136746743,1.7595767582275645,0.004675830261111111,0.4519696791818649,0.044888333333333336,0.13713666666666666
energy granola bars + fresh vegetables,soy lactosefree,0.012088333333333333,0.29941380449141347,1.7587230432107461,0.005214975199999999,0.44955570409679285,0.04037333333333333,0.170245
packaged vegetables fruits + milk,bread,0.030961666666666665,0.28885744495584026,1.7585558010603637,0.013355363444444442,0.48313746137711616,0.10718666666666667,0.16425833333333334
yogurt + fresh herbs,packaged vegetables fruits,0.019261666666666667,0.6434138737334373,1.756721459079713,0.008297113027777777,0.44405120619953903,0.029936666666666667,0.36625833333333335
dry pasta,yogurt + packaged vegetables fruits,0.01599,0.2243738160387287,1.756098793692193,0.006884589725000001,0.4635939802899136,0.071265,0.12776833333333334
milk + eggs,yogurt,0.022176666666666667,0.46275300827710925,1.7556897825163493,0.009545353955555558,0.4520889029486076,0.04792333333333333,0.2635733333333333
bread + water seltzer sparkling water,packaged cheese,0.013433333333333334,0.40490304430824875,1.7544092910991098,0.005776435138888889,0.44476334377945986,0.03317666666666667,0.23079166666666667
canned fruit applesauce,yogurt,0.011203333333333333,0.462406273646557,1.754374267679673,0.004817390755555554,0.440672971180539,0.024228333333333334,0.2635733333333333
crackers + fresh vegetables,frozen produce,0.012328333333333334,0.21676190476190477,1.754162861227683,0.005300289583333334,0.4558542127434573,0.056875,0.12357
yogurt + grains rice dried goods,fresh vegetables,0.011735,0.7795615589016829,1.7539389651227688,0.00504434528888889,0.4364243743374571,0.015053333333333333,0.4444633333333333
fresh fruits + canned jarred vegetables,packaged cheese,0.0203,0.4047452896022331,1.7537257538280546,0.008724643958333332,0.45247952736148167,0.050155,0.23079166666666667
canned jarred vegetables,packaged cheese + fresh fruits,0.0203,0.27405274052740525,1.75358214672699,0.008723696011111108,0.4641174460459445,0.07407333333333334,0.15628166666666668
bread + lunch meat,milk,0.014456666666666666,0.425905921634096,1.7529998489484315,0.006209850972222222,0.44464192386311396,0.03394333333333333,0.24295833333333333
packaged cheese + breakfast bakery,milk,0.010528333333333334,0.4256164937339981,1.7518085833675108,0.004518354027777778,0.4400466643624659,0.024736666666666667,0.24295833333333333
fruit vegetable snacks + fresh vegetables,packaged vegetables fruits,0.014288333333333333,0.6413555771676517,1.7511016645836999,0.006128708097222222,0.43870453534167314,0.022278333333333334,0.36625833333333335
cereal + fresh fruits,soy lactosefree,0.017948333333333334,0.29793885737999726,1.7500593696143631,0.007692490791666666,0.4560649251069492,0.060241666666666666,0.170245
fresh fruits + breakfast bakery,eggs,0.010895,0.23996035533367596,1.7497899078802848,0.004668538211111112,0.448883631997635,0.04540333333333333,0.13713666666666666
chips pretzels + cereal,milk,0.010881666666666666,0.42503743245882436,1.749425206484614,0.004661528402777778,0.43963917483371856,0.025601666666666665,0.24295833333333333
packaged vegetables fruits + packaged cheese,bread,0.03283,0.2873020040255535,1.7490863214989811,0.014060200249999998,0.48352537310888,0.11427,0.16425833333333334
fresh dips tapenades + fresh vegetables,frozen produce,0.01251,0.21607461569462835,1.7486009200827737,0.0053557089000000006,0.4544238465952085,0.057896666666666666,0.12357
spreads,fresh fruits + soy lactosefree,0.016173333333333335,0.20663515182487965,1.748083738860298,0.006921297533333334,0.4642845787075058,0.07827,0.11820666666666667
energy granola bars + fresh vegetables,yogurt,0.0186,0.46070013210039623,1.7479011487014224,0.007958665955555555,0.44588721978101004,0.04037333333333333,0.2635733333333333
frozen breakfast,yogurt + fresh fruits,0.020386666666666668,0.32973905542376536,1.7472550207474917,0.008718841177777778,0.4558578734659796,0.06182666666666667,0.18871833333333332
fresh fruits + lunch meat,eggs,0.017471666666666667,0.2396059518639574,1.7472055992607671,0.007471889494444444,0.4612943252154058,0.07291833333333334,0.13713666666666666
frozen breakfast,bread,0.01774,0.28693120552081086,1.7468289108871848,0.007584454777777775,0.45570906356371965,0.06182666666666667,0.16425833333333334
fresh herbs + eggs,packaged vegetables fruits,0.01166,0.6397805212620027,1.7468012684908265,0.004984941874999999,0.4354613146201879,0.018225,0.36625833333333335
fresh fruits + breakfast bakery,chips pretzels,0.013345,0.29392115116364437,1.7467407285802106,0.005705056772222222,0.44783855402245065,0.04540333333333333,0.16826833333333333
tortillas flat bread,yogurt + packaged vegetables fruits,0.012698333333333334,0.223103953147877,1.7461600016791614,0.005426185694444445,0.453103961284754,0.056916666666666664,0.12776833333333334
packaged vegetables fruits + dry pasta,fresh vegetables,0.028658333333333334,0.7760176911273581,1.7459656014984921,0.012244302433333337,0.44363445019631714,0.03693,0.4444633333333333
packaged vegetables fruits + canned meals beans,soy lactosefree,0.01119,0.2972111553784861,1.7457849298275196,0.004780275749999999,0.44390477064703227,0.03765,0.170245
canned meals beans,yogurt + packaged vegetables fruits,0.015555,0.22304806060750904,1.7457225494645963,0.006644649380555555,0.4591947653343718,0.06973833333333333,0.12776833333333334
water seltzer sparkling water + yogurt,crackers,0.011213333333333334,0.20064416080162234,1.7453642113950476,0.004788695277777778,0.45233306855840527,0.05588666666666667,0.11495833333333333
packaged vegetables fruits + packaged cheese,frozen produce,0.024635,0.2155858930602958,1.7446458935040527,0.0105146561,0.481882496518308,0.11427,0.12357
hot dogs bacon sausage + packaged vegetables fruits,chips pretzels,0.011758333333333334,0.29355469562684644,1.744562924060854,0.005018345241666668,0.4445989340452078,0.040055,0.16826833333333333
bread + packaged cheese,milk,0.025318333333333335,0.42382055073515057,1.7444166039519144,0.010804407430555558,0.4538549837464279,0.05973833333333333,0.24295833333333333
other creams cheeses,yogurt + fresh vegetables,0.0217,0.25263402992025147,1.7443487531606123,0.009259827150000002,0.46681742815244465,0.085895,0.14483
packaged vegetables fruits + oils vinegars,fresh vegetables,0.025318333333333335,0.7752883535776259,1.744324661751534,0.010803642411111113,0.44111765979196177,0.03265666666666667,0.4444633333333333
frozen produce + lunch meat,packaged vegetables fruits,0.010973333333333333,0.638665243961587,1.743756212040464,0.00468040473611111,0.43398187234180363,0.017181666666666668,0.36625833333333335
frozen produce + fresh vegetables,soy lactosefree,0.023218333333333334,0.2968653440450061,1.7437536729126029,0.009903188141666667,0.46271415030518703,0.07821166666666667,0.170245
other creams cheeses + bread,yogurt,0.010245,0.45952007176496973,1.7434239873721535,0.004368632533333335,0.4361397966325238,0.022295,0.2635733333333333
bread,packaged cheese + fresh fruits,0.044746666666666664,0.27241641722895843,1.74311179960728,0.019076100569444438,0.5101018043699952,0.16425833333333334,0.15628166666666668
packaged cheese + fresh fruits,bread,0.044746666666666664,0.28632063901715915,1.74311179960728,0.019076100569444438,0.5052792090810563,0.15628166666666668,0.16425833333333334
chips pretzels + milk,yogurt,0.02229,0.4594139672288826,1.7430214256458012,0.009501861155555558,0.44802081006234357,0.04851833333333333,0.2635733333333333
yogurt + juice nectars,milk,0.012788333333333334,0.42347811689386833,1.743007169516865,0.005451396597222223,0.43955265211491845,0.030198333333333334,0.24295833333333333
fruit vegetable snacks,yogurt + fresh fruits,0.015268333333333333,0.3289053243815747,1.7428371614570644,0.006507713769444446,0.44697212079387294,0.04642166666666667,0.18871833333333332
pickled goods olives + packaged vegetables fruits,fresh vegetables,0.012908333333333334,0.7745000000000001,1.742550941584983,0.005500611111111112,0.43335120526091203,0.016666666666666666,0.4444633333333333
fresh dips tapenades,packaged cheese + fresh fruits,0.026826666666666665,0.2722644158392395,1.742139187829066,0.011427973580555553,0.47255464802613845,0.09853166666666667,0.15628166666666668
fresh fruits + butter,packaged cheese,0.019673333333333334,0.4020572907796587,1.7420788912640925,0.008380312430555557,0.44788914591698675,0.048931666666666665,0.23079166666666667
baby food formula,milk,0.019431666666666667,0.42313275749437473,1.7415856936829006,0.008274210138888889,0.44630650809397093,0.04592333333333333,0.24295833333333333
bread + frozen produce,yogurt,0.012116666666666666,0.4585882798208541,1.739888758931812,0.005152619911111111,0.43679136756265174,0.026421666666666666,0.2635733333333333
packaged vegetables fruits + fresh dips tapenades,packaged cheese,0.021606666666666666,0.4015362695905346,1.7398213522608468,0.009187767083333333,0.44941115830366746,0.05381,0.23079166666666667
packaged cheese + eggs,milk,0.019158333333333333,0.422610294117647,1.7394352699062816,0.008144222222222221,0.4452871177898576,0.04533333333333334,0.24295833333333333
instant foods,yogurt + packaged vegetables fruits,0.011501666666666667,0.22214711089650732,1.7386711174900455,0.004886461208333333,0.4480456622655217,0.051775,0.12776833333333334
packaged vegetables fruits + condiments,packaged cheese,0.011211666666666667,0.4012526096033403,1.7385922784762895,0.004762962847222222,0.4370334602650916,0.027941666666666667,0.23079166666666667
fresh fruits + energy granola bars,yogurt,0.027098333333333332,0.4582065156126705,1.738440341509019,0.0115106064,0.45147178893771106,0.05914,0.2635733333333333
nuts seeds dried fruit + fresh fruits,frozen produce,0.011855,0.21475800851423565,1.7379461723252865,0.005033730049999999,0.4494167394656345,0.05520166666666667,0.12357
yogurt + milk,packaged cheese,0.03825166666666667,0.4010099068719096,1.7375406688799118,0.016236834236111112,0.46923328360214805,0.09538833333333334,0.23079166666666667
energy granola bars + fresh vegetables,packaged cheese,0.016186666666666665,0.4009247027741083,1.7371714870154538,0.006868837777777777,0.44220487745051135,0.04037333333333333,0.23079166666666667
packaged vegetables fruits + crackers,yogurt,0.024153333333333332,0.4575939374802652,1.7361162136290922,0.010241054222222221,0.447629046034554,0.052783333333333335,0.2635733333333333
frozen produce,yogurt + fresh vegetables,0.03107,0.25143643279113054,1.7360797679426263,0.013173356900000002,0.4837689272402712,0.12357,0.14483
yogurt + fresh vegetables,frozen produce,0.03107,0.21452737692467033,1.7360797679426263,0.013173356900000002,0.4957956907997135,0.14483,0.12357
frozen produce + fresh fruits,soy lactosefree,0.02654166666666667,0.2955148546085472,1.7358210497139253,0.011251111991666667,0.46573361295630467,0.089815,0.170245
candy chocolate,chips pretzels,0.02037833333333333,0.29202292811081915,1.7354597999870396,0.008636008138888887,0.4555753994621458,0.06978333333333334,0.16826833333333333
yogurt + packaged vegetables fruits,packaged cheese,0.05117,0.4004904710348156,1.735289999067625,0.021682133402777776,0.48579690696465255,0.12776833333333334,0.23079166666666667
packaged cheese,yogurt + packaged vegetables fruits,0.05117,0.221715111030872,1.7352899990676247,0.021682133402777776,0.5508617463712135,0.23079166666666667,0.12776833333333334
canned meals beans + soy lactosefree,packaged vegetables fruits,0.01119,0.6354344122657581,1.7349350292801295,0.00474019075,0.431203025038579,0.01761,0.36625833333333335
nuts seeds dried fruit + fresh vegetables,soy lactosefree,0.012623333333333334,0.29534022226554885,1.7347952789541474,0.005346778291666667,0.44247523640351677,0.042741666666666664,0.170245
canned meals beans,fresh vegetables + milk,0.01501,0.21523313337953778,1.7346086586485066,0.0063567513694444445,0.45524942684862874,0.06973833333333333,0.12408166666666667
fresh fruits + spreads,frozen produce,0.01149,0.21425241632221773,1.733854627516531,0.0048631468500000006,0.4472348375357233,0.05362833333333333,0.12357
packaged vegetables fruits + butter,milk,0.014341666666666667,0.42119432207537943,1.733607225143047,0.0060689354166666674,0.4380848603851318,0.03405,0.24295833333333333
packaged cheese + cream,milk,0.012225,0.4211644464859899,1.7334842592460569,0.005172729444444445,0.4357762859122025,0.029026666666666666,0.24295833333333333
fresh dips tapenades + fresh vegetables,packaged cheese,0.023151666666666668,0.3998790949392596,1.7326409601989945,0.009789598472222223,0.4488322739013429,0.057896666666666666,0.23079166666666667
milk + eggs,packaged cheese,0.019158333333333333,0.3997704667176741,1.7321702836656756,0.00809802736111111,0.4439658781985629,0.04792333333333333,0.23079166666666667
chips pretzels + fresh dips tapenades,packaged cheese,0.014258333333333333,0.3995609733314651,1.7312625672423114,0.006022532708333332,0.4380175195934726,0.035685,0.23079166666666667
fresh fruits + milk,yogurt,0.07458333333333333,0.4562183323308424,1.7308971532179878,0.03149392551111112,0.5047886056141473,0.16348166666666666,0.2635733333333333
yogurt,fresh fruits + milk,0.07458333333333333,0.2829699514366653,1.7308971532179875,0.03149392551111112,0.5733971108967679,0.2635733333333333,0.16348166666666666
yogurt + canned meals beans,fresh vegetables,0.019225,0.7687437520826391,1.7295999341887351,0.008109712805555554,0.4326515085156293,0.025008333333333334,0.4444633333333333
chips pretzels + cereal,yogurt,0.01167,0.45582969858733163,1.729422672705882,0.0049220833777777785,0.43285414202476635,0.025601666666666665,0.2635733333333333
other creams cheeses + fresh fruits,eggs,0.013493333333333333,0.237155076454391,1.7293338260206923,0.005690714122222222,0.44718604260179196,0.056896666666666665,0.13713666666666666
fresh vegetables + milk,bread,0.035236666666666666,0.2839796370669855,1.728859847193864,0.014855218902777776,0.48130527484244706,0.12408166666666667,0.16425833333333334
bread,fresh vegetables + milk,0.035236666666666666,0.2145198112728933,1.7288598471938639,0.014855218902777776,0.5044430964487091,0.16425833333333334,0.12408166666666667
breakfast bakery,packaged cheese + fresh fruits,0.018465,0.2701799736623909,1.72880146100987,0.007784189961111108,0.4524891997425971,0.06834333333333334,0.15628166666666668
fresh dips tapenades + soy lactosefree,packaged vegetables fruits,0.015456666666666667,0.6329943348576889,1.7282728534714262,0.006513248597222222,0.4319347875664265,0.024418333333333334,0.36625833333333335
fresh dips tapenades,packaged cheese + fresh vegetables,0.023151666666666668,0.23496676195470154,1.727993248508579,0.009753659072222223,0.46734202372793154,0.09853166666666667,0.13597666666666666
bread + crackers,milk,0.01237,0.41972515975795965,1.7275602528195904,0.005209612986111112,0.4339378603419601,0.029471666666666667,0.24295833333333333
frozen produce + fresh vegetables,packaged vegetables fruits,0.049485,0.6327061180130842,1.7274859311863233,0.020839325319444445,0.45685551577330447,0.07821166666666667,0.36625833333333335
energy granola bars + fresh vegetables,bread,0.011455,0.2837268824306473,1.7273210842513154,0.0048233435555555555,0.438784012622915,0.04037333333333333,0.16425833333333334
frozen produce + soup broth bouillon,fresh vegetables,0.013286666666666667,0.7672023866807813,1.7261320094213577,0.005589302505555556,0.4280837297588194,0.017318333333333335,0.4444633333333333
yogurt + juice nectars,packaged cheese,0.01203,0.3983663557591479,1.726086394334636,0.005060476319444445,0.4337533514369837,0.030198333333333334,0.23079166666666667
salad dressing toppings,packaged cheese,0.01082,0.39835552555685094,1.7260394680202966,0.004551313680555555,0.43238322125284195,0.027161666666666667,0.23079166666666667
packaged cheese + juice nectars,yogurt,0.01203,0.4548777413662718,1.7258109369926338,0.005059363911111112,0.4319868662821379,0.026446666666666667,0.2635733333333333
packaged vegetables fruits + frozen appetizers sides,yogurt,0.01128,0.45474702680911105,1.7253150045873802,0.004742063466666667,0.4310888564846284,0.024805,0.2635733333333333
chips pretzels + canned jarred vegetables,fresh vegetables,0.01144,0.7667560321715817,1.7251277544564945,0.004808607066666667,0.4266991366668551,0.01492,0.4444633333333333
canned jarred vegetables + soy lactosefree,packaged vegetables fruits,0.01058,0.63170464722858,1.7247516021803735,0.004445783347222222,0.42736400025285065,0.016748333333333334,0.36625833333333335
yogurt,fresh vegetables + milk,0.05640333333333333,0.21399484014569,1.7246289955192682,0.02369871484444444,0.5705458073072582,0.2635733333333333,0.12408166666666667
fresh vegetables + milk,yogurt,0.05640333333333333,0.4545662131123319,1.7246289955192682,0.02369871484444444,0.4796852983507897,0.12408166666666667,0.2635733333333333
hot cereal pancake mixes + fresh fruits,yogurt,0.014393333333333333,0.4543589203977482,1.7238425247789921,0.006043769422222222,0.4336375222830374,0.031678333333333336,0.2635733333333333
packaged cheese,fresh vegetables + milk,0.049346666666666664,0.21381476800866583,1.7231777566548845,0.020709652013888885,0.5455957757754244,0.23079166666666667,0.12408166666666667
fresh vegetables + milk,packaged cheese,0.049346666666666664,0.39769506642130853,1.7231777566548843,0.020709652013888885,0.4791277923831421,0.12408166666666667,0.23079166666666667
nuts seeds dried fruit + fresh vegetables,packaged vegetables fruits,0.026963333333333332,0.6308442191460324,1.7224023639399304,0.01130884173611111,0.4381425079494295,0.042741666666666664,0.36625833333333335
packaged vegetables fruits + spreads,packaged cheese,0.014493333333333334,0.39736794004752324,1.7217603468388802,0.0060755919444444445,0.4350674358124859,0.03647333333333334,0.23079166666666667
fresh fruits + frozen meals,chips pretzels,0.012956666666666667,0.28966390938221925,1.7214404139155868,0.005430024116666667,0.4387148484352368,0.04473,0.16826833333333333
frozen produce + packaged cheese,packaged vegetables fruits,0.024635,0.6304004776730499,1.721190810692953,0.01032223476388889,0.4360468763495336,0.03907833333333333,0.36625833333333335
poultry counter,packaged cheese + fresh fruits,0.010456666666666666,0.26895871736614224,1.720987004443743,0.00438069593611111,0.4358845525386934,0.038878333333333334,0.15628166666666668
bread + fresh fruits,packaged cheese,0.044746666666666664,0.39713626412638303,1.7207565154419917,0.018742600277777775,0.47204741189538696,0.11267333333333333,0.23079166666666667
chips pretzels + milk,refrigerated,0.011138333333333333,0.22956957850984167,1.7204384989870973,0.004664208661111112,0.44010604694164795,0.04851833333333333,0.13343666666666668
other creams cheeses + packaged vegetables fruits,yogurt,0.018521666666666665,0.45318489519615046,1.7193882608109716,0.007749424533333334,0.43622636887020566,0.04087,0.2635733333333333
baking ingredients + fresh vegetables,eggs,0.010203333333333333,0.23576985288454133,1.719232781540614,0.0042685155222222226,0.4372687330288084,0.043276666666666665,0.13713666666666666
fresh herbs + packaged cheese,packaged vegetables fruits,0.019375,0.6296376536857499,1.7191080622122359,0.008104620652777778,0.43158354646430935,0.030771666666666666,0.36625833333333335
soup broth bouillon + eggs,fresh vegetables,0.012288333333333333,0.7639622837011708,1.7188420875389139,0.005139140616666668,0.4250499172034475,0.016085,0.4444633333333333
packaged cheese + canned meals beans,fresh vegetables,0.020546666666666668,0.7639112653364729,1.7187273010967674,0.008592084544444446,0.429732506195166,0.026896666666666666,0.4444633333333333
hot dogs bacon sausage,packaged cheese + fresh fruits,0.022655,0.2685885909620819,1.7186186754391015,0.009472901886111112,0.4566554892159108,0.08434833333333333,0.15628166666666668
frozen appetizers sides + fresh fruits,yogurt,0.015191666666666666,0.4529192546583851,1.7183804178156052,0.006350977777777779,0.43256565617388987,0.033541666666666664,0.2635733333333333
packaged vegetables fruits + energy granola bars,packaged cheese,0.015286666666666667,0.39648986296632516,1.7179557160483487,0.006388493958333333,0.43467158173932374,0.038555,0.23079166666666667
canned meals beans,fresh fruits + soy lactosefree,0.014161666666666666,0.20306861362713,1.7179116825937342,0.005918130744444444,0.4492261842452212,0.06973833333333333,0.11820666666666667
instant foods + fresh vegetables,yogurt,0.012756666666666666,0.45265834762552487,1.7173905337876552,0.005328730844444444,0.42983471643036464,0.028181666666666667,0.2635733333333333
dry pasta,packaged vegetables fruits + fresh vegetables,0.028658333333333334,0.40213756168292053,1.7172400965777426,0.011969733183333334,0.4497195085212014,0.071265,0.23417666666666667
instant foods,fresh vegetables + milk,0.011031666666666667,0.2130693706743924,1.7171704442589617,0.004607338375,0.4404509764391449,0.051775,0.12408166666666667
canned jarred vegetables + fresh vegetables,packaged cheese,0.022381666666666668,0.396240889911776,1.7168769376931978,0.009345399375,0.4425441796219579,0.056485,0.23079166666666667
cereal + milk,packaged cheese,0.014496666666666666,0.39619203789742186,1.7166652662101687,0.006051999583333334,0.4333308279255026,0.03659,0.23079166666666667
bread + packaged cheese,yogurt,0.027025,0.45238958792511785,1.7163708566564062,0.011279568355555557,0.44389274507501836,0.05973833333333333,0.2635733333333333
frozen produce + dry pasta,fresh vegetables,0.01126,0.7626142905519809,1.7158092318496034,0.004697498883333332,0.4234366679198952,0.014765,0.4444633333333333
hot dogs bacon sausage + fresh vegetables,frozen produce,0.010481666666666667,0.21202211583844652,1.7158057444237802,0.004372777766666667,0.43888021586701803,0.049436666666666663,0.12357
canned jarred vegetables,fresh vegetables,0.056485,0.7625551255512555,1.715676116255384,0.023562119355555557,0.4505101982180254,0.07407333333333334,0.4444633333333333
latino foods,fresh fruits + fresh vegetables,0.01175,0.546342219466832,1.7150640218073239,0.0048989438000000005,0.4260952763098804,0.021506666666666667,0.318555
cereal,fresh fruits + milk,0.026038333333333333,0.28037903124495256,1.7150487694539809,0.010856063419444445,0.4596093568120448,0.09286833333333333,0.16348166666666666
frozen produce + yogurt,soy lactosefree,0.013193333333333333,0.2919309632689187,1.7147696746977514,0.005499394299999999,0.43656094549214475,0.045193333333333335,0.170245
packaged cheese + soy lactosefree,yogurt,0.021041666666666667,0.4519581871554378,1.7147341175970172,0.008770570844444443,0.43717250294425275,0.04655666666666667,0.2635733333333333
milk + soy lactosefree,yogurt,0.018966666666666666,0.4517127773587901,1.7138030302463203,0.007899661688888887,0.43475709977970955,0.041988333333333336,0.2635733333333333
fresh herbs,packaged vegetables fruits + fresh fruits,0.04369833333333333,0.4642009843844057,1.7137197621929279,0.018199220644444444,0.45975370325927295,0.09413666666666666,0.27087333333333335
condiments,packaged cheese + fresh vegetables,0.013936666666666667,0.23297021703396206,1.713310252008644,0.0058023158388888895,0.44282508412363214,0.05982166666666667,0.13597666666666666
packaged vegetables fruits + soup broth bouillon,packaged cheese,0.016555,0.39540623382827117,1.71326044626801,0.006892137569444444,0.4345097823707296,0.041868333333333334,0.23079166666666667
packaged poultry,packaged vegetables fruits + fresh vegetables,0.014321666666666667,0.4011858630188151,1.7131760765468311,0.005961949961111112,0.431699800412975,0.03569833333333333,0.23417666666666667
yogurt + fresh dips tapenades,packaged vegetables fruits,0.023248333333333333,0.6273724925789331,1.7129234627078331,0.009676020361111108,0.4322193629396747,0.03705666666666667,0.36625833333333335
frozen produce + canned jarred vegetables,packaged vegetables fruits,0.010123333333333333,0.6273497211319975,1.712861289523326,0.004213144694444444,0.42300749442979213,0.016136666666666667,0.36625833333333335
fresh fruits + lunch meat,chips pretzels,0.021015,0.2881991268771,1.7127353743154288,0.008745153580555555,0.44886945547829155,0.07291833333333334,0.16826833333333333
fresh fruits + butter,milk,0.020356666666666665,0.416022344085289,1.7123197149797522,0.00846831048611111,0.4373996043352793,0.048931666666666665,0.24295833333333333
pasta sauce,packaged vegetables fruits + fresh vegetables,0.02491,0.4009442819969419,1.7121444578748604,0.010360993994444446,0.4434904563611874,0.062128333333333334,0.23417666666666667
frozen produce + eggs,packaged vegetables fruits,0.014625,0.6270544519079606,1.7120551120328382,0.006082634805555556,0.42583862967749825,0.023323333333333335,0.36625833333333335
spices seasonings + yogurt,fresh vegetables,0.011506666666666667,0.7608551906546176,1.711851425287315,0.0047848995222222225,0.42222256692717747,0.015123333333333334,0.4444633333333333
yogurt + crackers,milk,0.017916666666666668,0.4158929124110183,1.7117869829985317,0.007450021666666667,0.43453492746593,0.04308,0.24295833333333333
fresh fruits + breakfast bakery,yogurt,0.020485,0.45117832758240956,1.711775322171222,0.00851789208888889,0.435588346125886,0.04540333333333333,0.2635733333333333
soup broth bouillon + soy lactosefree,fresh vegetables,0.014438333333333333,0.760646237597682,1.7113813008894967,0.006001678494444444,0.4237195859993717,0.018981666666666668,0.4444633333333333
fresh fruits + soup broth bouillon,fresh vegetables,0.041596666666666664,0.7606131716088136,1.7113069055763437,0.01728970773888889,0.4396976093071996,0.05468833333333333,0.4444633333333333
instant foods,bread,0.014553333333333333,0.2810880412039273,1.71125589490494,0.006048858124999999,0.4383283092996513,0.051775,0.16425833333333334
chips pretzels + energy granola bars,yogurt,0.011615,0.4508928571428571,1.710692244319824,0.004825350933333333,0.4264260553169786,0.02576,0.2635733333333333
packaged vegetables fruits + pasta sauce,fresh vegetables,0.02491,0.760339828051076,1.710691908708801,0.01034864042777778,0.42951275930000066,0.03276166666666667,0.4444633333333333
packaged cheese + fresh dips tapenades,packaged vegetables fruits,0.021606666666666666,0.6263709716384017,1.7101889967602149,0.008972585458333333,0.43010580513217506,0.034495,0.36625833333333335
meat counter,fresh vegetables,0.016521666666666667,0.7600828093850637,1.7101136412866387,0.0068605153444444445,0.4244701046343708,0.021736666666666668,0.4444633333333333
frozen produce,packaged vegetables fruits + fresh vegetables,0.049485,0.40046127700898276,1.710081891203149,0.0205477893,0.4737773497382567,0.12357,0.23417666666666667
packaged vegetables fruits + fresh vegetables,frozen produce,0.049485,0.21131481929597312,1.710081891203149,0.0205477893,0.5422042716089007,0.23417666666666667,0.12357
pickled goods olives,packaged vegetables fruits + fresh vegetables,0.012908333333333334,0.40044465125898354,1.710010894590908,0.005359648483333334,0.42903845885281855,0.032235,0.23417666666666667
packaged vegetables fruits + eggs,frozen produce,0.014625,0.21130321710653052,1.709987999567294,0.0060723084,0.4460749054838642,0.06921333333333334,0.12357
packaged cheese + eggs,yogurt,0.020413333333333332,0.4502941176470588,1.708420620372795,0.008464675555555554,0.4343548051625804,0.04533333333333334,0.2635733333333333
frozen breakfast,yogurt + fresh vegetables,0.015295,0.24738516282078932,1.708107179595314,0.006340643866666667,0.4418763879276447,0.06182666666666667,0.14483
frozen breakfast,packaged cheese + fresh vegetables,0.014358333333333334,0.23223528143196032,1.7079053864532665,0.00595134928888889,0.4418026579008258,0.06182666666666667,0.13597666666666666
packaged cheese,yogurt + fresh vegetables,0.05708333333333333,0.24733706445206716,1.7077750773463176,0.023657776250000005,0.5387913490542502,0.23079166666666667,0.14483
yogurt + fresh vegetables,packaged cheese,0.05708333333333333,0.39414025639255224,1.7077750773463176,0.023657776250000005,0.48463205634018736,0.14483,0.23079166666666667
lunch meat,yogurt + fresh vegetables,0.02585,0.24729348363334874,1.7074741671846216,0.01071067871666667,0.4627071519656949,0.10453166666666666,0.14483
packaged vegetables fruits + packaged poultry,fresh vegetables,0.014321666666666667,0.7588308018368067,1.7072967440211944,0.005933162022222223,0.4222479666842935,0.018873333333333332,0.4444633333333333
other creams cheeses + fresh vegetables,bread,0.014536666666666666,0.2803870511460443,1.7069882876325562,0.006020693374999999,0.4368198226988805,0.051845,0.16425833333333334
frozen breakfast,chips pretzels,0.017755,0.2871738192797067,1.7066420852390927,0.007351529844444444,0.44134068386264963,0.06182666666666667,0.16826833333333333
frozen produce + crackers,packaged vegetables fruits,0.01154,0.6249661521797997,1.7063533995034461,0.004777039875,0.42174240196175583,0.018465,0.36625833333333335
bread + refrigerated,milk,0.01212,0.41450068399452805,1.7060566653864986,0.005015898333333334,0.4263185522680993,0.02924,0.24295833333333333
frozen produce + soy lactosefree,packaged vegetables fruits,0.020685,0.624798630688683,1.7058960133476362,0.008559407444444443,0.427966336499669,0.033106666666666666,0.36625833333333335
fresh vegetables + pasta sauce,bread,0.011445,0.28014849869451697,1.7055359871818798,0.004734499555555556,0.4312938459090798,0.04085333333333333,0.16425833333333334
chips pretzels + energy granola bars,packaged cheese,0.010138333333333333,0.39356884057971003,1.7052991828692978,0.004193139999999999,0.42452848909189556,0.02576,0.23079166666666667
hot cereal pancake mixes,yogurt + fresh vegetables,0.011231666666666666,0.2469402711615976,1.7050353598121772,0.004644315499999999,0.4332055309580078,0.045483333333333334,0.14483
fresh fruits + fresh dips tapenades,packaged vegetables fruits,0.043526666666666665,0.6241575450504278,1.7041456487008562,0.01798503136111111,0.44417067937375354,0.06973666666666667,0.36625833333333335
spices seasonings + packaged cheese,fresh vegetables,0.01263,0.7574212893553224,1.7041254757167574,0.005218573916666668,0.42019551046693865,0.016675,0.4444633333333333
crackers + fresh vegetables,eggs,0.013288333333333333,0.23364102564102562,1.70370938218098,0.0054886854166666665,0.43795407246308515,0.056875,0.13713666666666666
fresh herbs + fresh fruits,frozen produce,0.014891666666666666,0.21049779725304496,1.7034700756902563,0.006149707016666665,0.44440221271417796,0.070745,0.12357
pickled goods olives,packaged cheese,0.01267,0.3930510314875136,1.7030555615996255,0.005230430625000001,0.4265705999752863,0.032235,0.23079166666666667
packaged vegetables fruits + packaged cheese,eggs,0.026681666666666666,0.23349668912808844,1.702656880932076,0.011011059766666668,0.46592370957673684,0.11427,0.13713666666666666
fresh herbs + milk,yogurt,0.011593333333333334,0.44871629467165525,1.7024343434021725,0.004783476977777778,0.4235489272205631,0.025836666666666668,0.2635733333333333
dry pasta + fresh fruits,fresh vegetables,0.036895,0.7564842975771452,1.7020173338118898,0.01521778246111111,0.43360979004883127,0.048771666666666665,0.4444633333333333
crackers + soy lactosefree,yogurt,0.010948333333333332,0.4485796230538104,1.7019158098460025,0.004515386844444444,0.42274465758297103,0.024406666666666667,0.2635733333333333
fresh vegetables + eggs,bread,0.023608333333333332,0.27954845967121233,1.701882966898964,0.009736443319444444,0.45045740965869063,0.08445166666666666,0.16425833333333334
hot dogs bacon sausage + milk,yogurt,0.01229,0.4485401459854015,1.7017660334330793,0.005068090666666667,0.4239925518747169,0.0274,0.2635733333333333
packaged vegetables fruits + energy granola bars,bread,0.010775,0.27947088574763324,1.7014106990876154,0.004442019958333333,0.42878420744600004,0.038555,0.16425833333333334
fresh fruits + ice cream ice,chips pretzels,0.018438333333333334,0.2862872965349481,1.7013735791143993,0.007601011325,0.44061758459292516,0.064405,0.16826833333333333
instant foods,yogurt + fresh vegetables,0.012756666666666666,0.24638660872364399,1.7012125162165574,0.005258093416666667,0.4346900394251543,0.051775,0.14483
frozen pizza,packaged cheese + fresh fruits,0.011626666666666667,0.26578275612450947,1.7006649710960517,0.0047901251583333335,0.4308418881146103,0.043745,0.15628166666666668
milk + juice nectars,packaged cheese,0.010806666666666666,0.3924464350562885,1.7004358984204593,0.004451433472222221,0.4235794636176019,0.027536666666666668,0.23079166666666667
yogurt + packaged cheese,frozen produce,0.018455,0.21011385199240987,1.700362968296592,0.007601435,0.4515515515862383,0.08783333333333333,0.12357
tortillas flat bread,eggs,0.013271666666666666,0.23317715959004393,1.7003268728765266,0.005466304722222222,0.4367353068203763,0.056916666666666664,0.13713666666666666
pickled goods olives + fresh fruits,fresh vegetables,0.01603,0.7555974546311572,1.7000220219841695,0.006600710383333331,0.42069742164762375,0.021215,0.4444633333333333
tofu meat alternatives + fresh fruits,packaged vegetables fruits,0.014486666666666667,0.622502327580033,1.699626386421332,0.005963224819444444,0.4214430823406221,0.023271666666666666,0.36625833333333335
yogurt + ice cream ice,packaged cheese,0.013925,0.3922166932682377,1.6994404474521945,0.005731126527777778,0.42672104482904516,0.03550333333333333,0.23079166666666667
packaged vegetables fruits + cream,milk,0.015475,0.4128868729989328,1.6994143289271801,0.006368921666666666,0.4275879791494195,0.03748,0.24295833333333333
water seltzer sparkling water + packaged cheese,bread,0.013433333333333334,0.27909553654904945,1.6991255839828487,0.005527305986111111,0.4322677513988281,0.04813166666666667,0.16425833333333334
packaged vegetables fruits + packaged cheese,yogurt,0.05117,0.4477990723724512,1.698954392347928,0.021051475200000003,0.464478657444763,0.11427,0.2635733333333333
other creams cheeses + fresh fruits,yogurt,0.025473333333333334,0.44771222684398615,1.6986248994991382,0.010476889244444445,0.43610121270367325,0.056896666666666665,0.2635733333333333
yogurt + canned meals beans,packaged vegetables fruits,0.015555,0.6219926691102966,1.6982348591211938,0.006395489513888887,0.4216992921171115,0.025008333333333334,0.36625833333333335
bread + fresh herbs,packaged vegetables fruits,0.011196666666666667,0.6219794463475604,1.6981987568361867,0.0046034062361111116,0.4186776731783921,0.018001666666666666,0.36625833333333335
hot dogs bacon sausage + fresh fruits,frozen produce,0.011505,0.2098112519376311,1.6979141534161293,0.00472903905,0.4348892235871345,0.054835,0.12357
fresh fruits + poultry counter,packaged vegetables fruits,0.017561666666666666,0.6216885951973568,1.6974046420714615,0.007215479180555555,0.422808932694427,0.028248333333333334,0.36625833333333335
yogurt + refrigerated,chips pretzels,0.013391666666666666,0.2856178017915541,1.6973948462766064,0.0055021254111111105,0.4310734838313195,0.04688666666666667,0.16826833333333333
ice cream ice + milk,packaged cheese,0.012166666666666666,0.3917359806815132,1.6973575620791328,0.004998662152777777,0.4240182440263107,0.031058333333333334,0.23079166666666667
bread,packaged cheese + fresh vegetables,0.03789666666666667,0.23071381462127746,1.6967162107808507,0.01556136602777778,0.491331548877136,0.16425833333333334,0.13597666666666666
packaged cheese + fresh vegetables,bread,0.03789666666666667,0.2786997769225112,1.6967162107808504,0.01556136602777778,0.4752490259265672,0.13597666666666666,0.16425833333333334
packaged cheese + lunch meat,yogurt,0.020345,0.4469300333174679,1.6956572490292439,0.008346702577777776,0.4298245031200592,0.04552166666666667,0.2635733333333333
frozen appetizers sides,yogurt + packaged vegetables fruits,0.01128,0.21661759057739086,1.6953934118578482,0.004626676988888889,0.43269845036274845,0.05207333333333333,0.12776833333333334
yogurt + milk,eggs,0.022176666666666667,0.23248824978596264,1.6953033454653217,0.009095428594444446,0.4533824609422929,0.09538833333333334,0.13713666666666666
yogurt + packaged cheese,eggs,0.020413333333333332,0.23240986717267553,1.6947317797769297,0.008368162777777778,0.44940923693691126,0.08783333333333333,0.13713666666666666
fresh fruits + asian foods,fresh vegetables,0.021041666666666667,0.7528773331743097,1.6939020088068226,0.008619657272222223,0.4214252105431588,0.027948333333333332,0.4444633333333333
fresh fruits + packaged poultry,fresh vegetables,0.018116666666666666,0.752874359329547,1.6938953179404683,0.007421397322222223,0.41974521543079385,0.024063333333333332,0.4444633333333333
fresh fruits + crackers,yogurt,0.03392166666666667,0.44639645567399217,1.6936328498355633,0.013892729066666668,0.4432346587306502,0.07599,0.2635733333333333
packaged vegetables fruits + condiments,fresh vegetables,0.021031666666666667,0.7526990754548166,1.6935009459831332,0.008612620361111111,0.4212784913189035,0.027941666666666667,0.4444633333333333
energy granola bars + fresh vegetables,packaged vegetables fruits,0.025038333333333333,0.6201700792602378,1.6932586178068425,0.010251263555555555,0.42664796100137886,0.04037333333333333,0.36625833333333335
fresh vegetables + baby food formula,packaged vegetables fruits,0.016001666666666668,0.6200994639281793,1.6930658158262955,0.006550370375,0.4201987356112783,0.025805,0.36625833333333335
fresh vegetables + spreads,packaged cheese,0.016031666666666666,0.39066688327511984,1.6927252570144207,0.006560745972222223,0.42674903351530186,0.041036666666666666,0.23079166666666667
yogurt + refrigerated,bread,0.013031666666666667,0.2779397127825963,1.6920889621993587,0.005330140944444444,0.429135245667523,0.04688666666666667,0.16425833333333334
crackers + fresh vegetables,yogurt,0.025358333333333333,0.44586080586080584,1.691600588808197,0.0103676,0.4334991692957601,0.056875,0.2635733333333333
tortillas flat bread + fresh fruits,chips pretzels,0.011326666666666667,0.28460153272750116,1.691355272199173,0.004629867447222223,0.42570032535765867,0.03979833333333333,0.16826833333333333
packaged vegetables fruits + lunch meat,yogurt,0.02385,0.44571108204074006,1.691032535059465,0.009746190933333333,0.43174816654411663,0.05351,0.2635733333333333
bread + refrigerated,yogurt,0.013031666666666667,0.44567943456452347,1.6909124642017028,0.005324782400000001,0.42091076100081337,0.02924,0.2635733333333333
packaged vegetables fruits + juice nectars,chips pretzels,0.010875,0.2844996729888816,1.6907499310954623,0.004442942958333333,0.4247838412593414,0.038225,0.16826833333333333
yogurt,packaged cheese + fresh fruits,0.069635,0.26419592270335895,1.6905112950123746,0.02844332017777778,0.5546553467019986,0.2635733333333333,0.15628166666666668
packaged cheese + fresh fruits,yogurt,0.069635,0.44557369706406164,1.6905112950123746,0.02844332017777778,0.48412245175099555,0.15628166666666668,0.2635733333333333
dry pasta,bread,0.019788333333333335,0.2776725367758835,1.6904624023695407,0.008082463208333335,0.4397873228703435,0.071265,0.16425833333333334
popcorn jerky + fresh vegetables,packaged vegetables fruits,0.011606666666666666,0.6190772513112277,1.6902748551192766,0.0047399333472222215,0.4161829796677677,0.018748333333333332,0.36625833333333335
packaged vegetables fruits + tortillas flat bread,fresh vegetables,0.021821666666666666,0.7508315173758459,1.6892991188831008,0.008904080655555556,0.42025246125889554,0.029063333333333333,0.4444633333333333
hot cereal pancake mixes + fresh vegetables,yogurt,0.011231666666666666,0.44505349359397695,1.6885376375732635,0.004579954311111111,0.4183287907527342,0.025236666666666668,0.2635733333333333
packaged vegetables fruits + spreads,yogurt,0.016228333333333334,0.44493694023030517,1.6880954328851117,0.006614935288888889,0.4230463395864538,0.03647333333333334,0.2635733333333333
cereal + fresh vegetables,eggs,0.010036666666666666,0.23149073575766896,1.6880294773413551,0.004090877922222222,0.4260660889108761,0.04335666666666667,0.13713666666666666
frozen produce + soup broth bouillon,packaged vegetables fruits,0.010705,0.6181310749687228,1.687691497263924,0.0043620160972222205,0.41465579436700795,0.017318333333333335,0.36625833333333335
other creams cheeses,yogurt + packaged vegetables fruits,0.018521666666666665,0.215631488057124,1.687675517333121,0.007547005674999998,0.44575736563497476,0.085895,0.12776833333333334
frozen produce + yogurt,packaged vegetables fruits,0.027933333333333334,0.618085263313173,1.6875664170913236,0.011380898388888887,0.4267154222277005,0.045193333333333335,0.36625833333333335
fresh fruits + cream,milk,0.023466666666666667,0.4099816556503509,1.6874566516220926,0.009560136597222222,0.4321263782193657,0.057238333333333336,0.24295833333333333
soup broth bouillon + milk,yogurt,0.010526666666666667,0.4447574114498979,1.6874142988032346,0.004288325155555556,0.4172529934678209,0.023668333333333333,0.2635733333333333
packaged vegetables fruits + fresh dips tapenades,soy lactosefree,0.015456666666666667,0.2872452456172955,1.6872462957343561,0.0062957832166666665,0.4304825687268812,0.05381,0.170245
fresh fruits + instant foods,milk,0.013705,0.4097976676966012,1.6866993696996104,0.0055796634722222235,0.4212128826657892,0.03344333333333333,0.24295833333333333
fresh herbs + fresh fruits,packaged vegetables fruits,0.04369833333333333,0.6176879402549061,1.6864816006595693,0.017787387541666665,0.43803860538528344,0.070745,0.36625833333333335
butter + milk,yogurt,0.012333333333333333,0.4444978375780875,1.6864294728023352,0.005020051911111111,0.4186473032090773,0.027746666666666666,0.2635733333333333
bread + packaged vegetables fruits,frozen produce,0.015971666666666665,0.20837138508371386,1.6862619170001931,0.006500026166666666,0.44075628478778583,0.07665,0.12357
fresh dips tapenades + fresh vegetables,eggs,0.013381666666666667,0.2311301744487305,1.6854002657839904,0.005441910788888889,0.4316608583886984,0.057896666666666666,0.13713666666666666
fresh vegetables + lunch meat,packaged vegetables fruits,0.03730666666666667,0.6172682899925543,1.6853358239654732,0.015170623430555558,0.43280442457513335,0.06043833333333333,0.36625833333333335
fresh fruits + frozen pizza,yogurt,0.012138333333333333,0.44413952921087935,1.6850700470870068,0.004934874133333333,0.4179761482158694,0.02733,0.2635733333333333
fresh fruits + canned meals beans,packaged vegetables fruits,0.030605,0.6171399764745421,1.6849854878602317,0.012441638819444444,0.4277351789814328,0.049591666666666666,0.36625833333333335
crackers + fresh vegetables,packaged vegetables fruits,0.035096666666666665,0.6170842490842491,1.684833334625148,0.01426572395833333,0.4309815592782621,0.056875,0.36625833333333335
chips pretzels + fresh fruits,bread,0.029278333333333333,0.27644540962452396,1.682991687633447,0.011881733249999998,0.4538916670237326,0.10591,0.16425833333333334
fresh dips tapenades,yogurt + fresh vegetables,0.024016666666666665,0.24374566552208257,1.6829777361187779,0.009746325383333332,0.45017119286640067,0.09853166666666667,0.14483
bread + spreads,yogurt,0.010213333333333333,0.4434474274549533,1.68244420574269,0.004142800177777778,0.4151891473045626,0.023031666666666666,0.2635733333333333
ice cream ice + fresh vegetables,chips pretzels,0.014671666666666666,0.28304556123597313,1.6821083065895137,0.005949477608333333,0.42767657445534085,0.051835,0.16826833333333333
packaged cheese + juice nectars,milk,0.010806666666666666,0.4086211242752709,1.6818567968798666,0.0043812286111111105,0.41643230348588145,0.026446666666666667,0.24295833333333333
packaged cheese + soy lactosefree,chips pretzels,0.013173333333333334,0.28295267416052117,1.681556289025591,0.0053393206277777775,0.4251042369498969,0.04655666666666667,0.16826833333333333
fresh herbs + milk,packaged vegetables fruits,0.015908333333333333,0.615727002967359,1.6811276274961453,0.006445438861111111,0.4159068102802417,0.025836666666666668,0.36625833333333335
water seltzer sparkling water + milk,yogurt,0.020796666666666668,0.443095060544725,1.6811073219776596,0.008425852266666669,0.42510634616154813,0.046935,0.2635733333333333
bread + canned meals beans,fresh vegetables,0.01256,0.7471002280162585,1.6809040746134107,0.005087830594444445,0.41200860502935804,0.016811666666666666,0.4444633333333333
bread,fresh fruits + milk,0.04511833333333334,0.27467911318553095,1.6801829757803481,0.018265107236111112,0.4843921796678796,0.16425833333333334,0.16348166666666666
fresh fruits + milk,bread,0.04511833333333334,0.2759840552967204,1.6801829757803481,0.018265107236111112,0.4839424450421686,0.16348166666666666,0.16425833333333334
fresh vegetables + soy lactosefree,packaged vegetables fruits,0.05834,0.6152818547749205,1.6799122334643228,0.023611995263888887,0.44712660631732576,0.09481833333333334,0.36625833333333335
bread + fresh dips tapenades,packaged vegetables fruits,0.014223333333333333,0.6151960784313725,1.6796780371724123,0.005755440666666665,0.4142246834462167,0.02312,0.36625833333333335
fresh vegetables + breakfast bakery,yogurt,0.014828333333333334,0.44270289097875304,1.679619426517932,0.005999944533333334,0.4186497057248837,0.033495,0.2635733333333333
packaged cheese + lunch meat,milk,0.018573333333333334,0.40801083733020904,1.6793448972603355,0.007513465069444445,0.4238228272904088,0.04552166666666667,0.24295833333333333
preserved dips spreads,packaged cheese,0.012393333333333333,0.38725132798666806,1.677925956252037,0.0050072306944444435,0.4173838188103574,0.032003333333333335,0.23079166666666667
lunch meat,fresh fruits + milk,0.028673333333333332,0.2743028428386932,1.6778813700131099,0.011584322247222223,0.4511720777979583,0.10453166666666666,0.16348166666666666
yogurt + pasta sauce,packaged vegetables fruits,0.014281666666666666,0.6144854786661886,1.6777378771801013,0.005769212569444444,0.41357142418990994,0.023241666666666667,0.36625833333333335
fresh fruits + canned meals beans,soy lactosefree,0.014161666666666666,0.28556545118467486,1.6773793719913939,0.005718933374999999,0.42490362243649216,0.049591666666666666,0.170245
packaged cheese + fresh vegetables,eggs,0.031275,0.23000269654107322,1.6771787015950506,0.012627613188888887,0.46730290488328036,0.13597666666666666,0.13713666666666666
eggs,packaged cheese + fresh vegetables,0.031275,0.22805716924722297,1.6771787015950503,0.012627613188888887,0.46793112878470694,0.13713666666666666,0.13597666666666666
frozen produce + eggs,yogurt,0.010308333333333333,0.441975132199514,1.6768583020519805,0.0041609246222222215,0.4132858939690804,0.023323333333333335,0.2635733333333333
hot cereal pancake mixes,yogurt + fresh fruits,0.014393333333333333,0.31645291315500185,1.6768530516643068,0.0058097944722222215,0.4228787575520071,0.045483333333333334,0.18871833333333332
dry pasta + fresh fruits,eggs,0.011215,0.22994908245907802,1.6767877479332882,0.004526616205555556,0.4243162050878615,0.048771666666666665,0.13713666666666666
butter,packaged cheese + fresh fruits,0.019673333333333334,0.2620432446832127,1.6767369472845783,0.00794022673888889,0.43636430540204796,0.07507666666666667,0.15628166666666668
dry pasta,frozen produce,0.014765,0.20718445239598682,1.6766565703324983,0.005958783950000001,0.43454261694869434,0.071265,0.12357
bread + soy lactosefree,packaged cheese,0.013728333333333334,0.38687708421398714,1.6763043908892745,0.005538691041666667,0.41829275102475716,0.035485,0.23079166666666667
frozen appetizers sides,fresh vegetables + milk,0.010828333333333334,0.20794392523364486,1.6758634117340314,0.0043669873444444444,0.42544710826016424,0.05207333333333333,0.12408166666666667
yogurt + fresh vegetables,eggs,0.033273333333333335,0.22974061543418725,1.675267607259332,0.013411829900000005,0.4713453954128788,0.14483,0.13713666666666666
eggs,yogurt + fresh vegetables,0.033273333333333335,0.242629007559369,1.6752676072593318,0.013411829900000005,0.467142855912174,0.13713666666666666,0.14483
pasta sauce,frozen produce,0.01286,0.2069909059205408,1.6750902801694652,0.00518280185,0.4297147099013982,0.062128333333333334,0.12357
yogurt + spreads,milk,0.011936666666666667,0.40695494062162624,1.6749988981167947,0.004810293819444445,0.41516207755743467,0.029331666666666666,0.24295833333333333
hot dogs bacon sausage + fresh fruits,chips pretzels,0.015451666666666667,0.2817847481839458,1.6746154347754822,0.006224672608333334,0.4262197328394886,0.054835,0.16826833333333333
frozen produce + fresh fruits,packaged vegetables fruits,0.05508333333333333,0.6132977045408153,1.674494881684099,0.022187841124999996,0.4425528684851079,0.089815,0.36625833333333335
yogurt + cereal,soy lactosefree,0.010541666666666666,0.285063998557779,1.6744338956079707,0.004246006566666666,0.41825012109878645,0.03698,0.170245
fresh herbs,packaged cheese + fresh fruits,0.024626666666666668,0.26160546722849765,1.6739357392858896,0.009914831505555556,0.44444397689636606,0.09413666666666666,0.15628166666666668
fresh fruits + lunch meat,yogurt,0.032168333333333334,0.4411556307284405,1.6737491048478874,0.012949005155555554,0.4342000314585604,0.07291833333333334,0.2635733333333333
tofu meat alternatives + fresh vegetables,packaged vegetables fruits,0.014635,0.6129842931937173,1.6736391705136646,0.005890582291666667,0.41234436585271556,0.023875,0.36625833333333335
energy granola bars,yogurt + packaged vegetables fruits,0.018525,0.21383635699032302,1.6736256270358305,0.007456216336111111,0.4406708600220009,0.08663166666666666,0.12776833333333334
packaged cheese + cream,yogurt,0.012795,0.4408015617822692,1.6724057635405802,0.005144344711111112,0.41407829756379644,0.029026666666666666,0.2635733333333333
chips pretzels + ice cream ice,packaged cheese,0.01089,0.38596491228070173,1.6723520301023365,0.004378213125,0.41371267587714633,0.028215,0.23079166666666667
poultry counter,fresh vegetables,0.028895,0.7432160157757105,1.6721649684841882,0.011615006372222222,0.4182330854678123,0.038878333333333334,0.4444633333333333
packaged cheese + frozen meals,yogurt,0.010851666666666667,0.44073647871116234,1.672158837683993,0.004362051911111112,0.4121177124989741,0.024621666666666667,0.2635733333333333
frozen breakfast,fresh fruits + milk,0.016896666666666667,0.2732909208540004,1.6716915506570589,0.006789140155555555,0.42828281989151723,0.06182666666666667,0.16348166666666666
packaged vegetables fruits + butter,fresh vegetables,0.025295,0.7428781204111602,1.671404736223821,0.010161023500000003,0.4158609345588305,0.03405,0.4444633333333333
bread + packaged vegetables fruits,yogurt,0.03376666666666667,0.4405305501195912,1.67137754244078,0.013563770666666669,0.43503669815547297,0.07665,0.2635733333333333
frozen appetizers sides + fresh vegetables,packaged vegetables fruits,0.017195,0.6120669197911722,1.6711344537084631,0.006905582555555553,0.4132126232216998,0.028093333333333335,0.36625833333333335
canned meals beans,packaged cheese,0.026896666666666666,0.3856798030733934,1.6711166769744432,0.010801640486111111,0.4317040593322122,0.06973833333333333,0.23079166666666667
packaged vegetables fruits + cream,bread,0.010286666666666666,0.2744574884382782,1.670889280736309,0.004130264333333333,0.41715112352649364,0.03748,0.16425833333333334
oils vinegars + fresh fruits,fresh vegetables,0.03265,0.7424673109721432,1.670480454268016,0.013104724916666664,0.41983193848945877,0.043975,0.4444633333333333
packaged vegetables fruits + eggs,packaged cheese,0.026681666666666666,0.38549894047389716,1.670333015232629,0.01070780611111111,0.43115893548186524,0.06921333333333334,0.23079166666666667
poultry counter + fresh vegetables,packaged vegetables fruits,0.017676666666666667,0.6117552056295784,1.6702833763861893,0.007093632124999999,0.41323975904736626,0.028895,0.36625833333333335
water seltzer sparkling water + fresh herbs,packaged vegetables fruits,0.010671666666666666,0.6117321104423425,1.6702203192892335,0.004282290041666666,0.408401151083939,0.017445,0.36625833333333335
yogurt + packaged vegetables fruits,eggs,0.029255,0.22896909771591814,1.669641703283232,0.011733276661111111,0.4598194724334276,0.12776833333333334,0.13713666666666666
eggs,yogurt + packaged vegetables fruits,0.029255,0.2133273376923264,1.6696417032832318,0.011733276661111111,0.4648118529466573,0.13713666666666666,0.12776833333333334
fresh fruits + energy granola bars,soy lactosefree,0.016801666666666666,0.2840998760004509,1.6687707480422385,0.006733377366666666,0.4259470210601991,0.05914,0.170245
packaged cheese + spreads,milk,0.010326666666666666,0.405338217977234,1.6683445775087664,0.004136898194444444,0.41107629411129254,0.02547666666666667,0.24295833333333333
packaged cheese + fresh vegetables,frozen produce,0.028026666666666665,0.20611379403329003,1.667992182837987,0.011224029966666667,0.4635023050450988,0.13597666666666666,0.12357
frozen produce,packaged cheese + fresh vegetables,0.028026666666666665,0.22680801704836664,1.667992182837987,0.011224029966666667,0.4569410068262722,0.12357,0.13597666666666666
bread + eggs,yogurt,0.016023333333333334,0.4395976223136716,1.6678380045288026,0.006416085333333333,0.41556887082093197,0.03645,0.2635733333333333
buns rolls,packaged cheese,0.01257,0.3848941056391937,1.6677123190721517,0.005032728819444445,0.4138932629891612,0.03265833333333333,0.23079166666666667
poultry counter,packaged vegetables fruits + fresh fruits,0.017561666666666666,0.45170832082993956,1.6675998160146421,0.007030562922222221,0.41652972736857297,0.038878333333333334,0.27087333333333335
hot cereal pancake mixes + fresh vegetables,packaged vegetables fruits,0.015413333333333333,0.61075155197464,1.6675430874600532,0.00617019386111111,0.41067952801567864,0.025236666666666668,0.36625833333333335
hot dogs bacon sausage + packaged cheese,milk,0.012651666666666667,0.40513422639696856,1.6675049620180493,0.005064482847222222,0.41320534898436234,0.031228333333333334,0.24295833333333333
cereal,bread,0.025435,0.2738823782774896,1.6673880266500307,0.010180602347222222,0.4412364731082723,0.09286833333333333,0.16425833333333334
packaged cheese + baby food formula,packaged vegetables fruits,0.010498333333333333,0.6106640814348037,1.6673042654814778,0.004201742152777777,0.4072304173882121,0.017191666666666668,0.36625833333333335
packaged cheese + soy lactosefree,eggs,0.010643333333333333,0.22861029569700003,1.6670253204613406,0.004258707255555555,0.41966740297877947,0.04655666666666667,0.13713666666666666
dry pasta + soy lactosefree,fresh vegetables,0.011795,0.740891959798995,1.6669360647649862,0.004719143733333334,0.4065695549565646,0.01592,0.4444633333333333
fresh fruits + condiments,bread,0.010118333333333333,0.2738014702566184,1.666895460950444,0.004048166624999999,0.4154347456627653,0.036955,0.16425833333333334
nuts seeds dried fruit + fresh fruits,soy lactosefree,0.015665,0.2837776637178829,1.666878109300613,0.00626719225833333,0.42345132879417335,0.05520166666666667,0.170245
yogurt + eggs,frozen produce,0.010308333333333333,0.20597442387105364,1.6668643187752177,0.0041240667333333324,0.4211482104262098,0.05004666666666667,0.12357
fresh fruits + fresh dips tapenades,packaged cheese,0.026826666666666665,0.38468524449118113,1.6668073420813048,0.010732025138888886,0.4300402096271121,0.06973666666666667,0.23079166666666667
canned meals beans + fresh vegetables,packaged vegetables fruits,0.030558333333333333,0.6104544697852504,1.6667319600061443,0.01222405159722222,0.4211032305647461,0.05005833333333334,0.36625833333333335
chips pretzels + frozen produce,packaged vegetables fruits,0.014915,0.6103116688262975,1.6663420686481696,0.005964256763888887,0.4099004046731824,0.024438333333333333,0.36625833333333335
ice cream ice + milk,yogurt,0.01364,0.4391735980681513,1.666229252079692,0.0054538515555555556,0.41265898987063,0.031058333333333334,0.2635733333333333
soup broth bouillon,frozen produce,0.017318333333333335,0.2058438985736926,1.6658080324811249,0.006921977333333334,0.4364071178823842,0.08413333333333334,0.12357
pickled goods olives + fresh fruits,packaged vegetables fruits,0.01294,0.6099457930709403,1.6653431132059073,0.005169829458333333,0.4081827388710957,0.021215,0.36625833333333335
fresh vegetables + lunch meat,chips pretzels,0.016935,0.28020296169649506,1.6652150535146941,0.006765142380555556,0.42517375696555154,0.06043833333333333,0.16826833333333333
fresh vegetables + pasta sauce,packaged vegetables fruits,0.02491,0.6097421671018277,1.664787150513511,0.009947126222222224,0.4163311244918242,0.04085333333333333,0.36625833333333335
oils vinegars + packaged cheese,fresh vegetables,0.015125,0.739849991847383,1.6645917365078102,0.006038687922222221,0.40758447940519477,0.020443333333333334,0.4444633333333333
fresh fruits + grains rice dried goods,packaged vegetables fruits,0.018018333333333334,0.6096199391000339,1.6644534297741589,0.007192957861111111,0.4113606240999128,0.029556666666666665,0.36625833333333335
frozen appetizers sides,packaged cheese,0.020003333333333335,0.3841377544488542,1.6644351158643256,0.007985241944444445,0.4211249442236574,0.05207333333333333,0.23079166666666667
chips pretzels + fresh fruits,packaged cheese,0.040683333333333335,0.3841311805621125,1.6644066317910633,0.016240187916666666,0.44647102939417327,0.10591,0.23079166666666667
soup broth bouillon,packaged vegetables fruits + fresh vegetables,0.032788333333333336,0.38971870047543583,1.6642080785536666,0.013086269777777777,0.4357769697607269,0.08413333333333334,0.23417666666666667
pasta sauce + soy lactosefree,fresh vegetables,0.010555,0.7396636299929923,1.664172440155526,0.004212508233333334,0.40487834667722455,0.01427,0.4444633333333333
packaged vegetables fruits + frozen breakfast,milk,0.011898333333333334,0.40429267187676976,1.6640411807653017,0.004748069583333334,0.4111535837706215,0.02943,0.24295833333333333
bread + frozen produce,milk,0.01068,0.4042137134927143,1.6637161934188207,0.004260635902777778,0.40976255560977853,0.026421666666666666,0.24295833333333333
butter,eggs,0.017128333333333332,0.2281445633352573,1.6636292020266203,0.006832569522222222,0.43128387170863997,0.07507666666666667,0.13713666666666666
fresh fruits + frozen meals,packaged cheese,0.017173333333333332,0.38393322900365157,1.6635489250925506,0.006850022083333332,0.41755263905583717,0.04473,0.23079166666666667
soup broth bouillon + soy lactosefree,packaged vegetables fruits,0.011565,0.6092721046623936,1.663503732781671,0.004612806402777778,0.4065766818454051,0.018981666666666668,0.36625833333333335
frozen produce + yogurt,eggs,0.010308333333333333,0.22809411417613215,1.663261326969195,0.004110670244444444,0.41764640077728493,0.045193333333333335,0.13713666666666666
dry pasta + eggs,fresh vegetables,0.010818333333333333,0.7391254839444318,1.6629616630042938,0.004312871677777778,0.40458500285745813,0.014636666666666666,0.4444633333333333
water seltzer sparkling water + yogurt,refrigerated,0.0124,0.22187760944769175,1.6627934059680627,0.004942669488888888,0.42219759435964677,0.05588666666666667,0.13343666666666668
yogurt + canned jarred vegetables,packaged vegetables fruits,0.015083333333333334,0.608976515712267,1.6626966823387872,0.0060117248472222225,0.4086899624048341,0.024768333333333333,0.36625833333333335
bread + packaged vegetables fruits,milk,0.030961666666666665,0.4039356381822135,1.6625716543256945,0.012338910416666665,0.43160466183407675,0.07665,0.24295833333333333
packaged cheese + soup broth bouillon,fresh vegetables,0.021166666666666667,0.7387586527834332,1.6621363279687862,0.008432051394444445,0.41011511436000364,0.028651666666666666,0.4444633333333333
tea,refrigerated,0.012573333333333334,0.22178450683521975,1.6620956771143844,0.0050085863055555555,0.42229025672836,0.05669166666666667,0.13343666666666668
bread + yogurt,chips pretzels,0.017033333333333334,0.279624613532518,1.6617779946663642,0.006783267808333335,0.4240669382270312,0.060915,0.16826833333333333
fresh fruits + packaged poultry,packaged vegetables fruits,0.014643333333333333,0.6085330378168722,1.661485848741204,0.005829936972222222,0.40794562130728784,0.024063333333333332,0.36625833333333335
packaged vegetables fruits + baking ingredients,fresh vegetables,0.024055,0.7381475988339387,1.660761515011974,0.00957068073888889,0.4112691631031751,0.03258833333333333,0.4444633333333333
canned meals beans + milk,fresh vegetables,0.01501,0.7380152421535688,1.6604637251372116,0.005970356572222224,0.4060162938042489,0.020338333333333333,0.4444633333333333
fresh fruits + pasta sauce,fresh vegetables,0.03134,0.7378457916421425,1.6600824776895189,0.012461419916666668,0.4152583910556426,0.042475,0.4444633333333333
other creams cheeses + packaged cheese,yogurt,0.015881666666666665,0.4375114784205693,1.65992315264785,0.006313954666666666,0.41253758685536307,0.0363,0.2635733333333333
packaged vegetables fruits + frozen appetizers sides,milk,0.010001666666666667,0.40321171806759387,1.6595920482974196,0.003975085208333334,0.40755159783761996,0.024805,0.24295833333333333
packaged vegetables fruits + lunch meat,frozen produce,0.010973333333333333,0.2050707032953342,1.6595508885274273,0.004361102633333333,0.4198959692822725,0.05351,0.12357
frozen breakfast + fresh vegetables,packaged vegetables fruits,0.019666666666666666,0.6078087977748017,1.6595084465194465,0.00781576786111111,0.4107008351643784,0.032356666666666666,0.36625833333333335
packaged vegetables fruits + refrigerated,frozen produce,0.01189,0.20506481933944637,1.659503272148955,0.00472520545,0.4218708194893862,0.05798166666666667,0.12357
fresh fruits + pasta sauce,packaged vegetables fruits,0.025813333333333334,0.6077300372768295,1.6592934056840467,0.010256510625,0.4149592240729748,0.042475,0.36625833333333335
chips pretzels + frozen produce,yogurt,0.010685,0.4372229420991611,1.6588284428084321,0.0042437070222222225,0.4071140961369808,0.024438333333333333,0.2635733333333333
butter,fresh fruits + milk,0.020356666666666665,0.27114505172490344,1.658565496997034,0.00808300807222222,0.42929972627414825,0.07507666666666667,0.16348166666666666
soy lactosefree + lunch meat,packaged vegetables fruits,0.013145,0.6073931459376203,1.658373586778786,0.005218559236111111,0.40578134614760664,0.021641666666666667,0.36625833333333335
baking ingredients + fresh fruits,eggs,0.01069,0.2273742422631075,1.6580120239890197,0.004242519616666667,0.41644733670513256,0.047015,0.13713666666666666
packaged vegetables fruits + ice cream ice,packaged cheese,0.016948333333333333,0.38263847080072244,1.657938851636999,0.006725801111111112,0.41523352307415434,0.04429333333333333,0.23079166666666667
packaged cheese + canned meals beans,yogurt,0.011753333333333333,0.4369810385425703,1.6579106581694039,0.0046640892444444445,0.40779964025135723,0.026896666666666666,0.2635733333333333
frozen breakfast,fresh vegetables + milk,0.012718333333333333,0.2057095104593487,1.657855797601166,0.005046777488888888,0.42296153123819946,0.06182666666666667,0.12408166666666667
asian foods,packaged vegetables fruits + fresh vegetables,0.01665,0.3882174639567871,1.6577973778633812,0.006606553061111112,0.41457019850380433,0.042888333333333334,0.23417666666666667
chips pretzels + refrigerated,packaged cheese,0.012226666666666667,0.3826014394492542,1.657778398046958,0.004851334305555555,0.40988151445104193,0.03195666666666667,0.23079166666666667
packaged vegetables fruits + tortillas flat bread,yogurt,0.012698333333333334,0.4369193714875559,1.657676692713815,0.0050380136888888895,0.40862197430954345,0.029063333333333333,0.2635733333333333
energy granola bars,yogurt + fresh fruits,0.027098333333333332,0.3127993997575944,1.6574934413239895,0.010749349586111113,0.43430382664376516,0.08663166666666666,0.18871833333333332
crackers,packaged cheese + fresh vegetables,0.025908333333333332,0.22537151141718015,1.6574278289205022,0.010276682361111112,0.44817718041640375,0.11495833333333333,0.13597666666666666
fresh vegetables + spreads,packaged vegetables fruits,0.02491,0.6070181138818943,1.6573496317678167,0.009879978861111112,0.41359976747791805,0.041036666666666666,0.36625833333333335
spices seasonings,packaged vegetables fruits + fresh vegetables,0.020431666666666667,0.38799215090517786,1.656835227983906,0.0080999234,0.4184766612144842,0.05266,0.23417666666666667
fresh fruits + fresh dips tapenades,soy lactosefree,0.019665,0.28198938865255,1.6563739825107933,0.00779268118333333,0.4259778864883052,0.06973666666666667,0.170245
packaged cheese + energy granola bars,milk,0.010855,0.4023350630096368,1.6559837956150374,0.004299984166666666,0.40711327277062426,0.02698,0.24295833333333333
packaged cheese + canned meals beans,packaged vegetables fruits,0.016306666666666667,0.6062709133721651,1.6553095402757574,0.006455538361111112,0.4068256362637558,0.026896666666666666,0.36625833333333335
soft drinks + fresh vegetables,packaged cheese,0.010705,0.38188952969855516,1.6546937556897137,0.0042355249305555545,0.40706939794769315,0.028031666666666667,0.23079166666666667
yogurt + refrigerated,milk,0.018848333333333335,0.40199772501066405,1.6545953353208604,0.007456826944444446,0.41508454699900904,0.04688666666666667,0.24295833333333333
yogurt + fresh vegetables,packaged vegetables fruits,0.08775666666666666,0.6059287900757211,1.6543754364880554,0.03471147225,0.4625305876464286,0.14483,0.36625833333333335
packaged vegetables fruits,yogurt + fresh vegetables,0.08775666666666666,0.23960319446656503,1.6543754364880554,0.03471147225,0.6241380414799875,0.36625833333333335,0.14483
packaged vegetables fruits + milk,frozen produce,0.021911666666666666,0.20442530165443462,1.6543279246939762,0.008666610266666666,0.44300965053845726,0.10718666666666667,0.12357
chips pretzels + packaged vegetables fruits,frozen produce,0.014915,0.20441307476187212,1.6542289775987062,0.00589871495,0.4266168659679603,0.072965,0.12357
nuts seeds dried fruit + packaged vegetables fruits,packaged cheese,0.01472,0.3817427385892116,1.654057722719097,0.005820673333333335,0.4112853402565236,0.03856,0.23079166666666667
yogurt + oils vinegars,fresh vegetables,0.014923333333333334,0.7351395730706075,1.6539937446747182,0.005900727666666668,0.4035957865144908,0.0203,0.4444633333333333
packaged vegetables fruits + pasta sauce,yogurt,0.014281666666666666,0.43592613318410744,1.6539083361396225,0.005646564977777777,0.40876333863531195,0.03276166666666667,0.2635733333333333
fresh fruits + condiments,soy lactosefree,0.010405,0.2815586524150994,1.6538438862527498,0.004113596024999998,0.4105187277532715,0.036955,0.170245
dry pasta + packaged cheese,yogurt,0.013283333333333333,0.4359002406475607,1.6538100995835217,0.005251375288888888,0.40776150771956104,0.030473333333333335,0.2635733333333333
butter + fresh vegetables,milk,0.01807,0.4017787659811006,1.6536941148253155,0.0071429489583333325,0.4139087941910347,0.044975,0.24295833333333333
packaged vegetables fruits + refrigerated,soy lactosefree,0.016323333333333332,0.28152576963982867,1.6536507365257638,0.006452244491666665,0.41960689045564087,0.05798166666666667,0.170245
frozen pizza,bread,0.011881666666666667,0.27161199375166684,1.6535659910811231,0.004696185875000001,0.4133273985490367,0.043745,0.16425833333333334
fresh fruits + pasta sauce,yogurt,0.018511666666666666,0.435824995095154,1.6535246171659526,0.007316389333333333,0.4127633843148111,0.042475,0.2635733333333333
fruit vegetable snacks,fresh fruits + milk,0.012546666666666666,0.27027609234193806,1.6532501646990267,0.004957575230555555,0.41436644417090357,0.04642166666666667,0.16348166666666666
chips pretzels + milk,eggs,0.011,0.22671842258939923,1.653229789670153,0.004346357494444445,0.4152716993172319,0.04851833333333333,0.13713666666666666
fresh fruits + frozen meals,bread,0.012146666666666667,0.27155525747075043,1.6532205822378394,0.0047993914166666665,0.41362132150223285,0.04473,0.16425833333333334
packaged cheese + pasta sauce,yogurt,0.011956666666666668,0.4356327422880739,1.652795207992996,0.004722457244444445,0.4061107502999322,0.027446666666666668,0.2635733333333333
packaged cheese + refrigerated,milk,0.01516,0.4015184956299108,1.6526228597355272,0.005986703194444444,0.41039646879788244,0.03775666666666667,0.24295833333333333
hot cereal pancake mixes,soy lactosefree,0.012791666666666666,0.28123854891901795,1.6519636342859876,0.0050483565833333325,0.41346559135925953,0.045483333333333334,0.170245
tortillas flat bread + packaged cheese,yogurt,0.010896666666666667,0.43522833178005593,1.6512608702703457,0.004297668977777779,0.4045302591331553,0.025036666666666665,0.2635733333333333
cereal + fresh fruits,packaged cheese,0.022956666666666667,0.38107622077742426,1.6511697596422066,0.009053392013888889,0.41964911545790173,0.060241666666666666,0.23079166666666667
packaged vegetables fruits + baking ingredients,packaged cheese,0.012416666666666666,0.3810157009154606,1.6509075324013458,0.004895550902777778,0.40755406360450996,0.03258833333333333,0.23079166666666667
tofu meat alternatives,fresh vegetables,0.023875,0.7336747759282969,1.6506980911697933,0.00941142236111111,0.407454964629602,0.03254166666666667,0.4444633333333333
packaged vegetables fruits + fresh dips tapenades,eggs,0.01218,0.22635197918602493,1.650557685904754,0.004800675966666668,0.416559219644078,0.05381,0.13713666666666666
bread + frozen produce,packaged vegetables fruits,0.015971666666666665,0.6044912634832523,1.6504505385085726,0.006294511069444442,0.40480033534748233,0.026421666666666666,0.36625833333333335
dry pasta + fresh fruits,yogurt,0.021215,0.4349861599972662,1.6503420679782965,0.008360089244444447,0.4142696331592212,0.048771666666666665,0.2635733333333333
condiments + fresh vegetables,packaged cheese,0.013936666666666667,0.3805233219567691,1.648774097664282,0.0054839218750000005,0.4084481885234219,0.036625,0.23079166666666667
frozen produce + milk,packaged vegetables fruits,0.021911666666666666,0.6038489803417233,1.6486969043026733,0.00862137261111111,0.4082753269556733,0.03628666666666667,0.36625833333333335
packaged vegetables fruits + eggs,fresh vegetables,0.05071833333333333,0.7327827008283567,1.6486910074959842,0.019955544488888886,0.4227157746913484,0.06921333333333334,0.4444633333333333
fresh herbs + canned jarred vegetables,packaged vegetables fruits,0.010793333333333334,0.6038228438228438,1.6486255434174706,0.004246465625,0.4005947533596012,0.017875,0.36625833333333335
hot dogs bacon sausage,fresh vegetables + milk,0.017253333333333332,0.20454859807544112,1.6484997628613502,0.006787251552777776,0.4296260854195736,0.08434833333333333,0.12408166666666667
bread + fresh fruits,milk,0.04511833333333334,0.4004348855097332,1.6481627940719596,0.01774340805555556,0.44320072119302595,0.11267333333333333,0.24295833333333333
other creams cheeses + packaged cheese,milk,0.014533333333333334,0.4003673094582185,1.6478846556332094,0.005713945833333334,0.4079707487293336,0.0363,0.24295833333333333
fresh dips tapenades + milk,packaged vegetables fruits,0.016961666666666667,0.603510644606535,1.6477731417438557,0.006667976208333332,0.4044884914922215,0.028105,0.36625833333333335
fresh fruits + canned jarred vegetables,packaged vegetables fruits,0.030266666666666667,0.603462599275579,1.6476419629375776,0.011896979958333335,0.41382754560487883,0.050155,0.36625833333333335
frozen produce + fresh dips tapenades,fresh vegetables,0.01251,0.7322926829268293,1.6475885140735178,0.004917084722222223,0.3998836821457064,0.017083333333333332,0.4444633333333333
other creams cheeses + packaged vegetables fruits,fresh vegetables,0.029926666666666667,0.7322404371584701,1.647470966090499,0.011761450233333335,0.40975574724046404,0.04087,0.4444633333333333
doughs gelatins bake mixes,packaged cheese,0.010655,0.38010583268922055,1.6469651533744887,0.004185524930555555,0.40415165648890516,0.028031666666666667,0.23079166666666667
packaged vegetables fruits + crackers,eggs,0.01192,0.22582886011998737,1.646743103862235,0.004681469611111111,0.414626086098401,0.052783333333333335,0.13713666666666666
yogurt + packaged cheese,chips pretzels,0.024335,0.27705882352941175,1.6465297898955742,0.00955543138888889,0.430471843440662,0.08783333333333333,0.16826833333333333
fresh fruits + soup broth bouillon,packaged cheese,0.02078,0.3799713528174809,1.646382463913981,0.008158388402777777,0.4153209284707313,0.05468833333333333,0.23079166666666667
packaged vegetables fruits + breakfast bakery,milk,0.012078333333333333,0.3999448123620309,1.6461456862782955,0.004740991666666666,0.40474361028007894,0.0302,0.24295833333333333
other creams cheeses + packaged vegetables fruits,chips pretzels,0.01132,0.27697577685343777,1.6460362527318735,0.004442873216666668,0.40920413931024097,0.04087,0.16826833333333333
oils vinegars + soy lactosefree,fresh vegetables,0.01138,0.7314408141403321,1.64567189076039,0.004464891305555555,0.39854617161692946,0.015558333333333334,0.4444633333333333
frozen produce,packaged vegetables fruits + fresh fruits,0.05508333333333333,0.44576623236492136,1.6456630369604046,0.021611515533333327,0.4476594687535768,0.12357,0.27087333333333335
packaged vegetables fruits + fresh fruits,frozen produce,0.05508333333333333,0.2033545814771972,1.6456630369604046,0.021611515533333327,0.5380988052369008,0.27087333333333335,0.12357
grains rice dried goods,packaged cheese + fresh fruits,0.010671666666666666,0.25714859437751003,1.645417532729431,0.0041859774999999984,0.4092347654916256,0.0415,0.15628166666666668
fresh fruits + energy granola bars,refrigerated,0.012983333333333333,0.219535565325217,1.6452416776389573,0.0050918888666666665,0.4168383843072368,0.05914,0.13343666666666668
crackers,yogurt + packaged vegetables fruits,0.024153333333333332,0.21010511054729974,1.6444224094178244,0.009465298680555553,0.4427856428563473,0.11495833333333333,0.12776833333333334
yogurt + packaged vegetables fruits,milk,0.051046666666666664,0.39952518229608275,1.6444185174251391,0.020004285347222216,0.4492869486658624,0.12776833333333334,0.24295833333333333
milk,yogurt + packaged vegetables fruits,0.051046666666666664,0.21010461327388097,1.644418517425139,0.020004285347222216,0.5176495842981865,0.24295833333333333,0.12776833333333334
dry pasta + packaged cheese,milk,0.012173333333333333,0.3994749507766353,1.6442117679024606,0.004769583055555555,0.4041207430955664,0.030473333333333335,0.24295833333333333
soup broth bouillon,yogurt + fresh vegetables,0.020033333333333334,0.23811410459587956,1.6440937968368403,0.007848302666666668,0.42775025077096485,0.08413333333333334,0.14483
tofu meat alternatives,packaged vegetables fruits + fresh fruits,0.014486666666666667,0.4451728553137003,1.6434724298455623,0.005671996944444443,0.404701907270152,0.03254166666666667,0.27087333333333335
cereal + soy lactosefree,yogurt,0.010541666666666666,0.4331301787303979,1.6433004555230597,0.004126731022222222,0.40123392036623423,0.024338333333333333,0.2635733333333333
packaged vegetables fruits + dry pasta,yogurt,0.01599,0.4329813160032494,1.6427356687699164,0.006256236800000002,0.40626261547517695,0.03693,0.2635733333333333
tortillas flat bread + fresh fruits,fresh vegetables,0.029056666666666668,0.7300975752753466,1.6426497317559303,0.011367766772222225,0.40744304424244937,0.03979833333333333,0.4444633333333333
pickled goods olives + fresh vegetables,packaged vegetables fruits,0.012908333333333334,0.6016001242814977,1.6425568226838916,0.0050496503611111125,0.39977080463295733,0.021456666666666666,0.36625833333333335
dry pasta + fresh fruits,packaged vegetables fruits,0.02934,0.601578785497044,1.6424985611168184,0.01147697065277778,0.4112277219365906,0.048771666666666665,0.36625833333333335
frozen produce + packaged vegetables fruits,fresh vegetables,0.049485,0.7298851987511984,1.642171904884239,0.019351126772222223,0.41949115526674785,0.06779833333333334,0.4444633333333333
grains rice dried goods,fresh vegetables,0.030286666666666667,0.7297991967871486,1.641978408688715,0.011841438333333332,0.40790672242092624,0.0415,0.4444633333333333
yogurt + tortillas flat bread,packaged vegetables fruits,0.012698333333333334,0.6011994002998501,1.641462720665787,0.004962346902777778,0.3992194409732207,0.021121666666666667,0.36625833333333335
yogurt + dry pasta,fresh vegetables,0.019405,0.7295569897863273,1.6414334660969274,0.007583016105555554,0.40145442180451235,0.026598333333333335,0.4444633333333333
dry pasta + fresh vegetables,eggs,0.010818333333333333,0.22509276277005236,1.6413754850639437,0.004227316572222222,0.4104833989506036,0.04806166666666667,0.13713666666666666
yogurt + dry pasta,packaged vegetables fruits,0.01599,0.6011654865593081,1.6413701255288156,0.006248138763888888,0.40143026941742327,0.026598333333333335,0.36625833333333335
fresh fruits + fresh dips tapenades,yogurt,0.03016833333333333,0.432603604034224,1.6413026255851275,0.011787607644444444,0.42001852970417725,0.06973666666666667,0.2635733333333333
butter,bread,0.02024,0.269591084669005,1.6412627548211962,0.007908031861111112,0.422427484025157,0.07507666666666667,0.16425833333333334
frozen appetizers sides + fresh vegetables,yogurt,0.012151666666666667,0.432546274323683,1.6410851160601085,0.004747013155555555,0.40193888768480135,0.028093333333333335,0.2635733333333333
frozen appetizers sides + fresh fruits,milk,0.013373333333333333,0.39870807453416146,1.641055357369212,0.005224105902777778,0.4041933533308245,0.033541666666666664,0.24295833333333333
bread + canned meals beans,packaged vegetables fruits,0.010103333333333334,0.600971547536433,1.6408406112346012,0.003945920319444445,0.397234456958657,0.016811666666666666,0.36625833333333335
chips pretzels + lunch meat,yogurt,0.012228333333333334,0.43232573213128284,1.640248376661585,0.004773161600000001,0.40169827111715306,0.028285,0.2635733333333333
frozen produce + packaged cheese,soy lactosefree,0.010911666666666667,0.27922548726916024,1.6401391363573687,0.004258775808333333,0.4061679976992859,0.03907833333333333,0.170245
fresh fruits + condiments,packaged cheese,0.013988333333333334,0.3785234293961124,1.6401087390335254,0.005459427291666666,0.4052607398438361,0.036955,0.23079166666666667
packaged vegetables fruits + juice nectars,packaged cheese,0.014468333333333333,0.3785044691519512,1.6400265859625975,0.005646321874999999,0.4057641205127033,0.038225,0.23079166666666667
fresh vegetables + eggs,packaged vegetables fruits,0.05071833333333333,0.6005604783801386,1.639718263648532,0.019787206652777774,0.42612620214272634,0.08445166666666666,0.36625833333333335
fresh dips tapenades + fresh vegetables,soy lactosefree,0.016161666666666668,0.27914675571420344,1.639676676050418,0.006305048650000001,0.4140985943675254,0.057896666666666666,0.170245
yogurt + fresh dips tapenades,soy lactosefree,0.010343333333333333,0.27912206530538813,1.6395316473634358,0.004034621116666665,0.40508065689032335,0.03705666666666667,0.170245
breakfast bakery,chips pretzels,0.018853333333333333,0.27586206896551724,1.6394176105556635,0.007353314538888888,0.4186384379796563,0.06834333333333334,0.16826833333333333
fresh fruits + frozen breakfast,milk,0.016896666666666667,0.3983027540957843,1.6393870859713298,0.006589969236111111,0.4072940256658095,0.04242166666666667,0.24295833333333333
packaged vegetables fruits + fresh dips tapenades,yogurt,0.023248333333333333,0.43204484916062696,1.6391827037154505,0.009065452266666668,0.412115830993209,0.05381,0.2635733333333333
bread + packaged vegetables fruits,chips pretzels,0.021136666666666668,0.2757555990432703,1.6387848716431312,0.00823889891666667,0.4221495420888574,0.07665,0.16826833333333333
other creams cheeses + fresh vegetables,frozen produce,0.010498333333333333,0.20249461535988683,1.6387036931284846,0.004091846683333333,0.4110736652128055,0.051845,0.12357
packaged cheese + butter,yogurt,0.01162,0.4319167389418907,1.638696652197582,0.004528998755555556,0.4005346461463556,0.026903333333333335,0.2635733333333333
refrigerated + milk,chips pretzels,0.011138333333333333,0.2756899467843736,1.6383947075665273,0.004340012219444444,0.40605162845064424,0.04040166666666667,0.16826833333333333
crackers,packaged cheese,0.04346833333333333,0.37812250815512866,1.6383715825461433,0.01693690798611111,0.4402480308722168,0.11495833333333333,0.23079166666666667
cereal,chips pretzels,0.025601666666666665,0.27567703379336334,1.6383179670963839,0.00997486699722222,0.4295053195127896,0.09286833333333333,0.16826833333333333
pasta sauce,bread,0.01671,0.26895941196984735,1.6374171496312557,0.006504903513888887,0.4150696638651806,0.062128333333333334,0.16425833333333334
tortillas flat bread,packaged vegetables fruits + fresh vegetables,0.021821666666666666,0.38339677891654467,1.6372117016349963,0.00849311138888889,0.4126946440571238,0.056916666666666664,0.23417666666666667
packaged vegetables fruits,packaged cheese + fresh vegetables,0.08153666666666666,0.22262064571909623,1.6371974043519446,0.031734079361111105,0.6141305315767354,0.36625833333333335,0.13597666666666666
packaged cheese + fresh vegetables,packaged vegetables fruits,0.08153666666666666,0.5996371926556026,1.6371974043519444,0.031734079361111105,0.4504509214245675,0.13597666666666666,0.36625833333333335
chips pretzels + soy lactosefree,packaged cheese,0.013173333333333334,0.37780220830744227,1.6369837514675238,0.005126012569444444,0.4031785514825569,0.034868333333333335,0.23079166666666667
fresh dips tapenades + crackers,packaged vegetables fruits,0.01257,0.5994753994118115,1.636755658106013,0.004890173180555555,0.39736738887085565,0.020968333333333332,0.36625833333333335
dry pasta + packaged cheese,fresh vegetables,0.022168333333333335,0.7274666374972655,1.636730373327981,0.008624054022222223,0.40125334556051023,0.030473333333333335,0.4444633333333333
yogurt + soup broth bouillon,fresh vegetables,0.020033333333333334,0.7273387389567953,1.6364426138417012,0.007791331588888889,0.3999338947142903,0.027543333333333333,0.4444633333333333
water seltzer sparkling water + milk,bread,0.012615,0.26877596676254395,1.6363003404954224,0.004905535125,0.4080154550872552,0.046935,0.16425833333333334
popcorn jerky + fresh fruits,packaged cheese,0.01051,0.37762740283849333,1.6362263347398158,0.004086683263888889,0.399969424049408,0.027831666666666668,0.23079166666666667
grains rice dried goods + fresh vegetables,packaged vegetables fruits,0.018145,0.599108518600044,1.635753958544863,0.007052255944444445,0.4008000120692829,0.030286666666666667,0.36625833333333335
packaged vegetables fruits + juice nectars,bread,0.010268333333333334,0.2686287333769349,1.6354039878865703,0.003989558541666667,0.4039721258597978,0.038225,0.16425833333333334
other creams cheeses + frozen produce,fresh vegetables,0.010498333333333333,0.7268636048926841,1.635373607630215,0.004078801255555556,0.3942126772067481,0.014443333333333334,0.4444633333333333
frozen produce + yogurt,milk,0.017955,0.39729311107833015,1.6352314638792529,0.006974903055555554,0.4068528134604644,0.045193333333333335,0.24295833333333333
fresh fruits + fresh dips tapenades,frozen produce,0.014081666666666666,0.20192629415419913,1.6341045088144301,0.005464306766666666,0.4171335385112346,0.06973666666666667,0.12357
fresh fruits + canned jarred vegetables,eggs,0.011238333333333333,0.22407204333233643,1.6339324031914861,0.004360243816666667,0.4084661995793663,0.050155,0.13713666666666666
packaged vegetables fruits + canned meals beans,bread,0.010103333333333334,0.26834882691456396,1.6336999254095517,0.003919007083333333,0.4030679960287057,0.03765,0.16425833333333334
fresh dips tapenades,packaged vegetables fruits + fresh vegetables,0.037695,0.38256736412997516,1.6336698680339992,0.014621182738888888,0.43027714858411537,0.09853166666666667,0.23417666666666667
other creams cheeses + packaged vegetables fruits,milk,0.01622,0.39686811842427205,1.6334822229776247,0.006290292916666666,0.40433612473394703,0.04087,0.24295833333333333
fresh fruits + spreads,yogurt,0.023086666666666665,0.43049383099729616,1.6332981244838736,0.008951668088888887,0.40971419326465075,0.05362833333333333,0.2635733333333333
chips pretzels + packaged cheese,yogurt,0.024335,0.43047939147355385,1.6332433407788618,0.009435199466666667,0.4109525125649523,0.05653,0.2635733333333333
canned meals beans + milk,packaged vegetables fruits,0.012165,0.5981316069818897,1.63308668375752,0.0047159159305555556,0.3957107297339945,0.020338333333333333,0.36625833333333335
packaged vegetables fruits + frozen meals,yogurt,0.013846666666666667,0.43033253910701336,1.6326861813550184,0.005365755377777778,0.40039582806632884,0.032176666666666666,0.2635733333333333
canned meals beans + fresh vegetables,soy lactosefree,0.013913333333333333,0.2779424005327118,1.6326024290446814,0.0053911523749999996,0.40789978798578785,0.05005833333333334,0.170245
hot dogs bacon sausage + fresh vegetables,chips pretzels,0.01358,0.2746948958263098,1.6324812303343457,0.005261374494444445,0.4075851825924554,0.049436666666666663,0.16826833333333333
preserved dips spreads + fresh vegetables,packaged vegetables fruits,0.011328333333333333,0.5978538130002639,1.6323282191538682,0.004388348347222221,0.39486004904415456,0.018948333333333334,0.36625833333333335
frozen produce + yogurt,bread,0.012116666666666666,0.26810739047057086,1.63223006729585,0.004693285055555554,0.4056750791360264,0.045193333333333335,0.16425833333333334
chips pretzels + eggs,milk,0.011,0.39651547011114446,1.6320307464701538,0.0042599309027777765,0.39831640668930984,0.027741666666666668,0.24295833333333333
other creams cheeses + fresh fruits,milk,0.022556666666666666,0.39644970414201186,1.6317600582075604,0.008733147361111112,0.4105221424959,0.056896666666666665,0.24295833333333333
milk + soy lactosefree,bread,0.011253333333333334,0.26801095542412573,1.6316429735120028,0.004356399680555556,0.4040877978457999,0.041988333333333336,0.16425833333333334
soup broth bouillon + fresh vegetables,packaged cheese,0.021166666666666667,0.3765529101313488,1.6315706523113145,0.008193482430555555,0.410148806109226,0.05621166666666667,0.23079166666666667
butter,yogurt + fresh vegetables,0.01774,0.236291790614039,1.6315113623837534,0.006866646366666666,0.418490236831598,0.07507666666666667,0.14483
packaged vegetables fruits + preserved dips spreads,fresh vegetables,0.011328333333333333,0.7250906763388095,1.631384687913085,0.004384334522222222,0.39316636098203783,0.015623333333333333,0.4444633333333333
nuts seeds dried fruit + packaged vegetables fruits,yogurt,0.01658,0.4299792531120332,1.6313458105727687,0.006416612266666668,0.40253077025662426,0.03856,0.2635733333333333
fresh dips tapenades,packaged vegetables fruits + fresh fruits,0.043526666666666665,0.4417530743077522,1.6308474107494972,0.016837065677777773,0.4291019824291254,0.09853166666666667,0.27087333333333335
frozen breakfast,packaged cheese,0.02327,0.37637481130040973,1.6307989657356623,0.009000920555555554,0.4122944235667347,0.06182666666666667,0.23079166666666667
cereal,yogurt + packaged vegetables fruits,0.01935,0.20835950539293982,1.6307601418682756,0.007484367830555554,0.42638687346470794,0.09286833333333333,0.12776833333333334
lunch meat,yogurt + fresh fruits,0.032168333333333334,0.30773768714424654,1.6306719209982066,0.012441291419444448,0.4319034470450604,0.10453166666666666,0.18871833333333332
fresh vegetables + juice nectars,bread,0.01159,0.2678426992258214,1.6306186346252634,0.004482268152777777,0.4042274138201558,0.04327166666666667,0.16425833333333334
nuts seeds dried fruit + fresh vegetables,packaged cheese,0.016085,0.3763306687463443,1.6306076999299988,0.006220579513888888,0.40399931132039335,0.042741666666666664,0.23079166666666667
fresh fruits + salad dressing toppings,fresh vegetables,0.012168333333333333,0.7244492954951379,1.6299416423442608,0.004702830877777777,0.3930835962708236,0.016796666666666668,0.4444633333333333
specialty cheeses + fresh fruits,fresh vegetables,0.011905,0.7243687252814115,1.6297603670675755,0.004600245116666667,0.3928696746455691,0.016435,0.4444633333333333
yogurt + lunch meat,packaged vegetables fruits,0.02385,0.5968219543729407,1.6295109218164066,0.009213706569444443,0.4023994879329403,0.039961666666666666,0.36625833333333335
eggs + lunch meat,packaged vegetables fruits,0.013371666666666667,0.596683028409936,1.62913161041142,0.0051638174166666675,0.39502864197255033,0.02241,0.36625833333333335
packaged cheese + ice cream ice,yogurt,0.013925,0.42927606227200327,1.6286778971266818,0.005375120355555556,0.39894620235774264,0.03243833333333333,0.2635733333333333
dry pasta + fresh vegetables,packaged vegetables fruits,0.028658333333333334,0.596282553663696,1.6280381888840645,0.011055347402777776,0.4052403193727116,0.04806166666666667,0.36625833333333335
yogurt + fresh dips tapenades,milk,0.014656666666666667,0.39552037420167313,1.6279349992865983,0.005653440694444444,0.40056859671859724,0.03705666666666667,0.24295833333333333
frozen produce + refrigerated,packaged vegetables fruits,0.01189,0.5962390305056414,1.6279193570266197,0.004586198402777777,0.3935673461686145,0.019941666666666667,0.36625833333333335
bread + soy lactosefree,yogurt,0.015221666666666666,0.4289605936780799,1.6274810059619584,0.005868766933333332,0.3997382154475985,0.035485,0.2635733333333333
oils vinegars,packaged cheese + fresh vegetables,0.015125,0.22123893805309736,1.627036045790435,0.005828955183333333,0.4136657238797025,0.068365,0.13597666666666666
canned jarred vegetables,packaged cheese,0.027815,0.37550625506255064,1.627035587922227,0.010719491944444444,0.4162157842303207,0.07407333333333334,0.23079166666666667
hot dogs bacon sausage,bread,0.022541666666666668,0.2672449564306744,1.6269795937132023,0.00868675001388889,0.42086325523723667,0.08434833333333333,0.16425833333333334
milk,yogurt + fresh fruits,0.07458333333333333,0.3069799348310753,1.6266566655654828,0.028732641597222226,0.5088783602495626,0.24295833333333333,0.18871833333333332
yogurt + fresh fruits,milk,0.07458333333333333,0.39520979237134707,1.6266566655654826,0.028732641597222226,0.4748561908921019,0.18871833333333332,0.24295833333333333
fresh fruits + milk,eggs,0.03646833333333333,0.22307292356941144,1.6266468260573015,0.014049002505555557,0.46052595380437694,0.16348166666666666,0.13713666666666666
eggs,fresh fruits + milk,0.03646833333333333,0.26592693420189106,1.6266468260573015,0.014049002505555557,0.4464651451174358,0.13713666666666666,0.16348166666666666
cereal,fresh vegetables + milk,0.018743333333333334,0.20182695931515945,1.6265655091283384,0.007220075752777779,0.42464361425860236,0.09286833333333333,0.12408166666666667
frozen produce + packaged cheese,milk,0.015438333333333333,0.39506120185951293,1.626045077109983,0.005943926597222222,0.4006683504518387,0.03907833333333333,0.24295833333333333
fresh fruits + breakfast bakery,milk,0.017936666666666667,0.39505175831436756,1.626006208119503,0.006905548472222222,0.4033077125513692,0.04540333333333333,0.24295833333333333
refrigerated + milk,packaged cheese,0.01516,0.37523204488263684,1.62584745932177,0.005835632013888889,0.40114299421119903,0.04040166666666667,0.23079166666666667
yogurt + refrigerated,packaged cheese,0.017591666666666665,0.3751955068960614,1.6256891434384317,0.006770614722222221,0.40380953441876616,0.04688666666666667,0.23079166666666667
chips pretzels + bread,milk,0.015881666666666665,0.3949517138475567,1.625594431888417,0.006111907152777776,0.400963836748866,0.040211666666666666,0.24295833333333333
packaged poultry + fresh vegetables,packaged vegetables fruits,0.014321666666666667,0.5952479911332779,1.6252135090440112,0.005509491166666665,0.3941802052268776,0.02406,0.36625833333333335
dry pasta,fresh fruits + fresh vegetables,0.036895,0.5177155686522136,1.6251999455422568,0.014193177925000001,0.41420975232087076,0.071265,0.318555
bread + fresh fruits,yogurt,0.04826333333333333,0.42834743506301404,1.6251546757247093,0.01856564728888889,0.4335201103645991,0.11267333333333333,0.2635733333333333
bread + lunch meat,yogurt,0.014536666666666666,0.42826279092605324,1.6248335349784497,0.005590109155555556,0.3980639556845278,0.03394333333333333,0.2635733333333333
packaged vegetables fruits + dry pasta,chips pretzels,0.010095,0.27335499593826157,1.6245183542452724,0.0038808504500000007,0.39917444437541,0.03693,0.16826833333333333
packaged vegetables fruits + cream,yogurt,0.016046666666666667,0.42813945215225896,1.6243655863728967,0.006167938133333335,0.3993423923328531,0.03748,0.2635733333333333
fresh vegetables + juice nectars,packaged cheese,0.016221666666666665,0.3748796364056542,1.624320504375465,0.006234926597222221,0.4017419990523205,0.04327166666666667,0.23079166666666667
instant foods,yogurt + fresh fruits,0.015865,0.30642201834862387,1.623700320664609,0.006094108291666667,0.40509668527113035,0.051775,0.18871833333333332
packaged cheese + soy lactosefree,packaged vegetables fruits,0.027686666666666665,0.5946874776258323,1.6236831315578684,0.010634899527777773,0.40287269414320104,0.04655666666666667,0.36625833333333335
fresh herbs + fresh vegetables,packaged vegetables fruits,0.04736,0.5946635973631893,1.6236179309590844,0.018190575902777777,0.4173282710551723,0.07964166666666667,0.36625833333333335
baking ingredients + fresh fruits,soy lactosefree,0.012995,0.27640114856960546,1.6235492881999791,0.004990931325,0.4030131762150325,0.047015,0.170245
tortillas flat bread + fresh vegetables,packaged vegetables fruits,0.021821666666666666,0.594595821980018,1.6234328829287652,0.00837998583333333,0.39865187094862303,0.0367,0.36625833333333335
ice cream ice + fresh vegetables,packaged cheese,0.019418333333333333,0.3746181794797595,1.623187634503381,0.007455247291666666,0.4049171596594734,0.051835,0.23079166666666667
fresh vegetables + lunch meat,frozen produce,0.01212,0.2005349805586962,1.6228451934830153,0.004651635150000001,0.4084865244285584,0.06043833333333333,0.12357
spreads,yogurt + packaged vegetables fruits,0.016228333333333334,0.20733784762148116,1.6227639682875086,0.006227905883333332,0.4163555884934953,0.07827,0.12776833333333334
fresh vegetables + lunch meat,yogurt,0.02585,0.4277086837823677,1.6227312466449604,0.009920067022222225,0.40844047191953736,0.06043833333333333,0.2635733333333333
packaged vegetables fruits + soup broth bouillon,soy lactosefree,0.011565,0.2762230802913897,1.6225033351428217,0.004437125591666667,0.4004339492476759,0.041868333333333334,0.170245
fresh dips tapenades,yogurt + fresh fruits,0.03016833333333333,0.30617906256871735,1.622412921737249,0.011573601419444444,0.4255658088393101,0.09853166666666667,0.18871833333333332
water seltzer sparkling water + yogurt,chips pretzels,0.015256666666666667,0.27299296194679706,1.6223668264783258,0.005852710411111111,0.40632472232767924,0.05588666666666667,0.16826833333333333
baby food formula,packaged cheese,0.017191666666666668,0.3743558104086521,1.6220508123862882,0.00659294402777778,0.4019556449252529,0.04592333333333333,0.23079166666666667
chips pretzels + packaged vegetables fruits,refrigerated,0.015791666666666666,0.21642796774709336,1.6219527447260373,0.006055460283333331,0.4136405058980774,0.072965,0.13343666666666668
yogurt + energy granola bars,milk,0.013628333333333333,0.3940343099460293,1.621818459733271,0.005225214444444444,0.39714406686757037,0.03458666666666667,0.24295833333333333
fresh fruits + condiments,fresh vegetables,0.026638333333333333,0.7208316420872232,1.6218022680998578,0.010213190849999998,0.3981143368408205,0.036955,0.4444633333333333
refrigerated + fresh vegetables,frozen produce,0.013225,0.20039396924009395,1.6217040482325318,0.005069997850000001,0.410452488743189,0.065995,0.12357
cereal,milk,0.03659,0.3939986719549183,1.6216717761821366,0.014026864513888886,0.42259841596858727,0.09286833333333333,0.24295833333333333
fresh herbs + fresh vegetables,frozen produce,0.015958333333333335,0.20037668724495133,1.6215641923197486,0.0061170125833333346,0.41648071146845145,0.07964166666666667,0.12357
fresh fruits + lunch meat,packaged vegetables fruits,0.04330166666666667,0.5938378551347397,1.6213633959675267,0.016594719430555557,0.4133779514743095,0.07291833333333334,0.36625833333333335
chips pretzels + yogurt,milk,0.02229,0.3938858455557519,1.6212073903855335,0.008540987916666668,0.40616038641846003,0.05659,0.24295833333333333
chips pretzels + eggs,yogurt,0.011853333333333334,0.4272754580955242,1.6210875838306513,0.004541369777777778,0.3940621238117792,0.027741666666666668,0.2635733333333333
chips pretzels + packaged cheese,refrigerated,0.012226666666666667,0.21628633763783242,1.620891341494085,0.0046834919000000004,0.40600707909047185,0.05653,0.13343666666666668
prepared meals + fresh fruits,packaged vegetables fruits,0.010698333333333334,0.5935275080906149,1.6205160513042658,0.004096526875000001,0.3899413148834348,0.018025,0.36625833333333335
packaged vegetables fruits + refrigerated,yogurt,0.024765,0.4271177671102935,1.6204893025734526,0.009482578844444443,0.40647025979599916,0.05798166666666667,0.2635733333333333
canned meals beans,packaged vegetables fruits + fresh fruits,0.030605,0.43885476662763184,1.62014754729504,0.01171474518888889,0.41146731002914655,0.06973833333333333,0.27087333333333335
breakfast bakery,yogurt + packaged vegetables fruits,0.014145,0.20696971174950007,1.6198826919776683,0.005412886205555554,0.4107428850668154,0.06834333333333334,0.12776833333333334
bread + fresh vegetables,frozen produce,0.01823,0.20011709173405537,1.6194633951125303,0.0069731848999999985,0.4208495006670294,0.09109666666666667,0.12357
refrigerated + fresh dips tapenades,packaged vegetables fruits,0.010278333333333334,0.5930377920953938,1.6191789732076005,0.003930465986111111,0.3891476240365136,0.017331666666666665,0.36625833333333335
instant foods,fresh fruits + milk,0.013705,0.26470304200869144,1.6191604074382944,0.005240736708333334,0.4032755575779342,0.051775,0.16348166666666666
fresh fruits + frozen meals,yogurt,0.019083333333333334,0.4266338773381027,1.6186534196862457,0.007293698133333335,0.40009894822483955,0.04473,0.2635733333333333
packaged vegetables fruits + refrigerated,chips pretzels,0.015791666666666666,0.27235620454741444,1.6185826480368526,0.0060351882527777765,0.4056985898123674,0.05798166666666667,0.16826833333333333
eggs + soy lactosefree,packaged vegetables fruits,0.018083333333333333,0.5927989947003224,1.6185269815030074,0.0069106228749999995,0.3941786810335933,0.030505,0.36625833333333335
fresh fruits + lunch meat,milk,0.028673333333333332,0.393225297707481,1.6184886203017568,0.010957216597222222,0.4121962821737133,0.07291833333333334,0.24295833333333333
bread,eggs,0.03645,0.22190654964233172,1.6181416322573472,0.013924159694444448,0.4570875665440276,0.16425833333333334,0.13713666666666666
eggs,bread,0.03645,0.2657932476118714,1.618141632257347,0.013924159694444448,0.44272031261356554,0.13713666666666666,0.16425833333333334
frozen pizza,packaged cheese,0.016336666666666666,0.37345220406141655,1.6181355655306007,0.0062406852083333325,0.3994800630504496,0.043745,0.23079166666666667
frozen produce + eggs,fresh vegetables,0.016773333333333335,0.719165356581392,1.6180532850435176,0.006406966855555557,0.3910950212358038,0.023323333333333335,0.4444633333333333
hot dogs bacon sausage + packaged vegetables fruits,fresh vegetables,0.028803333333333334,0.7190945782881871,1.6178940406516933,0.011000354516666668,0.39784836757246594,0.040055,0.4444633333333333
frozen breakfast + fresh vegetables,milk,0.012718333333333333,0.39306685896775523,1.6178364972090766,0.004857011527777778,0.3946604640678984,0.032356666666666666,0.24295833333333333
frozen meals + fresh vegetables,packaged vegetables fruits,0.020385,0.5924723890718853,1.6176352458107035,0.007783271611111109,0.3954187071061745,0.03440666666666667,0.36625833333333335
packaged cheese + crackers,milk,0.017078333333333334,0.392891376864384,1.6171142247890957,0.00651733951388889,0.39895646548697516,0.04346833333333333,0.24295833333333333
fresh vegetables + breakfast bakery,packaged vegetables fruits,0.019828333333333333,0.59197890232373,1.616287872377138,0.007560510458333334,0.394512530833794,0.033495,0.36625833333333335
asian foods + fresh vegetables,packaged vegetables fruits,0.01665,0.5917895859250045,1.6157709792951365,0.006345321791666667,0.39213307188540375,0.028135,0.36625833333333335
fresh fruits + cookies cakes,packaged cheese,0.012765,0.37284587674033687,1.6155084025578776,0.004863462638888889,0.3945063991168544,0.034236666666666665,0.23079166666666667
cereal + fresh vegetables,packaged vegetables fruits,0.02565,0.5916045206427308,1.6152656930929374,0.009770259527777776,0.3981701339773402,0.04335666666666667,0.36625833333333335
packaged vegetables fruits + lunch meat,milk,0.020996666666666667,0.392387715691771,1.6150411896077008,0.00799596625,0.40235052177667563,0.05351,0.24295833333333333
canned meals beans,fresh vegetables,0.05005833333333334,0.7178022608321584,1.6149864499482336,0.019062201238888892,0.4093469311247402,0.06973833333333333,0.4444633333333333
nuts seeds dried fruit + packaged cheese,packaged vegetables fruits,0.01472,0.5914021695460024,1.614713211201572,0.005603830083333334,0.39041234167152306,0.02489,0.36625833333333335
fresh fruits + asian foods,packaged vegetables fruits,0.016528333333333332,0.5913888723239311,1.6146769056192516,0.0062920233472222205,0.39162635756127256,0.027948333333333332,0.36625833333333335
yogurt + soup broth bouillon,packaged vegetables fruits,0.016285,0.5912501512767759,1.614298153698735,0.006197024638888889,0.39131383431469285,0.027543333333333333,0.36625833333333335
yogurt + oils vinegars,packaged vegetables fruits,0.012001666666666667,0.5912151067323482,1.6142024711128709,0.004566622500000001,0.38838320701519846,0.0203,0.36625833333333335
water seltzer sparkling water + frozen produce,packaged vegetables fruits,0.014235,0.5910317625077849,1.6137018839374344,0.005413668041666667,0.38969259847643106,0.024085,0.36625833333333335
frozen produce + packaged cheese,fresh vegetables,0.028026666666666665,0.7171919648569113,1.6136133423610002,0.01065778037222222,0.3957376151117391,0.03907833333333333,0.4444633333333333
water seltzer sparkling water + packaged cheese,eggs,0.01065,0.22126804944769554,1.6134856915074662,0.004049383672222222,0.3994500139073878,0.04813166666666667,0.13713666666666666
packaged cheese + fresh fruits,eggs,0.03458,0.22126715652294465,1.613479180303916,0.013148053172222222,0.4506495863090507,0.15628166666666668,0.13713666666666666
eggs,packaged cheese + fresh fruits,0.03458,0.25215721542986314,1.6134791803039157,0.013148053172222222,0.4406506838217274,0.13713666666666666,0.15628166666666668
fresh fruits + canned meals beans,bread,0.013141666666666666,0.26499747941522434,1.6132970184073319,0.004995822152777777,0.3999873776289005,0.049591666666666666,0.16425833333333334
fresh dips tapenades + fresh vegetables,bread,0.01534,0.26495480453681847,1.613037214977333,0.005829990027777777,0.40340744768859366,0.057896666666666666,0.16425833333333334
fresh fruits + fruit vegetable snacks,milk,0.012546666666666666,0.391899630381592,1.613032263618283,0.004768355624999999,0.3926193052235765,0.032015,0.24295833333333333
fresh fruits + ice cream ice,refrigerated,0.01386,0.215200683176772,1.61275523851594,0.005266011483333333,0.40609783984053827,0.064405,0.13343666666666668
nuts seeds dried fruit + soy lactosefree,packaged vegetables fruits,0.011575,0.5904608059853766,1.612142993748611,0.004395115805555555,0.38729999998947445,0.019603333333333334,0.36625833333333335
fresh dips tapenades + eggs,fresh vegetables,0.013381666666666667,0.7162994022660362,1.6116051618792016,0.005078350827777779,0.38672529538739214,0.018681666666666666,0.4444633333333333
packaged cheese + eggs,chips pretzels,0.012293333333333333,0.27117647058823524,1.6115716202587251,0.004665168888888889,0.39750807389813253,0.04533333333333334,0.16826833333333333
cream + fresh vegetables,bread,0.011881666666666667,0.2646938699736383,1.6114486528758862,0.004508383847222222,0.39727329348240886,0.044888333333333336,0.16425833333333334
frozen appetizers sides,yogurt + fresh vegetables,0.012151666666666667,0.23335680450646523,1.6112463198678812,0.0046098858000000005,0.40020229806135077,0.05207333333333333,0.14483
instant foods + fresh vegetables,milk,0.011031666666666667,0.39144834112011356,1.6111747876663909,0.004184695902777778,0.39033517129636636,0.028181666666666667,0.24295833333333333
instant foods + fresh vegetables,packaged vegetables fruits,0.01663,0.5900999467739074,1.6111577350428634,0.00630822973611111,0.39032841162786236,0.028181666666666667,0.36625833333333335
packaged vegetables fruits + ice cream ice,bread,0.011721666666666667,0.26463726670680315,1.6111040538184962,0.004446117555555556,0.39688707757663094,0.04429333333333333,0.16425833333333334
water seltzer sparkling water + packaged cheese,yogurt,0.020438333333333333,0.424633816960421,1.6110651695685743,0.00775210951111111,0.3984717547603346,0.04813166666666667,0.2635733333333333
fresh fruits + canned meals beans,eggs,0.010951666666666667,0.22083683414552177,1.610341271326816,0.004150830805555557,0.3987902932077728,0.049591666666666666,0.13713666666666666
baking ingredients + fresh vegetables,soy lactosefree,0.011861666666666666,0.2740891935608103,1.6099691242668523,0.00449403055,0.39600798127776365,0.043276666666666665,0.170245
yogurt + pasta sauce,fresh vegetables,0.016628333333333332,0.7154535675869486,1.6097021147307582,0.0062982646944444425,0.38777969221882513,0.023241666666666667,0.4444633333333333
fresh vegetables + spreads,yogurt,0.017408333333333335,0.42421411745593374,1.609472825232448,0.006592162311111113,0.394883235175898,0.041036666666666666,0.2635733333333333
packaged vegetables fruits + fresh dips tapenades,bread,0.014223333333333333,0.2643250944681906,1.609203558225502,0.005384592416666667,0.4001041843160004,0.05381,0.16425833333333334
bread,yogurt + packaged vegetables fruits,0.03376666666666667,0.20557049363299681,1.6089314798893581,0.012779653180555552,0.4528546405133979,0.16425833333333334,0.12776833333333334
yogurt + packaged vegetables fruits,bread,0.03376666666666667,0.2642804033341595,1.608931479889358,0.012779653180555552,0.4339093689028351,0.12776833333333334,0.16425833333333334
fruit vegetable snacks,yogurt + fresh vegetables,0.010815,0.2329731088213119,1.608597036672733,0.004091750016666667,0.3967584585994469,0.04642166666666667,0.14483
packaged vegetables fruits + fresh herbs,eggs,0.01166,0.2205757164927326,1.6084372024943436,0.004410727238888889,0.39939096601652024,0.05286166666666667,0.13713666666666666
lunch meat,chips pretzels,0.028285,0.2705878601380762,1.6080735737843892,0.010695630669444449,0.422279484222498,0.10453166666666666,0.16826833333333333
chips pretzels + canned meals beans,fresh vegetables,0.012065,0.7146100691016782,1.6078043237950148,0.004560977388888888,0.38452584417647795,0.016883333333333334,0.4444633333333333
packaged cheese + pasta sauce,packaged vegetables fruits,0.01616,0.588778236580034,1.6075490521172233,0.006107429611111111,0.38860079723569785,0.027446666666666668,0.36625833333333335
cereal,yogurt + fresh fruits,0.028168333333333333,0.3033147287378188,1.6072350967728914,0.010642376247222224,0.41649244663380136,0.09286833333333333,0.18871833333333332
chips pretzels + bread,yogurt,0.017033333333333334,0.4235918265843246,1.6071118471177837,0.006434610311111113,0.39359279392105323,0.040211666666666666,0.2635733333333333
fresh dips tapenades + soy lactosefree,yogurt,0.010343333333333333,0.4235888335267217,1.6071004914257452,0.003907311822222222,0.38721655799882926,0.024418333333333334,0.2635733333333333
packaged cheese + eggs,packaged vegetables fruits,0.026681666666666666,0.5885661764705882,1.606970061579272,0.010077955555555553,0.39564686204791916,0.04533333333333334,0.36625833333333335
fresh fruits + soup broth bouillon,packaged vegetables fruits,0.03218,0.5884253192332307,1.6065854771902273,0.012149942180555557,0.39940468390124817,0.05468833333333333,0.36625833333333335
chips pretzels + fresh vegetables,eggs,0.017828333333333335,0.22030686849963962,1.6064767640526942,0.006730548583333336,0.4107605863735674,0.080925,0.13713666666666666
spreads,packaged cheese + fresh fruits,0.01965,0.2510540436949022,1.6064203117975162,0.007417833949999999,0.4095536772606683,0.07827,0.15628166666666668
fresh fruits + preserved dips spreads,packaged vegetables fruits,0.012251666666666666,0.5883624139587001,1.6064137260823192,0.004624947305555555,0.38552323779646674,0.020823333333333333,0.36625833333333335
other creams cheeses,fresh fruits + milk,0.022556666666666666,0.2626074470768574,1.6063418757058838,0.008514408908333333,0.412936713810336,0.085895,0.16348166666666666
fresh fruits + soup broth bouillon,eggs,0.012046666666666667,0.22027854813640935,1.6062702520824192,0.0045468909277777796,0.3992754658072074,0.05468833333333333,0.13713666666666666
frozen produce + packaged cheese,chips pretzels,0.010558333333333333,0.2701838188254361,1.6056724011773027,0.003982687313888888,0.3925480786253659,0.03907833333333333,0.16826833333333333
packaged vegetables fruits + packaged cheese,fresh vegetables,0.08153666666666666,0.7135439456258568,1.6054056479181413,0.030747841566666663,0.4257555589164322,0.11427,0.4444633333333333
breakfast bakery,fresh fruits + milk,0.017936666666666667,0.2624493976491245,1.6053751041347624,0.006763784627777778,0.4047549204689801,0.06834333333333334,0.16348166666666666
fresh fruits + fresh dips tapenades,bread,0.018388333333333333,0.26368242435830025,1.6052910011159265,0.006933504694444443,0.40532607454798886,0.06973666666666667,0.16425833333333334
fresh fruits + juice nectars,chips pretzels,0.015211666666666667,0.2701094998520272,1.6052307317797598,0.005735355027777778,0.39953719984993147,0.05631666666666667,0.16826833333333333
tortillas flat bread,chips pretzels,0.015371666666666667,0.2700732064421669,1.6050150440793987,0.00579439402777778,0.3997026213448366,0.056916666666666664,0.16826833333333333
frozen pizza + fresh vegetables,packaged vegetables fruits,0.01276,0.5877927063339732,1.6048582457754494,0.004809142013888889,0.3852552568931182,0.021708333333333333,0.36625833333333335
fresh vegetables + eggs,packaged cheese,0.031275,0.3703301691302718,1.6046080626695292,0.011784259097222222,0.4115510252256075,0.08445166666666666,0.23079166666666667
hot dogs bacon sausage + packaged cheese,yogurt,0.013206666666666667,0.4229065485403213,1.604511895008301,0.004975710755555555,0.3889022727522385,0.031228333333333334,0.2635733333333333
tortillas flat bread + fresh fruits,packaged vegetables fruits,0.023383333333333332,0.5875455421081285,1.6041834100014885,0.008806862097222222,0.3922403970577363,0.03979833333333333,0.36625833333333335
hot dogs bacon sausage,packaged cheese,0.031228333333333334,0.37023059139678716,1.6041766011054146,0.011761440902777778,0.41132152194697347,0.08434833333333333,0.23079166666666667
fresh fruits + poultry counter,packaged cheese,0.010456666666666666,0.37016933152398374,1.6039111674626483,0.00393718673611111,0.38746944012272216,0.028248333333333334,0.23079166666666667
chips pretzels + fresh fruits,refrigerated,0.022665,0.21400245491455008,1.603775485857586,0.008532722633333333,0.42106647798709096,0.10591,0.13343666666666668
packaged vegetables fruits + eggs,yogurt,0.029255,0.42267867462916586,1.6036473389916754,0.011012211022222222,0.4044122190811277,0.06921333333333334,0.2635733333333333
bread + yogurt,refrigerated,0.013031666666666667,0.21393198172316616,1.6032473462304175,0.004903372116666667,0.40067291598752186,0.060915,0.13343666666666668
yogurt + fresh vegetables,milk,0.05640333333333333,0.3894450965499782,1.6029295690618208,0.02121567791666667,0.4398450266471676,0.14483,0.24295833333333333
milk,yogurt + fresh vegetables,0.05640333333333333,0.23215228948722347,1.6029295690618206,0.02121567791666667,0.4968580832466619,0.24295833333333333,0.14483
milk + pasta sauce,packaged vegetables fruits,0.01194,0.5870687535851838,1.6028816279543596,0.004490915930555554,0.3839321523665496,0.020338333333333333,0.36625833333333335
grains rice dried goods,packaged vegetables fruits + fresh fruits,0.018018333333333334,0.43417670682730924,1.602877261797553,0.0067770899999999995,0.392406794852921,0.0415,0.27087333333333335
packaged vegetables fruits + juice nectars,yogurt,0.016148333333333334,0.4224547634619577,1.602797817667282,0.006073242666666668,0.39103843391877235,0.038225,0.2635733333333333
tortillas flat bread,fresh fruits + fresh vegetables,0.029056666666666668,0.5105124450951684,1.6025880777108141,0.010925577916666672,0.39870213152644707,0.056916666666666664,0.318555
canned jarred vegetables + milk,packaged vegetables fruits,0.012638333333333333,0.5866924564796905,1.6018542189611806,0.004748518402777777,0.38399536604348483,0.021541666666666667,0.36625833333333335
nuts seeds dried fruit,yogurt + packaged vegetables fruits,0.01658,0.20466187997613514,1.6018200647745409,0.0062292743694444454,0.4088301682892498,0.08101166666666666,0.12776833333333334
tortillas flat bread + fresh fruits,yogurt,0.016801666666666666,0.4221701076259475,1.6017178304302946,0.006311887288888889,0.39124104954323563,0.03979833333333333,0.2635733333333333
packaged cheese + canned jarred vegetables,packaged vegetables fruits,0.016316666666666667,0.5866139373239858,1.6016398370657845,0.006129191124999999,0.3863872673573779,0.027815,0.36625833333333335
fresh vegetables + breakfast bakery,milk,0.013033333333333333,0.38911280290590633,1.6015618709898392,0.004895443958333334,0.3886265574100137,0.033495,0.24295833333333333
fresh herbs,yogurt + packaged vegetables fruits,0.019261666666666667,0.20461385928260334,1.6014442228716295,0.007233981661111111,0.4145919444745903,0.09413666666666666,0.12776833333333334
chips pretzels + lunch meat,milk,0.011005,0.3890754817040834,1.6014082594577264,0.004132923541666666,0.38648123945607654,0.028285,0.24295833333333333
packaged vegetables fruits + canned jarred vegetables,soy lactosefree,0.01058,0.2726218595662444,1.6013501692633816,0.003973075291666667,0.39068895227544137,0.038808333333333334,0.170245
chips pretzels + fresh vegetables,packaged vegetables fruits,0.047455,0.5864071671300587,1.601075289654548,0.017815544374999995,0.4084756444510214,0.080925,0.36625833333333335
fresh fruits + soup broth bouillon,bread,0.014381666666666666,0.2629750403803371,1.6009844678423444,0.005398652180555555,0.3971011196811124,0.05468833333333333,0.16425833333333334
oils vinegars + packaged cheese,packaged vegetables fruits,0.011986666666666666,0.5863362139246698,1.6008815651739523,0.004499125472222221,0.3831775991502182,0.020443333333333334,0.36625833333333335
packaged vegetables fruits + butter,yogurt,0.014366666666666666,0.4219285364659815,1.6008013069075584,0.005391994666666667,0.38854273391822175,0.03405,0.2635733333333333
frozen produce,packaged cheese + fresh fruits,0.030906666666666666,0.2501146448706536,1.6004093775383352,0.011594941116666663,0.42805457617363435,0.12357,0.15628166666666668
packaged vegetables fruits,fresh fruits + fresh vegetables,0.1866,0.5094764624240632,1.5993359464584238,0.06992657662499999,0.5913142785035489,0.36625833333333335,0.318555
fresh fruits + fresh vegetables,packaged vegetables fruits,0.1866,0.5857701181899515,1.5993359464584236,0.06992657662499999,0.5499203844516234,0.318555,0.36625833333333335
water seltzer sparkling water + milk,refrigerated,0.010015,0.21338020666879728,1.599112238031505,0.00375215005,0.3931033302679327,0.046935,0.13343666666666668
crackers + eggs,packaged vegetables fruits,0.01192,0.5856055023335789,1.5988864935958105,0.004464811624999999,0.38234741527894234,0.020355,0.36625833333333335
chips pretzels + water seltzer sparkling water,packaged cheese,0.014946666666666667,0.36900794140641074,1.5988789661949554,0.0055984502083333346,0.3903738832814778,0.040505,0.23079166666666667
packaged cheese,yogurt + fresh fruits,0.069635,0.301722332551002,1.5987971450450955,0.02608038131944445,0.4869029169992966,0.23079166666666667,0.18871833333333332
yogurt + fresh fruits,packaged cheese,0.069635,0.36898905776686597,1.5987971450450953,0.02608038131944445,0.4616519720197884,0.18871833333333332,0.23079166666666667
water seltzer sparkling water + fresh vegetables,eggs,0.018205,0.2192272955343703,1.5986045225033687,0.006816942638888889,0.4083657917122332,0.08304166666666667,0.13713666666666666
yogurt + frozen appetizers sides,packaged vegetables fruits,0.01128,0.5852646143203044,1.59795576251818,0.004220981055555555,0.38155427083409166,0.019273333333333333,0.36625833333333335
yogurt + soy lactosefree,bread,0.015221666666666666,0.26245007040432194,1.5977884657561074,0.005694957097222222,0.3971701292671214,0.05799833333333333,0.16425833333333334
breakfast bakery,packaged cheese + fresh vegetables,0.014846666666666666,0.21723650197532068,1.5976013186722282,0.00555356801111111,0.4015015634788622,0.06834333333333334,0.13597666666666666
packaged vegetables fruits + salad dressing toppings,fresh vegetables,0.011208333333333334,0.7100622954281491,1.5975722678919502,0.004192479616666667,0.3800493042905309,0.015785,0.4444633333333333
bread,yogurt + fresh vegetables,0.037995,0.23131246512099843,1.5971308784160634,0.014205465583333337,0.4473598133871072,0.16425833333333334,0.14483
yogurt + fresh vegetables,bread,0.037995,0.2623420562038252,1.5971308784160634,0.014205465583333337,0.4371963890686412,0.14483,0.16425833333333334
packaged cheese + pasta sauce,fresh vegetables,0.019475,0.7095579305319407,1.5964374951033247,0.007275963044444443,0.38414889786400436,0.027446666666666668,0.4444633333333333
packaged vegetables fruits + soy lactosefree,eggs,0.018083333333333333,0.21892655367231637,1.5964115141025963,0.006755844666666667,0.4072325013889182,0.0826,0.13713666666666666
yogurt + eggs,packaged vegetables fruits,0.029255,0.5845544158785133,1.596016698264467,0.010924991277777775,0.3931141944383715,0.05004666666666667,0.36625833333333335
fresh fruits + cream,packaged cheese,0.021076666666666667,0.3682264216870978,1.595492709963955,0.007866536319444443,0.395894719880596,0.057238333333333336,0.23079166666666667
latino foods,fresh vegetables,0.01525,0.7090824550526968,1.5953677207404364,0.005691075244444444,0.38138763874812626,0.021506666666666667,0.4444633333333333
hot cereal pancake mixes,packaged cheese + fresh fruits,0.011338333333333334,0.2492854525467204,1.595103621964959,0.004230122194444444,0.3908590538414944,0.045483333333333334,0.15628166666666668
packaged cheese + milk,chips pretzels,0.020946666666666666,0.2684036305392419,1.5950929400812703,0.007814725486111111,0.4046574226032771,0.07804166666666666,0.16826833333333333
nuts seeds dried fruit + yogurt,milk,0.011103333333333333,0.3875058166589111,1.59494762473227,0.004141767222222223,0.38402372388321415,0.028653333333333333,0.24295833333333333
nuts seeds dried fruit + packaged vegetables fruits,chips pretzels,0.010348333333333333,0.26836964038727523,1.5948909403865368,0.0038599064,0.38795752256620714,0.03856,0.16826833333333333
popcorn jerky + fresh fruits,yogurt,0.011698333333333333,0.4203245703335529,1.594715842524103,0.004362648177777777,0.38360541445148405,0.027831666666666668,0.2635733333333333
packaged vegetables fruits + soup broth bouillon,bread,0.010965,0.2618924405875563,1.5943936315005203,0.004087777347222223,0.38909298650481944,0.041868333333333334,0.16425833333333334
soup broth bouillon + fresh vegetables,eggs,0.012288333333333333,0.21860823672428617,1.594090348248362,0.004579652738888889,0.39487983814746236,0.05621166666666667,0.13713666666666666
yogurt + fresh herbs,milk,0.011593333333333334,0.38726199755038415,1.5939440818400308,0.004319970694444445,0.3841248364906907,0.029936666666666667,0.24295833333333333
canned jarred vegetables,yogurt + packaged vegetables fruits,0.015083333333333334,0.20362703627036272,1.5937206892972648,0.005619106988888888,0.4023401564483167,0.07407333333333334,0.12776833333333334
poultry counter + fresh vegetables,packaged cheese,0.010625,0.36771067658764495,1.5932580317933704,0.003956274791666667,0.3834346177908712,0.028895,0.23079166666666667
packaged poultry,fresh fruits + fresh vegetables,0.018116666666666666,0.5074933470283394,1.5931105995144932,0.0067447840916666675,0.3860795877905439,0.03569833333333333,0.318555
packaged cheese + fresh vegetables,yogurt,0.05708333333333333,0.419802417081362,1.592734787591165,0.02124351004444445,0.4307164710874625,0.13597666666666666,0.2635733333333333
yogurt,packaged cheese + fresh vegetables,0.05708333333333333,0.21657476730068798,1.592734787591165,0.02124351004444445,0.5053443851443362,0.2635733333333333,0.13597666666666666
soup broth bouillon + fresh vegetables,packaged vegetables fruits,0.032788333333333336,0.5833012126782696,1.5925950608949138,0.012200341986111113,0.39425577037034804,0.05621166666666667,0.36625833333333335
frozen appetizers sides + fresh fruits,packaged vegetables fruits,0.019561666666666668,0.5832049689440993,1.5923322853471347,0.007276751736111113,0.3849005829292762,0.033541666666666664,0.36625833333333335
bread + fresh vegetables,milk,0.035236666666666666,0.3868052252186322,1.592064037943264,0.013103972361111108,0.4091574413757958,0.09109666666666667,0.24295833333333333
fresh vegetables + juice nectars,packaged vegetables fruits,0.02523,0.5830605091861495,1.5919378649481908,0.009381391486111109,0.38865241732497047,0.04327166666666667,0.36625833333333335
water seltzer sparkling water + milk,packaged cheese,0.017238333333333335,0.3672809914420653,1.5913962438363543,0.006406126458333335,0.38992197554676794,0.046935,0.23079166666666667
ice cream ice + fresh vegetables,bread,0.013545,0.2613099257258609,1.5908472978084982,0.005030669291666666,0.39170835867184095,0.051835,0.16425833333333334
yogurt + soy lactosefree,refrigerated,0.012311666666666667,0.21227621483375958,1.5908387112519764,0.004572562394444445,0.3942676283858757,0.05799833333333333,0.13343666666666668
hot dogs bacon sausage + fresh vegetables,packaged vegetables fruits,0.028803333333333334,0.5826309756590925,1.5907651038449886,0.010696742194444445,0.39068588454183667,0.049436666666666663,0.36625833333333335
yogurt + packaged cheese,packaged vegetables fruits,0.05117,0.5825806451612904,1.59062768581727,0.01900030972222222,0.40707184509316746,0.08783333333333333,0.36625833333333335
frozen produce,fresh fruits + fresh vegetables,0.06261166666666666,0.5066898653934342,1.59058832978115,0.023247825316666665,0.4236525592403374,0.12357,0.318555
packaged vegetables fruits + oils vinegars,packaged cheese,0.011986666666666666,0.3670511381035011,1.5904003095295227,0.004449780138888889,0.3837598025097671,0.03265666666666667,0.23079166666666667
baby food formula,packaged vegetables fruits + fresh fruits,0.019783333333333333,0.4307904478478624,1.590375998060086,0.0073439269555555554,0.38908600086745215,0.04592333333333333,0.27087333333333335
frozen produce + nuts seeds dried fruit,fresh vegetables,0.010248333333333333,0.7067816091954023,1.5901910375705586,0.0038036149999999998,0.37660551900755784,0.0145,0.4444633333333333
frozen breakfast,yogurt,0.025913333333333333,0.41912874703472075,1.5901788763458142,0.00961747271111111,0.3955984640508473,0.06182666666666667,0.2635733333333333
chips pretzels + refrigerated,yogurt,0.013391666666666666,0.4190570564305831,1.5899068814393835,0.0049687415111111105,0.3832807210586439,0.03195666666666667,0.2635733333333333
fresh vegetables + soy lactosefree,eggs,0.020673333333333332,0.2180309715069167,1.5898809326967018,0.007670263161111111,0.40988687131075474,0.09481833333333334,0.13713666666666666
canned meals beans + fresh vegetables,eggs,0.010913333333333334,0.2180123189612119,1.589744918411404,0.0040485003611111115,0.39051689243840604,0.05005833333333334,0.13713666666666666
dry pasta + milk,fresh vegetables,0.017118333333333333,0.7065419274953567,1.5896517766640443,0.006349727538888888,0.38014160870222774,0.024228333333333334,0.4444633333333333
yogurt + baby food formula,packaged vegetables fruits,0.01278,0.5820555639896766,1.5891940497090211,0.004738187861111111,0.3790734124330982,0.021956666666666666,0.36625833333333335
packaged vegetables fruits + soy lactosefree,fresh vegetables,0.05834,0.7062953995157384,1.5890971122831394,0.021627328666666668,0.40408964317311075,0.0826,0.4444633333333333
chips pretzels + crackers,yogurt,0.014863333333333333,0.418823087399615,1.5890192004740553,0.005509555022222223,0.3843198548952683,0.03548833333333333,0.2635733333333333
oils vinegars + fresh fruits,packaged vegetables fruits,0.025586666666666667,0.5818457456888384,1.588621180010935,0.009480456458333331,0.38756655034642945,0.043975,0.36625833333333335
yogurt + tortillas flat bread,fresh vegetables,0.014913333333333334,0.7060680186222679,1.5885855270152045,0.005525526961111112,0.3785038152198472,0.021121666666666667,0.4444633333333333
fresh fruits + baby food formula,packaged vegetables fruits,0.019783333333333333,0.5818057053230075,1.5885118572674317,0.007329329138888887,0.38352098196125606,0.03400333333333334,0.36625833333333335
breakfast bakery,yogurt + fresh fruits,0.020485,0.29973662390869626,1.5882750690642824,0.007587360038888888,0.39755647262291777,0.06834333333333334,0.18871833333333332
bread + fresh vegetables,packaged vegetables fruits,0.052991666666666666,0.5817080756705331,1.5882452977284696,0.019626753361111103,0.4074958496996906,0.09109666666666667,0.36625833333333335
packaged vegetables fruits + fresh herbs,packaged cheese,0.019375,0.36652268499542834,1.5881105686749015,0.007174967847222222,0.39098926536280704,0.05286166666666667,0.23079166666666667
other creams cheeses + fresh vegetables,yogurt,0.0217,0.4185553090944161,1.5880032467665524,0.008035040533333334,0.3905251415553342,0.051845,0.2635733333333333
fresh fruits + spreads,packaged cheese,0.01965,0.36641079031606427,1.587625738867222,0.007273027569444444,0.39110282199375535,0.05362833333333333,0.23079166666666667
oils vinegars + fresh vegetables,packaged vegetables fruits,0.025318333333333335,0.5813846683761339,1.5873622944901382,0.009368393347222222,0.3868717120345762,0.043548333333333335,0.36625833333333335
frozen produce + lunch meat,fresh vegetables,0.01212,0.7054030458822388,1.5870894019354551,0.0044833791611111114,0.3763826536632612,0.017181666666666668,0.4444633333333333
hot dogs bacon sausage + yogurt,packaged vegetables fruits,0.01643,0.58125,1.5869946076312258,0.006077097777777778,0.38063748922960705,0.028266666666666666,0.36625833333333335
water seltzer sparkling water + eggs,packaged cheese,0.01065,0.36623108665749654,1.5868470987145544,0.003938578333333332,0.38089601801933876,0.02908,0.23079166666666667
fresh fruits + energy granola bars,bread,0.015415,0.2606526885356781,1.586846056733873,0.005700762166666666,0.3930650128775819,0.05914,0.16425833333333334
salad dressing toppings,packaged vegetables fruits,0.015785,0.5811499048904707,1.5867213166220673,0.005836813236111111,0.38009358150514966,0.027161666666666667,0.36625833333333335
frozen appetizers sides + fresh vegetables,milk,0.010828333333333334,0.38544138585666826,1.5864505677516787,0.0040028238888888895,0.3803472718411475,0.028093333333333335,0.24295833333333333
dry pasta + packaged cheese,packaged vegetables fruits,0.017705,0.5809997812294903,1.5863114319933296,0.0065438877222222195,0.38122392582343073,0.030473333333333335,0.36625833333333335
chips pretzels + packaged vegetables fruits,yogurt,0.030498333333333332,0.41798579227483496,1.5858424939605738,0.011266705066666667,0.3984966619650342,0.072965,0.2635733333333333
chips pretzels + packaged cheese,eggs,0.012293333333333333,0.21746565245592311,1.5857586285403111,0.004540997566666667,0.39151960719057893,0.05653,0.13713666666666666
fresh vegetables + milk,packaged vegetables fruits,0.07204833333333334,0.5806525272334081,1.5853633197881498,0.02660238890277778,0.42153445935248557,0.12408166666666667,0.36625833333333335
soup broth bouillon + milk,fresh vegetables,0.016676666666666666,0.7045982677276248,1.5852787280412142,0.006156960338888889,0.37814619281193407,0.023668333333333333,0.4444633333333333
packaged vegetables fruits,packaged cheese + fresh fruits,0.09073166666666667,0.24772587654433345,1.5851243580138432,0.033492203902777774,0.5824686779781372,0.36625833333333335,0.15628166666666668
packaged cheese + fresh fruits,packaged vegetables fruits,0.09073166666666667,0.5805650054922201,1.585124358013843,0.033492203902777774,0.4375093632310087,0.15628166666666668,0.36625833333333335
water seltzer sparkling water + yogurt,packaged cheese,0.020438333333333333,0.36571036621734465,1.5845908628301628,0.007540156388888887,0.39076057919814705,0.05588666666666667,0.23079166666666667
fresh fruits + pasta sauce,chips pretzels,0.011325,0.266627427898764,1.5845371652346787,0.004177802541666667,0.38526501833516974,0.042475,0.16826833333333333
frozen meals,chips pretzels,0.019843333333333334,0.26660993797165056,1.5844332245420543,0.007319401730555557,0.3985207187271362,0.07442833333333333,0.16826833333333333
crackers + lunch meat,packaged vegetables fruits,0.01203,0.5802717260229923,1.5843236131773808,0.004436854319444445,0.3766238607423199,0.020731666666666666,0.36625833333333335
packaged cheese,fresh fruits + milk,0.05977,0.2589781549016068,1.5841418807507883,0.02203979368055555,0.4793804163394209,0.23079166666666667,0.16348166666666666
fresh fruits + milk,packaged cheese,0.05977,0.3656067448949423,1.584141880750788,0.02203979368055555,0.4408073276956496,0.16348166666666666,0.23079166666666667
fresh fruits + cookies cakes,yogurt,0.014295,0.41753480673741605,1.5841314500863115,0.005271127644444446,0.38181119728673074,0.034236666666666665,0.2635733333333333
canned meals beans + canned jarred vegetables,packaged vegetables fruits,0.010635,0.5801436494226748,1.5839739239316732,0.003920874319444444,0.37556113731751456,0.018331666666666666,0.36625833333333335
packaged vegetables fruits + fresh herbs,soy lactosefree,0.014253333333333333,0.2696345808241637,1.583803229605355,0.005253898891666666,0.38918120183328,0.05286166666666667,0.170245
refrigerated + fresh vegetables,packaged vegetables fruits,0.038281666666666665,0.5800691971614012,1.5837706459322458,0.014110447958333331,0.3946396913801724,0.065995,0.36625833333333335
pasta sauce,fresh fruits + fresh vegetables,0.03134,0.5044397349572122,1.5835247758070419,0.011548708775,0.39290813590082413,0.062128333333333334,0.318555
oils vinegars + milk,fresh vegetables,0.01251,0.7036655104527983,1.5831801133639785,0.0046081827055555556,0.37502728864832935,0.017778333333333333,0.4444633333333333
water seltzer sparkling water + milk,chips pretzels,0.012503333333333333,0.2663967898867228,1.5831665091672396,0.004605659108333333,0.38649462607459795,0.046935,0.16826833333333333
bread + dry pasta,fresh vegetables,0.013923333333333333,0.7036132401246524,1.5830625101237878,0.005128144738888887,0.3757484403345497,0.019788333333333335,0.4444633333333333
fresh fruits + eggs,packaged vegetables fruits,0.05570166666666666,0.5797023520432942,1.5827690438259723,0.02050912427777777,0.40733538078589937,0.09608666666666667,0.36625833333333335
dry pasta,fresh fruits + milk,0.01844,0.2587525433242125,1.5827618386824975,0.006789479025000003,0.39644570915723354,0.071265,0.16348166666666666
hot dogs bacon sausage + frozen produce,fresh vegetables,0.010481666666666667,0.7034675615212528,1.5827347471960629,0.0038591630000000005,0.373751082252934,0.0149,0.4444633333333333
bread + milk,chips pretzels,0.015881666666666665,0.2662996394936143,1.582589155180402,0.005846423713888887,0.3914707281335029,0.059638333333333335,0.16826833333333333
bread + fresh vegetables,yogurt,0.037995,0.4170844158220205,1.5824226622142623,0.013984347911111111,0.4049468966465671,0.09109666666666667,0.2635733333333333
frozen appetizers sides,bread,0.013531666666666666,0.25985789271540133,1.5820073626831799,0.0049781877222222215,0.3881014251529758,0.05207333333333333,0.16425833333333334
packaged produce + fresh vegetables,packaged vegetables fruits,0.013518333333333334,0.579398528466319,1.5819395102718545,0.004972915986111111,0.3766525087220914,0.023331666666666667,0.36625833333333335
chips pretzels + dry pasta,packaged vegetables fruits,0.010095,0.5793954467189593,1.5819310961360402,0.0037135589722222225,0.37438423702984225,0.017423333333333332,0.36625833333333335
cereal,packaged cheese + fresh fruits,0.022956666666666667,0.2471958507564473,1.5817328803108528,0.008443048752777777,0.4054339764872696,0.09286833333333333,0.15628166666666668
fresh vegetables + tea,packaged vegetables fruits,0.01423,0.5792401628222523,1.5815071224470496,0.005232253611111111,0.3769522098948889,0.024566666666666667,0.36625833333333335
oils vinegars,packaged vegetables fruits + fresh vegetables,0.025318333333333335,0.37034057388039693,1.5814580468324353,0.009308845516666671,0.39465255050755643,0.068365,0.23417666666666667
yogurt + ice cream ice,milk,0.01364,0.38418927800206554,1.5812969768563836,0.005014169305555555,0.38113944096780816,0.03550333333333333,0.24295833333333333
cream + milk,yogurt,0.014193333333333334,0.41667482141109696,1.5808686567094432,0.005215147022222222,0.3803938631040413,0.034063333333333334,0.2635733333333333
soup broth bouillon,packaged cheese + fresh fruits,0.02078,0.2469889064976228,1.5804087054204874,0.007631502444444443,0.4009888082453083,0.08413333333333334,0.15628166666666668
other creams cheeses,bread,0.022295,0.25956109203096805,1.5802004486690764,0.008186030458333332,0.4016703688329631,0.085895,0.16425833333333334
nuts seeds dried fruit + yogurt,packaged vegetables fruits,0.01658,0.5786412284783621,1.579871844040032,0.00608547788888889,0.3778643400114992,0.028653333333333333,0.36625833333333335
dry pasta + fresh fruits,chips pretzels,0.012965,0.26583057102826096,1.579801533433272,0.004758272936111113,0.3858264978430924,0.048771666666666665,0.16826833333333333
packaged vegetables fruits + hot cereal pancake mixes,fresh vegetables,0.015413333333333333,0.7020953537807472,1.579647410991714,0.005655881622222223,0.3751838737230245,0.02195333333333333,0.4444633333333333
packaged vegetables fruits + juice nectars,soy lactosefree,0.010278333333333334,0.2688903422716372,1.5794316559760182,0.0037707182083333334,0.3814414600335543,0.038225,0.170245
packaged vegetables fruits + fresh vegetables,eggs,0.05071833333333333,0.21658149829900503,1.579311380124487,0.018604125855555556,0.4789781483355926,0.23417666666666667,0.13713666666666666
eggs,packaged vegetables fruits + fresh vegetables,0.05071833333333333,0.3698378746262852,1.5793113801244867,0.018604125855555556,0.4251109393363082,0.13713666666666666,0.23417666666666667
packaged cheese + soup broth bouillon,yogurt,0.011926666666666667,0.41626432435576755,1.5793112265622504,0.004374851377777779,0.37763237759031537,0.028651666666666666,0.2635733333333333
fresh fruits + eggs,yogurt,0.039996666666666666,0.41625615763546797,1.5792802419395031,0.014670783644444445,0.40579129023165245,0.09608666666666667,0.2635733333333333
pasta sauce,yogurt + fresh fruits,0.018511666666666666,0.29795852670547524,1.5788531058039332,0.006786911147222222,0.39091580187006225,0.062128333333333334,0.18871833333333332
oils vinegars + fresh fruits,soy lactosefree,0.011816666666666666,0.26871328406291456,1.5783916359535644,0.004330142791666666,0.3832992627965708,0.043975,0.170245
frozen produce,yogurt + fresh fruits,0.03680666666666667,0.29786086158992203,1.5783355879039593,0.01348674221666667,0.4180837940132485,0.12357,0.18871833333333332
poultry counter,yogurt + fresh fruits,0.01158,0.29785227418870835,1.5782900841043974,0.004242945730555556,0.38122427735853603,0.038878333333333334,0.18871833333333332
fresh vegetables + juice nectars,chips pretzels,0.011491666666666667,0.2655702345645727,1.5782543827690259,0.004210415436111112,0.38295989321829477,0.04327166666666667,0.16826833333333333
packaged vegetables fruits + packaged cheese,chips pretzels,0.030346666666666668,0.26556984918759663,1.5782520925164962,0.011118644216666668,0.41365614907282994,0.11427,0.16826833333333333
fresh fruits + juice nectars,bread,0.014598333333333333,0.2592187037585084,1.5781159987327384,0.005347851527777777,0.38819485989708996,0.05631666666666667,0.16425833333333334
frozen produce + soy lactosefree,fresh vegetables,0.023218333333333334,0.701318968989126,1.5779006194492071,0.008503633911111112,0.37878689703245455,0.033106666666666666,0.4444633333333333
water seltzer sparkling water + fresh dips tapenades,packaged vegetables fruits,0.013105,0.5779068058209613,1.5778666400881745,0.004799481861111111,0.37473051662784385,0.022676666666666668,0.36625833333333335
spices seasonings + fresh fruits,packaged vegetables fruits,0.019428333333333332,0.5778802300218124,1.5777940798302084,0.0071147281666666656,0.37894382299238205,0.03362,0.36625833333333335
packaged cheese + soup broth bouillon,packaged vegetables fruits,0.016555,0.577802338432901,1.5775814113887765,0.006061088319444444,0.37691760942730673,0.028651666666666666,0.36625833333333335
dry pasta,yogurt + fresh fruits,0.021215,0.2976917140251175,1.5774392914932351,0.007765987975000003,0.394150303312286,0.071265,0.18871833333333332
baking ingredients + fresh vegetables,packaged cheese,0.015753333333333334,0.3640144804744666,1.5772427390119512,0.005765439305555557,0.38253711302975535,0.043276666666666665,0.23079166666666667
tortillas flat bread + milk,packaged vegetables fruits,0.01057,0.577648237544403,1.5771606676828367,0.0038680829305555546,0.37277026381129197,0.018298333333333333,0.36625833333333335
canned jarred vegetables + fresh vegetables,packaged vegetables fruits,0.032613333333333334,0.5773804254816913,1.5764294568451902,0.011925231375000001,0.38754560470194943,0.056485,0.36625833333333335
packaged vegetables fruits + fresh dips tapenades,fresh vegetables,0.037695,0.7005203493774392,1.5761038016876665,0.013778428033333335,0.3863114412938615,0.05381,0.4444633333333333
other creams cheeses + fresh vegetables,packaged vegetables fruits,0.029926666666666667,0.5772334201305173,1.576028086179201,0.010938003374999998,0.38547868350233816,0.051845,0.36625833333333335
fresh fruits + soup broth bouillon,soy lactosefree,0.014671666666666666,0.2682778167189833,1.575833749707676,0.005361251358333333,0.38655536034421895,0.05468833333333333,0.170245
packaged cheese,bread,0.05973833333333333,0.25884094601913704,1.5758162205010626,0.02182887881944444,0.47504455823018715,0.23079166666666667,0.16425833333333334
bread,packaged cheese,0.05973833333333333,0.3636852518898077,1.5758162205010624,0.02182887881944444,0.43722629548043584,0.16425833333333334,0.23079166666666667
fresh fruits + preserved dips spreads,fresh vegetables,0.01458,0.7001760845205699,1.5753292386786384,0.005324791855555556,0.3729787216711627,0.020823333333333333,0.4444633333333333
energy granola bars,packaged cheese + fresh fruits,0.021326666666666667,0.24617634044517978,1.5752093364236353,0.007787725413888889,0.3997989957817922,0.08663166666666666,0.15628166666666668
water seltzer sparkling water + packaged vegetables fruits,eggs,0.015886666666666667,0.2160030818735979,1.5750935699686293,0.005800493394444446,0.39410267831041784,0.07354833333333333,0.13713666666666666
cream + fresh vegetables,milk,0.017176666666666666,0.3826532506590428,1.5749747926285418,0.006270672013888888,0.3822267238018825,0.044888333333333336,0.24295833333333333
cookies cakes + fresh vegetables,packaged vegetables fruits,0.013568333333333333,0.5768440444979805,1.5749649687096463,0.004953326902777777,0.3738590302948326,0.023521666666666666,0.36625833333333335
crackers + soy lactosefree,packaged vegetables fruits,0.014076666666666666,0.5767549849767823,1.5747218083141197,0.00513752161111111,0.3740976767607303,0.024406666666666667,0.36625833333333335
dry pasta + milk,packaged vegetables fruits,0.013973333333333334,0.5767352273508977,1.5746678638053222,0.005099504347222223,0.3740070112334137,0.024228333333333334,0.36625833333333335
frozen produce + packaged vegetables fruits,packaged cheese,0.024635,0.363357014675877,1.5743939975123755,0.008987709652777776,0.39136915306807574,0.06779833333333334,0.23079166666666667
milk,packaged cheese + fresh fruits,0.05977,0.24600926084719602,1.5741402436660048,0.021800066736111103,0.48178667469126313,0.24295833333333333,0.15628166666666668
packaged cheese + fresh fruits,milk,0.05977,0.3824504900340197,1.5741402436660046,0.021800066736111103,0.43229188317514927,0.15628166666666668,0.24295833333333333
fresh dips tapenades + fresh vegetables,yogurt,0.024016666666666665,0.4148195060164661,1.5738295705804815,0.008756649244444444,0.3870140066913779,0.057896666666666666,0.2635733333333333
frozen meals + fresh vegetables,yogurt,0.014271666666666667,0.4147936446425111,1.5737314522555814,0.005202986844444445,0.3775580857595234,0.03440666666666667,0.2635733333333333
frozen produce,soy lactosefree,0.033106666666666666,0.26791831890156725,1.5737220999240344,0.012069492016666666,0.415964531452881,0.12357,0.170245
other creams cheeses + fresh fruits,chips pretzels,0.015065,0.2647782529732263,1.5735477242097027,0.0054910927277777785,0.386482969929676,0.056896666666666665,0.16826833333333333
nuts seeds dried fruit + packaged vegetables fruits,fresh vegetables,0.026963333333333332,0.6992565698478561,1.5732604185898862,0.0098248272,0.3789912238824358,0.03856,0.4444633333333333
fresh fruits + refrigerated,yogurt,0.035758333333333336,0.4146214200131412,1.5730780301995948,0.01302689048888889,0.39868778983861397,0.08624333333333334,0.2635733333333333
yogurt + soup broth bouillon,milk,0.010526666666666667,0.38218564685949413,1.57305016714592,0.0038347843055555556,0.3746103846432706,0.027543333333333333,0.24295833333333333
frozen produce + packaged vegetables fruits,eggs,0.014625,0.21571326728778978,1.572980243220557,0.005327362561111113,0.39075676408642634,0.06779833333333334,0.13713666666666666
packaged vegetables fruits + baby food formula,fresh vegetables,0.016001666666666668,0.6989662201514268,1.5726071595364302,0.005826419422222222,0.3726443568989303,0.022893333333333335,0.4444633333333333
spices seasonings,fresh fruits + fresh vegetables,0.026375,0.5008545385491835,1.5722702156587827,0.0095998937,0.38420948373580227,0.05266,0.318555
yogurt + soy lactosefree,packaged cheese,0.021041666666666667,0.36279778154544673,1.5719708895271207,0.007656134652777778,0.38625823835105993,0.05799833333333333,0.23079166666666667
cream,fresh fruits + milk,0.023466666666666667,0.2569577516196733,1.5717832883585723,0.008536703458333333,0.4003411306766595,0.091325,0.16348166666666666
refrigerated + fresh vegetables,eggs,0.014225,0.21554663232063034,1.5717651417366887,0.0051746656833333345,0.38947610721278997,0.065995,0.13713666666666666
other creams cheeses,yogurt + fresh fruits,0.025473333333333334,0.2965636338940955,1.571461705155455,0.00926337209166667,0.3978205798498857,0.085895,0.18871833333333332
fresh fruits + butter,fresh vegetables,0.034175,0.6984229708096324,1.5713849004634033,0.012426668327777775,0.38232655369162083,0.048931666666666665,0.4444633333333333
water seltzer sparkling water + milk,eggs,0.010111666666666666,0.2154397926210007,1.5709860670936586,0.0036751572166666673,0.3813560640579217,0.046935,0.13713666666666666
frozen appetizers sides,fresh fruits + milk,0.013373333333333333,0.2568173089233132,1.5709242152941505,0.004860298011111111,0.38339680425629835,0.05207333333333333,0.16348166666666666
packaged cheese + pasta sauce,milk,0.010475,0.38164925916929804,1.5708424318407053,0.003806603611111111,0.37365448279296143,0.027446666666666668,0.24295833333333333
bread + water seltzer sparkling water,yogurt,0.013731666666666666,0.4138953079473526,1.5703231533818012,0.004987182044444444,0.3756512564033253,0.03317666666666667,0.2635733333333333
fresh vegetables + lunch meat,milk,0.023045,0.38129774149960016,1.569395608984806,0.008361003263888889,0.3861503127294874,0.06043833333333333,0.24295833333333333
fresh fruits + fresh dips tapenades,eggs,0.015006666666666666,0.2151904784666125,1.5691680693221786,0.005443212655555555,0.389910708054401,0.06973666666666667,0.13713666666666666
bread + soup broth bouillon,fresh vegetables,0.01371,0.697414158541755,1.5691151693242527,0.00497259163888889,0.3699711666928139,0.019658333333333333,0.4444633333333333
packaged vegetables fruits + lunch meat,fresh vegetables,0.03730666666666667,0.6971905562823149,1.5686120856215695,0.0135234337,0.3829874117644899,0.05351,0.4444633333333333
frozen produce + fresh fruits,fresh vegetables,0.06261166666666666,0.6971181502718551,1.5684491790215656,0.02269219238333333,0.39819107206433557,0.089815,0.4444633333333333
canned jarred vegetables + fresh vegetables,eggs,0.012148333333333334,0.2150718479832404,1.568303016333393,0.0044021687166666676,0.384061854295354,0.056485,0.13713666666666666
breakfast bakery,packaged cheese,0.024736666666666667,0.3619470321416378,1.5682846671600121,0.008963594861111111,0.38894227136296594,0.06834333333333334,0.23079166666666667
other creams cheeses + eggs,fresh vegetables,0.012658333333333334,0.6970447870778267,1.568284118850059,0.004586879200000001,0.3690626142036285,0.01816,0.4444633333333333
packaged vegetables fruits + packaged cheese,milk,0.043535,0.38098363524984685,1.5681027689926812,0.015772151249999998,0.4090261079714239,0.11427,0.24295833333333333
condiments + fresh vegetables,packaged vegetables fruits,0.021031666666666667,0.5742434584755404,1.5678645540958076,0.007617455208333334,0.3759593129100595,0.036625,0.36625833333333335
packaged vegetables fruits + refrigerated,bread,0.01493,0.25749518525970855,1.567623267777638,0.005406028069444445,0.3843785406654662,0.05798166666666667,0.16425833333333334
packaged vegetables fruits + canned meals beans,yogurt,0.015555,0.4131474103585657,1.5674856220605236,0.005631463999999999,0.37619952777856125,0.03765,0.2635733333333333
fresh fruits + grains rice dried goods,yogurt,0.012208333333333333,0.41304838163978796,1.567109906059495,0.004417984177777778,0.37290447633160734,0.029556666666666665,0.2635733333333333
fresh fruits + soft drinks,water seltzer sparkling water,0.011825,0.29987320371935755,1.567063146526743,0.0042790373333333334,0.3767189043993514,0.039433333333333334,0.19136
chips pretzels + packaged vegetables fruits,eggs,0.015678333333333332,0.21487471161972635,1.5668654987948254,0.00567215645,0.3902583250850697,0.072965,0.13713666666666666
nuts seeds dried fruit + fresh fruits,yogurt,0.022795,0.4129404305425561,1.5667003384607299,0.00824531271111111,0.3828497927080814,0.05520166666666667,0.2635733333333333
refrigerated + fresh vegetables,soy lactosefree,0.017601666666666668,0.2667121246559083,1.5666370504620302,0.006366347891666667,0.38724638634028935,0.065995,0.170245
packaged vegetables fruits + crackers,soy lactosefree,0.014076666666666666,0.2666877170824124,1.5664936831179324,0.005090568083333332,0.3817834450380833,0.052783333333333335,0.170245
fresh fruits + ice cream ice,bread,0.016566666666666667,0.25722640581735373,1.565986946277837,0.005987608708333333,0.3863050496610454,0.064405,0.16425833333333334
packaged cheese + canned jarred vegetables,yogurt,0.01148,0.412726945892504,1.565890375452135,0.004148707733333334,0.3717252282815623,0.027815,0.2635733333333333
spreads,soy lactosefree,0.020863333333333334,0.26655593884417184,1.5657196325540945,0.0075382571833333325,0.39199771048837356,0.07827,0.170245
packaged vegetables fruits + ice cream ice,yogurt,0.018273333333333332,0.4125526791089705,1.5652292054417638,0.006598791822222222,0.37785226989905063,0.04429333333333333,0.2635733333333333
bread + water seltzer sparkling water,milk,0.012615,0.38023711443785796,1.5650301400289128,0.00455445236111111,0.37342362092237485,0.03317666666666667,0.24295833333333333
hot dogs bacon sausage + fresh fruits,packaged vegetables fruits,0.031428333333333336,0.5731436734445762,1.5648617963948293,0.011344557625000001,0.3819078486290573,0.054835,0.36625833333333335
chips pretzels + soy lactosefree,yogurt,0.01438,0.4124085846756847,1.5646825096457078,0.005189637155555557,0.3739310619201457,0.034868333333333335,0.2635733333333333
chips pretzels + fresh vegetables,refrigerated,0.016893333333333333,0.20875296056018947,1.5644347672567969,0.006094971083333333,0.3925593673986883,0.080925,0.13343666666666668
fresh fruits + grains rice dried goods,packaged cheese,0.010671666666666666,0.36105785496785836,1.564431940644268,0.003850234305555555,0.3717788904088165,0.029556666666666665,0.23079166666666667
nuts seeds dried fruit + fresh fruits,packaged vegetables fruits,0.031626666666666664,0.5729295613055161,1.564277203173123,0.011408596236111106,0.38180329353322817,0.05520166666666667,0.36625833333333335
tortillas flat bread,yogurt + fresh fruits,0.016801666666666666,0.2951976573938507,1.56422352921294,0.0060604481944444445,0.38247434448458867,0.056916666666666664,0.18871833333333332
refrigerated + fresh vegetables,bread,0.016955,0.2569134025304947,1.5640813912870664,0.006114771291666668,0.386129713400582,0.065995,0.16425833333333334
fresh fruits + cream,yogurt,0.023593333333333334,0.41219462481437263,1.5638707436805923,0.008506835022222223,0.3824518722380285,0.057238333333333336,0.2635733333333333
frozen produce + fresh vegetables,eggs,0.016773333333333335,0.21446075819890467,1.5638469521808271,0.006047646072222225,0.39114319782767615,0.07821166666666667,0.13713666666666666
crackers,yogurt + fresh fruits,0.03392166666666667,0.29507792678506706,1.5635890884213708,0.012226921597222228,0.40726419272321296,0.11495833333333333,0.18871833333333332
lunch meat,eggs,0.02241,0.21438479567595148,1.5632930337810322,0.008074875672222223,0.40238682759000133,0.10453166666666666,0.13713666666666666
frozen produce + packaged vegetables fruits,yogurt,0.027933333333333334,0.41200619484254775,1.563155838384818,0.010063500622222225,0.38647057989452177,0.06779833333333334,0.2635733333333333
tortillas flat bread + packaged cheese,packaged vegetables fruits,0.014333333333333333,0.5724936759419518,1.5630870995662034,0.005163445527777777,0.36949121402061075,0.025036666666666665,0.36625833333333335
packaged vegetables fruits + refrigerated,eggs,0.012428333333333333,0.2143493633044928,1.5630346610764894,0.0044769208388888895,0.3823905645135353,0.05798166666666667,0.13713666666666666
milk + lunch meat,packaged vegetables fruits,0.020996666666666667,0.5724542191121007,1.562979370058749,0.007562921430555555,0.37391071146708094,0.036678333333333334,0.36625833333333335
spreads,yogurt + fresh fruits,0.023086666666666665,0.29496188407648727,1.5629741894524678,0.008315682716666665,0.390780563801827,0.07827,0.18871833333333332
fresh fruits + energy granola bars,packaged cheese,0.021326666666666667,0.36061323413369406,1.5625054376617904,0.007677647500000001,0.38263102614471683,0.05914,0.23079166666666667
fresh fruits + granola,packaged vegetables fruits,0.011668333333333333,0.5722108704536166,1.5623149519791129,0.00419971548611111,0.3674164286948472,0.020391666666666666,0.36625833333333335
fresh fruits + eggs,milk,0.03646833333333333,0.37953583570387844,1.5621437243857113,0.013123276944444442,0.3981067907243181,0.09608666666666667,0.24295833333333333
fresh fruits + condiments,packaged vegetables fruits,0.021141666666666666,0.5720921841879764,1.5619909012890982,0.0076065899583333315,0.37359770852140406,0.036955,0.36625833333333335
fresh fruits + soy lactosefree,packaged vegetables fruits,0.06761833333333334,0.5720348542101404,1.5618343724879262,0.024324156611111113,0.4079496058517552,0.11820666666666667,0.36625833333333335
fresh fruits + refrigerated,chips pretzels,0.022665,0.2628029219649828,1.5618085516089348,0.00815297803888889,0.3936678882622905,0.08624333333333334,0.16826833333333333
spices seasonings,fresh vegetables,0.03655,0.6940751993923281,1.5616028305124414,0.013144560866666669,0.3796232696323749,0.05266,0.4444633333333333
water seltzer sparkling water + crackers,yogurt,0.011213333333333334,0.41157398911115195,1.5615160452922094,0.004032277866666668,0.36966833189511017,0.027245,0.2635733333333333
yogurt + fruit vegetable snacks,packaged vegetables fruits,0.010846666666666666,0.5718804920913884,1.5614129155415486,0.003899966944444443,0.36650581380256714,0.018966666666666666,0.36625833333333335
candy chocolate + fresh vegetables,packaged vegetables fruits,0.016545,0.5718647387522323,1.561369903990077,0.005948535986111111,0.37024868930624233,0.028931666666666668,0.36625833333333335
fresh fruits + canned meals beans,yogurt,0.020405,0.41146025878003695,1.5610845512192824,0.007333959111111111,0.3781739846896879,0.049591666666666666,0.2635733333333333
pickled goods olives,fresh fruits + fresh vegetables,0.01603,0.49728555917481,1.5610665636226397,0.0057613795749999995,0.3713838848558389,0.032235,0.318555
yogurt + hot cereal pancake mixes,packaged vegetables fruits,0.010346666666666667,0.5717443359734757,1.5610411666814654,0.003718611694444445,0.3660257494368798,0.018096666666666667,0.36625833333333335
crackers,bread,0.029471666666666667,0.25636824936571223,1.5607625145292205,0.010588802430555554,0.4059555015623703,0.11495833333333333,0.16425833333333334
yogurt + soy lactosefree,eggs,0.012405,0.21388545647863444,1.5596518544418059,0.004451301894444445,0.38092424026300764,0.05799833333333333,0.13713666666666666
packaged vegetables fruits + frozen appetizers sides,fresh vegetables,0.017195,0.6932070147147751,1.5596494980045787,0.006170087016666666,0.36795748591301664,0.024805,0.4444633333333333
fresh fruits + eggs,packaged cheese,0.03458,0.35988343856240895,1.5593432976165038,0.012403998055555556,0.3968349442177084,0.09608666666666667,0.23079166666666667
candy chocolate + fresh vegetables,packaged cheese,0.010411666666666666,0.3598709603087735,1.5592892304406145,0.0037344790972222213,0.3693686102802616,0.028931666666666668,0.23079166666666667
hot dogs bacon sausage + lunch meat,packaged vegetables fruits,0.010348333333333333,0.571047548974524,1.5591387198685553,0.0037111219027777765,0.36523899076085353,0.018121666666666668,0.36625833333333335
grains rice dried goods,yogurt + fresh fruits,0.012208333333333333,0.29417670682730923,1.5588136119647937,0.0043765225000000005,0.37400780870280464,0.0415,0.18871833333333332
packaged cheese + frozen breakfast,packaged vegetables fruits,0.013281666666666667,0.5707635009310987,1.5583631797167719,0.004758835250000001,0.3668373658625114,0.02327,0.36625833333333335
fresh fruits + fruit vegetable snacks,packaged vegetables fruits,0.018271666666666665,0.5707220573689417,1.5582500258076721,0.006545906124999997,0.3701033205455678,0.032015,0.36625833333333335
other creams cheeses + fresh fruits,fresh vegetables,0.03940166666666667,0.6925127423985002,1.5580874516799292,0.014113184544444449,0.3797966659610221,0.056896666666666665,0.4444633333333333
water seltzer sparkling water + packaged cheese,refrigerated,0.010005,0.20786730842480694,1.5577975201079683,0.003582470838888888,0.3761739279738866,0.04813166666666667,0.13343666666666668
hot cereal pancake mixes + fresh fruits,packaged vegetables fruits,0.018073333333333334,0.5705266480770242,1.557716497218332,0.006470879763888887,0.3697476497873137,0.031678333333333336,0.36625833333333335
packaged vegetables fruits + dry pasta,milk,0.013973333333333334,0.37837349941330445,1.557359627151313,0.005000882083333335,0.37161115357519625,0.03693,0.24295833333333333
packaged cheese + butter,fresh vegetables,0.01862166666666667,0.6921694957254368,1.5573151794871047,0.006664121455555557,0.36776328525659896,0.026903333333333335,0.4444633333333333
bread,yogurt + fresh fruits,0.04826333333333333,0.29382578255796254,1.5569540985664485,0.017264774430555553,0.4280273696426678,0.16425833333333334,0.18871833333333332
yogurt + fresh fruits,bread,0.04826333333333333,0.2557426853070272,1.5569540985664483,0.017264774430555553,0.4409323197871425,0.18871833333333332,0.16425833333333334
fresh fruits + pasta sauce,soy lactosefree,0.011258333333333334,0.26505787718265644,1.5569201866877524,0.004027176958333333,0.3735738675674902,0.042475,0.170245
fresh fruits + frozen vegan vegetarian,fresh vegetables,0.010915,0.6918444960912741,1.5565839613870078,0.0039028501444444436,0.3632992316796053,0.015776666666666668,0.4444633333333333
fresh fruits + spreads,eggs,0.011446666666666667,0.2134443857413681,1.5564355684696636,0.0040922557944444455,0.37776525113376064,0.05362833333333333,0.13713666666666666
fresh fruits + butter,yogurt,0.020073333333333332,0.41023195612929597,1.5564243580381019,0.0071762508444444435,0.37589486487566165,0.048931666666666665,0.2635733333333333
hot dogs bacon sausage + packaged vegetables fruits,yogurt,0.01643,0.41018599425789537,1.5562499782143946,0.0058725701333333345,0.3723439466639238,0.040055,0.2635733333333333
dry pasta + fresh fruits,milk,0.01844,0.37808837098041903,1.5561860578854496,0.006590517152777781,0.3757282071894685,0.048771666666666665,0.24295833333333333
chips pretzels + dry pasta,fresh vegetables,0.01205,0.6916013009374402,1.5560367955454297,0.00430596718888889,0.3636781612560823,0.017423333333333332,0.4444633333333333
hot cereal pancake mixes,fresh fruits + milk,0.01157,0.2543788933675339,1.556008686198456,0.004134308861111112,0.37435707333535895,0.045483333333333334,0.16348166666666666
bread + packaged vegetables fruits,fresh vegetables,0.052991666666666666,0.6913459447706023,1.5554622685874402,0.01892355216666667,0.38674858132159656,0.07665,0.4444633333333333
fresh fruits + poultry counter,yogurt,0.01158,0.4099356894212048,1.5553003190302692,0.0041344926222222226,0.3674162563123681,0.028248333333333334,0.2635733333333333
cream + milk,packaged cheese,0.012225,0.35889030237792346,1.5550401258476554,0.004363466527777778,0.369516749534996,0.034063333333333334,0.23079166666666667
packaged cheese + lunch meat,packaged vegetables fruits,0.025926666666666667,0.5695456376084649,1.555038031285199,0.009253976902777777,0.3739518212967151,0.04552166666666667,0.36625833333333335
frozen produce + fresh fruits,yogurt,0.03680666666666667,0.40980534060754514,1.554805774259707,0.013133827733333332,0.3920443087081592,0.089815,0.2635733333333333
water seltzer sparkling water + fresh vegetables,packaged vegetables fruits,0.047285,0.56941294530858,1.5546757397335578,0.016870297569444442,0.3890897122068066,0.08304166666666667,0.36625833333333335
hot cereal pancake mixes,bread,0.011613333333333333,0.25533162330524,1.5544515649448938,0.004142316805555555,0.3736826234190493,0.045483333333333334,0.16425833333333334
fresh fruits + eggs,fresh vegetables,0.06638333333333334,0.6908693540553666,1.5543899850502103,0.02367633317777778,0.3945741178275499,0.09608666666666667,0.4444633333333333
packaged vegetables fruits + candy chocolate,yogurt,0.010755,0.4094802969731582,1.5535725552907156,0.003832246400000001,0.36593355061102933,0.026265,0.2635733333333333
grains rice dried goods + fresh vegetables,packaged cheese,0.010858333333333333,0.35851860004402375,1.5534295723156832,0.003868423055555555,0.3673900805111174,0.030286666666666667,0.23079166666666667
frozen appetizers sides + packaged cheese,packaged vegetables fruits,0.01138,0.5689051824695884,1.5532893880992606,0.004053612472222221,0.36347568775031774,0.020003333333333335,0.36625833333333335
packaged cheese + spreads,packaged vegetables fruits,0.014493333333333334,0.5688865628679837,1.5532385507532942,0.005162291861111111,0.3654954980325672,0.02547666666666667,0.36625833333333335
butter,packaged cheese,0.026903333333333335,0.35834480309017447,1.5526765253952315,0.009576264305555558,0.3848436241761961,0.07507666666666667,0.23079166666666667
frozen produce + fresh vegetables,packaged cheese,0.028026666666666665,0.3583438105994417,1.5526722250201481,0.009976065763888885,0.38615054130745924,0.07821166666666667,0.23079166666666667
bread + frozen produce,fresh vegetables,0.01823,0.6899640446603167,1.5523531254778797,0.006486537961111111,0.36547308161391234,0.026421666666666666,0.4444633333333333
packaged cheese + eggs,fresh vegetables,0.031275,0.6898897058823529,1.5521858703358047,0.011125995555555553,0.37264028628121704,0.04533333333333334,0.4444633333333333
soup broth bouillon,fresh fruits + fresh vegetables,0.041596666666666664,0.4944136291600634,1.5520510717460514,0.014795572666666663,0.38836581605007314,0.08413333333333334,0.318555
packaged vegetables fruits + instant foods,fresh vegetables,0.01663,0.689707610423723,1.5517761729660258,0.00591324826111111,0.3643625538754747,0.024111666666666667,0.4444633333333333
fresh fruits + instant foods,packaged vegetables fruits,0.019006666666666668,0.5683245290541215,1.5517040223543166,0.0067577671388888896,0.3678493083086075,0.03344333333333333,0.36625833333333335
nuts seeds dried fruit + fresh vegetables,yogurt,0.01748,0.40896860986547084,1.5516312090201494,0.006214436444444445,0.3713908217715464,0.042741666666666664,0.2635733333333333
baking ingredients + packaged cheese,fresh vegetables,0.015753333333333334,0.6896249817598132,1.551590266373259,0.005600309255555557,0.3638105995391604,0.022843333333333334,0.4444633333333333
fresh fruits + juice nectars,yogurt,0.023021666666666666,0.4087895827167801,1.550951978134283,0.00817809511111111,0.3764342324533343,0.05631666666666667,0.2635733333333333
hot cereal pancake mixes + fresh fruits,packaged cheese,0.011338333333333334,0.3579207660335666,1.5508392101111388,0.004027237986111111,0.36680768374909717,0.031678333333333336,0.23079166666666667
chips pretzels + fresh fruits,yogurt,0.04328833333333333,0.4087275359582035,1.550716572079384,0.015373281599999997,0.3972047924312967,0.10591,0.2635733333333333
refrigerated + soy lactosefree,yogurt,0.012311666666666667,0.4087086422485338,1.5506448891460967,0.00437195928888889,0.36613626706449476,0.030123333333333332,0.2635733333333333
yogurt + condiments,packaged vegetables fruits,0.010261666666666667,0.5679365372198136,1.5506446830874754,0.0036439890138888894,0.3616411901193246,0.018068333333333332,0.36625833333333335
fresh fruits + canned jarred vegetables,soy lactosefree,0.01324,0.26398165686372244,1.550598589466489,0.004701362024999999,0.37383759059496086,0.050155,0.170245
canned meals beans,yogurt + fresh fruits,0.020405,0.2925937432784456,1.5504256428634153,0.0072440979638888885,0.3816300729191033,0.06973833333333333,0.18871833333333332
milk + pasta sauce,fresh vegetables,0.014013333333333333,0.6890108989592723,1.550208638791214,0.004973689905555556,0.36229399642229093,0.020338333333333333,0.4444633333333333
fruit vegetable snacks,yogurt,0.018966666666666666,0.40857358273794564,1.5501324719418212,0.006731153244444444,0.3721706248615062,0.04642166666666667,0.2635733333333333
cream + fresh vegetables,packaged vegetables fruits,0.025483333333333334,0.5677050458545279,1.5500126391332014,0.009042607180555554,0.3715209256090428,0.044888333333333336,0.36625833333333335
packaged vegetables fruits + fresh fruits,fresh vegetables,0.1866,0.6888828726834191,1.5499205919125367,0.06620673535555553,0.4866173079808346,0.27087333333333335,0.4444633333333333
fresh vegetables,packaged vegetables fruits + fresh fruits,0.1866,0.41983215713332184,1.5499205919125365,0.06620673535555553,0.638671895123105,0.4444633333333333,0.27087333333333335
fresh fruits + frozen breakfast,packaged vegetables fruits,0.02408,0.5676344635209994,1.5498199272489803,0.008542711069444443,0.37048013345931474,0.04242166666666667,0.36625833333333335
packaged vegetables fruits + refrigerated,packaged cheese,0.020733333333333333,0.35758429388599844,1.5493813058790327,0.0073516478472222205,0.376405716674536,0.05798166666666667,0.23079166666666667
yogurt + butter,fresh vegetables,0.01774,0.6886200426991007,1.5493292495798694,0.006289883761111111,0.3639349717178503,0.025761666666666665,0.4444633333333333
packaged vegetables fruits + baby food formula,fresh fruits,0.019783333333333333,0.8641525917297611,1.5486143037479663,0.007008471777777775,0.36256166602333223,0.022893333333333335,0.5580166666666667
tortillas flat bread + packaged cheese,fresh vegetables,0.017225,0.6879909466116363,1.5479138435378312,0.00609711967777778,0.3630589992060255,0.025036666666666665,0.4444633333333333
water seltzer sparkling water + packaged vegetables fruits,soy lactosefree,0.019376666666666667,0.26345487094654313,1.5475043081825788,0.006855430658333335,0.3818852700164183,0.07354833333333333,0.170245
specialty cheeses,fresh fruits + fresh vegetables,0.011905,0.4928586214034361,1.5471696297450555,0.004210303975000001,0.36241253552642627,0.024155,0.318555
chips pretzels,packaged cheese + fresh fruits,0.040683333333333335,0.2417765275700518,1.5470562397170822,0.014386077752777778,0.425150444438931,0.16826833333333333,0.15628166666666668
packaged cheese + fresh fruits,chips pretzels,0.040683333333333335,0.2603205750301272,1.547056239717082,0.014386077752777778,0.4191103520771341,0.15628166666666668,0.16826833333333333
packaged cheese + energy granola bars,packaged vegetables fruits,0.015286666666666667,0.5665925376822337,1.5469751432701881,0.005405016833333333,0.3633812278832844,0.02698,0.36625833333333335
fresh fruits + cream,bread,0.014543333333333333,0.25408380164807964,1.5468548626538257,0.005141460097222222,0.37499078525937984,0.057238333333333336,0.16425833333333334
hot dogs bacon sausage + soy lactosefree,fresh vegetables,0.011535,0.6874937915963047,1.5467952922917634,0.004077646038888889,0.35953442914625744,0.016778333333333333,0.4444633333333333
frozen produce + yogurt,fresh vegetables,0.03107,0.6874907803510842,1.5467885172779552,0.01098322042222222,0.3702311905600681,0.045193333333333335,0.4444633333333333
fresh fruits + coffee,yogurt,0.013148333333333333,0.40759493670886077,1.546419478610105,0.00464589688888889,0.36512319321054887,0.03225833333333333,0.2635733333333333
coffee + fresh vegetables,packaged vegetables fruits,0.013225,0.5663003140165572,1.5461772811082084,0.004671647055555556,0.36169030801695723,0.023353333333333334,0.36625833333333335
frozen appetizers sides,yogurt + fresh fruits,0.015191666666666666,0.2917360133145564,1.5458806156329437,0.005364473988888889,0.37251775792903985,0.05207333333333333,0.18871833333333332
yogurt + fresh fruits,eggs,0.039996666666666666,0.21193842675592373,1.5454541218438327,0.014116463494444446,0.4350412607758963,0.18871833333333332,0.13713666666666666
eggs,yogurt + fresh fruits,0.039996666666666666,0.29165552611749834,1.5454541218438327,0.014116463494444446,0.4090346471759187,0.13713666666666666,0.18871833333333332
yogurt + packaged vegetables fruits,fresh vegetables,0.08775666666666666,0.6868420709356778,1.5453289831234924,0.03096832733888888,0.40458127651780945,0.12776833333333334,0.4444633333333333
packaged cheese + condiments,fresh vegetables,0.013936666666666667,0.686760840998686,1.5451462235325433,0.004917024088888888,0.36012009810126977,0.020293333333333333,0.4444633333333333
bread + fresh fruits,chips pretzels,0.029278333333333333,0.25985148807762853,1.5442685081029024,0.010318979322222224,0.39719782142834714,0.11267333333333333,0.16826833333333333
fresh vegetables + pasta sauce,yogurt,0.016628333333333332,0.4070251305483028,1.544257628041416,0.0058604840888888884,0.36745126557987284,0.04085333333333333,0.2635733333333333
other creams cheeses + yogurt,packaged vegetables fruits,0.018521666666666665,0.5655758562776732,1.5441992845059447,0.006527316680555555,0.36434694538409146,0.03274833333333333,0.36625833333333335
packaged cheese + ice cream ice,milk,0.012166666666666666,0.37507064686841696,1.5437653103827829,0.004285503263888888,0.36404206275620904,0.03243833333333333,0.24295833333333333
chips pretzels + eggs,packaged vegetables fruits,0.015678333333333332,0.5651547011114448,1.543049398952774,0.0055177167361111085,0.3619743804130797,0.027741666666666668,0.36625833333333335
eggs + soy lactosefree,yogurt,0.012405,0.40665464677921653,1.5428520087232518,0.004364695466666665,0.36292058753830675,0.030505,0.2635733333333333
baking ingredients + fresh fruits,fresh vegetables,0.03224,0.6857385940657237,1.542846265681587,0.011343556383333332,0.36920547790516717,0.047015,0.4444633333333333
yogurt + refrigerated,soy lactosefree,0.012311666666666667,0.26258353476468077,1.542386177360162,0.0043294461,0.3689529129519191,0.04688666666666667,0.170245
grains rice dried goods,soy lactosefree,0.010895,0.2625301204819277,1.5420724278652982,0.0038298324999999998,0.3667418137229202,0.0415,0.170245
tortillas flat bread + fresh vegetables,yogurt,0.014913333333333334,0.4063578564940962,1.5417259832586614,0.005240191999999999,0.3647631138324102,0.0367,0.2635733333333333
other creams cheeses,eggs,0.01816,0.2114209208917865,1.5416804712461036,0.0063806460166666665,0.3843728669114341,0.085895,0.13713666666666666
yogurt + soy lactosefree,packaged vegetables fruits,0.03274833333333333,0.564642662145464,1.541651372152071,0.011505960430555552,0.37297695813974646,0.05799833333333333,0.36625833333333335
packaged vegetables fruits + eggs,milk,0.02592,0.37449431708726644,1.5413931761437822,0.009104043888888889,0.37735420341081166,0.06921333333333334,0.24295833333333333
bread + dry pasta,packaged vegetables fruits,0.01117,0.5644740166764928,1.5411909171845721,0.003922358013888887,0.35824009472002927,0.019788333333333335,0.36625833333333335
yogurt + condiments,fresh vegetables,0.012376666666666666,0.6849921593948898,1.5411668590469925,0.004345955005555556,0.3576022685501009,0.018068333333333332,0.4444633333333333
soft drinks,chips pretzels,0.022481666666666667,0.2593290397000865,1.5411636554714387,0.007894204402777778,0.3844699867281376,0.08669166666666667,0.16826833333333333
hot dogs bacon sausage,chips pretzels,0.021873333333333335,0.2593214645616393,1.5411186372657124,0.0076801798638888915,0.3834653520214843,0.08434833333333333,0.16826833333333333
bread + soy lactosefree,packaged vegetables fruits,0.020028333333333332,0.5644168897656286,1.5410349428198546,0.007031656374999997,0.3640020608275587,0.035485,0.36625833333333335
yogurt + instant foods,packaged vegetables fruits,0.011501666666666667,0.5644066410403207,1.541006960588803,0.004037932263888889,0.3583767860498184,0.02037833333333333,0.36625833333333335
bread + pasta sauce,fresh vegetables,0.011445,0.6849192100538599,1.5410027300051596,0.004018017700000001,0.3570379876926492,0.01671,0.4444633333333333
other creams cheeses + packaged cheese,fresh vegetables,0.024861666666666667,0.6848943985307622,1.5409469064506909,0.008727647666666668,0.3642714271433057,0.0363,0.4444633333333333
other creams cheeses + fresh fruits,packaged vegetables fruits,0.032106666666666665,0.5642978499033335,1.5407099267001894,0.01126778836111111,0.3721210023916001,0.056896666666666665,0.36625833333333335
asian foods,fresh fruits + fresh vegetables,0.021041666666666667,0.4906151634088525,1.540127021735187,0.0073793736416666676,0.3664179614108848,0.042888333333333334,0.318555
other creams cheeses + eggs,packaged vegetables fruits,0.010241666666666666,0.5639684287812041,1.5398105038280014,0.0035904153333333327,0.3570535306851843,0.01816,0.36625833333333335
packaged vegetables fruits + crackers,refrigerated,0.010845,0.205462582886012,1.539776045210052,0.003801767944444444,0.3700894603214298,0.052783333333333335,0.13343666666666668
cereal,soy lactosefree,0.024338333333333333,0.26207354498304053,1.5393905546890687,0.008527963925,0.3862639629435542,0.09286833333333333,0.170245
other creams cheeses + fresh vegetables,milk,0.019388333333333334,0.3739672742469541,1.5392239036060535,0.006792158541666666,0.3694775007676948,0.051845,0.24295833333333333
tortillas flat bread + milk,fresh vegetables,0.012518333333333333,0.6841242371800711,1.5392141170551852,0.004385395105555556,0.35684752393336466,0.018298333333333333,0.4444633333333333
ice cream ice + fresh vegetables,refrigerated,0.010645,0.20536317160219927,1.5390310379620737,0.0037283103833333333,0.36938773789677587,0.051835,0.13343666666666668
pasta sauce,fresh fruits + milk,0.01563,0.25157603884432767,1.5388639226273753,0.005473156519444446,0.3733666079292979,0.062128333333333334,0.16348166666666666
spreads + soy lactosefree,packaged vegetables fruits,0.011758333333333334,0.563588432656974,1.538772995354756,0.004116963638888889,0.3575921276594035,0.020863333333333334,0.36625833333333335
pasta sauce,eggs,0.013105,0.2109343563054967,1.5381324443170807,0.004584927461111112,0.37303710135349394,0.062128333333333334,0.13713666666666666
nuts seeds dried fruit + fresh fruits,chips pretzels,0.014285,0.2587784185260107,1.5378913750419114,0.004996307552777779,0.3701943624427189,0.05520166666666667,0.16826833333333333
hot dogs bacon sausage + fresh fruits,yogurt,0.022226666666666665,0.4053372237925899,1.5378536920499921,0.007773622933333332,0.3700338918425072,0.054835,0.2635733333333333
milk + baby food formula,packaged vegetables fruits,0.010941666666666667,0.563084312548246,1.5373965895153583,0.0038246568194444447,0.3564766834857506,0.019431666666666667,0.36625833333333335
packaged cheese + fresh dips tapenades,milk,0.012881666666666666,0.3734357636372421,1.5370362420328951,0.004500818958333333,0.361880315326321,0.034495,0.24295833333333333
fresh fruits + frozen breakfast,soy lactosefree,0.011098333333333333,0.26161945546693904,1.536723283896379,0.0038762566916666656,0.3647375306670071,0.04242166666666667,0.170245
packaged vegetables fruits + spreads,fresh vegetables,0.02491,0.6829647230853592,1.5366053212159065,0.00869894068888889,0.36243397605868827,0.03647333333333334,0.4444633333333333
cereal + fresh fruits,refrigerated,0.012348333333333333,0.20497994190067784,1.53615904099831,0.004309886138888887,0.37139945913393246,0.060241666666666666,0.13343666666666668
hot dogs bacon sausage,yogurt + fresh vegetables,0.018765,0.2224703116046553,1.5360789311928145,0.006548830883333336,0.3811403394101826,0.08434833333333333,0.14483
hot dogs bacon sausage + fresh fruits,fresh vegetables,0.03743166666666667,0.682623628461141,1.5358378909272028,0.013059519783333334,0.36913090867625153,0.054835,0.4444633333333333
spreads,yogurt + fresh vegetables,0.017408333333333335,0.22241386653038622,1.535689197889845,0.006072489233333336,0.3784476707553648,0.07827,0.14483
butter + fresh vegetables,packaged vegetables fruits,0.025295,0.5624235686492496,1.535592551657754,0.008822531458333335,0.36521095090738726,0.044975,0.36625833333333335
milk + soy lactosefree,packaged cheese,0.01488,0.35438415432858333,1.5355153825394474,0.005189442569444444,0.3640382189323661,0.041988333333333336,0.23079166666666667
fresh fruits + refrigerated,soy lactosefree,0.022543333333333332,0.26139218490318095,1.5353883221426823,0.007860837049999996,0.38161031256424666,0.08624333333333334,0.170245
cream,milk,0.034063333333333334,0.37299023633543205,1.5352024819156866,0.011875163541666667,0.3836576614317735,0.091325,0.24295833333333333
oils vinegars + fresh vegetables,soy lactosefree,0.01138,0.26131884113437176,1.534957509086151,0.003966113991666666,0.36438450590962274,0.043548333333333335,0.170245
bread + tortillas flat bread,fresh vegetables,0.011233333333333333,0.6821862348178138,1.5348537970537064,0.003914503777777777,0.3543063916386969,0.016466666666666668,0.4444633333333333
bread + packaged vegetables fruits,soy lactosefree,0.020028333333333332,0.2612959338986736,1.5348229545576881,0.006979054083333332,0.3773856650678429,0.07665,0.170245
fresh fruits + crackers,packaged vegetables fruits,0.042715,0.5621134359784182,1.5347457923007481,0.014883029250000002,0.3770806553857682,0.07599,0.36625833333333335
packaged vegetables fruits + eggs,soy lactosefree,0.018083333333333333,0.2612695049123483,1.5346677136617715,0.006300109399999998,0.37429967469500214,0.06921333333333334,0.170245
hot dogs bacon sausage + fresh fruits,milk,0.020443333333333334,0.3728154159448041,1.5344829330604182,0.007120713125000001,0.3685226186169027,0.054835,0.24295833333333333
pasta sauce,packaged vegetables fruits + fresh fruits,0.025813333333333334,0.4154840786543982,1.533868519065731,0.008984424588888887,0.37111008988348454,0.062128333333333334,0.27087333333333335
hot dogs bacon sausage + packaged vegetables fruits,milk,0.014925,0.37261265759580575,1.5336483934658443,0.005193303958333334,0.36247916725431,0.040055,0.24295833333333333
fresh fruits + frozen pizza,milk,0.010181666666666667,0.3725454323698012,1.5333716990010682,0.003541615416666667,0.35761605133177615,0.02733,0.24295833333333333
chips pretzels + water seltzer sparkling water,bread,0.010201666666666666,0.25186191005225694,1.5333280506453673,0.0035483828749999996,0.36250719394974845,0.040505,0.16425833333333334
fresh herbs,packaged vegetables fruits,0.05286166666666667,0.5615417301087072,1.533184856159015,0.018383328027777777,0.38390220260249025,0.09413666666666666,0.36625833333333335
chips pretzels + packaged vegetables fruits,soy lactosefree,0.01904,0.2609470293976564,1.5327735287242292,0.006618073575000001,0.37494581957168677,0.072965,0.170245
hot dogs bacon sausage + fresh fruits,refrigerated,0.011213333333333334,0.2044922646728063,1.532504294218028,0.003896333716666666,0.36763240314764756,0.054835,0.13343666666666668
fresh herbs + fresh fruits,eggs,0.014865,0.2101208565976394,1.5322004078484195,0.0051632665166666675,0.3737874561241464,0.070745,0.13713666666666666
packaged poultry,packaged cheese,0.012623333333333334,0.3536112797049349,1.5321665847478674,0.004384455486111112,0.36018755016173504,0.03569833333333333,0.23079166666666667
dry pasta + fresh vegetables,yogurt,0.019405,0.40375212400735166,1.5318398067862897,0.00673722631111111,0.3647192392451388,0.04806166666666667,0.2635733333333333
crackers + fresh vegetables,soy lactosefree,0.014831666666666667,0.26077655677655676,1.531772191703467,0.005148982291666666,0.3680969209651258,0.056875,0.170245
water seltzer sparkling water + yogurt,milk,0.020796666666666668,0.3721221519742336,1.5316295056391025,0.00721853527777778,0.3676471649297635,0.05588666666666667,0.24295833333333333
chips pretzels + lunch meat,packaged vegetables fruits,0.015863333333333333,0.5608390784279065,1.531266396927232,0.005503716374999999,0.35704478015036467,0.028285,0.36625833333333335
hot dogs bacon sausage + packaged cheese,packaged vegetables fruits,0.017511666666666665,0.5607621284090302,1.5310562992669932,0.00607402934722222,0.3580370543116818,0.031228333333333334,0.36625833333333335
yogurt + crackers,packaged vegetables fruits,0.024153333333333332,0.560662333642835,1.5307838282892356,0.008374924333333332,0.36234993298780405,0.04308,0.36625833333333335
fresh fruits + cream,eggs,0.012015,0.2099117724135923,1.5306757668524755,0.004165525761111111,0.36774276234697784,0.057238333333333336,0.13713666666666666
packaged vegetables fruits + cream,fresh vegetables,0.025483333333333334,0.6799181785841337,1.5297508874015864,0.008824847600000001,0.35978347876718975,0.03748,0.4444633333333333
lunch meat,packaged vegetables fruits + fresh fruits,0.04330166666666667,0.4142444873164432,1.5292922423141562,0.01498682567777778,0.3865047279577164,0.10453166666666666,0.27087333333333335
fresh fruits + crackers,eggs,0.015936666666666665,0.20972057726893886,1.5292815726570006,0.005515651366666666,0.3745610787638896,0.07599,0.13713666666666666
salad dressing toppings,packaged vegetables fruits + fresh fruits,0.01125,0.41418666012149474,1.5290787580474072,0.00389262881111111,0.355672096812807,0.027161666666666667,0.27087333333333335
nuts seeds dried fruit + milk,packaged vegetables fruits,0.01234,0.5600181529385069,1.5290250131423817,0.004269497625,0.35378409484763373,0.022035,0.36625833333333335
fresh fruits + candy chocolate,soy lactosefree,0.010605,0.26027733464228736,1.528839816983097,0.003668367474999999,0.3606019656574255,0.040745,0.170245
baby food formula,bread,0.011526666666666666,0.2509980402119475,1.5280688359511794,0.003983376472222222,0.3622132599586598,0.04592333333333333,0.16425833333333334
water seltzer sparkling water + packaged vegetables fruits,chips pretzels,0.018905,0.25704185456275924,1.5275711684477724,0.0065291445305555584,0.3727836306245923,0.07354833333333333,0.16826833333333333
canned meals beans + fresh vegetables,bread,0.01256,0.25090727484601294,1.5275162590189006,0.004337501597222222,0.3635407267343845,0.05005833333333334,0.16425833333333334
chips pretzels + yogurt,eggs,0.011853333333333334,0.20945985745420276,1.5273804048579478,0.004092769366666667,0.3659959665263803,0.05659,0.13713666666666666
nuts seeds dried fruit,packaged cheese + fresh fruits,0.019336666666666665,0.23868990063159629,1.5273058300606572,0.006676028380555553,0.3756873444505728,0.08101166666666666,0.15628166666666668
yogurt + fresh fruits,packaged vegetables fruits,0.10556,0.5593521208856232,1.5272065369678685,0.036440337763888886,0.42551154739189156,0.18871833333333332,0.36625833333333335
packaged vegetables fruits,yogurt + fresh fruits,0.10556,0.28821187231234785,1.5272065369678685,0.036440337763888886,0.5447167757956152,0.36625833333333335,0.18871833333333332
granola,packaged vegetables fruits + fresh fruits,0.011668333333333333,0.41367289056960527,1.527182042909128,0.00402789951111111,0.35521875228977495,0.028206666666666668,0.27087333333333335
bread + fresh vegetables,chips pretzels,0.0234,0.25686999158403157,1.5265498058697808,0.008071315727777778,0.3794991281301707,0.09109666666666667,0.16826833333333333
spices seasonings + fresh vegetables,packaged vegetables fruits,0.020431666666666667,0.5590059279525764,1.5262613217972099,0.007044924583333334,0.35788489809935475,0.03655,0.36625833333333335
soup broth bouillon + milk,packaged vegetables fruits,0.01323,0.5589747200901345,1.5261761145552122,0.004561275680555556,0.3531255175954289,0.023668333333333333,0.36625833333333335
fresh fruits + ice cream ice,yogurt,0.025891666666666667,0.4020133012447274,1.525242694928903,0.008916226133333333,0.3680723340115711,0.064405,0.2635733333333333
chips pretzels + packaged cheese,milk,0.020946666666666666,0.3705407158440946,1.5251204219273315,0.007212232083333332,0.36494437708809485,0.05653,0.24295833333333333
refrigerated + fresh vegetables,yogurt,0.026528333333333334,0.40197489708816325,1.525096989154808,0.009133811200000001,0.36863185634376305,0.065995,0.2635733333333333
ice cream ice,chips pretzels,0.028215,0.25658552850950317,1.5248592734392676,0.009711653172222223,0.3867276384242142,0.10996333333333333,0.16826833333333333
eggs + soy lactosefree,fresh vegetables,0.020673333333333332,0.6777031087799813,1.5247671921492916,0.007114979349999998,0.3549911802522069,0.030505,0.4444633333333333
baking ingredients + eggs,fresh vegetables,0.010203333333333333,0.6776621651538632,1.5246750729055938,0.003511197077777778,0.3493830940620975,0.015056666666666666,0.4444633333333333
fresh vegetables + baby food formula,fresh fruits,0.02195,0.8506103468320092,1.5243457725253293,0.007550379916666666,0.35309241148552123,0.025805,0.5580166666666667
yogurt + frozen breakfast,packaged vegetables fruits,0.014465,0.5582068433239001,1.5240795704049512,0.004974025722222223,0.3530140494930157,0.025913333333333333,0.36625833333333335
lunch meat,packaged vegetables fruits + fresh vegetables,0.03730666666666667,0.3568934453674325,1.5240350392186774,0.012827789405555557,0.38398578063727573,0.10453166666666666,0.23417666666666667
breakfast bakery,eggs,0.014283333333333334,0.20899380578451934,1.5239819580310592,0.0049109564111111115,0.36904609296691676,0.06834333333333334,0.13713666666666666
frozen appetizers sides + milk,packaged vegetables fruits,0.010001666666666667,0.5581287202380953,1.5238662699044718,0.0034383173333333347,0.3500472849398567,0.01792,0.36625833333333335
ice cream ice + fresh vegetables,eggs,0.010831666666666667,0.2089643419825729,1.5237671081104465,0.0037231875500000006,0.36252311841740864,0.051835,0.13713666666666666
fresh herbs + fresh dips tapenades,fresh fruits,0.010198333333333334,0.8499791637727462,1.52321465387428,0.0035030633611111105,0.34766511275723094,0.011998333333333333,0.5580166666666667
packaged cheese + milk,packaged vegetables fruits,0.043535,0.5578430325680727,1.5230862530583766,0.014951589236111108,0.37250963839337187,0.07804166666666666,0.36625833333333335
crackers,yogurt + fresh vegetables,0.025358333333333333,0.22058716926422617,1.5230764984065883,0.00870891791666667,0.3880429287149094,0.11495833333333333,0.14483
bread + milk,refrigerated,0.01212,0.2032249951094095,1.5230071327926569,0.004162059594444444,0.3651831727516506,0.059638333333333335,0.13343666666666668
bread + soup broth bouillon,packaged vegetables fruits,0.010965,0.557778719796524,1.5229106590426358,0.003764971597222223,0.35024795379029205,0.019658333333333333,0.36625833333333335
butter + eggs,fresh vegetables,0.011593333333333334,0.6768512211734942,1.522850526492986,0.003980417205555557,0.3493200036975675,0.017128333333333332,0.4444633333333333
yogurt + butter,packaged vegetables fruits,0.014366666666666666,0.5576761337905156,1.522630567105683,0.004931241569444444,0.35231817599369764,0.025761666666666665,0.36625833333333335
tortillas flat bread,fresh fruits + milk,0.014161666666666666,0.24881405563689604,1.5219691645560423,0.0048568351388888886,0.3636544649927071,0.056916666666666664,0.16348166666666666
water seltzer sparkling water + packaged vegetables fruits,refrigerated,0.014936666666666666,0.20308640576491652,1.521968517635706,0.005122622227777778,0.37018249098862405,0.07354833333333333,0.13343666666666668
cereal + fresh fruits,eggs,0.012571666666666667,0.20868723198229355,1.5217464231469355,0.004310325305555557,0.3648387888053351,0.060241666666666666,0.13713666666666666
refrigerated + fresh vegetables,chips pretzels,0.016893333333333333,0.255978988307195,1.521254672441012,0.0057884646750000004,0.3668587100445267,0.065995,0.16826833333333333
butter,milk,0.027746666666666666,0.369577764951383,1.5211569814496986,0.00950616486111111,0.37041519116726596,0.07507666666666667,0.24295833333333333
fresh fruits + refrigerated,bread,0.021546666666666665,0.2498357360955436,1.5209927619839294,0.00738048047222222,0.37486421481459387,0.08624333333333334,0.16425833333333334
other creams cheeses + fresh vegetables,chips pretzels,0.01326,0.25576236859870766,1.5199673255932944,0.0045361282583333325,0.36079662137304425,0.051845,0.16826833333333333
dry pasta,packaged vegetables fruits + fresh fruits,0.02934,0.4117027994106504,1.519908934350559,0.010036211900000001,0.36831372271147356,0.071265,0.27087333333333335
ice cream ice + fresh vegetables,packaged vegetables fruits,0.028851666666666668,0.5566058969164979,1.5197084851307079,0.009866665958333333,0.3606746335184404,0.051835,0.36625833333333335
packaged vegetables fruits + crackers,milk,0.019488333333333333,0.36921376697189767,1.5196587904862877,0.006664182638888889,0.36101301619672116,0.052783333333333335,0.24295833333333333
eggs,fresh fruits + fresh vegetables,0.06638333333333334,0.48406698913492624,1.5195711545413706,0.022697762483333342,0.3962615889704514,0.13713666666666666,0.318555
fresh fruits + fresh vegetables,eggs,0.06638333333333334,0.20838892289662173,1.5195711545413704,0.022697762483333342,0.5017567016134932,0.318555,0.13713666666666666
fresh herbs + packaged cheese,yogurt,0.012323333333333334,0.40047662893354274,1.5194125440113166,0.004212742577777779,0.35270419484269244,0.030771666666666666,0.2635733333333333
other creams cheeses + packaged cheese,packaged vegetables fruits,0.0202,0.5564738292011019,1.5193478988904057,0.006904822499999999,0.35469844976611387,0.0363,0.36625833333333335
packaged cheese + instant foods,packaged vegetables fruits,0.011823333333333333,0.556392156862745,1.5191249078184659,0.004040343749999999,0.3491456273554792,0.02125,0.36625833333333335
frozen produce + milk,fresh vegetables,0.024496666666666667,0.6750872680507073,1.5188818006375644,0.008368573844444446,0.3544839630740958,0.03628666666666667,0.4444633333333333
fresh vegetables + juice nectars,soy lactosefree,0.011186666666666666,0.2585217424796826,1.518527665891407,0.003819881774999999,0.35691153868697284,0.04327166666666667,0.170245
asian foods,soy lactosefree,0.011085,0.25846189717483387,1.5181761412953911,0.0037834756916666655,0.3566092799380795,0.042888333333333334,0.170245
fresh fruits + ice cream ice,packaged cheese,0.022563333333333335,0.3503351189089874,1.5179712680656612,0.007699196041666667,0.36471550482104725,0.064405,0.23079166666666667
refrigerated + fresh vegetables,packaged cheese,0.02312,0.3503295704220017,1.5179472269593863,0.007888903958333335,0.36532520610924424,0.065995,0.23079166666666667
dry pasta + pasta sauce,fresh vegetables,0.013165,0.6746668944311582,1.517936000190098,0.004492038822222221,0.34800136331549364,0.019513333333333334,0.4444633333333333
nuts seeds dried fruit + fresh fruits,packaged cheese,0.019336666666666665,0.35029135593732075,1.517781646957158,0.006596582013888887,0.36107567937472984,0.05520166666666667,0.23079166666666667
baking ingredients + fresh vegetables,packaged vegetables fruits,0.024055,0.5558422552568744,1.5176235041483679,0.008204560194444443,0.3565033197946131,0.043276666666666665,0.36625833333333335
fresh vegetables + pasta sauce,soy lactosefree,0.010555,0.2583632506527415,1.5175967027092807,0.003599924266666667,0.3555904632740551,0.04085333333333333,0.170245
dry pasta,fresh vegetables,0.04806166666666667,0.6744077270282279,1.5173528983153346,0.01638698721666667,0.3671203640399018,0.071265,0.4444633333333333
baking ingredients,packaged cheese + fresh vegetables,0.015753333333333334,0.20630347476863978,1.5171976179881828,0.005370155066666668,0.36907245291050983,0.07636,0.13597666666666666
fresh dips tapenades,packaged cheese,0.034495,0.35009049544139786,1.5169113360883821,0.011754712430555554,0.3780118236728239,0.09853166666666667,0.23079166666666667
chips pretzels + fresh vegetables,yogurt,0.032355,0.39981464318813714,1.5169009631277968,0.011025328000000004,0.3707653680626069,0.080925,0.2635733333333333
refrigerated + lunch meat,packaged vegetables fruits,0.010725,0.5555555555555556,1.5168407241397617,0.003654382875,0.3474423750503469,0.019305,0.36625833333333335
tortillas flat bread,packaged vegetables fruits + fresh fruits,0.023383333333333332,0.4108345534407028,1.5167035764836065,0.00796612611111111,0.36123571908893143,0.056916666666666664,0.27087333333333335
packaged cheese + crackers,packaged vegetables fruits,0.024146666666666667,0.5555001725393965,1.5166895111539573,0.008226027347222224,0.35615054218046416,0.04346833333333333,0.36625833333333335
cereal,yogurt + fresh vegetables,0.020396666666666667,0.21962994203262684,1.5164671824389067,0.006946545950000002,0.375439001819506,0.09286833333333333,0.14483
packaged poultry,fresh vegetables,0.02406,0.6739810448667072,1.5163929042516604,0.008193399772222224,0.35314706816494273,0.03569833333333333,0.4444633333333333
chips pretzels + soup broth bouillon,fresh vegetables,0.012411666666666666,0.6738756673604199,1.51615581493881,0.00422539283888889,0.3468251239469957,0.01841833333333333,0.4444633333333333
fruit vegetable snacks,packaged cheese,0.01624,0.3498366423724554,1.5158114130599258,0.005526266180555557,0.3568530392247681,0.04642166666666667,0.23079166666666667
fresh vegetables,packaged cheese + fresh fruits,0.10524333333333333,0.23678743653394732,1.515132526958466,0.035781862827777774,0.6120059197522804,0.4444633333333333,0.15628166666666668
packaged cheese + fresh fruits,fresh vegetables,0.10524333333333333,0.6734208533737162,1.5151325269584657,0.035781862827777774,0.4029682836169053,0.15628166666666668,0.4444633333333333
water seltzer sparkling water + soup broth bouillon,fresh vegetables,0.01149,0.6732421875,1.5147305458268023,0.0039044924444444446,0.3457168083281427,0.017066666666666667,0.4444633333333333
fresh herbs + fresh fruits,soy lactosefree,0.018243333333333334,0.25787452587933185,1.514725988307039,0.006199350808333332,0.3656849717613907,0.070745,0.170245
energy granola bars,yogurt,0.03458666666666667,0.399238153869832,1.5147137565882944,0.011752869511111114,0.372039674312128,0.08663166666666666,0.2635733333333333
fresh fruits + pasta sauce,milk,0.01563,0.3679811653914068,1.51458548609051,0.005310344791666668,0.35482451695368367,0.042475,0.24295833333333333
fresh fruits + spreads,packaged vegetables fruits,0.029746666666666668,0.5546819156540386,1.5144554134942236,0.010104842680555556,0.3589463323032401,0.05362833333333333,0.36625833333333335
other creams cheeses + lunch meat,fresh vegetables,0.010055,0.6731005243779984,1.514411817348259,0.0034154585722222224,0.3448287977799853,0.014938333333333333,0.4444633333333333
packaged poultry,packaged vegetables fruits + fresh fruits,0.014643333333333333,0.41019655446099257,1.5143482358088376,0.0049736067888888884,0.35222370514509,0.03569833333333333,0.27087333333333335
frozen breakfast,eggs,0.012835,0.20759650636187188,1.5137928564828655,0.004356297022222221,0.36177497808159803,0.06182666666666667,0.13713666666666666
bread + eggs,packaged vegetables fruits,0.020206666666666668,0.5543667123914037,1.5135948098329604,0.006856550416666666,0.3521573366702276,0.03645,0.36625833333333335
bread + yogurt,packaged vegetables fruits,0.03376666666666667,0.554324331719062,1.5134790973194567,0.011456040291666667,0.36127793520589013,0.060915,0.36625833333333335
spices seasonings + fresh fruits,packaged cheese,0.011743333333333333,0.3492960539361491,1.5134690908950312,0.0039841175,0.3510692701805287,0.03362,0.23079166666666667
chips pretzels + soup broth bouillon,packaged vegetables fruits,0.010208333333333333,0.5542484843000635,1.5132720101023325,0.0034624652638888887,0.34554462686748694,0.01841833333333333,0.36625833333333335
tortillas flat bread + fresh fruits,soy lactosefree,0.010251666666666666,0.25759035135474684,1.513056779081599,0.0034761994083333326,0.35314068021708134,0.03979833333333333,0.170245
poultry counter,packaged vegetables fruits,0.021545,0.5541647018476444,1.513043257757897,0.007305486430555556,0.35279650351361125,0.038878333333333334,0.36625833333333335
packaged vegetables fruits + milk,fresh vegetables,0.07204833333333334,0.6721762657046897,1.512332323711794,0.024407790177777784,0.37944064938215316,0.10718666666666667,0.4444633333333333
frozen produce + fresh fruits,eggs,0.018626666666666666,0.20738926311492142,1.5122816395925338,0.00630973695,0.37217434899775287,0.089815,0.13713666666666666
water seltzer sparkling water + yogurt,eggs,0.01159,0.20738399141118932,1.512243198350959,0.003925888822222222,0.35878182082204657,0.05588666666666667,0.13713666666666666
fresh fruits + lunch meat,refrigerated,0.014713333333333333,0.20177824506868414,1.5121649102097183,0.004983353994444443,0.36533617003868357,0.07291833333333334,0.13343666666666668
water seltzer sparkling water + eggs,yogurt,0.01159,0.39855570839064647,1.512124551259535,0.003925287466666666,0.3488225755679798,0.02908,0.2635733333333333
frozen produce + soy lactosefree,yogurt,0.013193333333333333,0.3985098670962545,1.5119506289062672,0.004467298844444445,0.3501965836896721,0.033106666666666666,0.2635733333333333
fresh vegetables + juice nectars,yogurt,0.017243333333333333,0.3984901590725263,1.5118758564568733,0.00583807591111111,0.3538831450664671,0.04327166666666667,0.2635733333333333
eggs + soy lactosefree,packaged cheese,0.010643333333333333,0.34890455116647545,1.511772743815745,0.003603033541666666,0.3491765483977877,0.030505,0.23079166666666667
preserved dips spreads,packaged vegetables fruits + fresh vegetables,0.011328333333333333,0.353973544422456,1.5115662438150228,0.0038338994111111096,0.34962367451454,0.032003333333333335,0.23417666666666667
cream + fresh vegetables,yogurt,0.017883333333333334,0.3983960197527197,1.511518690886988,0.00605196568888889,0.3543185056142649,0.044888333333333336,0.2635733333333333
cereal,yogurt,0.03698,0.3981981658620628,1.510768031144006,0.012502383822222223,0.3726967391228552,0.09286833333333333,0.2635733333333333
yogurt + spreads,packaged vegetables fruits,0.016228333333333334,0.5532700721631911,1.5106006384287713,0.005485365986111112,0.348225706324673,0.029331666666666666,0.36625833333333335
nuts seeds dried fruit + fresh vegetables,bread,0.010603333333333333,0.24807954767011114,1.5103011374569193,0.003582658402777777,0.3529667784661011,0.042741666666666664,0.16425833333333334
chips pretzels + pasta sauce,fresh vegetables,0.010325,0.6712536569509157,1.5102565422365153,0.0034884131611111124,0.3431388868260634,0.015381666666666667,0.4444633333333333
fresh fruits + tea,yogurt,0.0135,0.3980539584254755,1.510220906612235,0.0045609104,0.34970547603452573,0.033915,0.2635733333333333
baking ingredients + soy lactosefree,fresh vegetables,0.011861666666666666,0.6712251249646326,1.5101923479956336,0.004007258794444444,0.3439101587713794,0.017671666666666665,0.4444633333333333
fresh fruits + frozen pizza,packaged vegetables fruits,0.015116666666666667,0.553116233687035,1.5101806111907397,0.0051068264166666665,0.34731979690724796,0.02733,0.36625833333333335
packaged cheese + fresh dips tapenades,fresh vegetables,0.023151666666666668,0.671160071507948,1.5100459839385656,0.007819903983333336,0.34983610780502183,0.034495,0.4444633333333333
packaged cheese + soy lactosefree,fresh vegetables,0.031236666666666666,0.6709386410825516,1.5095477866548084,0.010543935411111111,0.35403252890694,0.04655666666666667,0.4444633333333333
hot cereal pancake mixes,yogurt,0.018096666666666667,0.3978746793697325,1.509540719988362,0.00610847288888889,0.3536311780677107,0.045483333333333334,0.2635733333333333
yogurt + fresh herbs,fresh fruits,0.025216666666666665,0.842333815833426,1.5095137227085678,0.008511507722222218,0.3479515139985578,0.029936666666666667,0.5580166666666667
fresh fruits + spreads,chips pretzels,0.013616666666666666,0.25390807098237866,1.5089474409863928,0.004592716397222222,0.3563995053960639,0.05362833333333333,0.16826833333333333
soup broth bouillon + fresh vegetables,soy lactosefree,0.014438333333333333,0.2568565244462893,1.508746362279593,0.004868578141666665,0.3572814566788522,0.05621166666666667,0.170245
spices seasonings,yogurt + fresh vegetables,0.011506666666666667,0.21850867198379542,1.5087252087536798,0.0038799188666666677,0.3559321653474763,0.05266,0.14483
packaged vegetables fruits + fresh vegetables,packaged cheese,0.08153666666666666,0.3481844191707115,1.5086524751935506,0.027490643472222215,0.44025404827765835,0.23417666666666667,0.23079166666666667
packaged cheese,packaged vegetables fruits + fresh vegetables,0.08153666666666666,0.35329120779924167,1.5086524751935504,0.027490643472222215,0.4383166538308745,0.23079166666666667,0.23417666666666667
canned jarred vegetables,packaged vegetables fruits + fresh fruits,0.030266666666666667,0.4086040860408604,1.5084692206967354,0.010202175955555552,0.36404211070463727,0.07407333333333334,0.27087333333333335
packaged cheese + condiments,packaged vegetables fruits,0.011211666666666667,0.5524802890932983,1.5084442832062022,0.003779064222222222,0.34404720326312127,0.020293333333333333,0.36625833333333335
fresh herbs + fresh fruits,packaged cheese,0.024626666666666668,0.34810469526703897,1.508307038528423,0.008299310208333334,0.36266150473329933,0.070745,0.23079166666666667
fresh fruits + canned meals beans,chips pretzels,0.012583333333333334,0.2537388674172408,1.5079418830077405,0.004238626236111112,0.3544207866039223,0.049591666666666666,0.16826833333333333
bread + energy granola bars,packaged vegetables fruits,0.010775,0.5520450858167535,1.507256041910546,0.0036262477638888888,0.343242232208484,0.019518333333333332,0.36625833333333335
oils vinegars,yogurt + fresh vegetables,0.014923333333333334,0.2182890855457227,1.5072090419507196,0.005022030383333336,0.36121659987766364,0.068365,0.14483
frozen produce + fresh vegetables,yogurt,0.03107,0.3972553114411746,1.5071908315503892,0.010455490311111114,0.36506646752628275,0.07821166666666667,0.2635733333333333
fresh fruits + fresh dips tapenades,fresh vegetables,0.046715,0.6698771569236652,1.507159548797423,0.015719608677777778,0.36172579012679706,0.06973666666666667,0.4444633333333333
fresh fruits + cookies cakes,milk,0.012535,0.36612793301528573,1.5069577074887426,0.0042169165277777775,0.34833727764753664,0.034236666666666665,0.24295833333333333
yogurt + poultry counter,fresh fruits,0.01158,0.8407550822846079,1.5066845356194998,0.003894250444444443,0.34098759316177013,0.013773333333333334,0.5580166666666667
spreads,packaged cheese + fresh vegetables,0.016031666666666666,0.20482517780333032,1.5063259221189689,0.005388772966666665,0.36467625779164453,0.07827,0.13597666666666666
tofu meat alternatives,packaged vegetables fruits,0.017953333333333335,0.5517029449423816,1.506321890129594,0.0060346767361111105,0.3474374642634485,0.03254166666666667,0.36625833333333335
eggs + lunch meat,fresh vegetables,0.014998333333333334,0.6692696712777034,1.505792764182355,0.005037910033333334,0.3435980225737543,0.02241,0.4444633333333333
baking ingredients + fresh fruits,packaged cheese,0.016336666666666666,0.3474777553263143,1.5055905628870814,0.005485996458333331,0.35237574754602413,0.047015,0.23079166666666667
yogurt + packaged vegetables fruits,soy lactosefree,0.03274833333333333,0.2563102490184057,1.5055376017997926,0.010996413424999994,0.384972765842838,0.12776833333333334,0.170245
oils vinegars + fresh vegetables,packaged cheese,0.015125,0.3473152435990662,1.5048864138612725,0.005074407569444444,0.35077362799684303,0.043548333333333335,0.23079166666666667
fresh dips tapenades + lunch meat,fresh vegetables,0.011328333333333333,0.6686669945892769,1.5044367992619045,0.0037983836944444436,0.34107785601347257,0.016941666666666667,0.4444633333333333
water seltzer sparkling water + packaged vegetables fruits,packaged cheese,0.025536666666666666,0.3472093181354665,1.5044274481406745,0.008562324236111113,0.3619134263892857,0.07354833333333333,0.23079166666666667
packaged cheese + soup broth bouillon,milk,0.010471666666666667,0.365481938223489,1.5042988367970735,0.003510505486111112,0.3451269292937762,0.028651666666666666,0.24295833333333333
packaged vegetables fruits + soy lactosefree,yogurt,0.03274833333333333,0.3964689265536723,1.5042072790128198,0.010977175999999995,0.36537824829685095,0.0826,0.2635733333333333
packaged vegetables fruits + frozen breakfast,fresh vegetables,0.019666666666666666,0.6682523502095368,1.503503889056173,0.006586110766666665,0.3450415612841868,0.02943,0.4444633333333333
hot cereal pancake mixes + fresh fruits,milk,0.01157,0.36523386120902823,1.5032777686531775,0.0038734849305555553,0.3457393906679812,0.031678333333333336,0.24295833333333333
soup broth bouillon,fresh vegetables,0.05621166666666667,0.6681259904912836,1.5032195917727378,0.01881748488888889,0.3655130276408681,0.08413333333333334,0.4444633333333333
energy granola bars,refrigerated,0.017375,0.2005617653283057,1.5030483774697536,0.005815159172222223,0.36642984847370386,0.08663166666666666,0.13343666666666668
bread + fresh fruits,packaged vegetables fruits,0.06199166666666667,0.5501893379089995,1.502189268710153,0.020724119388888886,0.3767551862908538,0.11267333333333333,0.36625833333333335
frozen produce + crackers,fresh vegetables,0.012328333333333334,0.6676595360592111,1.5021701139033843,0.004121317883333335,0.34058534340724783,0.018465,0.4444633333333333
packaged vegetables fruits + lunch meat,refrigerated,0.010725,0.20042982620071015,1.502059600315082,0.003584803966666666,0.3531442023681772,0.05351,0.13343666666666668
fresh vegetables + pasta sauce,chips pretzels,0.010325,0.25273335509138384,1.501966235029668,0.0034506776888888905,0.34844104992259295,0.04085333333333333,0.16826833333333333
condiments,packaged vegetables fruits + fresh vegetables,0.021031666666666667,0.3515727300587858,1.5013140935993585,0.007022828172222223,0.3551633258130256,0.05982166666666667,0.23417666666666667
fresh herbs + soy lactosefree,fresh fruits,0.018243333333333334,0.8376827121757098,1.5011786604504818,0.006090660361111111,0.34128948733721814,0.021778333333333334,0.5580166666666667
yogurt + packaged cheese,refrigerated,0.017591666666666665,0.20028462998102467,1.5009714719669105,0.005871479444444442,0.36590332819405497,0.08783333333333333,0.13343666666666668
frozen produce + fresh herbs,fresh fruits,0.014891666666666666,0.837551556055493,1.500943620660362,0.004970130333333331,0.33979399384173137,0.01778,0.5580166666666667
packaged cheese + canned jarred vegetables,milk,0.010141666666666667,0.364611420696267,1.5007158457743797,0.003383780625,0.3431973700999463,0.027815,0.24295833333333333
bread + packaged cheese,packaged vegetables fruits,0.03283,0.5495633736015401,1.5004801900340108,0.01095033759722222,0.35473814859412517,0.05973833333333333,0.36625833333333335
baby food formula,fresh fruits + fresh vegetables,0.02195,0.4779705305944691,1.500433302238135,0.007320892550000003,0.349579722620503,0.04592333333333333,0.318555
hot dogs bacon sausage + packaged cheese,fresh vegetables,0.020825,0.6668623579014784,1.5003765392754072,0.006945150872222222,0.34425102797547696,0.031228333333333334,0.4444633333333333
fresh fruits + juice nectars,packaged cheese,0.0195,0.3462562888428529,1.5002980560080286,0.006502582638888888,0.35336618182647034,0.05631666666666667,0.23079166666666667
packaged vegetables fruits + pasta sauce,milk,0.01194,0.3644503230401383,1.5000527787623597,0.003980280069444444,0.34464803373423886,0.03276166666666667,0.24295833333333333
packaged vegetables fruits + fresh fruits,eggs,0.05570166666666666,0.20563732125716816,1.499506486890218,0.018555000644444437,0.4568670125700777,0.27087333333333335,0.13713666666666666
eggs,packaged vegetables fruits + fresh fruits,0.05570166666666666,0.4061763204589096,1.4995064868902177,0.018555000644444437,0.3860564113882603,0.13713666666666666,0.27087333333333335
packaged cheese + refrigerated,packaged vegetables fruits,0.020733333333333333,0.5491303963979871,1.4992980266150588,0.006904639527777777,0.3460883412258441,0.03775666666666667,0.36625833333333335
oils vinegars,fresh fruits + fresh vegetables,0.03265,0.477583558838587,1.4992185300453205,0.010871987425,0.357420913031825,0.068365,0.318555
packaged cheese + baby food formula,fresh fruits,0.014381666666666666,0.8365487154629181,1.4991464689756901,0.004788430138888886,0.3387779274346433,0.017191666666666668,0.5580166666666667
packaged vegetables fruits + granola,fresh fruits,0.011668333333333333,0.8365396104672004,1.4991301522664202,0.0038849308611111095,0.33765625197703736,0.013948333333333333,0.5580166666666667
yogurt + baking ingredients,fresh vegetables,0.015396666666666666,0.6658977870684063,1.4982063471341611,0.005119933627777778,0.34040595287263825,0.023121666666666665,0.4444633333333333
breakfast bakery,yogurt + fresh vegetables,0.014828333333333334,0.21696824854899283,1.4980891289718488,0.004930168366666668,0.35687285448808975,0.06834333333333334,0.14483
frozen produce,packaged vegetables fruits,0.06779833333333334,0.5486633756844973,1.49802291374803,0.022539791083333337,0.37932689275831794,0.12357,0.36625833333333335
packaged cheese + butter,packaged vegetables fruits,0.01476,0.5486309007557924,1.4979342470181585,0.0049064299722222215,0.3416042477016018,0.026903333333333335,0.36625833333333335
dry pasta,eggs,0.014636666666666666,0.20538366191912813,1.4976568040577147,0.004863622116666667,0.3577880488347079,0.071265,0.13713666666666666
pickled goods olives,fresh vegetables,0.021456666666666666,0.6656325939713562,1.4976096880238106,0.0071293911166666665,0.3433367365393829,0.032235,0.4444633333333333
dry pasta + pasta sauce,packaged vegetables fruits,0.010701666666666667,0.5484284250085412,1.4973814247918122,0.003554745722222222,0.3387781784134094,0.019513333333333334,0.36625833333333335
spices seasonings + fresh vegetables,packaged cheese,0.01263,0.34555403556771547,1.4972552543103756,0.004194564583333334,0.3447103742610575,0.03655,0.23079166666666667
packaged vegetables fruits + tortillas flat bread,milk,0.01057,0.36368849638720036,1.4969171519967088,0.003508820972222222,0.3418970240558693,0.029063333333333333,0.24295833333333333
fresh vegetables + eggs,milk,0.03071166666666667,0.3636596870004539,1.4967985745173888,0.010193430486111113,0.3625231156086016,0.08445166666666666,0.24295833333333333
dry pasta + fresh fruits,soy lactosefree,0.012426666666666667,0.2547927416874552,1.4966239342562495,0.004123534275,0.34884313607093415,0.048771666666666665,0.170245
butter + fresh vegetables,yogurt,0.01774,0.3944413563090606,1.4965146561705556,0.005885789333333332,0.3474052343691536,0.044975,0.2635733333333333
condiments,packaged cheese + fresh fruits,0.013988333333333334,0.23383389518847686,1.496233692511236,0.004639303563888888,0.35275776261933106,0.05982166666666667,0.15628166666666668
packaged vegetables fruits + crackers,fresh vegetables,0.035096666666666665,0.6649194821597727,1.4960052546361666,0.011636410388888886,0.35002883891057196,0.052783333333333335,0.4444633333333333
water seltzer sparkling water + yogurt,bread,0.013731666666666666,0.24570559465585112,1.4958485799148766,0.0045518159444444435,0.35110523854351067,0.05588666666666667,0.16425833333333334
yogurt + eggs,fresh vegetables,0.033273333333333335,0.6648461435993073,1.4958402498878212,0.011029425044444447,0.3489428402928941,0.05004666666666667,0.4444633333333333
fresh fruits + butter,packaged vegetables fruits,0.026805,0.5478047617425662,1.4956786286798467,0.008883369319444442,0.34845779545468897,0.048931666666666665,0.36625833333333335
fresh herbs + canned meals beans,fresh fruits,0.01161,0.834251497005988,1.4950297129822667,0.0038442680555555546,0.33579005112759414,0.013916666666666667,0.5580166666666667
fresh fruits + paper goods,packaged cheese,0.011195,0.3449922958397535,1.494821285458401,0.003705810416666667,0.3421256870454435,0.03245,0.23079166666666667
fresh vegetables + eggs,yogurt,0.033273333333333335,0.3939926190523179,1.4948121422968355,0.011014126044444447,0.36155340421855536,0.08445166666666666,0.2635733333333333
bread,milk,0.059638333333333335,0.3630764547714474,1.494398030271778,0.019730402430555558,0.3958570560245578,0.16425833333333334,0.24295833333333333
milk,bread,0.059638333333333335,0.24546732978905847,1.4943980302717779,0.019730402430555558,0.4370092827524561,0.24295833333333333,0.16425833333333334
fresh fruits + crackers,milk,0.02759,0.36307408869588104,1.4943882916654339,0.009127596249999998,0.3580371153501517,0.07599,0.24295833333333333
other creams cheeses + soy lactosefree,fresh vegetables,0.010966666666666666,0.6641768446552943,1.4943343912627833,0.0036278362611111108,0.33635959561822093,0.016511666666666668,0.4444633333333333
granola + fresh vegetables,fresh fruits,0.011828333333333333,0.8337640977443609,1.4941562636916952,0.003911936888888887,0.3354853785627467,0.014186666666666667,0.5580166666666667
packaged cheese + fresh vegetables,milk,0.049346666666666664,0.3629054004363494,1.493693982245307,0.01631000236111111,0.3825346073476632,0.13597666666666666,0.24295833333333333
milk,packaged cheese + fresh vegetables,0.049346666666666664,0.20310752872577603,1.493693982245307,0.01631000236111111,0.4365926488712235,0.24295833333333333,0.13597666666666666
packaged cheese + juice nectars,packaged vegetables fruits,0.014468333333333333,0.5470758759768086,1.4936885421769022,0.004782021277777777,0.3394948966475933,0.026446666666666667,0.36625833333333335
other creams cheeses,chips pretzels,0.021588333333333334,0.2513339930535344,1.4936499819942417,0.007134924841666668,0.36155485949707916,0.085895,0.16826833333333333
hot dogs bacon sausage + yogurt,fresh vegetables,0.018765,0.6638561320754717,1.4936128186250197,0.006201503111111112,0.340095821866717,0.028266666666666666,0.4444633333333333
instant foods,yogurt,0.02037833333333333,0.39359407693545784,1.493300069311986,0.006731823999999999,0.3483795789192008,0.051775,0.2635733333333333
bread + crackers,packaged vegetables fruits,0.016118333333333332,0.5469094610642989,1.4932341773273843,0.005324089819444442,0.34034315626792017,0.029471666666666667,0.36625833333333335
energy granola bars + soy lactosefree,packaged vegetables fruits,0.011818333333333333,0.5468496953805815,1.4930709982860406,0.003902880319444444,0.3375341612802509,0.021611666666666668,0.36625833333333335
water seltzer sparkling water + lunch meat,packaged vegetables fruits,0.012566666666666667,0.5468126767713395,1.492969925884752,0.004149439736111111,0.3379610516934526,0.022981666666666668,0.36625833333333335
bread + fresh dips tapenades,fresh vegetables,0.01534,0.6634948096885812,1.492799877804501,0.005064007733333332,0.3379308046182453,0.02312,0.4444633333333333
yogurt + crackers,soy lactosefree,0.010948333333333332,0.25413958526771896,1.4927873668402534,0.0036141787333333324,0.3449736970405259,0.04308,0.170245
chips pretzels + fresh dips tapenades,yogurt,0.01404,0.39344262295081966,1.4927254513006614,0.004634385600000001,0.3422993984791738,0.035685,0.2635733333333333
chips pretzels + yogurt,soy lactosefree,0.01438,0.2541084997349355,1.492604773913686,0.004745835449999999,0.3498269910655688,0.05659,0.170245
packaged vegetables fruits + juice nectars,milk,0.01386,0.36258992805755397,1.4923955193588228,0.004572917708333334,0.34304940614238527,0.038225,0.24295833333333333
water seltzer sparkling water + fresh vegetables,packaged cheese,0.028601666666666668,0.34442548921224286,1.492365362176174,0.00943634201388889,0.3598013019716961,0.08304166666666667,0.23079166666666667
packaged vegetables fruits + energy granola bars,fresh fruits,0.032105,0.8327065231487485,1.492261025325555,0.010590667416666668,0.3431043390995968,0.038555,0.5580166666666667
packaged cheese + baby food formula,fresh vegetables,0.011401666666666666,0.6632089190499272,1.49215665120466,0.0037606011944444438,0.3355985759851169,0.017191666666666668,0.4444633333333333
frozen produce + refrigerated,fresh vegetables,0.013225,0.6631842875052236,1.4921012325843683,0.004361660361111111,0.33651485312475427,0.019941666666666667,0.4444633333333333
water seltzer sparkling water + eggs,packaged vegetables fruits,0.015886666666666667,0.5463090325538744,1.4915948193776007,0.005235874333333333,0.3394477887812674,0.02908,0.36625833333333335
packaged vegetables fruits + fruit vegetable snacks,fresh fruits,0.018271666666666665,0.8321694246242599,1.4912985119158804,0.00601948072222222,0.33683930847230253,0.021956666666666666,0.5580166666666667
fresh fruits + canned jarred vegetables,yogurt,0.019713333333333333,0.39304821719336724,1.4912290717069276,0.0064938128,0.3468062842704381,0.050155,0.2635733333333333
fresh dips tapenades,packaged vegetables fruits,0.05381,0.5461188450413572,1.4910755478820246,0.017721955986111107,0.3653408089649789,0.09853166666666667,0.36625833333333335
frozen produce + fresh fruits,packaged cheese,0.030906666666666666,0.3441147544025682,1.4910189755662822,0.010178113124999996,0.36181405325476795,0.089815,0.23079166666666667
packaged vegetables fruits + ice cream ice,soy lactosefree,0.011243333333333333,0.2538380493678507,1.4910161788472536,0.0037026147999999993,0.3445790194208382,0.04429333333333333,0.170245
nuts seeds dried fruit,yogurt + fresh fruits,0.022795,0.2813792252144753,1.4910010079279101,0.007506613286111113,0.35833930629096594,0.08101166666666666,0.18871833333333332
chips pretzels + soy lactosefree,packaged vegetables fruits,0.01904,0.546054203909947,1.490899057340985,0.006269182347222223,0.34115943980769076,0.034868333333333335,0.36625833333333335
other creams cheeses + yogurt,fresh vegetables,0.0217,0.6626291414321339,1.4908522070035037,0.007144566605555557,0.3403899027142326,0.03274833333333333,0.4444633333333333
fruit vegetable snacks + fresh vegetables,fresh fruits,0.018528333333333334,0.8316750205730531,1.4904125096139058,0.006096652027777778,0.33654241996033674,0.022278333333333334,0.5580166666666667
dry pasta + fresh vegetables,chips pretzels,0.01205,0.250719561674238,1.4899984846083418,0.003962743452777778,0.3454618501099147,0.04806166666666667,0.16826833333333333
nuts seeds dried fruit,yogurt + fresh vegetables,0.01748,0.2157713909519205,1.4898252499614757,0.005747080316666667,0.3577633431857946,0.08101166666666666,0.14483
milk,yogurt,0.09538833333333334,0.3926119019036186,1.4895736869066873,0.031350995555555566,0.4341464884194444,0.24295833333333333,0.2635733333333333
yogurt,milk,0.09538833333333334,0.36190434034803726,1.4895736869066873,0.031350995555555566,0.44629967388090724,0.2635733333333333,0.24295833333333333
other creams cheeses + bread,packaged vegetables fruits,0.012163333333333333,0.5455632802571578,1.4895586819607958,0.003997603791666667,0.33615478958686745,0.022295,0.36625833333333335
cereal + packaged cheese,packaged vegetables fruits,0.016713333333333334,0.5454149896660503,1.4891538021871182,0.005489957138888888,0.3388615378575095,0.030643333333333335,0.36625833333333335
fresh dips tapenades + soy lactosefree,fresh vegetables,0.016161666666666668,0.6618660842263326,1.4891354012546951,0.00530861283888889,0.33669082165278874,0.024418333333333334,0.4444633333333333
bread + lunch meat,packaged vegetables fruits,0.018511666666666666,0.5453697338701757,1.4890302396855837,0.006079637972222222,0.3399613893881162,0.03394333333333333,0.36625833333333335
poultry counter,packaged cheese,0.013356666666666666,0.3435503922493248,1.4885736439761321,0.004383871319444444,0.3414926355238419,0.038878333333333334,0.23079166666666667
chips pretzels + fresh vegetables,soy lactosefree,0.020505,0.25338276181649677,1.488341870930111,0.006727923374999998,0.3570017212807452,0.080925,0.170245
fresh dips tapenades,fresh fruits + fresh vegetables,0.046715,0.4741115377459023,1.4883192470559319,0.015327244925000004,0.3639630273242516,0.09853166666666667,0.318555
baby food formula,packaged vegetables fruits + fresh vegetables,0.016001666666666668,0.34844305726936203,1.4879495136265868,0.005247493544444445,0.34371890454295584,0.04592333333333333,0.23417666666666667
fresh fruits + lunch meat,fresh vegetables,0.04822333333333333,0.661333455235309,1.4879370369553746,0.015813807838888888,0.3537213204525253,0.07291833333333334,0.4444633333333333
other creams cheeses,packaged vegetables fruits + fresh vegetables,0.029926666666666667,0.34840988028018705,1.4878078385842044,0.009812061883333334,0.3586789153419636,0.085895,0.23417666666666667
hot dogs bacon sausage + milk,packaged vegetables fruits,0.014925,0.5447080291970803,1.487223578613675,0.004889521666666667,0.33683543267552146,0.0274,0.36625833333333335
hot dogs bacon sausage + eggs,packaged vegetables fruits,0.011145,0.5445883215245542,1.4868967391628518,0.0036495232083333332,0.33429978592957665,0.020465,0.36625833333333335
yogurt + baby food formula,fresh fruits,0.018216666666666666,0.829664490663428,1.4868095170337108,0.005964480722222221,0.33476930489352746,0.021956666666666666,0.5580166666666667
popcorn jerky,packaged cheese + fresh fruits,0.01051,0.23234221288825024,1.4866888602091324,0.003440598808333333,0.34287421664904766,0.045235,0.15628166666666668
fresh fruits + frozen meals,packaged vegetables fruits,0.024355,0.5444891571652136,1.486625989393316,0.007972264750000003,0.3426631790599125,0.04473,0.36625833333333335
soy lactosefree + juice nectars,packaged vegetables fruits,0.010278333333333334,0.5442110836569009,1.4858667615942323,0.0033609342777777777,0.33328682351050143,0.018886666666666666,0.36625833333333335
packaged vegetables fruits + refrigerated,fresh vegetables,0.038281666666666665,0.6602374313719854,1.4854710880657245,0.012510941827777778,0.346928367391024,0.05798166666666667,0.4444633333333333
cream,packaged cheese + fresh vegetables,0.018445,0.2019709827539009,1.485335592532304,0.006026930916666666,0.35959113307530566,0.091325,0.13597666666666666
cookies cakes,bread,0.014298333333333333,0.24395723141670933,1.4852045948965105,0.004671152416666666,0.3470316140524278,0.05861,0.16425833333333334
packaged vegetables fruits + juice nectars,fresh vegetables,0.02523,0.6600392413342053,1.485025179431836,0.00824038908333333,0.33959163472130144,0.038225,0.4444633333333333
fresh fruits + juice nectars,soy lactosefree,0.014236666666666667,0.2527966854098846,1.4848993239735944,0.004649035749999999,0.3460415783197177,0.05631666666666667,0.170245
soup broth bouillon + fresh vegetables,bread,0.01371,0.2438995463575177,1.4848534099184274,0.004476765319444444,0.3459810155778752,0.05621166666666667,0.16425833333333334
energy granola bars + fresh vegetables,fresh fruits,0.03344833333333333,0.8284758916776749,1.4846794749458048,0.01091934044444444,0.34018849054018224,0.04037333333333333,0.5580166666666667
baking ingredients + packaged cheese,packaged vegetables fruits,0.012416666666666666,0.5435575660294761,1.4840824537220343,0.004050105472222221,0.3338082849745562,0.022843333333333334,0.36625833333333335
chips pretzels + frozen produce,fresh vegetables,0.016118333333333332,0.6595512514492258,1.4839272488526818,0.0052563902388888875,0.334281806323673,0.024438333333333333,0.4444633333333333
packaged cheese + breakfast bakery,packaged vegetables fruits,0.013443333333333333,0.5434577550195392,1.4838099383937726,0.004383323027777776,0.3343294341358817,0.024736666666666667,0.36625833333333335
water seltzer sparkling water + packaged vegetables fruits,yogurt,0.02876,0.39103537356386964,1.4835923217973606,0.009374620622222225,0.35183744060942795,0.07354833333333333,0.2635733333333333
fresh fruits + candy chocolate,yogurt,0.015931666666666667,0.3910091217736327,1.4834927222289787,0.0051923712,0.3397585930723476,0.040745,0.2635733333333333
canned meals beans,soy lactosefree,0.01761,0.25251535501756567,1.4832468208614975,0.005737397441666667,0.3502276694007835,0.06973833333333333,0.170245
refrigerated + eggs,packaged vegetables fruits,0.012428333333333333,0.5431568213271177,1.4829882951298974,0.00404773223611111,0.3333125920232421,0.022881666666666668,0.36625833333333335
hot dogs bacon sausage,fresh fruits + milk,0.020443333333333334,0.2423679582682922,1.4825390712615616,0.006653927219444446,0.35546434571983776,0.08434833333333333,0.16348166666666666
energy granola bars,yogurt + fresh vegetables,0.0186,0.2147020912291502,1.4824421130232013,0.006053135716666666,0.3563046716697322,0.08663166666666666,0.14483
fresh fruits + frozen meals,soy lactosefree,0.011288333333333333,0.252366048140696,1.4823698090440014,0.0036732744833333324,0.3406413911228429,0.04473,0.170245
fresh fruits + energy granola bars,packaged vegetables fruits,0.032105,0.5428643895840378,1.482189864851415,0.010444482166666668,0.34577153127724664,0.05914,0.36625833333333335
pickled goods olives,packaged vegetables fruits + fresh fruits,0.01294,0.4014270203195285,1.481973198984255,0.0042083981,0.3360567539137226,0.032235,0.27087333333333335
packaged vegetables fruits + fresh herbs,fresh fruits,0.04369833333333333,0.8266544755178611,1.4814153857731747,0.014200642305555553,0.3431070967802454,0.05286166666666667,0.5580166666666667
fresh fruits + soy lactosefree,eggs,0.024013333333333334,0.20314703062433026,1.481347298006832,0.007802865088888892,0.36849774752559206,0.11820666666666667,0.13713666666666666
fresh fruits + buns rolls,fresh vegetables,0.013255,0.6583609271523179,1.4812491330045625,0.004306471555555556,0.33156972338355306,0.020133333333333333,0.4444633333333333
fresh fruits + juice nectars,eggs,0.011436666666666666,0.20307783367860313,1.4808427141678846,0.0037135867222222218,0.34408664923142157,0.05631666666666667,0.13713666666666666
ice cream ice + fresh vegetables,yogurt,0.020228333333333334,0.3902446866660236,1.480592447387281,0.006566009600000002,0.3423398782020781,0.051835,0.2635733333333333
yogurt + packaged vegetables fruits,fresh fruits,0.10556,0.8261828048160081,1.480570123023819,0.03426314052777776,0.3721310737838923,0.12776833333333334,0.5580166666666667
fresh fruits + buns rolls,packaged vegetables fruits,0.010915,0.542135761589404,1.480200482144399,0.003540998888888888,0.3310816161059823,0.020133333333333333,0.36625833333333335
frozen produce + energy granola bars,fresh fruits,0.011145,0.8259634387351779,1.4801770055885626,0.0036154951111111115,0.32884230318159985,0.013493333333333333,0.5580166666666667
oils vinegars + fresh fruits,packaged cheese,0.01502,0.3415577032404775,1.4799394977020148,0.004870936458333334,0.33921362058530075,0.043975,0.23079166666666667
refrigerated + soy lactosefree,packaged vegetables fruits,0.016323333333333332,0.5418833683744606,1.479511369591938,0.0052904114722222215,0.33416740872883116,0.030123333333333332,0.36625833333333335
fresh herbs + fresh vegetables,eggs,0.016158333333333334,0.20288793554462697,1.4794579777688461,0.005236540638888889,0.35212022142884203,0.07964166666666667,0.13713666666666666
pasta sauce,fresh vegetables,0.04085333333333333,0.6575636451431177,1.4794553247207143,0.013239567205555556,0.3455436170418895,0.062128333333333334,0.4444633333333333
packaged vegetables fruits + frozen pizza,fresh vegetables,0.01276,0.6573366532154202,1.4789446145885756,0.004132225927777778,0.33025291688767355,0.019411666666666667,0.4444633333333333
packaged vegetables fruits + fresh fruits,yogurt,0.10556,0.3897024439467402,1.4785351728048115,0.03416501262222221,0.4438939458022277,0.27087333333333335,0.2635733333333333
yogurt,packaged vegetables fruits + fresh fruits,0.10556,0.4004957507082153,1.4785351728048113,0.03416501262222221,0.43949374419216974,0.2635733333333333,0.27087333333333335
cream + eggs,fresh vegetables,0.010831666666666667,0.6571284125379171,1.478476092976362,0.003505429388888889,0.3290517561215588,0.016483333333333332,0.4444633333333333
fresh fruits + juice nectars,milk,0.020226666666666667,0.3591595146493045,1.4782761707397203,0.006544063194444444,0.34284425958596876,0.05631666666666667,0.24295833333333333
soy lactosefree + lunch meat,fresh vegetables,0.014216666666666667,0.6569118213323065,1.477988783474392,0.0045977393611111115,0.33055872050178886,0.021641666666666667,0.4444633333333333
crackers + fresh vegetables,milk,0.020416666666666666,0.358974358974359,1.4775140825560993,0.006598411458333333,0.34267726971504303,0.056875,0.24295833333333333
packaged cheese + cream,packaged vegetables fruits,0.015706666666666667,0.5411116214974736,1.4774042588268033,0.005075408111111112,0.33279718159576027,0.029026666666666666,0.36625833333333335
packaged vegetables fruits + breakfast bakery,fresh vegetables,0.019828333333333333,0.6565673289183223,1.4772137084836146,0.006405540666666666,0.33310979389619977,0.0302,0.4444633333333333
frozen produce + fresh dips tapenades,fresh fruits,0.014081666666666666,0.8242926829268292,1.4771829089815045,0.004548881944444444,0.32865020459640365,0.017083333333333332,0.5580166666666667
packaged cheese + frozen meals,packaged vegetables fruits,0.01332,0.5409869356258038,1.4770638273326306,0.004302109402777778,0.3311342638614364,0.024621666666666667,0.36625833333333335
cream,packaged cheese + fresh fruits,0.021076666666666667,0.23078748060954465,1.4767405898082178,0.006804243458333333,0.35527883632730656,0.091325,0.15628166666666668
milk + eggs,packaged vegetables fruits,0.02592,0.5408638798080267,1.476727846396287,0.008367679805555552,0.3390768456939172,0.04792333333333333,0.36625833333333335
packaged cheese + fresh vegetables,chips pretzels,0.03378166666666667,0.24843723187801828,1.4764348523371498,0.01090109959444445,0.3734769162204112,0.13597666666666666,0.16826833333333333
chips pretzels,packaged cheese + fresh vegetables,0.03378166666666667,0.20076068977129782,1.4764348523371498,0.01090109959444445,0.38797701591556627,0.16826833333333333,0.13597666666666666
frozen meals,packaged cheese + fresh fruits,0.017173333333333332,0.23073650267595225,1.4764143971416068,0.0055415493527777755,0.34863144351373543,0.07442833333333333,0.15628166666666668
packaged vegetables fruits + soy lactosefree,bread,0.020028333333333332,0.24247376916868438,1.4761733194785716,0.006460594999999998,0.35161627633144293,0.0826,0.16425833333333334
asian foods,fresh vegetables,0.028135,0.6560059068122644,1.475950562428692,0.009072708405555557,0.33692048983913675,0.042888333333333334,0.4444633333333333
packaged vegetables fruits + soup broth bouillon,yogurt,0.016285,0.38895744596154613,1.475708642610075,0.005249623822222223,0.3364458896463476,0.041868333333333334,0.2635733333333333
soup broth bouillon,packaged cheese,0.028651666666666666,0.34055071315372426,1.475576298192703,0.009234394444444443,0.3519056814160927,0.08413333333333334,0.23079166666666667
packaged vegetables fruits + hot cereal pancake mixes,fresh fruits,0.018073333333333334,0.823261463710902,1.4753349010678927,0.005823007444444445,0.32941965614900054,0.02195333333333333,0.5580166666666667
hot dogs bacon sausage + lunch meat,fresh vegetables,0.011881666666666667,0.6556608111836659,1.4751741302627122,0.0038272502944444453,0.32805889977809916,0.018121666666666668,0.4444633333333333
fresh vegetables + canned fruit applesauce,fresh fruits,0.010823333333333334,0.8231715046266955,1.4751736888862856,0.0034863441944444446,0.32640541005695667,0.013148333333333333,0.5580166666666667
packaged vegetables fruits + canned jarred vegetables,yogurt,0.015083333333333334,0.38866222890272706,1.4745885859826249,0.004854491555555557,0.3348392991492155,0.038808333333333334,0.2635733333333333
fresh fruits + soup broth bouillon,yogurt,0.021253333333333332,0.3886264590253863,1.4744528746916215,0.006838947022222222,0.34039813188969503,0.05468833333333333,0.2635733333333333
water seltzer sparkling water + refrigerated,yogurt,0.0124,0.38855232922498434,1.4741716254488986,0.003988496355555555,0.3322563392047973,0.031913333333333335,0.2635733333333333
water seltzer sparkling water + packaged cheese,milk,0.017238333333333335,0.3581495204127566,1.4741191030537057,0.005544343819444445,0.33789207114692554,0.04813166666666667,0.24295833333333333
canned meals beans,packaged vegetables fruits,0.03765,0.5398752479506728,1.4740285716839372,0.012107754263888892,0.34569531365812906,0.06973833333333333,0.36625833333333335
fresh fruits + coffee,milk,0.011551666666666667,0.3580986825109791,1.4739098577025378,0.0037142357638888894,0.33225029768939923,0.03225833333333333,0.24295833333333333
chips pretzels + fresh fruits,packaged vegetables fruits,0.057161666666666666,0.5397192584899129,1.4736026715840262,0.018371246583333327,0.35946160229537044,0.10591,0.36625833333333335
yogurt + soy lactosefree,chips pretzels,0.01438,0.24793815914250408,1.4734689185477805,0.0046207171138888895,0.341113434451077,0.05799833333333333,0.16826833333333333
hot dogs bacon sausage + eggs,fresh vegetables,0.013398333333333333,0.6546950077367863,1.4730011648582628,0.004302391216666666,0.3278228046309685,0.020465,0.4444633333333333
frozen appetizers sides + fresh fruits,fresh vegetables,0.021956666666666666,0.6546086956521739,1.4728069709211273,0.007048625694444446,0.3321657920797637,0.033541666666666664,0.4444633333333333
fresh fruits + crackers,soy lactosefree,0.019053333333333332,0.25073474579988597,1.4727877223994006,0.0061164157833333305,0.3474156383240545,0.07599,0.170245
fresh fruits + soy lactosefree,yogurt,0.04586833333333333,0.3880350798037336,1.4722091757021458,0.014712208177777776,0.3637458863383939,0.11820666666666667,0.2635733333333333
milk + baby food formula,fresh fruits,0.015958333333333335,0.8212539668925294,1.4717373439727535,0.005115139472222223,0.32688281080380716,0.019431666666666667,0.5580166666666667
chips pretzels + yogurt,packaged vegetables fruits,0.030498333333333332,0.5389350297461271,1.471461481411919,0.009771774249999997,0.3396228038438035,0.05659,0.36625833333333335
fresh herbs + milk,fresh fruits,0.021213333333333334,0.8210553476970713,1.471381406225151,0.006796042722222222,0.3288632958843101,0.025836666666666668,0.5580166666666667
pasta sauce,chips pretzels,0.015381666666666667,0.24757893607318185,1.4713340957786583,0.0049274355638888895,0.34156561333629176,0.062128333333333334,0.16826833333333333
other creams cheeses + milk,packaged vegetables fruits,0.01622,0.5388704318936876,1.4712851090360288,0.005195624166666664,0.3302629980328139,0.0301,0.36625833333333335
frozen breakfast + milk,packaged vegetables fruits,0.011898333333333334,0.538751792317561,1.4709611858230145,0.0038095180416666662,0.32740310620109553,0.022085,0.36625833333333335
bread + fresh herbs,fresh fruits,0.014775,0.8207573372835848,1.4708473533351776,0.004729769972222221,0.325988124631164,0.018001666666666666,0.5580166666666667
condiments,bread,0.014451666666666666,0.24157913799348063,1.4707268306639782,0.004625459402777777,0.34042911766005746,0.05982166666666667,0.16425833333333334
chips pretzels + fresh herbs,fresh fruits,0.012993333333333334,0.8205452057678142,1.4704672006830395,0.004157139416666667,0.3250918585696761,0.015835,0.5580166666666667
crackers + milk,packaged vegetables fruits,0.019488333333333333,0.5385253074195182,1.4703428110928576,0.006234054680555554,0.33189730729583894,0.036188333333333336,0.36625833333333335
frozen pizza,yogurt + fresh fruits,0.012138333333333333,0.27747933097115857,1.4703358495703045,0.003882849841666666,0.3345167103011302,0.043745,0.18871833333333332
frozen breakfast,milk,0.022085,0.35720832434763855,1.4702452039690148,0.007063696111111111,0.34091924588271433,0.06182666666666667,0.24295833333333333
grains rice dried goods + fresh vegetables,yogurt,0.011735,0.38746423068456964,1.4700433681375316,0.003752242311111112,0.3297345195248986,0.030286666666666667,0.2635733333333333
marinades meat preparation,fresh vegetables,0.011881666666666667,0.6533773256346807,1.470036506126521,0.0037991009500000002,0.32566703980106604,0.018185,0.4444633333333333
condiments,packaged cheese,0.020293333333333333,0.33923049062491295,1.4698558900519787,0.006486991180555554,0.34000059723084886,0.05982166666666667,0.23079166666666667
nuts seeds dried fruit + packaged vegetables fruits,fresh fruits,0.031626666666666664,0.8201936376210235,1.4698371690589112,0.010109543999999998,0.3324726758934111,0.03856,0.5580166666666667
breakfast bakery,yogurt,0.026471666666666668,0.38733356094230115,1.4695476057604506,0.008458186488888887,0.3429573184982421,0.06834333333333334,0.2635733333333333
crackers + eggs,fresh vegetables,0.013288333333333333,0.6528289527552606,1.4688027195837543,0.004241282183333332,0.3258051374598636,0.020355,0.4444633333333333
yogurt + baking ingredients,packaged vegetables fruits,0.012438333333333332,0.5379514164203849,1.4687759088631929,0.00396983023611111,0.32671514489889586,0.023121666666666665,0.36625833333333335
crackers,fresh fruits + milk,0.02759,0.24,1.4680545219137722,0.008796420069444446,0.36023884625645375,0.11495833333333333,0.16348166666666666
tofu meat alternatives,packaged cheese,0.011025,0.3387964148527528,1.467975077896022,0.003514654513888888,0.32951240801338927,0.03254166666666667,0.23079166666666667
fresh fruits + eggs,soy lactosefree,0.024013333333333334,0.24991327273988762,1.46796248195182,0.007655058766666667,0.35267062465434246,0.09608666666666667,0.170245
bread + yogurt,soy lactosefree,0.015221666666666666,0.24988371774877563,1.4677888792550478,0.004851192491666666,0.33937621094477605,0.060915,0.170245
hot dogs bacon sausage + chips pretzels,packaged vegetables fruits,0.011758333333333334,0.5375647668393783,1.4677202343683964,0.003747042722222222,0.32579752279519314,0.021873333333333335,0.36625833333333335
canned meals beans,bread,0.016811666666666666,0.24106780106588915,1.467613826183689,0.005356564263888888,0.34250776656935955,0.06973833333333333,0.16425833333333334
paper goods + fresh vegetables,packaged vegetables fruits,0.014103333333333334,0.5375087340405259,1.46756724727226,0.004493325097222223,0.3271850089353488,0.026238333333333332,0.36625833333333335
chips pretzels + fresh dips tapenades,packaged vegetables fruits,0.019176666666666668,0.5373873242725703,1.467235760567642,0.006106738041666667,0.33023055089187214,0.035685,0.36625833333333335
fresh fruits + instant foods,fresh vegetables,0.021806666666666665,0.6520482408053424,1.4670461923488456,0.006942331255555555,0.3293735545067881,0.03344333333333333,0.4444633333333333
packaged vegetables fruits + soy lactosefree,fresh fruits,0.06761833333333334,0.8186238902340596,1.4670240857215606,0.021526156666666664,0.34701104562112056,0.0826,0.5580166666666667
instant foods,milk,0.018453333333333332,0.356413970706583,1.4669756983292732,0.005874165624999999,0.33570666174341257,0.051775,0.24295833333333333
other creams cheeses + bread,fresh vegetables,0.014536666666666666,0.652014652014652,1.4669706207815838,0.004627356650000001,0.32558193922260853,0.022295,0.4444633333333333
hot cereal pancake mixes,packaged vegetables fruits + fresh fruits,0.018073333333333334,0.3973616709417369,1.466964894815794,0.0057531112222222215,0.33348860238090555,0.045483333333333334,0.27087333333333335
bread + butter,fresh vegetables,0.013195,0.6519268774703557,1.4667731364500012,0.004199062133333334,0.3248053705393012,0.02024,0.4444633333333333
water seltzer sparkling water + fresh vegetables,soy lactosefree,0.020733333333333333,0.24967385850476667,1.4665561896370916,0.006595904791666666,0.34694101642900227,0.08304166666666667,0.170245
packaged vegetables fruits + fresh fruits,soy lactosefree,0.06761833333333334,0.24963082375526077,1.4663034083542,0.021503502699999996,0.43615591199941606,0.27087333333333335,0.170245
soy lactosefree,packaged vegetables fruits + fresh fruits,0.06761833333333334,0.39718249189892996,1.4663034083541997,0.021503502699999996,0.38326121115641876,0.170245,0.27087333333333335
packaged vegetables fruits + frozen breakfast,fresh fruits,0.02408,0.818212708120965,1.4662872222232877,0.007657569499999999,0.3276480603222608,0.02943,0.5580166666666667
hot dogs bacon sausage + bread,packaged vegetables fruits,0.012105,0.5370055452865063,1.4661933843230133,0.0038489267361111103,0.32529440764816536,0.022541666666666668,0.36625833333333335
yogurt + fresh vegetables,fresh fruits,0.11849166666666666,0.8181431103132409,1.4661624986946165,0.03767411283333333,0.37179433560631064,0.14483,0.5580166666666667
fresh fruits,yogurt + fresh vegetables,0.11849166666666666,0.21234431468594125,1.4661624986946162,0.03767411283333333,0.7193650484115888,0.5580166666666667,0.14483
water seltzer sparkling water + yogurt,soy lactosefree,0.013948333333333333,0.24958248836931887,1.4660194917285023,0.004433907766666667,0.3366977438275135,0.05588666666666667,0.170245
dry pasta + fresh vegetables,milk,0.017118333333333333,0.3561743593300274,1.4659894741760688,0.005441350902777777,0.3339153924897296,0.04806166666666667,0.24295833333333333
chips pretzels + packaged cheese,packaged vegetables fruits,0.030346666666666668,0.5368241051948818,1.4656979960270713,0.009642083083333336,0.33676874602193463,0.05653,0.36625833333333335
packaged vegetables fruits + ice cream ice,fresh vegetables,0.028851666666666668,0.6513771824202288,1.465536375149571,0.00916490408888889,0.3323781015408307,0.04429333333333333,0.4444633333333333
fresh herbs + fresh vegetables,packaged cheese,0.026936666666666668,0.3382232918279795,1.4654917862198065,0.008556033680555557,0.34512123707737313,0.07964166666666667,0.23079166666666667
candy chocolate + fresh vegetables,yogurt,0.011175,0.38625496860418224,1.4654554150806185,0.003549384177777777,0.32708127743370236,0.028931666666666668,0.2635733333333333
energy granola bars,soy lactosefree,0.021611666666666668,0.2494661305527232,1.4653360189886528,0.006863058575000001,0.3476830306574087,0.08663166666666666,0.170245
butter + milk,fresh vegetables,0.01807,0.6512493993272466,1.4652488754091,0.005737624044444445,0.32658369209993804,0.027746666666666666,0.4444633333333333
frozen produce + nuts seeds dried fruit,fresh fruits,0.011855,0.8175862068965516,1.4651644937066721,0.003763758333333332,0.3221540111741151,0.0145,0.5580166666666667
tortillas flat bread + fresh fruits,milk,0.014161666666666666,0.35583567151053225,1.464595458112292,0.004492329930555556,0.33036560164645945,0.03979833333333333,0.24295833333333333
fresh fruits + juice nectars,packaged vegetables fruits,0.030205,0.5363421130511986,1.464382006465014,0.009578551527777774,0.33604289298710305,0.05631666666666667,0.36625833333333335
fresh fruits + breakfast bakery,packaged vegetables fruits,0.02435,0.5363042361060129,1.4642785905376792,0.007720650805555555,0.3321505923382324,0.04540333333333333,0.36625833333333335
packaged vegetables fruits + fruit vegetable snacks,fresh vegetables,0.014288333333333333,0.6507514801882496,1.4641286049578508,0.004529400077777778,0.32411640465640396,0.021956666666666666,0.4444633333333333
soy lactosefree,packaged vegetables fruits + fresh vegetables,0.05834,0.3426826044817763,1.4633507657257752,0.018472593383333333,0.38160281331341545,0.170245,0.23417666666666667
packaged vegetables fruits + fresh vegetables,soy lactosefree,0.05834,0.24912815111098457,1.463350765725775,0.018472593383333333,0.41345938231298734,0.23417666666666667,0.170245
chips pretzels + packaged vegetables fruits,fresh vegetables,0.047455,0.6503803193311862,1.4632935285202069,0.015024732883333329,0.34152983693946154,0.072965,0.4444633333333333
yogurt + energy granola bars,packaged vegetables fruits,0.018525,0.5356110254433307,1.4623859082432638,0.00585734511111111,0.3275135737130017,0.03458666666666667,0.36625833333333335
yogurt + packaged cheese,fresh vegetables,0.05708333333333333,0.6499051233396584,1.4622243829779549,0.018044637222222222,0.34654898566419623,0.08783333333333333,0.4444633333333333
yogurt + canned meals beans,fresh fruits,0.020405,0.8159280239920027,1.4621929285122952,0.006449933194444443,0.3242035108312952,0.025008333333333334,0.5580166666666667
frozen breakfast + fresh vegetables,fresh fruits,0.0264,0.8159060471824456,1.4621535447252691,0.008344440722222221,0.32664649173508326,0.032356666666666666,0.5580166666666667
baking ingredients + fresh fruits,packaged vegetables fruits,0.025175,0.5354674040199936,1.4619937767604656,0.007955364458333333,0.33159237596652635,0.047015,0.36625833333333335
fresh herbs + eggs,fresh fruits,0.014865,0.8156378600823044,1.4616729370370736,0.004695146249999997,0.3217156902509896,0.018225,0.5580166666666667
packaged vegetables fruits + spreads,fresh fruits,0.029746666666666668,0.8155730213854869,1.461556742126257,0.009393938777777774,0.32775224853711804,0.03647333333333334,0.5580166666666667
packaged vegetables fruits + energy granola bars,fresh vegetables,0.025038333333333333,0.6494185795184368,1.461129705903982,0.007902049516666666,0.3282538924595359,0.038555,0.4444633333333333
yogurt + milk,packaged vegetables fruits,0.051046666666666664,0.5351458074886866,1.4611157174726943,0.01610989468055555,0.34886960110810245,0.09538833333333334,0.36625833333333335
packaged vegetables fruits + poultry counter,fresh fruits,0.017561666666666666,0.815115649415951,1.460737103579853,0.0055391975833333305,0.3223593490976332,0.021545,0.5580166666666667
fresh fruits + canned jarred vegetables,bread,0.012033333333333333,0.2399229056591234,1.4606437359390596,0.003794956625,0.3320229686403565,0.050155,0.16425833333333334
fresh fruits + coffee,packaged cheese,0.010873333333333334,0.33707052441229657,1.4604969463612778,0.0034283788194444447,0.32581168891764845,0.03225833333333333,0.23079166666666667
chips pretzels + fresh fruits,soy lactosefree,0.026331666666666666,0.24862304472350738,1.460383827563261,0.008301018716666664,0.3525914743461881,0.10591,0.170245
nuts seeds dried fruit + fresh fruits,bread,0.013241666666666667,0.23987802300655173,1.4603704916435598,0.004174332902777777,0.3336608957823697,0.05520166666666667,0.16425833333333334
yogurt + juice nectars,packaged vegetables fruits,0.016148333333333334,0.5347425354600144,1.4600146584879006,0.005087942097222221,0.3248863975643215,0.030198333333333334,0.36625833333333335
frozen produce + yogurt,fresh fruits,0.03680666666666667,0.8144269066233958,1.4595028343658716,0.011588033444444444,0.3297370963119441,0.045193333333333335,0.5580166666666667
fresh herbs + refrigerated,fresh fruits,0.01112,0.8142543324383695,1.4591935708701105,0.003499352388888888,0.31904708268883003,0.013656666666666666,0.5580166666666667
fresh fruits + refrigerated,packaged vegetables fruits,0.04609166666666667,0.53443744444015,1.4591816644176012,0.01450432713888889,0.34438530803644146,0.08624333333333334,0.36625833333333335
yogurt + frozen meals,packaged vegetables fruits,0.013846666666666667,0.53441399716969,1.4591176460231348,0.00435691325,0.323023851062394,0.02591,0.36625833333333335
nuts seeds dried fruit + eggs,fresh fruits,0.01081,0.8142103941752447,1.4591148308149302,0.003401398722222221,0.31888673364615605,0.013276666666666668,0.5580166666666667
yogurt + fresh dips tapenades,fresh fruits,0.03016833333333333,0.8141135198344878,1.4589412260705852,0.009490095722222217,0.32667698912830023,0.03705666666666667,0.5580166666666667
yogurt + breakfast bakery,packaged vegetables fruits,0.014145,0.5343448970597494,1.458928981073694,0.004449531486111109,0.3231191791395334,0.026471666666666668,0.36625833333333335
canned jarred vegetables,eggs,0.014818333333333333,0.20004950049500494,1.4587601212537733,0.004660163311111111,0.3396449679196122,0.07407333333333334,0.13713666666666666
packaged vegetables fruits + spreads,milk,0.012926666666666666,0.3544141838786327,1.4587447115567116,0.004065166388888888,0.3263833813173242,0.03647333333333334,0.24295833333333333
grains rice dried goods,packaged vegetables fruits,0.022165,0.5340963855421687,1.4582504667711824,0.006965279166666666,0.3278526321082735,0.0415,0.36625833333333335
hot dogs bacon sausage,packaged vegetables fruits + fresh vegetables,0.028803333333333334,0.3414807642909364,1.4582185712678593,0.009050921794444444,0.34317826296461873,0.08434833333333333,0.23417666666666667
yogurt + fresh dips tapenades,fresh vegetables,0.024016666666666665,0.6481065035531168,1.458177660443944,0.0075463370777777775,0.32630425650856304,0.03705666666666667,0.4444633333333333
packaged vegetables fruits + milk,fresh fruits,0.08719166666666667,0.8134562756561762,1.4577634043000678,0.027379720222222216,0.35171699932468986,0.10718666666666667,0.5580166666666667
water seltzer sparkling water + fresh fruits,chips pretzels,0.027191666666666666,0.2452940822708684,1.457755463619824,0.008538561022222224,0.35316320878039464,0.11085333333333333,0.16826833333333333
bread + eggs,fresh vegetables,0.023608333333333332,0.6476909007773204,1.4572425939387286,0.007407644833333331,0.3256421153956159,0.03645,0.4444633333333333
canned meals beans + fresh vegetables,yogurt,0.019225,0.3840519394040286,1.4570970991148393,0.006030958222222221,0.3302349499395682,0.05005833333333334,0.2635733333333333
packaged vegetables fruits + grains rice dried goods,fresh fruits,0.018018333333333334,0.8129182645311678,1.4567992554544387,0.005649893916666666,0.32067130447525627,0.022165,0.5580166666666667
packaged vegetables fruits + canned meals beans,fresh fruits,0.030605,0.8128818061088977,1.4567339197316047,0.009595672499999996,0.32579917677727,0.03765,0.5580166666666667
packaged vegetables fruits,fresh fruits + milk,0.08719166666666667,0.2380605674501149,1.456191218893749,0.027315143902777776,0.49432918511480434,0.36625833333333335,0.16348166666666666
fresh fruits + milk,packaged vegetables fruits,0.08719166666666667,0.5333421688466596,1.4561912188937487,0.027315143902777776,0.37450105894068625,0.16348166666666666,0.36625833333333335
frozen produce + packaged vegetables fruits,fresh fruits,0.05508333333333333,0.8124585166793677,1.4559753591816869,0.017250733361111104,0.3359521880405341,0.06779833333333334,0.5580166666666667
yogurt + eggs,soy lactosefree,0.012405,0.24786865592114024,1.4559526325069179,0.0038848052333333317,0.329663003054439,0.05004666666666667,0.170245
water seltzer sparkling water + frozen produce,fresh vegetables,0.015583333333333333,0.6470140474707633,1.4557197387203218,0.00487843395,0.32078058542674104,0.024085,0.4444633333333333
fresh dips tapenades,soy lactosefree,0.024418333333333334,0.24782218914393003,1.4556796918789392,0.007643809741666667,0.34725089619626126,0.09853166666666667,0.170245
packaged cheese,chips pretzels,0.05653,0.24493951976891135,1.4556483380844762,0.017695070902777776,0.40693902584973957,0.23079166666666667,0.16826833333333333
chips pretzels,packaged cheese,0.05653,0.33595150602707974,1.4556483380844762,0.017695070902777776,0.3763484094535718,0.16826833333333333,0.23079166666666667
yogurt + lunch meat,fresh vegetables,0.02585,0.6468699170037953,1.4553954589515339,0.008088504427777778,0.32592607439549315,0.039961666666666666,0.4444633333333333
bread,chips pretzels,0.040211666666666666,0.24480746791131855,1.454863568573916,0.012572190680555557,0.3740992440331713,0.16425833333333334,0.16826833333333333
chips pretzels,bread,0.040211666666666666,0.23897346500133715,1.454863568573916,0.012572190680555557,0.37590287617643825,0.16826833333333333,0.16425833333333334
poultry counter + fresh vegetables,yogurt,0.011076666666666667,0.38334198534925307,1.4544035259608448,0.0034607152000000006,0.32172927749426206,0.028895,0.2635733333333333
nuts seeds dried fruit + packaged cheese,fresh vegetables,0.016085,0.6462434712736038,1.4539860159599303,0.005022307633333332,0.32020538822949673,0.02489,0.4444633333333333
cereal + fresh fruits,packaged vegetables fruits,0.03207666666666667,0.5324664545580302,1.4538002445214813,0.010012654236111113,0.3321573006617418,0.060241666666666666,0.36625833333333335
yogurt + grains rice dried goods,fresh fruits,0.012208333333333333,0.8110053144375554,1.4533711318734004,0.003808322444444444,0.3167120729739968,0.015053333333333333,0.5580166666666667
fruit vegetable snacks,packaged vegetables fruits + fresh fruits,0.018271666666666665,0.39360212544429685,1.453085545929082,0.0056972750777777754,0.32698862892892977,0.04642166666666667,0.27087333333333335
dry pasta,chips pretzels,0.017423333333333332,0.2444865408452022,1.4529563346947962,0.005431690558333334,0.33566956244060303,0.071265,0.16826833333333333
breakfast bakery,milk,0.024121666666666666,0.3529483490220943,1.4527114348362655,0.007517084305555553,0.33449236814022626,0.06834333333333334,0.24295833333333333
hot cereal pancake mixes + fresh fruits,fresh vegetables,0.020453333333333334,0.6456568632609039,1.4526662040233629,0.006373475705555555,0.32180485281469645,0.031678333333333336,0.4444633333333333
nuts seeds dried fruit + fresh vegetables,fresh fruits,0.03464166666666667,0.8104893741470072,1.4524465353131755,0.010791104305555556,0.32541529097285893,0.042741666666666664,0.5580166666666667
spreads,fresh fruits + milk,0.018585,0.23744729781525484,1.4524399136412127,0.00578928995,0.3379551064159245,0.07827,0.16348166666666666
hot cereal pancake mixes + fresh vegetables,fresh fruits,0.020453333333333334,0.810460969488839,1.4523956324282528,0.006370852722222221,0.3195466616635095,0.025236666666666668,0.5580166666666667
fresh fruits + baby food formula,fresh vegetables,0.02195,0.6455249485344573,1.4523694085026675,0.006836765122222222,0.32243375984501055,0.03400333333333334,0.4444633333333333
packaged vegetables fruits + soy lactosefree,packaged cheese,0.027686666666666665,0.3351896690879741,1.4523473656095645,0.008623274999999996,0.3395023840394006,0.0826,0.23079166666666667
condiments + milk,fresh vegetables,0.010368333333333334,0.6452650140026969,1.4517845806613898,0.0032265483388888893,0.3162745794444237,0.016068333333333334,0.4444633333333333
popcorn jerky + fresh fruits,packaged vegetables fruits,0.014796666666666666,0.5316486017126774,1.4515672500175487,0.004603086819444444,0.31999545162701354,0.027831666666666668,0.36625833333333335
packaged cheese,packaged vegetables fruits + fresh fruits,0.09073166666666667,0.393132334356382,1.4513511888325983,0.028216358611111103,0.4042947456336145,0.23079166666666667,0.27087333333333335
packaged vegetables fruits + fresh fruits,packaged cheese,0.09073166666666667,0.3349597597893234,1.4513511888325983,0.028216358611111103,0.4265197004602628,0.27087333333333335,0.23079166666666667
bread + fresh fruits,soy lactosefree,0.027835,0.24704159517188332,1.451094570600507,0.008652928366666663,0.35033888972029276,0.11267333333333333,0.170245
canned jarred vegetables + fresh vegetables,soy lactosefree,0.013953333333333333,0.24702723436900653,1.4510102168580958,0.004337044508333332,0.3294329996958972,0.056485,0.170245
fresh fruits + soy lactosefree,fresh vegetables,0.07623,0.6448874851954206,1.4509351769446763,0.023691470911111116,0.35245144411175905,0.11820666666666667,0.4444633333333333
tortillas flat bread,fresh vegetables,0.0367,0.6448023426061494,1.4507436142602301,0.011402628611111118,0.32944949433054566,0.056916666666666664,0.4444633333333333
bread + fresh vegetables,soy lactosefree,0.022498333333333332,0.24697208093966114,1.4506862518115724,0.006989581316666663,0.34180870483893605,0.09109666666666667,0.170245
lunch meat,yogurt,0.039961666666666666,0.3822924472647842,1.4504215674250716,0.012409906844444447,0.346796492340028,0.10453166666666666,0.2635733333333333
packaged vegetables fruits + crackers,fresh fruits,0.042715,0.80925165772024,1.4502284717665062,0.013261020277777778,0.3277533938178147,0.052783333333333335,0.5580166666666667
packaged vegetables fruits + lunch meat,fresh fruits,0.04330166666666667,0.809225689902199,1.4501819358481507,0.01344219483333333,0.32798164780670674,0.05351,0.5580166666666667
fresh dips tapenades + milk,fresh vegetables,0.018115,0.6445472335883294,1.4501696433638984,0.005623358016666665,0.31940230646956874,0.028105,0.4444633333333333
juice nectars,chips pretzels,0.021846666666666667,0.24399687278954618,1.4500462918723835,0.006780480994444445,0.34088890025303237,0.08953666666666667,0.16826833333333333
packaged vegetables fruits + fresh dips tapenades,fresh fruits,0.043526666666666665,0.8088954965000311,1.4495902090738586,0.013499789833333331,0.3277881461255555,0.05381,0.5580166666666667
bread + packaged vegetables fruits,fresh fruits,0.06199166666666667,0.8087627745161992,1.449352363160358,0.019219689166666665,0.3357737132755483,0.07665,0.5580166666666667
other creams cheeses + milk,fresh vegetables,0.019388333333333334,0.6441306755260243,1.4492324275553836,0.006009987000000001,0.3195995031998441,0.0301,0.4444633333333333
fresh vegetables + spreads,chips pretzels,0.010006666666666667,0.24384696612785314,1.4491554132458266,0.0031014951611111124,0.3232061922973401,0.041036666666666666,0.16826833333333333
packaged vegetables fruits + soup broth bouillon,chips pretzels,0.010208333333333333,0.24381991162772182,1.4489946313589712,0.003163218663888889,0.3234068227525146,0.041868333333333334,0.16826833333333333
chips pretzels + ice cream ice,yogurt,0.010775,0.3818890660995924,1.4488911350399347,0.0033382784,0.318812310214369,0.028215,0.2635733333333333
nuts seeds dried fruit + soy lactosefree,fresh vegetables,0.012623333333333334,0.6439381057643258,1.4487991640052627,0.003910370455555557,0.3159672181642108,0.019603333333333334,0.4444633333333333
water seltzer sparkling water + packaged cheese,packaged vegetables fruits,0.025536666666666666,0.5305585373454759,1.4485910327741598,0.007908042652777773,0.3253328490334559,0.04813166666666667,0.36625833333333335
lunch meat,fresh fruits + fresh vegetables,0.04822333333333333,0.4613275084105295,1.4481879374378979,0.014924248258333335,0.3456089699017199,0.10453166666666666,0.318555
packaged vegetables fruits + baking ingredients,yogurt,0.012438333333333332,0.38168056052779625,1.448100062706633,0.003848917688888889,0.3198638143092482,0.03258833333333333,0.2635733333333333
chips pretzels + butter,fresh vegetables,0.010356666666666667,0.6436043500776799,1.4480482456243409,0.003204510861111111,0.31447571299695215,0.016091666666666667,0.4444633333333333
fresh vegetables + spreads,fresh fruits,0.03315,0.8078141499472017,1.447652369906278,0.010250856055555552,0.32245907248652234,0.041036666666666666,0.5580166666666667
cereal + packaged vegetables fruits,fresh vegetables,0.02565,0.6434215477235671,1.4476369578073192,0.007931469216666667,0.32205791141300855,0.039865,0.4444633333333333
hot cereal pancake mixes,packaged vegetables fruits + fresh vegetables,0.015413333333333333,0.3388787101502382,1.447107070802264,0.004762197944444444,0.32368856448842537,0.045483333333333334,0.23417666666666667
other creams cheeses,yogurt,0.03274833333333333,0.38126006558394937,1.4465047004652065,0.010108701866666663,0.33768370290038635,0.085895,0.2635733333333333
water seltzer sparkling water + packaged vegetables fruits,fresh vegetables,0.047285,0.6429105576831563,1.446487279077741,0.01459546260555556,0.3331744613541033,0.07354833333333333,0.4444633333333333
packaged vegetables fruits + tofu meat alternatives,fresh fruits,0.014486666666666667,0.8069067953954696,1.4460263350475844,0.004468407444444442,0.31408859985431137,0.017953333333333335,0.5580166666666667
fresh dips tapenades + fresh vegetables,fresh fruits,0.046715,0.8068685589268236,1.4459578129568833,0.014407695055555551,0.3273705547225001,0.057896666666666666,0.5580166666666667
chips pretzels + eggs,fresh vegetables,0.017828333333333335,0.6426554520877141,1.445913315881432,0.005498179694444445,0.3171951293495152,0.027741666666666668,0.4444633333333333
chips pretzels + crackers,milk,0.01246,0.3511013008970085,1.4451091101917688,0.003837813680555557,0.31934370461376427,0.03548833333333333,0.24295833333333333
packaged vegetables fruits + breakfast bakery,fresh fruits,0.02435,0.8062913907284768,1.444923492240632,0.007497896666666663,0.3175106561765593,0.0302,0.5580166666666667
fresh vegetables + soy lactosefree,bread,0.022498333333333332,0.23727830412543285,1.4445434780098392,0.006923631930555552,0.3399756994230183,0.09481833333333334,0.16425833333333334
nuts seeds dried fruit,chips pretzels,0.01969,0.24305141234801572,1.4444275255673917,0.006058301869444446,0.3348075132071789,0.08101166666666666,0.16826833333333333
lunch meat,milk,0.036678333333333334,0.3508825076930436,1.4442085722231257,0.011281493819444446,0.34348421557300973,0.10453166666666666,0.24295833333333333
packaged cheese,yogurt,0.08783333333333333,0.380574110850334,1.4439021809882158,0.027002804444444445,0.3996736584133926,0.23079166666666667,0.2635733333333333
yogurt,packaged cheese,0.08783333333333333,0.3332405908539053,1.4439021809882158,0.027002804444444445,0.4174649324649682,0.2635733333333333,0.23079166666666667
tea,water seltzer sparkling water,0.015663333333333335,0.27628987211524325,1.4438224922410288,0.004814816000000001,0.3258680889221028,0.05669166666666667,0.19136
bread + nuts seeds dried fruit,fresh vegetables,0.010603333333333333,0.6417187815210813,1.4438058966718244,0.0032593175222222215,0.31255049888917824,0.016523333333333334,0.4444633333333333
energy granola bars + fresh dips tapenades,fresh fruits,0.010848333333333333,0.8055693069306931,1.4436294739058444,0.003333708888888888,0.31149629679894075,0.013466666666666667,0.5580166666666667
packaged poultry,packaged vegetables fruits,0.018873333333333332,0.5286894813016481,1.4434879241928003,0.005798521263888887,0.3186073030750879,0.03569833333333333,0.36625833333333335
ice cream ice + soy lactosefree,packaged vegetables fruits,0.011243333333333333,0.5286419559595643,1.443358165119058,0.003453629013888888,0.3138462599726265,0.021268333333333334,0.36625833333333335
frozen produce + spreads,fresh fruits,0.01149,0.805373831775701,1.4432791704710748,0.0035289622222222216,0.3115785398422385,0.014266666666666667,0.5580166666666667
fresh herbs + packaged cheese,milk,0.01079,0.35064724042679957,1.4432402281329428,0.003313767152777777,0.3168651253633093,0.030771666666666666,0.24295833333333333
fresh dips tapenades + soy lactosefree,fresh fruits,0.019665,0.8053375196232337,1.4432140968726748,0.006039163027777775,0.3147887278470282,0.024418333333333334,0.5580166666666667
bread + fresh fruits,fresh vegetables,0.07226833333333334,0.6413969587598367,1.4430818262320178,0.022189168022222226,0.34602656873729004,0.11267333333333333,0.4444633333333333
packaged vegetables fruits + lunch meat,soy lactosefree,0.013145,0.2456550177536909,1.4429499706522417,0.00403519005,0.32433018793012336,0.05351,0.170245
energy granola bars + lunch meat,fresh fruits,0.011118333333333332,0.8050929278300747,1.442775773417893,0.0034121231666666653,0.31118912730452875,0.01381,0.5580166666666667
yogurt + fruit vegetable snacks,fresh fruits,0.015268333333333333,0.8050087873462214,1.442624988524037,0.004684617222222222,0.3127510049973,0.018966666666666666,0.5580166666666667
yogurt + lunch meat,fresh fruits,0.032168333333333334,0.80497977228177,1.442572991753717,0.009869057305555554,0.3195645058659401,0.039961666666666666,0.5580166666666667
other creams cheeses,milk,0.0301,0.3504278479538972,1.4423372236140513,0.009231093958333332,0.33549850663009256,0.085895,0.24295833333333333
packaged vegetables fruits + eggs,fresh fruits,0.05570166666666666,0.8047823155461375,1.4422191372052282,0.017079473111111104,0.32942467443071816,0.06921333333333334,0.5580166666666667
soft drinks,water seltzer sparkling water,0.023925,0.27597808324521766,1.4421931607714134,0.007335682666666666,0.3357153269293452,0.08669166666666667,0.19136
yogurt + refrigerated,packaged vegetables fruits,0.024765,0.5281885397412199,1.4421201967861115,0.007592367611111109,0.3216579949581326,0.04688666666666667,0.36625833333333335
cereal + packaged vegetables fruits,fresh fruits,0.03207666666666667,0.8046323006814667,1.4419503013914758,0.009831332250000002,0.31922054950682754,0.039865,0.5580166666666667
milk + eggs,fresh vegetables,0.03071166666666667,0.640849968700007,1.4418511509011025,0.009411502188888893,0.3218723274906652,0.04792333333333333,0.4444633333333333
fresh fruits + breakfast bakery,soy lactosefree,0.011145,0.2454665589897952,1.441842985049753,0.003415309516666667,0.3210185153858212,0.04540333333333333,0.170245
packaged vegetables fruits + tortillas flat bread,fresh fruits,0.023383333333333332,0.8045647436632641,1.44182923508246,0.00716550894444444,0.3156092473993565,0.029063333333333333,0.5580166666666667
milk + spreads,packaged vegetables fruits,0.012926666666666666,0.5280141602559738,1.4416440861576951,0.00396005223611111,0.31403563265625056,0.024481666666666665,0.36625833333333335
crackers + fresh vegetables,fresh fruits,0.04575166666666667,0.8044249084249084,1.441578641781742,0.014014468750000002,0.32478836499780234,0.056875,0.5580166666666667
dry pasta + fresh vegetables,soy lactosefree,0.011795,0.24541387800395326,1.4415335428585465,0.003612741558333332,0.32175857810035896,0.04806166666666667,0.170245
fresh fruits + dish detergents,fresh vegetables,0.010336666666666666,0.6407024793388428,1.4415193139415539,0.0031659915555555555,0.3113099442586117,0.016133333333333333,0.4444633333333333
nuts seeds dried fruit,packaged vegetables fruits + fresh fruits,0.031626666666666664,0.39039644495648773,1.4412509350858496,0.009682766477777775,0.3331471011658104,0.08101166666666666,0.27087333333333335
canned meals beans + soy lactosefree,fresh fruits,0.014161666666666666,0.8041832292258186,1.441145537873693,0.004334993166666665,0.31159473896096407,0.01761,0.5580166666666667
fresh vegetables + soy lactosefree,fresh fruits,0.07623,0.8039584468545113,1.4407427141145925,0.02331978969444444,0.3379581782887397,0.09481833333333334,0.5580166666666667
hot dogs bacon sausage + fresh vegetables,yogurt,0.018765,0.3795765626053537,1.4401174724505024,0.0057348129777777795,0.32150640748423487,0.049436666666666663,0.2635733333333333
energy granola bars + eggs,fresh fruits,0.011046666666666666,0.8035887487875849,1.4400801925645916,0.0033757975555555545,0.30985368179282524,0.013746666666666667,0.5580166666666667
other creams cheeses,fresh fruits + fresh vegetables,0.03940166666666667,0.45871897859790056,1.4399993049799895,0.012039384941666672,0.3342670922704161,0.085895,0.318555
fruit vegetable snacks + milk,fresh fruits,0.012546666666666666,0.8034151547491996,1.4397691014292275,0.0038323063888888887,0.31028987977192457,0.015616666666666666,0.5580166666666667
pasta sauce,packaged vegetables fruits,0.03276166666666667,0.5273224776671942,1.4397555759837843,0.010006646847222224,0.3256710615788947,0.062128333333333334,0.36625833333333335
frozen produce + lunch meat,fresh fruits,0.013803333333333334,0.8033756911436609,1.4396983802341523,0.004215676972222221,0.3107492581901337,0.017181666666666668,0.5580166666666667
yogurt + fresh vegetables,soy lactosefree,0.03549666666666667,0.24509194688025046,1.4396425556125023,0.010840083316666669,0.35710225346667723,0.14483,0.170245
soy lactosefree,yogurt + fresh vegetables,0.03549666666666667,0.20850343132935867,1.439642555612502,0.010840083316666669,0.3680401252141877,0.170245,0.14483
fresh dips tapenades + eggs,fresh fruits,0.015006666666666666,0.8032830760995628,1.4395324084099568,0.004581985305555555,0.3111426480583713,0.018681666666666666,0.5580166666666667
butter,packaged vegetables fruits + fresh vegetables,0.025295,0.33692225724814634,1.4387524685699387,0.007713796455555557,0.3297066870490863,0.07507666666666667,0.23417666666666667
canned meals beans,chips pretzels,0.016883333333333334,0.24209545204693736,1.4387463597642893,0.005148580213888889,0.3278114833930758,0.06973833333333333,0.16826833333333333
packaged vegetables fruits,fresh vegetables,0.23417666666666667,0.6393756683579441,1.43853411610544,0.07138826697222223,0.481028665448478,0.36625833333333335,0.4444633333333333
fresh vegetables,packaged vegetables fruits,0.23417666666666667,0.5268751078079181,1.4385341161054395,0.07138826697222223,0.5487448920066977,0.4444633333333333,0.36625833333333335
prepared meals,packaged vegetables fruits + fresh fruits,0.010698333333333334,0.3896206373292868,1.4383868376213487,0.003260603055555555,0.31338166886376145,0.027458333333333335,0.27087333333333335
eggs,milk,0.04792333333333333,0.34945674631146545,1.438340235204111,0.014604837361111109,0.35318942576309315,0.13713666666666666,0.24295833333333333
packaged vegetables fruits + energy granola bars,milk,0.01347,0.3493710284009856,1.437987426105926,0.004102741458333333,0.3167977650268487,0.038555,0.24295833333333333
fresh vegetables + eggs,soy lactosefree,0.020673333333333332,0.24479485307177673,1.4378974599652072,0.006295859341666665,0.332631391928712,0.08445166666666666,0.170245
frozen breakfast,packaged vegetables fruits + fresh fruits,0.02408,0.38947595428078496,1.4378527021761154,0.007332804711111109,0.3245865739835548,0.06182666666666667,0.27087333333333335
fresh vegetables + juice nectars,milk,0.015108333333333333,0.34915071447829604,1.4370806289622886,0.004595121319444444,0.3179009225744889,0.04327166666666667,0.24295833333333333
frozen produce + soy lactosefree,fresh fruits,0.02654166666666667,0.8017015706806284,1.4366982539600879,0.00806759488888889,0.31436727151662963,0.033106666666666666,0.5580166666666667
frozen produce,fresh fruits + milk,0.029023333333333335,0.2348736208896442,1.43669700510543,0.008821903783333335,0.34681493560434346,0.12357,0.16348166666666666
hot dogs bacon sausage + fresh vegetables,milk,0.017253333333333332,0.3489987188996022,1.4364550254828423,0.0052422831944444435,0.3196438901034432,0.049436666666666663,0.24295833333333333
energy granola bars + milk,packaged vegetables fruits,0.01347,0.5261033719567765,1.436427035444317,0.004092565805555556,0.3118116130701704,0.025603333333333332,0.36625833333333335
paper goods,water seltzer sparkling water,0.017363333333333335,0.2748740138782617,1.4364235675076384,0.0052754410666666675,0.32431281569189485,0.06316833333333334,0.19136
bread + frozen produce,fresh fruits,0.021175,0.8014255976786728,1.436203693459585,0.006431269638888888,0.311962505041551,0.026421666666666666,0.5580166666666667
bread + nuts seeds dried fruit,fresh fruits,0.013241666666666667,0.8013919709501715,1.4361434323051965,0.0040213712777777775,0.30879300935467313,0.016523333333333334,0.5580166666666667
packaged vegetables fruits + paper goods,fresh vegetables,0.014103333333333334,0.6381117562778071,1.435690434781588,0.004279952894444446,0.3103298222013027,0.022101666666666665,0.4444633333333333
fresh fruits + paper goods,yogurt,0.012276666666666667,0.3783256291730868,1.4353714178460903,0.0037237120000000005,0.31348892523562566,0.03245,0.2635733333333333
frozen produce + fresh fruits,bread,0.021175,0.23576240048989588,1.435314700359571,0.006422137791666664,0.3332165215353797,0.089815,0.16425833333333334
fresh fruits + energy granola bars,water seltzer sparkling water,0.016243333333333332,0.2746590012399955,1.4352999646738893,0.004926302933333331,0.32234501071383354,0.05914,0.19136
chips pretzels + bread,packaged vegetables fruits,0.021136666666666668,0.5256351805031708,1.4351487260899751,0.006408808652777778,0.31591143045762793,0.040211666666666666,0.36625833333333335
yogurt + packaged produce,fresh fruits,0.010176666666666667,0.8007868852459017,1.4350590817106448,0.0030852048611111106,0.30706688691110623,0.012708333333333334,0.5580166666666667
chips pretzels + nuts seeds dried fruit,packaged vegetables fruits,0.010348333333333333,0.5255628914846792,1.434951354421094,0.003136706749999999,0.309200420739178,0.01969,0.36625833333333335
doughs gelatins bake mixes + fresh fruits,fresh vegetables,0.010731666666666667,0.6377773375594294,1.434938024642669,0.0032528303111111117,0.30829334002236763,0.016826666666666667,0.4444633333333333
packaged cheese + fruit vegetable snacks,fresh fruits,0.013001666666666667,0.8005952380952381,1.4347156382937871,0.003939475999999999,0.3079996843912423,0.01624,0.5580166666666667
frozen produce + fresh vegetables,fresh fruits,0.06261166666666666,0.8005412662220044,1.4346189173955455,0.018968253138888884,0.3286554702528241,0.07821166666666667,0.5580166666666667
chips pretzels + refrigerated,milk,0.011138333333333333,0.348544904558256,1.4345871564736998,0.003374194861111111,0.3129357286717937,0.03195666666666667,0.24295833333333333
fresh herbs + packaged cheese,fresh fruits,0.024626666666666668,0.8003033093213455,1.4341924840739741,0.007455563805555555,0.31235521263793115,0.030771666666666666,0.5580166666666667
frozen produce + packaged vegetables fruits,bread,0.015971666666666665,0.2355760957742324,1.4341804826192426,0.004835225430555553,0.3247555740597858,0.06779833333333334,0.16425833333333334
fresh fruits + soy lactosefree,bread,0.027835,0.23547741244148665,1.4335797013331844,0.008418569944444444,0.34298907564572223,0.11820666666666667,0.16425833333333334
water seltzer sparkling water + fresh herbs,fresh fruits,0.013955,0.7999426769848094,1.4335462088673743,0.0042203992499999995,0.30779873196767477,0.017445,0.5580166666666667
fresh dips tapenades + milk,fresh fruits,0.02248,0.7998576765700053,1.433393882924653,0.00679694158333333,0.31109847528733353,0.028105,0.5580166666666667
frozen meals,packaged cheese,0.024621666666666667,0.3308103992655127,1.4333723745030338,0.007444227569444444,0.3266571299012685,0.07442833333333333,0.23079166666666667
frozen produce + milk,fresh fruits,0.029023333333333335,0.7998346500091861,1.433352617919153,0.008774768555555555,0.31371877671096843,0.03628666666666667,0.5580166666666667
fresh fruits + asian foods,yogurt,0.010558333333333333,0.37778042817102986,1.4333029195076508,0.0031918979555555557,0.31100278671459947,0.027948333333333332,0.2635733333333333
oils vinegars,fresh vegetables,0.043548333333333335,0.6369974889685268,1.4331834398829904,0.013162597550000005,0.3244324367251246,0.068365,0.4444633333333333
specialty cheeses,fresh vegetables,0.015385,0.6369281722210722,1.4330274838293497,0.004648988183333333,0.30965642853089287,0.024155,0.4444633333333333
cereal + fresh vegetables,fresh fruits,0.034666666666666665,0.7995694625970631,1.432877385855374,0.010472924055555551,0.3157954150717693,0.04335666666666667,0.5580166666666667
frozen produce + canned meals beans,fresh fruits,0.01291,0.7993808049535603,1.4325392998182138,0.0038980308333333314,0.3068952296342974,0.01615,0.5580166666666667
canned meals beans + fresh vegetables,chips pretzels,0.012065,0.24101881138671546,1.4323480040018353,0.0036417676805555552,0.3177517666674814,0.05005833333333334,0.16826833333333333
eggs,packaged cheese,0.04533333333333334,0.33057047713959314,1.4323328130258595,0.013683333472222226,0.34981001822363894,0.13713666666666666,0.23079166666666667
yogurt + eggs,fresh fruits,0.039996666666666666,0.7991874250699347,1.4321927512378985,0.012069792555555552,0.3176681956857575,0.05004666666666667,0.5580166666666667
yogurt + baby food formula,fresh vegetables,0.013976666666666667,0.6365568544102019,1.4321920542606483,0.004217733411111112,0.3085442242758925,0.021956666666666666,0.4444633333333333
nuts seeds dried fruit + soy lactosefree,fresh fruits,0.015665,0.799098792722326,1.4320339166494296,0.004726013277777774,0.307724951738336,0.019603333333333334,0.5580166666666667
baking ingredients + fresh fruits,bread,0.011058333333333333,0.23520862136197668,1.4319433089867182,0.0033357277916666664,0.31652998821744477,0.047015,0.16425833333333334
nuts seeds dried fruit + fresh vegetables,chips pretzels,0.010298333333333333,0.24094365373367127,1.4319013504244487,0.003106264319444445,0.3150955773747902,0.042741666666666664,0.16826833333333333
chips pretzels + other creams cheeses,packaged vegetables fruits,0.01132,0.5243572917470856,1.4316596894189044,0.003413093013888889,0.3081627027060073,0.021588333333333334,0.36625833333333335
packaged vegetables fruits + tea,fresh vegetables,0.01423,0.6363094350871963,1.4316353844423528,0.004290318322222222,0.3083948623490054,0.022363333333333332,0.4444633333333333
frozen produce + crackers,fresh fruits,0.01475,0.7988085567289467,1.4315137959958424,0.0044462222499999995,0.30710957491089924,0.018465,0.5580166666666667
packaged cheese,fresh fruits + fresh vegetables,0.10524333333333333,0.456010110128182,1.4314956918842336,0.031723493958333335,0.3918703800405098,0.23079166666666667,0.318555
fresh fruits + fresh vegetables,packaged cheese,0.10524333333333333,0.3303772765561154,1.4314956918842334,0.031723493958333335,0.44233938456318617,0.318555,0.23079166666666667
frozen produce + eggs,fresh fruits,0.018626666666666666,0.7986279834214663,1.431190197583345,0.005611857944444442,0.3084755263694483,0.023323333333333335,0.5580166666666667
water seltzer sparkling water + eggs,milk,0.010111666666666666,0.34771893626776706,1.4311875270839323,0.0030464383333333326,0.3103031610018751,0.02908,0.24295833333333333
soy lactosefree + lunch meat,fresh fruits,0.017281666666666667,0.798536773199846,1.4310267432869614,0.005205255972222222,0.3078637240535778,0.021641666666666667,0.5580166666666667
water seltzer sparkling water + fresh fruits,soy lactosefree,0.027005,0.2436101756074092,1.4309387976587222,0.008132774266666667,0.3387046288329763,0.11085333333333333,0.170245
packaged vegetables fruits + energy granola bars,water seltzer sparkling water,0.010556666666666667,0.2738079799420741,1.430852737991608,0.0031787818666666676,0.313191143915848,0.038555,0.19136
bread + cream,packaged vegetables fruits,0.010286666666666666,0.5240278485311597,1.4307602062237301,0.003097015583333332,0.3070992179860723,0.01963,0.36625833333333335
refrigerated + crackers,packaged vegetables fruits,0.010845,0.5239552298896851,1.4305619345808334,0.003264062930555556,0.3073353197231236,0.020698333333333332,0.36625833333333335
canned jarred vegetables,packaged vegetables fruits,0.038808333333333334,0.5239177391773918,1.4304595731903031,0.01167835772222222,0.32499762722543263,0.07407333333333334,0.36625833333333335
packaged vegetables fruits + baking ingredients,milk,0.011325,0.34751700506316174,1.4303563919595064,0.0034073928472222233,0.3110087990051534,0.03258833333333333,0.24295833333333333
preserved dips spreads,fresh fruits + fresh vegetables,0.01458,0.4555775440058327,1.4301377909806243,0.00438517815,0.3107104469589075,0.032003333333333335,0.318555
fresh vegetables + lunch meat,fresh fruits,0.04822333333333333,0.7978931693461655,1.4298733658125482,0.014497736027777777,0.3199761963950659,0.06043833333333333,0.5580166666666667
cereal,packaged cheese,0.030643333333333335,0.32996536314854363,1.4297109073054788,0.009210095902777781,0.33132775607295917,0.09286833333333333,0.23079166666666667
packaged cheese + cream,fresh vegetables,0.018445,0.6354501607717041,1.42970209939711,0.0055437109777777775,0.30953846026101095,0.029026666666666666,0.4444633333333333
yogurt + dry pasta,fresh fruits,0.021215,0.7976063663136788,1.4293593972348713,0.006372686694444444,0.3085939772676615,0.026598333333333335,0.5580166666666667
chips pretzels + water seltzer sparkling water,yogurt,0.015256666666666667,0.3766613175328149,1.4290570019709186,0.0045806288,0.3129123654840995,0.040505,0.2635733333333333
butter,fresh fruits + fresh vegetables,0.034175,0.4552013497313857,1.4289568511917432,0.010258952449999997,0.32455533915767004,0.07507666666666667,0.318555
yogurt + cereal,packaged vegetables fruits,0.01935,0.5232558139534884,1.4286523099455894,0.0058057668333333316,0.31156116137736445,0.03698,0.36625833333333335
condiments,yogurt + fresh vegetables,0.012376666666666666,0.20689270888474076,1.4285210859955864,0.0037126946833333334,0.3190621615422422,0.05982166666666667,0.14483
fresh dips tapenades,bread,0.02312,0.23464537627497084,1.4285142891277205,0.0069353526527777785,0.3327593321481125,0.09853166666666667,0.16425833333333334
hot dogs bacon sausage + bread,fresh vegetables,0.014308333333333333,0.6347504621072088,1.4281278443078367,0.004289389027777776,0.3066960155493035,0.022541666666666668,0.4444633333333333
frozen produce + soy lactosefree,packaged cheese,0.010911666666666667,0.32959122029802657,1.4280897792295788,0.003270923888888889,0.3100279026549931,0.033106666666666666,0.23079166666666667
packaged vegetables fruits + fresh vegetables,fresh fruits,0.1866,0.7968342988911505,1.427975805187092,0.05592551705555554,0.3913539974046633,0.23417666666666667,0.5580166666666667
fresh fruits,packaged vegetables fruits + fresh vegetables,0.1866,0.33439861413936256,1.4279758051870919,0.05592551705555554,0.6780980190937003,0.5580166666666667,0.23417666666666667
packaged cheese + lunch meat,fresh vegetables,0.02889,0.6346428440669278,1.4278857140077423,0.008657288294444444,0.31395562166371294,0.04552166666666667,0.4444633333333333
fresh vegetables + milk,fresh fruits,0.098865,0.7967736302703864,1.4278670833076426,0.02962536197222221,0.34210346920515877,0.12408166666666667,0.5580166666666667
soy lactosefree,yogurt + fresh fruits,0.04586833333333333,0.2694254358914114,1.4276590468586061,0.013739980675,0.3610133681040668,0.170245,0.18871833333333332
yogurt + fresh fruits,soy lactosefree,0.04586833333333333,0.24305181443244342,1.4276590468586061,0.013739980675,0.36923384264551357,0.18871833333333332,0.170245
fresh vegetables + soy lactosefree,packaged cheese,0.031236666666666666,0.3294369935490675,1.4274215282862648,0.009353385486111108,0.3308022090844417,0.09481833333333334,0.23079166666666667
yogurt + pasta sauce,fresh fruits,0.018511666666666666,0.7964861957690929,1.4273519830992374,0.005542429305555553,0.30652613958654396,0.023241666666666667,0.5580166666666667
bread + packaged cheese,fresh vegetables,0.03789666666666667,0.6343777027592556,1.42728917141854,0.01134516790555556,0.31839129483479983,0.05973833333333333,0.4444633333333333
spices seasonings,packaged cheese + fresh fruits,0.011743333333333333,0.22300291176098241,1.4269294442362555,0.0035135407666666667,0.31582589339098793,0.05266,0.15628166666666668
fresh dips tapenades,yogurt,0.03705666666666667,0.37608890542803497,1.4268852644224315,0.011086346844444445,0.33187278149644356,0.09853166666666667,0.2635733333333333
water seltzer sparkling water + fresh fruits,yogurt,0.04169,0.3760825114265095,1.4268610055133657,0.012472017422222221,0.3364584260969692,0.11085333333333333,0.2635733333333333
popcorn jerky + fresh vegetables,fresh fruits,0.014925,0.7960707618454974,1.4266075000964678,0.004463117527777779,0.30474990303527427,0.018748333333333332,0.5580166666666667
packaged cheese + ice cream ice,packaged vegetables fruits,0.016948333333333333,0.5224785490417716,1.426530133216823,0.005067523430555554,0.3090225091481719,0.03243833333333333,0.36625833333333335
bread + soy lactosefree,fresh vegetables,0.022498333333333332,0.6340237659104786,1.4264928473525644,0.0067265519499999996,0.30997963858720107,0.035485,0.4444633333333333
fresh fruits + spreads,milk,0.018585,0.34655188488672034,1.4263840228573639,0.00555554951388889,0.31586588868314613,0.05362833333333333,0.24295833333333333
yogurt + canned jarred vegetables,fresh fruits,0.019713333333333333,0.7959087544579773,1.4263171729481985,0.005892190527777777,0.3064847863269076,0.024768333333333333,0.5580166666666667
nuts seeds dried fruit + yogurt,fresh fruits,0.022795,0.7955444392740809,1.425664297853853,0.006805962444444442,0.30738006465659456,0.028653333333333333,0.5580166666666667
yogurt + tortillas flat bread,fresh fruits,0.016801666666666666,0.7954706857097766,1.4255321269551864,0.005015424638888887,0.304948589498157,0.021121666666666667,0.5580166666666667
packaged vegetables fruits + refrigerated,milk,0.02008,0.34631636436804736,1.4254146363973823,0.005992870902777779,0.3168194668761986,0.05798166666666667,0.24295833333333333
packaged vegetables fruits + frozen meals,fresh vegetables,0.020385,0.6335336164922822,1.4253900580301688,0.006083651477777778,0.30835963430952096,0.032176666666666666,0.4444633333333333
yogurt + hot cereal pancake mixes,fresh fruits,0.014393333333333333,0.795358261189906,1.4253306553386804,0.00429509172222222,0.30390813474126716,0.018096666666666667,0.5580166666666667
bread + fresh dips tapenades,fresh fruits,0.018388333333333333,0.7953431372549019,1.4253035523220368,0.005486987999999998,0.3054572407434302,0.02312,0.5580166666666667
fresh herbs + fresh vegetables,soy lactosefree,0.019318333333333333,0.24256565867950194,1.4248034225939201,0.005759737791666665,0.32394860080568083,0.07964166666666667,0.170245
fruit vegetable snacks,bread,0.010863333333333332,0.23401428930456322,1.4246722498375317,0.0032381877361111096,0.3125953714499134,0.04642166666666667,0.16425833333333334
packaged vegetables fruits + refrigerated,fresh fruits,0.04609166666666667,0.7949351806605536,1.424572469150659,0.013736930305555554,0.3163792028194304,0.05798166666666667,0.5580166666666667
frozen produce,fresh vegetables,0.07821166666666667,0.6329340994308219,1.4240412019682658,0.023289332566666668,0.3397568855442673,0.12357,0.4444633333333333
condiments,chips pretzels,0.014333333333333333,0.2396010364137854,1.4239223249400388,0.004267241186111111,0.31665747954546475,0.05982166666666667,0.16826833333333333
bread + butter,packaged vegetables fruits,0.010555,0.52149209486166,1.423836804245619,0.003141931333333333,0.3038216702006289,0.02024,0.36625833333333335
packaged vegetables fruits + dry pasta,fresh fruits,0.02934,0.7944760357432982,1.423749653373492,0.008732444500000002,0.3090422591937145,0.03693,0.5580166666666667
frozen pizza,fresh fruits + milk,0.010181666666666667,0.2327504095706176,1.423709546864282,0.0030301611583333343,0.3112240380215641,0.043745,0.16348166666666666
refrigerated,chips pretzels,0.03195666666666667,0.23948939571831832,1.4232588566970512,0.009503501161111112,0.3431799056969909,0.13343666666666668,0.16826833333333333
packaged vegetables fruits + packaged cheese,soy lactosefree,0.027686666666666665,0.24229164843499315,1.4231939172075134,0.008232770516666665,0.33571750218161284,0.11427,0.170245
packaged vegetables fruits + packaged cheese,fresh fruits,0.09073166666666667,0.7940112598815671,1.4229167465993853,0.02696710216666666,0.3355629759369226,0.11427,0.5580166666666667
fresh fruits + refrigerated,packaged cheese,0.02832,0.3283732075909249,1.42281223725983,0.00841575736111111,0.325214123547365,0.08624333333333334,0.23079166666666667
asian foods,packaged vegetables fruits + fresh fruits,0.016528333333333332,0.38538063964559127,1.4227337733956507,0.00491102752222222,0.31044215896896105,0.042888333333333334,0.27087333333333335
packaged cheese + milk,fresh vegetables,0.049346666666666664,0.632311799252536,1.422641086072048,0.014660007361111109,0.32222933314375035,0.07804166666666666,0.4444633333333333
soup broth bouillon,bread,0.019658333333333333,0.23365689381933438,1.4224964364223085,0.005838732222222221,0.32429452015188126,0.08413333333333334,0.16425833333333334
packaged cheese + instant foods,fresh vegetables,0.013431666666666666,0.6320784313725489,1.4221160306569323,0.003986820833333333,0.3032669186080878,0.02125,0.4444633333333333
tortillas flat bread + soy lactosefree,fresh fruits,0.010251666666666666,0.7934726522187823,1.4219515287215714,0.0030420913333333325,0.30062522569685196,0.01292,0.5580166666666667
meat counter,packaged vegetables fruits,0.01132,0.5207790216224506,1.42188989089427,0.003358764694444443,0.30330346844584727,0.021736666666666668,0.36625833333333335
spreads,yogurt,0.029331666666666666,0.37474979770878575,1.4218046756454337,0.008701781866666664,0.32186053476705306,0.07827,0.2635733333333333
yogurt,packaged vegetables fruits + fresh vegetables,0.08775666666666666,0.332949716713881,1.4217886070938508,0.02603394204444444,0.4028378864253885,0.2635733333333333,0.23417666666666667
packaged vegetables fruits + fresh vegetables,yogurt,0.08775666666666666,0.37474556246708324,1.4217886070938508,0.02603394204444444,0.38737467114777663,0.23417666666666667,0.2635733333333333
crackers,yogurt,0.04308,0.3747444726350127,1.4217844722595079,0.012780048888888892,0.33519158207825306,0.11495833333333333,0.2635733333333333
bread + fresh vegetables,fresh fruits,0.07226833333333334,0.7933147938087745,1.421668636794793,0.021434875055555552,0.32632866263147287,0.09109666666666667,0.5580166666666667
nuts seeds dried fruit,soy lactosefree,0.019603333333333334,0.24198160758738455,1.4213727721071663,0.005811502141666668,0.3225882016937978,0.08101166666666666,0.170245
nuts seeds dried fruit,packaged vegetables fruits + fresh vegetables,0.026963333333333332,0.33283271956714056,1.4212889964861595,0.007992291272222223,0.3225430766878415,0.08101166666666666,0.23417666666666667
grains rice dried goods,packaged cheese,0.013608333333333333,0.32791164658634536,1.420812334008357,0.004030479166666667,0.309000814895953,0.0415,0.23079166666666667
yogurt + packaged cheese,fresh fruits,0.069635,0.7928083491461101,1.4207610569805742,0.02062253611111111,0.3246686050539261,0.08783333333333333,0.5580166666666667
fresh vegetables + soy lactosefree,yogurt,0.03549666666666667,0.3743650137983161,1.420344801440394,0.01050508248888889,0.32694608806865194,0.09481833333333334,0.2635733333333333
fresh fruits + ice cream ice,packaged vegetables fruits,0.03349833333333333,0.5201200734932588,1.4200907560508533,0.009909465374999996,0.31618344899543455,0.064405,0.36625833333333335
refrigerated,yogurt + fresh fruits,0.035758333333333336,0.2679798156428768,1.4199988464795514,0.010576387994444447,0.3413184754539227,0.13343666666666668,0.18871833333333332
fresh fruits + soup broth bouillon,chips pretzels,0.013066666666666667,0.23892969249992382,1.4199326026877142,0.003864351963888891,0.3128504938154689,0.05468833333333333,0.16826833333333333
bread + yogurt,fresh fruits,0.04826333333333333,0.7923062190484008,1.4198612091306724,0.014271748083333327,0.31488716158688684,0.060915,0.5580166666666667
water seltzer sparkling water + soy lactosefree,yogurt,0.013948333333333333,0.37418402933023337,1.4196581444641594,0.0041231980444444444,0.3070509036890444,0.037276666666666666,0.2635733333333333
packaged vegetables fruits + prepared meals,fresh fruits,0.010698333333333334,0.7920779861796644,1.4194522018691156,0.0031613882222222217,0.2995487771666215,0.013506666666666667,0.5580166666666667
fresh herbs,yogurt + fresh fruits,0.025216666666666665,0.2678729506745512,1.4194325794590767,0.007451351827777779,0.32620056663624636,0.09413666666666666,0.18871833333333332
pasta sauce,yogurt,0.023241666666666667,0.37409126270890897,1.4193061869267591,0.006866294755555558,0.3150008739422043,0.062128333333333334,0.2635733333333333
water seltzer sparkling water + soy lactosefree,packaged vegetables fruits,0.019376666666666667,0.5198068496825539,1.4192355569135278,0.005723776861111111,0.30683304396998334,0.037276666666666666,0.36625833333333335
frozen produce + fresh vegetables,bread,0.01823,0.2330854305623628,1.4190173845813776,0.005383081986111111,0.32034143632712175,0.07821166666666667,0.16425833333333334
packaged vegetables fruits + popcorn jerky,fresh fruits,0.014796666666666666,0.7917595647908677,1.4188815712628673,0.004368265194444443,0.30084177595676664,0.018688333333333335,0.5580166666666667
energy granola bars,fresh fruits + milk,0.020095,0.23195906038977276,1.4188689479336487,0.005932310747222221,0.32321382681482724,0.08663166666666666,0.16348166666666666
tortillas flat bread + fresh vegetables,fresh fruits,0.029056666666666668,0.7917347865576747,1.418837167153325,0.008577454999999998,0.30644398179982923,0.0367,0.5580166666666667
water seltzer sparkling water + packaged cheese,soy lactosefree,0.011625,0.24152498355206203,1.4186906138333697,0.003430824408333333,0.31004779752809475,0.04813166666666667,0.170245
yogurt + packaged vegetables fruits,chips pretzels,0.030498333333333332,0.23870025175773862,1.4185690618619387,0.008998968830555554,0.33828659676821354,0.12776833333333334,0.16826833333333333
yogurt + frozen appetizers sides,fresh vegetables,0.012151666666666667,0.6304911795226565,1.4185448657691822,0.003585376688888888,0.3008506529529332,0.019273333333333333,0.4444633333333333
fresh fruits + candy chocolate,packaged cheese,0.013338333333333334,0.32736123041682,1.4184274291394983,0.003934726874999999,0.3075239565237155,0.040745,0.23079166666666667
fresh vegetables + breakfast bakery,fresh fruits,0.026503333333333334,0.791262377469274,1.4179905811701095,0.007812565083333334,0.30499241897314067,0.033495,0.5580166666666667
frozen appetizers sides + packaged cheese,fresh vegetables,0.012605,0.6301449758373604,1.4177659405815861,0.0037142517888888883,0.3006795507485162,0.020003333333333335,0.4444633333333333
bread + milk,packaged vegetables fruits,0.030961666666666665,0.5191571416594473,1.4174616504546806,0.009118630097222219,0.3131917769790367,0.059638333333333335,0.36625833333333335
frozen produce + packaged cheese,fresh fruits,0.030906666666666666,0.7908900925491534,1.4173234238209493,0.00910030536111111,0.30641908487948394,0.03907833333333333,0.5580166666666667
packaged vegetables fruits + candy chocolate,fresh vegetables,0.016545,0.6299257567104511,1.4172727185079785,0.0048711705500000015,0.3023610071691019,0.026265,0.4444633333333333
yogurt + soy lactosefree,fresh fruits,0.04586833333333333,0.7908560590821575,1.4172624337662987,0.013504296694444438,0.31254124647684944,0.05799833333333333,0.5580166666666667
butter,yogurt + fresh fruits,0.020073333333333332,0.26737113173200727,1.4167734899383064,0.005904989927777778,0.3180489228289697,0.07507666666666667,0.18871833333333332
hot dogs bacon sausage + milk,fresh vegetables,0.017253333333333332,0.629683698296837,1.4167281102231988,0.005075037999999999,0.302434979647917,0.0274,0.4444633333333333
fresh dips tapenades + lunch meat,fresh fruits,0.013393333333333333,0.7905558288243975,1.4167244027796018,0.003939600972222221,0.2992156254411075,0.016941666666666667,0.5580166666666667
canned jarred vegetables + soy lactosefree,fresh fruits,0.01324,0.7905264205393572,1.4166717013339334,0.0038941508611111102,0.2991300860644812,0.016748333333333334,0.5580166666666667
packaged cheese + energy granola bars,fresh fruits,0.021326666666666667,0.7904620706696318,1.416556382431167,0.006271377,0.3022164924318957,0.02698,0.5580166666666667
yogurt + cream,packaged vegetables fruits,0.016046666666666667,0.5188059058088156,1.4165026665390519,0.004718296416666667,0.3034207242730577,0.03093,0.36625833333333335
frozen appetizers sides,milk,0.01792,0.34413007297401094,1.4164160094968723,0.0052683497222222216,0.3101429049026882,0.05207333333333333,0.24295833333333333
fresh herbs,packaged cheese,0.030771666666666666,0.3268829007471407,1.4163548687364826,0.009045708472222223,0.3245105994673588,0.09413666666666666,0.23079166666666667
other creams cheeses + fresh herbs,fresh fruits,0.010185,0.7902495797232639,1.4161755856574125,0.0029930951944444435,0.2977098551750475,0.012888333333333333,0.5580166666666667
packaged vegetables fruits + juice nectars,fresh fruits,0.030205,0.7901896664486593,1.4160682174044847,0.008874812916666662,0.30549695280947736,0.038225,0.5580166666666667
dry pasta,yogurt,0.026598333333333335,0.3732313664959424,1.416043731646888,0.007814779733333336,0.3163519418853753,0.071265,0.2635733333333333
bread + spreads,packaged vegetables fruits,0.011945,0.5186337651060134,1.4160326684881257,0.003509460152777779,0.3007278674134386,0.023031666666666666,0.36625833333333335
packaged cheese + spreads,fresh vegetables,0.016031666666666666,0.6292686118016485,1.415794205299984,0.004708222477777777,0.3013603142055263,0.02547666666666667,0.4444633333333333
bread + energy granola bars,fresh fruits,0.015415,0.7897703014260097,1.4153166896317486,0.004523444694444444,0.29928591478944927,0.019518333333333332,0.5580166666666667
water seltzer sparkling water + fresh vegetables,chips pretzels,0.019773333333333334,0.2381133968891119,1.4150814486134957,0.0058000504861111125,0.319891193665131,0.08304166666666667,0.16826833333333333
frozen produce + ice cream ice,fresh vegetables,0.010338333333333333,0.6289161512724323,1.4150012028118533,0.0030320969055555556,0.29818854247576493,0.016438333333333333,0.4444633333333333
frozen meals,bread,0.017298333333333332,0.23241597062050742,1.4149417317467856,0.0050728593472222205,0.3168389079886841,0.07442833333333333,0.16425833333333334
dry pasta,packaged vegetables fruits,0.03693,0.5182066933277205,1.4148666287303238,0.010828599874999997,0.3157193400406768,0.071265,0.36625833333333335
prepared meals + fresh vegetables,fresh fruits,0.011035,0.7891537544696067,1.4142117997723005,0.0032320669444444432,0.2970460311813088,0.013983333333333334,0.5580166666666667
pasta sauce + soy lactosefree,fresh fruits,0.011258333333333334,0.7889511796309273,1.4138487732700826,0.003295435499999999,0.29694822842164936,0.01427,0.5580166666666667
milk + lunch meat,fresh vegetables,0.023045,0.6283000863361657,1.4136151156139594,0.006742825705555556,0.30373433805515737,0.036678333333333334,0.4444633333333333
preserved dips spreads,packaged vegetables fruits + fresh fruits,0.012251666666666666,0.3828247057598167,1.4132978726581304,0.003582817088888886,0.3021033928977827,0.032003333333333335,0.27087333333333335
fresh fruits + cream,chips pretzels,0.013611666666666666,0.23780683108639314,1.4132595621263249,0.003980267713888888,0.31016948083176965,0.057238333333333336,0.16826833333333333
packaged vegetables fruits + frozen appetizers sides,fresh fruits,0.019561666666666668,0.7886178861788617,1.4132514910167469,0.005720063249999999,0.29984962563395323,0.024805,0.5580166666666667
latino foods,packaged vegetables fruits,0.011128333333333334,0.5174364538127713,1.4127636335358138,0.0032513374444444448,0.29858916806683433,0.021506666666666667,0.36625833333333335
fresh vegetables,yogurt + fresh fruits,0.11849166666666666,0.2665949197159121,1.4126604183443339,0.03461328717222223,0.5258263054943447,0.4444633333333333,0.18871833333333332
yogurt + fresh fruits,fresh vegetables,0.11849166666666666,0.6278757584053837,1.4126604183443336,0.03461328717222223,0.36006704576500553,0.18871833333333332,0.4444633333333333
packaged vegetables fruits + instant foods,fresh fruits,0.019006666666666668,0.7882767678164099,1.4126401860453568,0.005551954805555556,0.2993228266711507,0.024111666666666667,0.5580166666666667
chips pretzels + packaged vegetables fruits,milk,0.025041666666666667,0.3432010781424884,1.4125923298610397,0.0073142118750000006,0.3150708141688052,0.072965,0.24295833333333333
yogurt + frozen appetizers sides,fresh fruits,0.015191666666666666,0.7882220684884124,1.4125421615036808,0.004436825444444443,0.297796052107701,0.019273333333333333,0.5580166666666667
fresh herbs + oils vinegars,fresh fruits,0.010041666666666667,0.78809679529104,1.4123176642711508,0.0029316043055555557,0.29571185917270715,0.012741666666666667,0.5580166666666667
soup broth bouillon,packaged vegetables fruits + fresh fruits,0.03218,0.3824881141045959,1.4120552562252806,0.009390523555555554,0.31861888513931574,0.08413333333333334,0.27087333333333335
packaged vegetables fruits + pasta sauce,fresh fruits,0.025813333333333334,0.7879127028539452,1.4119877593631227,0.007531777305555553,0.3016614963635141,0.03276166666666667,0.5580166666666667
fresh fruits + refrigerated,milk,0.029585,0.34304100800061843,1.411933492027927,0.008631463472222222,0.3192877855673056,0.08624333333333334,0.24295833333333333
nuts seeds dried fruit + fresh fruits,fresh vegetables,0.03464166666666667,0.627547477431237,1.4119218175430377,0.010106549894444445,0.30879127978491394,0.05520166666666667,0.4444633333333333
oils vinegars + fresh fruits,bread,0.010198333333333334,0.23191207125260566,1.4118740069155638,0.002975073125,0.305140035769482,0.043975,0.16425833333333334
fresh vegetables + pasta sauce,milk,0.014013333333333333,0.3430156657963446,1.4118291852361982,0.004087675555555555,0.3041234744871009,0.04085333333333333,0.24295833333333333
pickled goods olives,packaged vegetables fruits,0.016666666666666666,0.5170363476552402,1.4116712183711138,0.0048603292916666666,0.30133323430791564,0.032235,0.36625833333333335
hot cereal pancake mixes,fresh fruits + fresh vegetables,0.020453333333333334,0.44968853059728836,1.4116511453196101,0.005964390083333335,0.30550507375248825,0.045483333333333334,0.318555
fresh fruits + butter,chips pretzels,0.011621666666666667,0.2375080895125856,1.4114841741618185,0.003388016669444445,0.30652464768314963,0.048931666666666665,0.16826833333333333
yogurt,fresh fruits + fresh vegetables,0.11849166666666666,0.4495586301092675,1.411243364911138,0.034529063466666676,0.39570130691092187,0.2635733333333333,0.318555
fresh fruits + fresh vegetables,yogurt,0.11849166666666666,0.37196611783417827,1.4112433649111378,0.034529063466666676,0.427628046935635,0.318555,0.2635733333333333
butter + milk,packaged vegetables fruits,0.014341666666666667,0.5168789043728976,1.4112413488827948,0.004179218777777778,0.2997202191961998,0.027746666666666666,0.36625833333333335
yogurt + crackers,fresh fruits,0.03392166666666667,0.7874110182606004,1.4110887098842932,0.009882308666666666,0.30444272518075033,0.04308,0.5580166666666667
packaged vegetables fruits + butter,fresh fruits,0.026805,0.7872246696035243,1.410754761692048,0.007804532499999999,0.3014230327003041,0.03405,0.5580166666666667
eggs + soy lactosefree,fresh fruits,0.024013333333333334,0.7871933562803912,1.410698646301588,0.006991034916666666,0.3002917827025231,0.030505,0.5580166666666667
frozen produce + dry pasta,fresh fruits,0.011621666666666667,0.7871091545321143,1.4105477516181373,0.003382550583333333,0.29541738770799697,0.014765,0.5580166666666667
yogurt + spreads,fresh fruits,0.023086666666666665,0.7870901755781577,1.4105137401717232,0.006719107805555555,0.29983305866992954,0.029331666666666666,0.5580166666666667
spreads,packaged cheese,0.02547666666666667,0.3254972105106256,1.41035079477433,0.007412602916666667,0.3156635296722061,0.07827,0.23079166666666667
canned jarred vegetables,yogurt + fresh fruits,0.019713333333333333,0.2661326613266133,1.4102109563279313,0.005734337322222222,0.3141568829998233,0.07407333333333334,0.18871833333333332
baking ingredients + fresh fruits,milk,0.016108333333333332,0.34262114927859905,1.41020538204191,0.004685647291666666,0.3052340094422893,0.047015,0.24295833333333333
frozen appetizers sides,packaged vegetables fruits + fresh vegetables,0.017195,0.3302073998207655,1.4100781453636095,0.005000640377777777,0.30679530015132683,0.05207333333333333,0.23417666666666667
yogurt + frozen breakfast,fresh fruits,0.020386666666666668,0.7867249807049138,1.409859288620257,0.0059265947777777765,0.29844301119835764,0.025913333333333333,0.5580166666666667
baking ingredients + milk,fresh vegetables,0.01441,0.626612552543847,1.409818325944803,0.004188824877777778,0.2975309698622464,0.022996666666666665,0.4444633333333333
baking ingredients + fresh fruits,yogurt,0.017465,0.3714771881314474,1.4093883604744313,0.005073099733333334,0.3048026548680538,0.047015,0.2635733333333333
canned meals beans + eggs,fresh fruits,0.010951666666666667,0.7863810435615127,1.4092429322209838,0.0031803545555555545,0.2945005485983978,0.013926666666666667,0.5580166666666667
chips pretzels + milk,packaged vegetables fruits,0.025041666666666667,0.5161279241523823,1.4091909375960927,0.007271422763888889,0.3051797694082454,0.04851833333333333,0.36625833333333335
hot dogs bacon sausage + yogurt,fresh fruits,0.022226666666666665,0.7863207547169812,1.4091348909237735,0.006453395555555554,0.2987905437573297,0.028266666666666666,0.5580166666666667
chips pretzels + yogurt,water seltzer sparkling water,0.015256666666666667,0.2696000471225776,1.4088631225051087,0.004427604266666666,0.3076158183567907,0.05659,0.19136
fresh vegetables + eggs,fresh fruits,0.06638333333333334,0.7860511929900732,1.4086518198203275,0.019257895805555557,0.31686078968730413,0.08445166666666666,0.5580166666666667
water seltzer sparkling water + eggs,fresh vegetables,0.018205,0.6260316368638239,1.4085113212124523,0.005280006266666665,0.2987172534381192,0.02908,0.4444633333333333
fresh fruits + soft drinks,packaged cheese,0.012818333333333333,0.3250633981403212,1.4084711239154557,0.0037174486111111096,0.3019158414302815,0.039433333333333334,0.23079166666666667
yogurt + instant foods,fresh vegetables,0.012756666666666666,0.6259916578064939,1.4084213721562946,0.003699244705555556,0.2960175578626909,0.02037833333333333,0.4444633333333333
packaged cheese + soy lactosefree,fresh fruits,0.036583333333333336,0.7857807689553947,1.4081672034086103,0.010603937388888887,0.3040107873562257,0.04655666666666667,0.5580166666666667
canned meals beans + fresh vegetables,fresh fruits,0.03933333333333333,0.7857499583818877,1.408111988976233,0.011399949027777773,0.3051021159937414,0.05005833333333334,0.5580166666666667
tortillas flat bread,yogurt,0.021121666666666667,0.37109809663250365,1.4079500833386167,0.006119951111111112,0.3072342994917297,0.056916666666666664,0.2635733333333333
other creams cheeses + packaged vegetables fruits,fresh fruits,0.032106666666666665,0.7855802952450862,1.4078079422569567,0.0093005255,0.3020193672972527,0.04087,0.5580166666666667
yogurt + eggs,chips pretzels,0.011853333333333334,0.23684561076328756,1.407547136597028,0.0034320641444444445,0.3047983611406578,0.05004666666666667,0.16826833333333333
yogurt + packaged cheese,soy lactosefree,0.021041666666666667,0.23956356736242884,1.40716947553484,0.006088480833333333,0.3172156527182044,0.08783333333333333,0.170245
bread,yogurt,0.060915,0.37084876464918065,1.4070041151704042,0.01762088355555555,0.3461237320731228,0.16425833333333334,0.2635733333333333
yogurt,bread,0.060915,0.23111215095103196,1.407004115170404,0.01762088355555555,0.3928022134573414,0.2635733333333333,0.16425833333333334
frozen produce + cereal,fresh fruits,0.011605,0.7850941481565001,1.4069367369370689,0.0033565836388888895,0.29357552336841436,0.014781666666666667,0.5580166666666667
eggs + spreads,fresh fruits,0.011446666666666667,0.7849142857142858,1.4066144124386113,0.0033089236111111114,0.2933511545408987,0.014583333333333334,0.5580166666666667
bread + juice nectars,packaged vegetables fruits,0.010268333333333334,0.5151768542520279,1.4065942187946427,0.0029681943194444444,0.2949415879291029,0.019931666666666667,0.36625833333333335
energy granola bars + milk,fresh fruits,0.020095,0.7848587423512562,1.4065148753345291,0.005807913277777776,0.29661719446474616,0.025603333333333332,0.5580166666666667
coffee,chips pretzels,0.01323,0.23665146230211967,1.4063933338741872,0.003822958825,0.3060723364003225,0.055905,0.16826833333333333
energy granola bars + fresh vegetables,milk,0.013795,0.3416859313077939,1.4063560883874213,0.003985962222222222,0.30109889767516684,0.04037333333333333,0.24295833333333333
coffee,water seltzer sparkling water,0.015045,0.2691172524818889,1.4063401572005063,0.004347019199999998,0.3060438584785313,0.055905,0.19136
salad dressing toppings,fresh fruits + fresh vegetables,0.012168333333333333,0.44799656378474567,1.4063397648278813,0.0035158486083333336,0.29700132928671374,0.027161666666666667,0.318555
hot dogs bacon sausage + water seltzer sparkling water,fresh vegetables,0.011073333333333333,0.6250235183443086,1.4062431509407793,0.003198924611111112,0.2940958231126643,0.017716666666666665,0.4444633333333333
milk + soy lactosefree,packaged vegetables fruits,0.021625,0.5150240146072321,1.4061769186791622,0.006246423013888886,0.30151191402829,0.041988333333333336,0.36625833333333335
hot dogs bacon sausage + packaged vegetables fruits,fresh fruits,0.031428333333333336,0.7846294678150876,1.4061040013412158,0.00907697575,0.3008662504263799,0.040055,0.5580166666666667
poultry counter + fresh vegetables,fresh fruits,0.022671666666666666,0.78462248370537,1.4060914853893909,0.006547775083333332,0.29740215768702677,0.028895,0.5580166666666667
oils vinegars,packaged cheese + fresh fruits,0.01502,0.2197030644335552,1.4058147005954325,0.004335803858333334,0.30985171119263055,0.068365,0.15628166666666668
bread + soy lactosefree,fresh fruits,0.027835,0.7844159504015781,1.4057213650755558,0.008033778583333328,0.2992400001807382,0.035485,0.5580166666666667
fresh fruits + canned fruit applesauce,fresh vegetables,0.010823333333333334,0.6247835289590149,1.4057031977718784,0.003123746855555557,0.29370014035180053,0.017323333333333333,0.4444633333333333
nuts seeds dried fruit + milk,fresh fruits,0.017283333333333335,0.7843582179865366,1.405617905056366,0.004987436083333335,0.2950709974322776,0.022035,0.5580166666666667
soy lactosefree,fresh fruits + fresh vegetables,0.07623,0.4477664542277307,1.4056174105813148,0.021997604025000006,0.347775979335076,0.170245,0.318555
fresh fruits + fresh vegetables,soy lactosefree,0.07623,0.23929933606441592,1.4056174105813146,0.021997604025000006,0.42346610178837024,0.318555,0.170245
packaged cheese + grains rice dried goods,fresh fruits,0.010671666666666666,0.78420085731782,1.4053359051124277,0.00307798986111111,0.29240550115600994,0.013608333333333333,0.5580166666666667
packaged vegetables fruits + preserved dips spreads,fresh fruits,0.012251666666666666,0.7841903136334543,1.4053170101850976,0.0035335862777777765,0.2929943303855838,0.015623333333333333,0.5580166666666667
packaged vegetables fruits + coffee,fresh vegetables,0.013225,0.6246064231738035,1.4053047266901737,0.003814229688888891,0.2946492696904518,0.021173333333333332,0.4444633333333333
yogurt + ice cream ice,packaged vegetables fruits,0.018273333333333332,0.5146934560135199,1.4052743901531792,0.005269941638888888,0.2990110914093913,0.03550333333333333,0.36625833333333335
fresh fruits + tea,packaged vegetables fruits,0.017455,0.5146690255049388,1.40520768721059,0.005033348624999998,0.29848452489024024,0.033915,0.36625833333333335
packaged vegetables fruits + candy chocolate,fresh fruits,0.020595,0.7841233580810966,1.405197021739667,0.005938692249999997,0.29613397985987355,0.026265,0.5580166666666667
frozen produce + yogurt,chips pretzels,0.010685,0.2364286767959876,1.405069344376468,0.0030803931222222226,0.3019368889089777,0.045193333333333335,0.16826833333333333
water seltzer sparkling water + yogurt,packaged vegetables fruits,0.02876,0.5146129070738399,1.405054466311592,0.008291042611111112,0.3053487415234497,0.05588666666666667,0.36625833333333335
frozen produce + juice nectars,fresh fruits,0.011161666666666667,0.7836414696934239,1.4043334482723164,0.003213649277777777,0.2920785788090591,0.014243333333333334,0.5580166666666667
frozen appetizers sides,yogurt,0.019273333333333333,0.3701190628600691,1.4042356189045522,0.005548191288888889,0.30368256062417487,0.05207333333333333,0.2635733333333333
canned meals beans + milk,fresh fruits,0.015936666666666665,0.7835778087355567,1.40421936394174,0.004587537694444442,0.29383670273452805,0.020338333333333333,0.5580166666666667
packaged vegetables fruits + oils vinegars,fresh fruits,0.025586666666666667,0.7835051546391752,1.4040891633568444,0.007363702388888886,0.29751020927818755,0.03265666666666667,0.5580166666666667
yogurt + energy granola bars,fresh fruits,0.027098333333333332,0.7834907478797224,1.4040633455626577,0.007798396888888885,0.29809140979854115,0.03458666666666667,0.5580166666666667
tea,chips pretzels,0.013393333333333333,0.2362487138027341,1.403999844312561,0.0038539210694444447,0.3050425810954779,0.05669166666666667,0.16826833333333333
tortillas flat bread + fresh vegetables,milk,0.012518333333333333,0.34109900090826517,1.4039403227230944,0.0036017624999999994,0.2986805897597465,0.0367,0.24295833333333333
chips pretzels + packaged vegetables fruits,fresh fruits,0.057161666666666666,0.7834121382397954,1.4039224722794337,0.016445980583333325,0.3103550089060874,0.072965,0.5580166666666667
fresh herbs + fresh vegetables,fresh fruits,0.062391666666666665,0.7834048341529769,1.4039093829090712,0.017950289305555547,0.3125992390292782,0.07964166666666667,0.5580166666666667
yogurt + granola,fresh fruits,0.01195,0.7833497214028188,1.4038106174895948,0.0034374557500000003,0.2921093286453042,0.015255,0.5580166666666667
refrigerated + fresh vegetables,fresh fruits,0.05168333333333333,0.7831401368790565,1.4034350292029325,0.014857023416666663,0.30777411478177247,0.065995,0.5580166666666667
bread + yogurt,fresh vegetables,0.037995,0.6237379955675942,1.4033508476160634,0.010920516050000002,0.3060636893498674,0.060915,0.4444633333333333
crackers + eggs,fresh fruits,0.015936666666666665,0.7829362155080649,1.403069589632445,0.004578237416666664,0.2932459988811644,0.020355,0.5580166666666667
spreads,packaged vegetables fruits + fresh fruits,0.029746666666666668,0.38005195690132443,1.4030615425462987,0.008545410866666665,0.31166707044263026,0.07827,0.27087333333333335
packaged cheese + poultry counter,fresh fruits,0.010456666666666666,0.7828799600698777,1.4029687764461234,0.003003424055555555,0.291114076081896,0.013356666666666666,0.5580166666666667
canned fruit applesauce,fresh fruits + fresh vegetables,0.010823333333333334,0.4467221572539039,1.402339179274863,0.003105276608333334,0.29402960095450603,0.024228333333333334,0.318555
cereal + fresh dips tapenades,fresh fruits,0.010126666666666667,0.7819819819819821,1.4013595447841738,0.002900350833333334,0.29016489343449287,0.01295,0.5580166666666667
yogurt + milk,fresh fruits,0.07458333333333333,0.7818915660545489,1.4011975139115598,0.02135505352777777,0.3165167447953658,0.09538833333333334,0.5580166666666667
milk + lunch meat,fresh fruits,0.028673333333333332,0.7817512609624211,1.4009460786041414,0.008206212027777774,0.29709354913659075,0.036678333333333334,0.5580166666666667
salad dressing toppings,fresh vegetables,0.016911666666666665,0.6226299318893047,1.4008578102939981,0.004839301761111109,0.2941410368242476,0.027161666666666667,0.4444633333333333
bread + canned meals beans,fresh fruits,0.013141666666666666,0.7816992168137207,1.4008528123061808,0.003760476472222222,0.2910420307552181,0.016811666666666666,0.5580166666666667
frozen appetizers sides + fresh vegetables,fresh fruits,0.021956666666666666,0.78156146179402,1.4006059468845373,0.006280118444444441,0.2942909214914503,0.028093333333333335,0.5580166666666667
packaged vegetables fruits + ice cream ice,milk,0.01507,0.3402317880794702,1.4003709336146946,0.004308565555555557,0.29915401597669605,0.04429333333333333,0.24295833333333333
packaged vegetables fruits + cream,fresh fruits,0.029286666666666666,0.7813945215225898,1.4003067797065614,0.008372201999999999,0.2970024224766464,0.03748,0.5580166666666667
fresh fruits + frozen breakfast,fresh vegetables,0.0264,0.6223234982123914,1.4001683638224183,0.007545124627777778,0.2984614055538845,0.04242166666666667,0.4444633333333333
frozen breakfast + soy lactosefree,fresh fruits,0.011098333333333333,0.7811143695014663,1.3998047301480832,0.003169846527777777,0.2897312424102375,0.014208333333333333,0.5580166666666667
spreads,chips pretzels,0.018435,0.23553085473361438,1.3997336876632425,0.0052646375499999995,0.3098286767511751,0.07827,0.16826833333333333
water seltzer sparkling water + fresh fruits,packaged vegetables fruits,0.056826666666666664,0.5126292999759442,1.3996385974633865,0.01622570955555555,0.321127953078966,0.11085333333333333,0.36625833333333335
yogurt + oils vinegars,fresh fruits,0.015851666666666667,0.7808702791461413,1.3993673053005726,0.004523928333333333,0.2913048242802768,0.0203,0.5580166666666667
dry pasta,milk,0.024228333333333334,0.33997520989733154,1.399314875241975,0.006913907708333337,0.3072615559012001,0.071265,0.24295833333333333
crackers + soy lactosefree,fresh fruits,0.019053333333333332,0.7806610215788036,1.3989923029398228,0.005434006555555553,0.2923346998046288,0.024406666666666667,0.5580166666666667
fresh fruits + condiments,yogurt,0.013626666666666667,0.3687367519054706,1.3989911165980522,0.003886314133333334,0.2961431481210035,0.036955,0.2635733333333333
dry pasta + soy lactosefree,fresh fruits,0.012426666666666667,0.780569514237856,1.3988283161874304,0.0035430413333333334,0.2897284642757332,0.01592,0.5580166666666667
packaged vegetables fruits + tea,fresh fruits,0.017455,0.7805187062155312,1.3987372651035472,0.004975887277777775,0.2915903845727105,0.022363333333333332,0.5580166666666667
refrigerated + eggs,fresh vegetables,0.014225,0.6216767426615193,1.3987132256763273,0.00405493816111111,0.291732489813486,0.022881666666666668,0.4444633333333333
fresh fruits + energy granola bars,milk,0.020095,0.3397869462292864,1.3985399947698292,0.0057264441666666655,0.3028809891460531,0.05914,0.24295833333333333
condiments,fresh fruits + fresh vegetables,0.026638333333333333,0.44529574011645723,1.3978614057743788,0.007581842308333333,0.3027313934090086,0.05982166666666667,0.318555
canned meals beans,fresh fruits + milk,0.015936666666666665,0.22852089955309127,1.3978380830863273,0.004535727702777777,0.3059457044548197,0.06973833333333333,0.16348166666666666
lunch meat,packaged vegetables fruits,0.05351,0.5119022943605606,1.3976536443600205,0.015224405986111113,0.3177277690289164,0.10453166666666666,0.36625833333333335
packaged vegetables fruits + canned jarred vegetables,fresh fruits,0.030266666666666667,0.7799012239639252,1.3976306991378844,0.008610969861111109,0.29599029972316615,0.038808333333333334,0.5580166666666667
packaged vegetables fruits + popcorn jerky,fresh vegetables,0.011606666666666666,0.6210648354588424,1.3973364929814438,0.0033003877388888877,0.28976804507436155,0.018688333333333335,0.4444633333333333
fresh vegetables + juice nectars,fresh fruits,0.033738333333333335,0.779686476909448,1.3972458592803942,0.009592022138888889,0.2971651744852995,0.04327166666666667,0.5580166666666667
eggs + lunch meat,fresh fruits,0.017471666666666667,0.7796370667856611,1.3971573133161992,0.004966513166666665,0.2907773038298426,0.02241,0.5580166666666667
water seltzer sparkling water + packaged vegetables fruits,bread,0.016878333333333332,0.22948627886423897,1.3971058527577838,0.004797406680555555,0.30679919025615054,0.07354833333333333,0.16425833333333334
fresh fruits + cream,packaged vegetables fruits,0.029286666666666666,0.5116617651340885,1.3969969242131148,0.00832265009722222,0.30143229255142656,0.057238333333333336,0.36625833333333335
other creams cheeses + frozen produce,fresh fruits,0.011258333333333334,0.7794830371567044,1.3968812827992672,0.0031987126111111108,0.2882833230795932,0.014443333333333334,0.5580166666666667
hot dogs bacon sausage + chips pretzels,fresh vegetables,0.01358,0.6208473026516305,1.3968470649659075,0.0038581053555555543,0.29045523865374806,0.021873333333333335,0.4444633333333333
coffee,bread,0.012826666666666667,0.22943684226217095,1.3968048841489784,0.003643804541666665,0.3009023410356829,0.055905,0.16425833333333334
grains rice dried goods + fresh vegetables,fresh fruits,0.0236,0.7792207792207793,1.396411300536028,0.006699535222222219,0.292744877638523,0.030286666666666667,0.5580166666666667
yogurt + hot cereal pancake mixes,fresh vegetables,0.011231666666666666,0.6206483698655368,1.3963994852193362,0.0031883618777777765,0.2891043773618218,0.018096666666666667,0.4444633333333333
yogurt + butter,fresh fruits,0.020073333333333332,0.7791938927346833,1.396363118308324,0.00569789397222222,0.29135981541909384,0.025761666666666665,0.5580166666666667
hot dogs bacon sausage,yogurt + fresh fruits,0.022226666666666665,0.2635104428066154,1.3963160767278329,0.006308589780555554,0.30997570856111506,0.08434833333333333,0.18871833333333332
ice cream ice + fresh vegetables,soy lactosefree,0.01232,0.237677245104659,1.3960894305539604,0.003495350425,0.2992237727850398,0.051835,0.170245
frozen vegan vegetarian,fresh fruits + fresh vegetables,0.010915,0.4446330368660466,1.3957810640738542,0.003095005675,0.290691246730386,0.02454833333333333,0.318555
tortillas flat bread + eggs,fresh fruits,0.010336666666666666,0.7788521913851563,1.3957507685884345,0.002930855472222221,0.2873533684298473,0.013271666666666666,0.5580166666666667
fresh dips tapenades,fresh fruits + milk,0.02248,0.22815000253725537,1.3955693454144014,0.006371878913888889,0.3144276514455461,0.09853166666666667,0.16348166666666666
packaged vegetables fruits + frozen pizza,fresh fruits,0.015116666666666667,0.7787413067742767,1.395552056583035,0.004284633138888888,0.28904860911311797,0.019411666666666667,0.5580166666666667
tea,soy lactosefree,0.013466666666666667,0.23754226076730853,1.3952965477242123,0.0038151938749999992,0.3003328454284159,0.05669166666666667,0.170245
yogurt + instant foods,fresh fruits,0.015865,0.7785229410321421,1.3951607318159112,0.004493550361111112,0.28912866765283207,0.02037833333333333,0.5580166666666667
hot dogs bacon sausage + fresh fruits,soy lactosefree,0.013023333333333333,0.23750037992766176,1.395050544378171,0.003687948758333332,0.2996091624869097,0.054835,0.170245
bread + breakfast bakery,packaged vegetables fruits,0.010275,0.5108551541266159,1.3947946234487019,0.0029083240555555544,0.28885847671202003,0.020113333333333334,0.36625833333333335
missing,packaged vegetables fruits,0.010186666666666667,0.5108232344337651,1.3947074726866695,0.002882865069444444,0.28876216882280353,0.019941666666666667,0.36625833333333335
packaged vegetables fruits + oils vinegars,yogurt,0.012001666666666667,0.36751046238644486,1.3943385612597816,0.0033942401777777784,0.29236162453498793,0.03265666666666667,0.2635733333333333
tortillas flat bread,packaged vegetables fruits,0.029063333333333333,0.5106295754026354,1.3941787228576425,0.00821712986111111,0.2997951879868806,0.056916666666666664,0.36625833333333335
bread + refrigerated,packaged vegetables fruits,0.01493,0.5106019151846786,1.3941032017965787,0.004220606333333333,0.2912079087586904,0.02924,0.36625833333333335
candy chocolate + fresh vegetables,fresh fruits,0.022506666666666668,0.7779249956794746,1.3940891771681991,0.0063623144722222205,0.2911080133575623,0.028931666666666668,0.5580166666666667
other creams cheeses + yogurt,fresh fruits,0.025473333333333334,0.777851290141992,1.3939570923365345,0.007199217527777777,0.2921864223771147,0.03274833333333333,0.5580166666666667
packaged cheese + fresh dips tapenades,fresh fruits,0.026826666666666665,0.7776972508092961,1.3936810444299084,0.007577881749999998,0.29256783896184774,0.034495,0.5580166666666667
frozen produce + refrigerated,fresh fruits,0.015508333333333334,0.7776849143334726,1.3936589367106225,0.0043805509722222215,0.2882117518994798,0.019941666666666667,0.5580166666666667
hot cereal pancake mixes + packaged cheese,fresh fruits,0.011338333333333334,0.7776634659350709,1.393620499868709,0.003202450333333334,0.2866235099489496,0.01458,0.5580166666666667
cookies cakes,packaged cheese + fresh fruits,0.012765,0.21779559802081555,1.3936093891636823,0.003605331516666666,0.3000231767743453,0.05861,0.15628166666666668
juice nectars,packaged cheese + fresh fruits,0.0195,0.2177878708908827,1.3935599455526837,0.005507060505555553,0.31018641709085026,0.08953666666666667,0.15628166666666668
tofu meat alternatives + fresh vegetables,fresh fruits,0.018563333333333334,0.777521815008726,1.3933666527440505,0.005240685416666667,0.2892189146598692,0.023875,0.5580166666666667
packaged vegetables fruits + condiments,yogurt,0.010261666666666667,0.3672532060841038,1.3933625281418345,0.0028969884444444453,0.29042669448122577,0.027941666666666667,0.2635733333333333
packaged vegetables fruits + fresh fruits,bread,0.06199166666666667,0.22885850705126629,1.3932839960505279,0.017498464388888885,0.38713607550212215,0.27087333333333335,0.16425833333333334
bread,packaged vegetables fruits + fresh fruits,0.06199166666666667,0.37740348029019327,1.3932839960505277,0.017498464388888885,0.3377493878019851,0.16425833333333334,0.27087333333333335
packaged vegetables fruits + asian foods,fresh fruits,0.016528333333333332,0.7774380683599874,1.3932165736268105,0.004664898999999997,0.2883671894217972,0.02126,0.5580166666666667
energy granola bars + soy lactosefree,fresh fruits,0.016801666666666666,0.7774350273771883,1.3932111239996205,0.00474199647222222,0.2884679689904197,0.021611666666666668,0.5580166666666667
fresh fruits + ice cream ice,soy lactosefree,0.015275,0.2371710270941697,1.3931159628427836,0.004310370774999999,0.3016098484078184,0.064405,0.170245
hot dogs bacon sausage,fresh fruits + fresh vegetables,0.03743166666666667,0.4437748226600012,1.3930869792029672,0.01056208334166667,0.3081627457312343,0.08434833333333333,0.318555
fresh vegetables + spreads,milk,0.013885,0.33835594184063034,1.3926500778897493,0.003914799861111111,0.29400971306131085,0.041036666666666666,0.24295833333333333
nuts seeds dried fruit + packaged cheese,fresh fruits,0.019336666666666665,0.7768849604928352,1.3922253704958067,0.005447631833333331,0.2889166216990929,0.02489,0.5580166666666667
baking ingredients,yogurt + fresh vegetables,0.015396666666666666,0.20163261742622665,1.3922020121951715,0.004337447866666667,0.305003503322308,0.07636,0.14483
fresh fruits + lunch meat,soy lactosefree,0.017281666666666667,0.23700029713606546,1.3921131142533727,0.004867685008333334,0.3038217423504412,0.07291833333333334,0.170245
chips pretzels + fresh vegetables,fresh fruits,0.06285,0.7766450417052827,1.3917954213529153,0.01769250125,0.3062901284888513,0.080925,0.5580166666666667
packaged cheese,milk,0.07804166666666666,0.33814768008665824,1.3917928866540556,0.021968907986111105,0.3659636526727402,0.23079166666666667,0.24295833333333333
milk,packaged cheese,0.07804166666666666,0.32121419996570055,1.3917928866540554,0.021968907986111105,0.3718451754081929,0.24295833333333333,0.23079166666666667
frozen pizza + fresh vegetables,fresh fruits,0.016858333333333333,0.7765834932821497,1.3916851228138043,0.004744721527777777,0.28769196827732824,0.021708333333333333,0.5580166666666667
pickled goods olives + packaged vegetables fruits,fresh fruits,0.01294,0.7764,1.3913562916280875,0.0036397222222222213,0.2860442372008138,0.016666666666666666,0.5580166666666667
soft drinks + fresh vegetables,packaged vegetables fruits,0.014281666666666666,0.5094833224329627,1.3910490931254242,0.004014835152777778,0.2892255860453394,0.028031666666666667,0.36625833333333335
hot dogs bacon sausage + soy lactosefree,fresh fruits,0.013023333333333333,0.7761994635939208,1.3909969181217778,0.003660743694444444,0.2858878681815628,0.016778333333333333,0.5580166666666667
water seltzer sparkling water + fresh vegetables,yogurt,0.030441666666666665,0.3665830406422479,1.390819913403915,0.008554097777777776,0.30644757023096364,0.08304166666666667,0.2635733333333333
fresh fruits + spreads,fresh vegetables,0.03315,0.6181433943500015,1.3907635298374854,0.009314172205555554,0.2968923456129753,0.05362833333333333,0.4444633333333333
packaged vegetables fruits + packaged poultry,fresh fruits,0.014643333333333333,0.7758742493818439,1.390414114360701,0.004111698777777777,0.2861911912958799,0.018873333333333332,0.5580166666666667
chips pretzels + frozen produce,fresh fruits,0.018955,0.7756257246129714,1.3899687427728646,0.005318002694444443,0.28758752105496,0.024438333333333333,0.5580166666666667
ice cream ice + eggs,fresh vegetables,0.010831666666666667,0.6177169470582644,1.389804064208366,0.0030380021166666674,0.2854800063912208,0.017535,0.4444633333333333
spreads + soy lactosefree,fresh fruits,0.016173333333333335,0.7752037066624061,1.3892124607910266,0.004531245611111111,0.28613748227645613,0.020863333333333334,0.5580166666666667
bread + water seltzer sparkling water,packaged vegetables fruits,0.016878333333333332,0.5087410830905255,1.3890225471744226,0.004727102694444442,0.28967989510799225,0.03317666666666667,0.36625833333333335
hot cereal pancake mixes,packaged cheese,0.01458,0.32055698057896664,1.3889452128353854,0.004082825694444443,0.29337276857378913,0.045483333333333334,0.23079166666666667
yogurt + milk,chips pretzels,0.02229,0.23367637551762097,1.3887127238297223,0.006239164130555558,0.30942411507895545,0.09538833333333334,0.16826833333333333
packaged vegetables fruits + milk,chips pretzels,0.025041666666666667,0.2336266948625451,1.3884174772191942,0.007005544911111113,0.3133415763083193,0.10718666666666667,0.16826833333333333
packaged cheese + frozen breakfast,fresh vegetables,0.014358333333333334,0.6170319438475863,1.3882628724849886,0.004015671566666669,0.28633842183168207,0.02327,0.4444633333333333
fresh fruits + frozen pizza,fresh vegetables,0.016858333333333333,0.6168435175021344,1.3878389312252253,0.0047111504333333335,0.28730740144460515,0.02733,0.4444633333333333
packaged vegetables fruits + juice nectars,water seltzer sparkling water,0.010151666666666666,0.26557662960540657,1.3878377383225677,0.002836930666666666,0.2905613795594692,0.038225,0.19136
fresh fruits + ice cream ice,milk,0.021715,0.33716326372176075,1.3877410957506875,0.006067268541666667,0.2986382910369109,0.064405,0.24295833333333333
yogurt + asian foods,fresh fruits,0.010558333333333333,0.7743552132991077,1.3876919087824873,0.0029497760833333327,0.28324094049995996,0.013635,0.5580166666666667
frozen produce,yogurt,0.045193333333333335,0.36573062501685955,1.3875858395520269,0.012623576533333333,0.3187064168009145,0.12357,0.2635733333333333
packaged cheese + fresh vegetables,fresh fruits,0.10524333333333333,0.7739808300443703,1.3870209910893407,0.029366087055555545,0.32294310464098624,0.13597666666666666,0.5580166666666667
tortillas flat bread + milk,fresh fruits,0.014161666666666666,0.7739320520994626,1.386933578028367,0.003950891694444443,0.2841850506055217,0.018298333333333333,0.5580166666666667
frozen appetizers sides,packaged vegetables fruits + fresh fruits,0.019561666666666668,0.3756561259761874,1.3868331790117916,0.005456389288888889,0.2942556108455927,0.05207333333333333,0.27087333333333335
yogurt + breakfast bakery,fresh fruits,0.020485,0.7738462507083045,1.3867798166870244,0.005713368805555553,0.28648883100732403,0.026471666666666668,0.5580166666666667
specialty cheeses + fresh vegetables,fresh fruits,0.011905,0.7738056548586285,1.3867070664411967,0.0033199135833333338,0.2832245737234623,0.015385,0.5580166666666667
instant foods + fresh vegetables,fresh fruits,0.021806666666666665,0.7737891063930451,1.3866774105786177,0.00608082697222222,0.2869381362214932,0.028181666666666667,0.5580166666666667
refrigerated + fresh dips tapenades,fresh vegetables,0.01068,0.6162130974132128,1.386420546306511,0.002976709661111112,0.2836339827064454,0.017331666666666665,0.4444633333333333
fresh fruits + juice nectars,water seltzer sparkling water,0.014935,0.265196803788103,1.3858528626050532,0.0041582426666666675,0.29503824663,0.05631666666666667,0.19136
eggs,fresh vegetables,0.08445166666666666,0.6158212002625119,1.3855388151910062,0.02349944667777778,0.3224834246133347,0.13713666666666666,0.4444633333333333
cereal + soy lactosefree,packaged vegetables fruits,0.01235,0.5074299801410669,1.3854428253493214,0.003435882597222221,0.285149172801349,0.024338333333333333,0.36625833333333335
soup broth bouillon + soy lactosefree,fresh fruits,0.014671666666666666,0.7729388005970673,1.3851536105798523,0.004079580305555554,0.2834385460126348,0.018981666666666668,0.5580166666666667
fresh herbs + soup broth bouillon,fresh fruits,0.012236666666666667,0.7729234656279609,1.3851261293771886,0.003402332805555554,0.28251679831271675,0.015831666666666667,0.5580166666666667
packaged vegetables fruits + cookies cakes,fresh fruits,0.017231666666666666,0.7727204783258594,1.3847623637152882,0.004787894999999999,0.28419191435497715,0.0223,0.5580166666666667
packaged cheese + refrigerated,water seltzer sparkling water,0.010005,0.2649863158824049,1.3847529049038718,0.002779884266666666,0.2887518076671965,0.03775666666666667,0.19136
hot cereal pancake mixes + milk,fresh fruits,0.01157,0.7727070347284061,1.38473827196632,0.0032146304444444444,0.28206532893035036,0.014973333333333333,0.5580166666666667
fruit vegetable snacks,milk,0.015616666666666666,0.3364090044160414,1.3846366156722678,0.004338135902777778,0.2913120423584375,0.04642166666666667,0.24295833333333333
water seltzer sparkling water + packaged vegetables fruits,fresh fruits,0.056826666666666664,0.7726438396519297,1.3846250225236933,0.01578547086111111,0.2998351829003711,0.07354833333333333,0.5580166666666667
eggs,yogurt,0.05004666666666667,0.36494008410101847,1.3845865189992101,0.013901098311111117,0.32190812876810243,0.13713666666666666,0.2635733333333333
chips pretzels + fresh fruits,milk,0.03562666666666667,0.3363862398892141,1.3845429184258513,0.009894949583333333,0.3106398428313657,0.10591,0.24295833333333333
packaged vegetables fruits + baking ingredients,fresh fruits,0.025175,0.7725157264869842,1.3843954358955541,0.006990166861111112,0.2870164199783554,0.03258833333333333,0.5580166666666667
bread + cereal,packaged vegetables fruits,0.012893333333333333,0.5069130463272393,1.384031434080424,0.003577552624999999,0.2847147781644111,0.025435,0.36625833333333335
hot dogs bacon sausage + frozen produce,fresh fruits,0.011505,0.7721476510067115,1.3837358221200886,0.003190551666666666,0.2815132494301261,0.0149,0.5580166666666667
packaged produce + milk,fresh fruits,0.01034,0.772121966397013,1.3836897937284065,0.002867226805555555,0.28105850384329323,0.013391666666666666,0.5580166666666667
cookies cakes + fresh vegetables,fresh fruits,0.018158333333333332,0.771983277828952,1.3834412553309972,0.005032851305555553,0.28384124553672,0.023521666666666666,0.5580166666666667
frozen meals + milk,packaged vegetables fruits,0.010581666666666666,0.5065826218782415,1.3831292718115398,0.0029311405138888885,0.2829113272272856,0.02088833333333333,0.36625833333333335
fresh herbs + canned jarred vegetables,fresh fruits,0.013793333333333333,0.7716550116550116,1.3828529822675755,0.0038187854166666663,0.28189622341303433,0.017875,0.5580166666666667
yogurt + soup broth bouillon,fresh fruits,0.021253333333333332,0.7716325789664771,1.382812781517536,0.0058836942777777766,0.2846772662529715,0.027543333333333333,0.5580166666666667
packaged vegetables fruits + fresh herbs,yogurt,0.019261666666666667,0.36437872434341206,1.3824567141721926,0.005328740977777777,0.29209043357253667,0.05286166666666667,0.2635733333333333
packaged cheese + spreads,fresh fruits,0.01965,0.7712939945047755,1.3822060174512867,0.0054335953888888875,0.28374779735801353,0.02547666666666667,0.5580166666666667
yogurt + refrigerated,water seltzer sparkling water,0.0124,0.26446751030854543,1.3820417553749238,0.0034277674666666653,0.29003146902612525,0.04688666666666667,0.19136
chips pretzels + other creams cheeses,fresh vegetables,0.01326,0.6142206438662857,1.381937716346198,0.0036647774055555554,0.28247658522331387,0.021588333333333334,0.4444633333333333
juice nectars,fresh fruits + milk,0.020226666666666667,0.22590372659245747,1.3818291139217902,0.005589063172222223,0.30349548923109343,0.08953666666666667,0.16348166666666666
chips pretzels + packaged cheese,water seltzer sparkling water,0.014946666666666667,0.26440238221593254,1.3817014120815874,0.004129085866666668,0.2928070100743279,0.05653,0.19136
oils vinegars,packaged vegetables fruits + fresh fruits,0.025586666666666667,0.37426558424144907,1.3816996292539527,0.007068411233333335,0.2965256736118577,0.068365,0.27087333333333335
fresh vegetables + lunch meat,soy lactosefree,0.014216666666666667,0.23522598792157295,1.3816910213020819,0.003927342608333334,0.2940192185225781,0.06043833333333333,0.170245
water seltzer sparkling water + fresh vegetables,bread,0.018845,0.2269342699448068,1.3815692959959827,0.005204714236111111,0.30119734971484846,0.08304166666666667,0.16425833333333334
bread,fresh fruits + fresh vegetables,0.07226833333333334,0.4399675308203541,1.3811352225529474,0.019943019958333336,0.3301952564762935,0.16425833333333334,0.318555
fresh fruits + fresh vegetables,bread,0.07226833333333334,0.22686296976450954,1.3811352225529472,0.019943019958333336,0.4049599512402688,0.318555,0.16425833333333334
packaged cheese + frozen breakfast,fresh fruits,0.017931666666666665,0.7705916057871365,1.380947293904847,0.004946618833333331,0.282431584400356,0.02327,0.5580166666666667
latino foods + fresh vegetables,fresh fruits,0.01175,0.7704918032786885,1.3807684417048864,0.003240245833333332,0.2800361541882502,0.01525,0.5580166666666667
other creams cheeses + water seltzer sparkling water,fresh vegetables,0.010603333333333333,0.6136780167840262,1.3807168572976238,0.002923747705555555,0.28058661405329544,0.017278333333333333,0.4444633333333333
fresh fruits + candy chocolate,packaged vegetables fruits,0.020595,0.5054607927353049,1.38006632677838,0.0056718042083333305,0.28709482394433244,0.040745,0.36625833333333335
packaged cheese + juice nectars,fresh vegetables,0.016221666666666665,0.6133728258129569,1.3800302067953643,0.004467093044444443,0.2828588538973999,0.026446666666666667,0.4444633333333333
yogurt + frozen pizza,fresh fruits,0.012138333333333333,0.7700359484034679,1.3799515218842946,0.0033421306111111083,0.2797466010196921,0.015763333333333334,0.5580166666666667
other creams cheeses,packaged vegetables fruits + fresh fruits,0.032106666666666665,0.373789704484157,1.3799427942365077,0.008840001699999996,0.301204214901052,0.085895,0.27087333333333335
milk + baby food formula,fresh vegetables,0.011916666666666667,0.6132601423792778,1.3797766798444817,0.003280003327777779,0.28069949348983114,0.019431666666666667,0.4444633333333333
packaged cheese + eggs,soy lactosefree,0.010643333333333333,0.23477941176470585,1.3790678831372776,0.002925559999999999,0.28792514001473185,0.04533333333333334,0.170245
preserved dips spreads + fresh vegetables,fresh fruits,0.01458,0.7694608144955581,1.3789208467409422,0.004006514194444442,0.2801026914032606,0.018948333333333334,0.5580166666666667
fresh vegetables + tea,fresh fruits,0.018901666666666667,0.7694029850746269,1.3788172128812644,0.005193057222222221,0.2816601559826361,0.024566666666666667,0.5580166666666667
fresh herbs,fresh fruits + milk,0.021213333333333334,0.22534612796997278,1.3784183423419922,0.005823714172222225,0.30305988517634375,0.09413666666666666,0.16348166666666666
eggs,packaged vegetables fruits,0.06921333333333334,0.50470333730342,1.377998236135933,0.018985886361111114,0.317906272722614,0.13713666666666666,0.36625833333333335
refrigerated + fresh dips tapenades,fresh fruits,0.013326666666666667,0.7689200884700452,1.3779518326275413,0.0036553078055555563,0.27912289297068565,0.017331666666666665,0.5580166666666667
packaged cheese + refrigerated,fresh vegetables,0.02312,0.612342191224508,1.3777113775215983,0.006338546077777781,0.28491604761574346,0.03775666666666667,0.4444633333333333
energy granola bars,water seltzer sparkling water,0.022838333333333332,0.2636256949922084,1.3776426368739987,0.006260497599999998,0.3001224586470931,0.08663166666666666,0.19136
bread,packaged vegetables fruits + fresh vegetables,0.052991666666666666,0.32261173963776574,1.3776425475257956,0.014526197694444444,0.32799884666071777,0.16425833333333334,0.23417666666666667
packaged vegetables fruits + fresh vegetables,bread,0.052991666666666666,0.22628926878567462,1.3776425475257954,0.014526197694444444,0.3579445687294799,0.23417666666666667,0.16425833333333334
condiments,fresh vegetables,0.036625,0.6122363692084808,1.3774732881043374,0.010036462627777774,0.2914692878736063,0.05982166666666667,0.4444633333333333
prepared meals + fresh fruits,fresh vegetables,0.011035,0.6122052704576977,1.377403318888767,0.0030235484166666673,0.2790256693775874,0.018025,0.4444633333333333
packaged vegetables fruits + soup broth bouillon,fresh fruits,0.03218,0.7685999761156005,1.377378171707417,0.008816772194444444,0.2859554551462591,0.041868333333333334,0.5580166666666667
milk + pasta sauce,fresh fruits,0.01563,0.768499549291158,1.3771982006950054,0.004280871027777779,0.2795741743342724,0.020338333333333333,0.5580166666666667
cream,packaged cheese,0.029026666666666666,0.3178392189068346,1.3771693904610995,0.007949617708333332,0.30139809217080615,0.091325,0.23079166666666667
butter + soy lactosefree,fresh fruits,0.01097,0.7684763572679509,1.377156639170785,0.0030043120833333336,0.2778322433627298,0.014275,0.5580166666666667
popcorn jerky,water seltzer sparkling water,0.01192,0.2635127666629822,1.3770525013742798,0.0032638304000000007,0.2867839470108197,0.045235,0.19136
nuts seeds dried fruit + refrigerated,fresh fruits,0.010175,0.7684078036500944,1.3770337868942284,0.0027859293055555543,0.2774756459633708,0.013241666666666667,0.5580166666666667
yogurt + soy lactosefree,fresh vegetables,0.03549666666666667,0.6120290812954395,1.377006910121059,0.009718534105555558,0.2906441055356813,0.05799833333333333,0.4444633333333333
frozen produce + canned jarred vegetables,fresh fruits,0.012396666666666667,0.7682297046064862,1.3767146225139384,0.003392137722222221,0.27812099681802605,0.016136666666666667,0.5580166666666667
grains rice dried goods,yogurt,0.015053333333333333,0.3627309236947791,1.3762049411730288,0.00411504,0.2851998320005656,0.0415,0.2635733333333333
dry pasta + fresh vegetables,fresh fruits,0.036895,0.7676596039809966,1.3756929673205638,0.010075788972222215,0.2868816253171747,0.04806166666666667,0.5580166666666667
hot dogs bacon sausage,packaged vegetables fruits + fresh fruits,0.031428333333333336,0.37260171115809443,1.3755570050875972,0.008580619122222223,0.29817208620835717,0.08434833333333333,0.27087333333333335
soy lactosefree,packaged cheese + fresh fruits,0.036583333333333336,0.21488638922337416,1.3749942255332197,0.009977160991666664,0.32868041584687646,0.170245,0.15628166666666668
packaged cheese + fresh fruits,soy lactosefree,0.036583333333333336,0.23408589192590298,1.3749942255332197,0.009977160991666664,0.32324083485723903,0.15628166666666668,0.170245
fresh vegetables + pasta sauce,fresh fruits,0.03134,0.7671344647519582,1.3747518856998742,0.008543159111111111,0.2842068106013637,0.04085333333333333,0.5580166666666667
bread + eggs,fresh fruits,0.027953333333333334,0.7668952903520804,1.3743232705452293,0.007613625833333328,0.28267257218433245,0.03645,0.5580166666666667
milk + juice nectars,packaged vegetables fruits,0.01386,0.5033288948069241,1.3742455775029212,0.0037744663611111104,0.2800393710976457,0.027536666666666668,0.36625833333333335
fresh fruits + cookies cakes,packaged vegetables fruits,0.017231666666666666,0.5033102911108948,1.3741947835841588,0.004692202194444444,0.2819542989249192,0.034236666666666665,0.36625833333333335
popcorn jerky,packaged cheese,0.014345,0.3171216978003758,1.3740604345927097,0.0039051389583333335,0.28512772535298453,0.045235,0.23079166666666667
fresh fruits + candy chocolate,water seltzer sparkling water,0.010706666666666666,0.262772528326584,1.3731841990310618,0.002909703466666666,0.28330900446539836,0.040745,0.19136
dry pasta + eggs,fresh fruits,0.011215,0.7662263721248007,1.3731245281648707,0.003047496055555555,0.27577029054830937,0.014636666666666666,0.5580166666666667
nuts seeds dried fruit + yogurt,fresh vegetables,0.01748,0.6100511865984178,1.3725568361809024,0.004744643955555555,0.27943959647383676,0.028653333333333333,0.4444633333333333
packaged cheese + milk,fresh fruits,0.05977,0.765872931126535,1.3724911402763387,0.016221449305555552,0.29437105455467943,0.07804166666666666,0.5580166666666667
spices seasonings,packaged cheese,0.016675,0.3166540068363084,1.372033970765734,0.004521510833333332,0.28622782999109936,0.05266,0.23079166666666667
spices seasonings + yogurt,fresh fruits,0.011576666666666667,0.7654837998677541,1.371793793257825,0.00313759461111111,0.27518924289810404,0.015123333333333334,0.5580166666666667
crackers,packaged vegetables fruits + fresh fruits,0.042715,0.37156940920623416,1.3717459915073495,0.011575853055555557,0.30620260228821006,0.11495833333333333,0.27087333333333335
energy granola bars,bread,0.019518333333333332,0.22530252602012352,1.3716352860034915,0.005288360152777777,0.2966417968735883,0.08663166666666666,0.16425833333333334
cereal + eggs,fresh vegetables,0.010036666666666666,0.6096375784571776,1.3716262574127096,0.0027193186555555552,0.2754736390086628,0.016463333333333333,0.4444633333333333
instant foods,packaged vegetables fruits + fresh vegetables,0.01663,0.32119748913568325,1.3716033015060562,0.004505503083333331,0.2857193416013264,0.051775,0.23417666666666667
frozen breakfast + milk,fresh fruits,0.016896666666666667,0.7650743340125273,1.371060005398633,0.004572868583333332,0.2767493289132672,0.022085,0.5580166666666667
packaged cheese + canned meals beans,fresh fruits,0.020575,0.7649646796381212,1.3708634980522465,0.005566211722222221,0.2780103199067195,0.026896666666666666,0.5580166666666667
chips pretzels + yogurt,fresh fruits,0.04328833333333333,0.7649466925840843,1.370831264151162,0.011710170166666659,0.2867423667512963,0.05659,0.5580166666666667
canned jarred vegetables + milk,fresh fruits,0.016476666666666667,0.7648742746615087,1.3707014868041731,0.004456057638888887,0.27640068031359555,0.021541666666666667,0.5580166666666667
hot dogs bacon sausage + fresh vegetables,soy lactosefree,0.011535,0.2333288382442182,1.3705473772752104,0.003118654683333333,0.2844255672006374,0.049436666666666663,0.170245
baking ingredients + fresh vegetables,milk,0.01441,0.3329738889316799,1.3704979136272195,0.0038955731944444443,0.2825667275101967,0.043276666666666665,0.24295833333333333
popcorn jerky,yogurt + fresh fruits,0.011698333333333333,0.25861243137688367,1.370361992971273,0.0031616595250000008,0.2830705034559126,0.045235,0.18871833333333332
frozen produce,packaged cheese,0.03907833333333333,0.31624450379002456,1.370259630070516,0.010559407083333333,0.3083090442912129,0.12357,0.23079166666666667
chips pretzels + crackers,packaged vegetables fruits,0.017808333333333332,0.5018081059503124,1.3700933474559736,0.004810435513888888,0.2800616452443015,0.03548833333333333,0.36625833333333335
packaged vegetables fruits + soy lactosefree,chips pretzels,0.01904,0.23050847457627116,1.3698862406846475,0.005141035666666667,0.2943234984205149,0.0826,0.16826833333333333
spices seasonings + packaged vegetables fruits,fresh fruits,0.019428333333333332,0.7641929985577554,1.3694805983532545,0.005241689611111109,0.2768342021556043,0.025423333333333333,0.5580166666666667
fresh fruits + coffee,packaged vegetables fruits,0.016178333333333333,0.5015241539653836,1.3693180695739808,0.004363449930555555,0.27869987724607975,0.03225833333333333,0.36625833333333335
frozen meals + fresh vegetables,fresh fruits,0.02629,0.7640961054059291,1.3693069598983227,0.007090506555555553,0.27931381595965615,0.03440666666666667,0.5580166666666667
packaged vegetables fruits + coffee,fresh fruits,0.016178333333333333,0.7640900503778337,1.3692961089175957,0.004363260444444444,0.27553169580696085,0.021173333333333332,0.5580166666666667
specialty cheeses,packaged vegetables fruits,0.012111666666666666,0.5014144759539088,1.3690186142401548,0.003264696624999999,0.2762218815327358,0.024155,0.36625833333333335
baking ingredients,packaged cheese + fresh fruits,0.016336666666666666,0.213942727431465,1.3689560138092438,0.004402998599999999,0.2917980376797739,0.07636,0.15628166666666668
packaged vegetables fruits + cookies cakes,fresh vegetables,0.013568333333333333,0.6084454409566518,1.3689440620298303,0.0036568009999999995,0.2756571155989975,0.0223,0.4444633333333333
cream,yogurt + fresh fruits,0.023593333333333334,0.25834473948352954,1.3689435197968554,0.006358631541666666,0.29659633265688956,0.091325,0.18871833333333332
chips pretzels + packaged cheese,soy lactosefree,0.013173333333333334,0.2330326080547202,1.3688073544287362,0.003549383483333333,0.2855808932067423,0.05653,0.170245
cereal + lunch meat,fresh fruits,0.011418333333333334,0.7637681159420291,1.3687191827162193,0.003075984166666667,0.27347844583930137,0.01495,0.5580166666666667
butter + fresh vegetables,chips pretzels,0.010356666666666667,0.23027607930331664,1.3685051414109408,0.002788798375,0.2819566732493611,0.044975,0.16826833333333333
cereal + eggs,fresh fruits,0.012571666666666667,0.7636161166227982,1.368446790638508,0.003384852277777777,0.27375137379437464,0.016463333333333333,0.5580166666666667
condiments,soy lactosefree,0.013935,0.23294235644833255,1.3682772266341598,0.003750660358333331,0.28627968240475,0.05982166666666667,0.170245
energy granola bars,packaged vegetables fruits + fresh fruits,0.032105,0.3705919698339714,1.368137517538227,0.008638791677777778,0.2946011084253857,0.08663166666666666,0.27087333333333335
spreads + soy lactosefree,fresh vegetables,0.012685,0.6080044735580764,1.367951927548751,0.0034120133222222213,0.27471155822822035,0.020863333333333334,0.4444633333333333
refrigerated + fresh vegetables,milk,0.021933333333333332,0.33234841023309847,1.3679234857819178,0.005899298125000001,0.28796950777178176,0.065995,0.24295833333333333
soy lactosefree + breakfast bakery,fresh fruits,0.011145,0.7632690332153864,1.3678247959416738,0.002997026638888888,0.27289696577205547,0.014601666666666667,0.5580166666666667
water seltzer sparkling water + frozen produce,fresh fruits,0.018383333333333335,0.7632689779254032,1.3678246968586418,0.004943501916666667,0.2755487540253794,0.024085,0.5580166666666667
oils vinegars + fresh fruits,yogurt,0.015851666666666667,0.36046996399469394,1.3676268362809614,0.004261029333333334,0.28117088214015784,0.043975,0.2635733333333333
crackers + soy lactosefree,fresh vegetables,0.014831666666666667,0.6076891559683146,1.3672424931227503,0.003983798244444444,0.27532050379805767,0.024406666666666667,0.4444633333333333
frozen pizza,yogurt,0.015763333333333334,0.360345944298396,1.3671563042482648,0.004233317866666668,0.28084008851762543,0.043745,0.2635733333333333
milk + breakfast bakery,packaged vegetables fruits,0.012078333333333333,0.5007254888412906,1.367137463560667,0.003243571902777777,0.2751825197225927,0.024121666666666666,0.36625833333333335
yogurt + cream,fresh fruits,0.023593333333333334,0.7627977152710421,1.3669801653553515,0.0063338778333333345,0.27702899713280105,0.03093,0.5580166666666667
packaged cheese + eggs,fresh fruits,0.03458,0.7627941176470587,1.36697371819311,0.009283244444444439,0.28120500003769616,0.04533333333333334,0.5580166666666667
eggs + breakfast bakery,fresh fruits,0.010895,0.7627771295215869,1.3669432744331176,0.002924661944444443,0.2723305353529371,0.014283333333333334,0.5580166666666667
frozen produce + baking ingredients,fresh fruits,0.010351666666666667,0.76274100454378,1.3668785362631581,0.0027784504722222223,0.27209893544577396,0.013571666666666666,0.5580166666666667
yogurt + refrigerated,fresh fruits,0.035758333333333336,0.7626546281814305,1.3667237445382703,0.009594791888888888,0.28152291181719097,0.04688666666666667,0.5580166666666667
packaged vegetables fruits + buns rolls,fresh fruits,0.010915,0.762486901851205,1.3664231686948507,0.002926991416666665,0.2720567848277794,0.014315,0.5580166666666667
crackers + milk,fresh fruits,0.02759,0.7624004052871551,1.3662681615611632,0.007396306861111108,0.27814486179005277,0.036188333333333336,0.5580166666666667
yogurt + juice nectars,fresh fruits,0.023021666666666666,0.762348915503063,1.3661758887184905,0.006170493361111109,0.2763759203491936,0.030198333333333334,0.5580166666666667
refrigerated + lunch meat,fresh fruits,0.014713333333333333,0.7621514288180955,1.3658219804989613,0.003940821583333334,0.27311260074191723,0.019305,0.5580166666666667
crackers + lunch meat,fresh fruits,0.015793333333333333,0.7617975721521023,1.3651878477084356,0.004224717805555554,0.2731632005310109,0.020731666666666666,0.5580166666666667
bread + tortillas flat bread,fresh fruits,0.012543333333333333,0.7617408906882591,1.3650862710580791,0.003354658888888888,0.2719232357628734,0.016466666666666668,0.5580166666666667
yogurt + cereal,fresh fruits,0.028168333333333333,0.7617180457905174,1.3650453316039257,0.007532877,0.2776926712185719,0.03698,0.5580166666666667
nuts seeds dried fruit + milk,fresh vegetables,0.013366666666666667,0.6066106951062703,1.3648160593065877,0.0035729171166666678,0.2733232093366866,0.022035,0.4444633333333333
frozen vegan vegetarian,packaged vegetables fruits,0.012265,0.49962658700522783,1.3641371172584773,0.003273968347222222,0.27365360181836373,0.02454833333333333,0.36625833333333335
milk + eggs,chips pretzels,0.011,0.22953328232593725,1.3640907815449763,0.002936020572222222,0.28034607973914333,0.04792333333333333,0.16826833333333333
water seltzer sparkling water + fresh vegetables,fresh fruits,0.06321,0.7611841445057702,1.36408854784344,0.01687136597222222,0.29108166747776126,0.08304166666666667,0.5580166666666667
fruit vegetable snacks,soy lactosefree,0.01078,0.23221915054033676,1.364029196395411,0.0028769433583333334,0.2798698892635416,0.04642166666666667,0.170245
dry pasta + milk,fresh fruits,0.01844,0.7610923849487515,1.36392410910442,0.004920186194444445,0.2734465308370329,0.024228333333333334,0.5580166666666667
milk + eggs,fresh fruits,0.03646833333333333,0.7609723864505807,1.3637090644555072,0.00972631461111111,0.28013055125182235,0.04792333333333333,0.5580166666666667
packaged cheese + crackers,soy lactosefree,0.010091666666666667,0.23216134350676737,1.3636896443758546,0.002691400258333334,0.27881493947212654,0.04346833333333333,0.170245
bread + lunch meat,fresh vegetables,0.020573333333333332,0.6061082195816557,1.363685537423385,0.005486766255555555,0.2760636301007171,0.03394333333333333,0.4444633333333333
eggs + juice nectars,fresh fruits,0.011436666666666666,0.7607538802660754,1.3633174880070642,0.00304781611111111,0.2705626000843398,0.015033333333333333,0.5580166666666667
yogurt + fresh fruits,chips pretzels,0.04328833333333333,0.22938064664270386,1.3631836846467678,0.01153301391388889,0.32839783773214704,0.18871833333333332,0.16826833333333333
chips pretzels,yogurt + fresh fruits,0.04328833333333333,0.25725775299373027,1.3631836846467678,0.01153301391388889,0.3203234357936744,0.16826833333333333,0.18871833333333332
fresh dips tapenades + crackers,fresh fruits,0.01594833333333333,0.760591367935776,1.3630262559704476,0.00424765386111111,0.27204269946238335,0.020968333333333332,0.5580166666666667
tofu meat alternatives,yogurt,0.011688333333333334,0.359180537772087,1.362734739624976,0.0031112177777777774,0.2751348180405144,0.03254166666666667,0.2635733333333333
canned jarred vegetables + fresh vegetables,yogurt,0.020285,0.35912189076746037,1.3625122322723355,0.005397060266666668,0.28198983061646876,0.056485,0.2635733333333333
juice nectars,yogurt + fresh fruits,0.023021666666666666,0.2571199880868173,1.3624536818723705,0.006124456161111111,0.29219199154666015,0.08953666666666667,0.18871833333333332
packaged vegetables fruits + packaged produce,fresh fruits,0.01845166666666667,0.7601098523858566,1.3621633506511572,0.004905812083333332,0.2724883101279587,0.024275,0.5580166666666667
spices seasonings,packaged vegetables fruits + fresh fruits,0.019428333333333332,0.3689391062159767,1.3620355377026532,0.005164143599999999,0.28058011509582653,0.05266,0.27087333333333335
other creams cheeses + fresh vegetables,fresh fruits,0.03940166666666667,0.759989712926351,1.3619480533909099,0.01047129258333333,0.280289198950849,0.051845,0.5580166666666667
bread + cream,fresh vegetables,0.011881666666666667,0.6052810324333502,1.3618244454361068,0.003156851433333333,0.27101090492780916,0.01963,0.4444633333333333
chips pretzels + fresh vegetables,milk,0.026775,0.33086190917516217,1.3618051483800193,0.007113596874999999,0.2890738574714311,0.080925,0.24295833333333333
butter + fresh vegetables,fresh fruits,0.034175,0.7598665925514174,1.3617274141478761,0.009078200416666661,0.27814835938098453,0.044975,0.5580166666666667
fresh fruits + frozen meals,milk,0.014796666666666666,0.3307996124897533,1.3615487394536236,0.003929140416666666,0.2779761401515468,0.04473,0.24295833333333333
baby food formula,packaged vegetables fruits,0.022893333333333335,0.49851201277491486,1.3610939804097695,0.006073529805555557,0.27806662176695623,0.04592333333333333,0.36625833333333335
oils vinegars + soy lactosefree,fresh fruits,0.011816666666666666,0.7595072308516336,1.3610834160000602,0.0031348573611111093,0.26948389325282596,0.015558333333333334,0.5580166666666667
frozen breakfast + crackers,fresh fruits,0.010141666666666667,0.7592962315947093,1.3607052924250336,0.002688424055555556,0.2686756169567969,0.013356666666666666,0.5580166666666667
canned jarred vegetables,fresh fruits + milk,0.016476666666666667,0.22243722437224372,1.3606248878400864,0.004367034677777777,0.2862468346480916,0.07407333333333334,0.16348166666666666
fresh fruits + milk,fresh vegetables,0.098865,0.6047467096208545,1.3606222702004391,0.026203393494444435,0.3168396351147968,0.16348166666666666,0.4444633333333333
fresh vegetables,fresh fruits + milk,0.098865,0.22243679643615147,1.3606222702004391,0.026203393494444435,0.47709211543223307,0.4444633333333333,0.16348166666666666
canned meals beans,yogurt,0.025008333333333334,0.3586023946657744,1.360541258596372,0.0066271683555555565,0.28486436764754186,0.06973833333333333,0.2635733333333333
milk + spreads,fresh fruits,0.018585,0.7591394921369733,1.3604244057291717,0.004923821972222223,0.2715841003002205,0.024481666666666665,0.5580166666666667
yogurt + crackers,water seltzer sparkling water,0.011213333333333334,0.2602909316001238,1.3602159887130214,0.0029695445333333334,0.27674480595517437,0.04308,0.19136
bread + canned jarred vegetables,fresh fruits,0.012033333333333333,0.7586424293369759,1.3595336387867312,0.0031822589722222214,0.26871593681913886,0.015861666666666666,0.5580166666666667
frozen appetizers sides + milk,fresh vegetables,0.010828333333333334,0.6042596726190477,1.3595264835173078,0.0028635504000000013,0.2692751944615089,0.01792,0.4444633333333333
canned jarred vegetables + fresh vegetables,bread,0.012613333333333334,0.22330412203829925,1.3594690601489476,0.003335201375000001,0.28024855318971165,0.056485,0.16425833333333334
baking ingredients,soy lactosefree,0.017671666666666665,0.23142570281124497,1.3593685735924401,0.004671758466666665,0.2862201056632388,0.07636,0.170245
chips pretzels + juice nectars,packaged vegetables fruits,0.010875,0.497787610619469,1.3591161355677068,0.0028734762777777763,0.27012912464682115,0.021846666666666667,0.36625833333333335
canned jarred vegetables + eggs,fresh fruits,0.011238333333333333,0.7584073782476661,1.359112412856843,0.0029694563611111103,0.26819996484727954,0.014818333333333333,0.5580166666666667
spreads,packaged vegetables fruits + fresh vegetables,0.02491,0.31825731442442823,1.3590479314382085,0.006580992300000001,0.2866249105526492,0.07827,0.23417666666666667
chips pretzels + energy granola bars,packaged vegetables fruits,0.012821666666666667,0.4977355072463768,1.3589738770349984,0.0033868519999999992,0.27113512321253536,0.02576,0.36625833333333335
fresh herbs,soy lactosefree,0.021778333333333334,0.23134804008356646,1.3589123914568209,0.005752036516666666,0.2915642772568725,0.09413666666666666,0.170245
soup broth bouillon,packaged vegetables fruits,0.041868333333333334,0.49764263074484943,1.3587202950873,0.011053798888888886,0.28826613996815603,0.08413333333333334,0.36625833333333335
frozen meals,yogurt + fresh fruits,0.019083333333333334,0.2563987728687552,1.3586320329349129,0.005037342313888891,0.28519189340531653,0.07442833333333333,0.18871833333333332
water seltzer sparkling water + refrigerated,packaged cheese,0.010005,0.3135053269270942,1.358391017557368,0.002639668611111111,0.27253235967780925,0.031913333333333335,0.23079166666666667
frozen breakfast,packaged vegetables fruits + fresh vegetables,0.019666666666666666,0.31809359499676515,1.3583488035959965,0.005188303955555553,0.2811975742258606,0.06182666666666667,0.23417666666666667
refrigerated,packaged cheese + fresh fruits,0.02832,0.2122355174739577,1.358032083997639,0.007466295338888887,0.304236703763803,0.13343666666666668,0.15628166666666668
other creams cheeses,fresh vegetables,0.051845,0.6035857733279003,1.3580102745511073,0.013667821983333335,0.2884007267304139,0.085895,0.4444633333333333
dish detergents + fresh vegetables,fresh fruits,0.010336666666666666,0.7577275503970677,1.3578941197641665,0.0027243893055555538,0.2672107568848013,0.013641666666666667,0.5580166666666667
meat counter + fresh vegetables,fresh fruits,0.012516666666666667,0.7575910420659739,1.3576494884847654,0.0032973013055555556,0.26785832661652,0.016521666666666667,0.5580166666666667
other creams cheeses + soy lactosefree,fresh fruits,0.012508333333333333,0.7575451700817604,1.3575672830831103,0.003294548138888888,0.26781025255864965,0.016511666666666668,0.5580166666666667
refrigerated + lunch meat,fresh vegetables,0.011645,0.6032116032116033,1.3571684275679359,0.003064635350000001,0.26835231910731394,0.019305,0.4444633333333333
crackers + lunch meat,fresh vegetables,0.012505,0.6031835356539915,1.3571052782471555,0.0032905343277777784,0.2687082613302094,0.020731666666666666,0.4444633333333333
refrigerated + milk,packaged vegetables fruits,0.02008,0.49700919929045834,1.3569908287605514,0.005282552902777777,0.2741515221790716,0.04040166666666667,0.36625833333333335
water seltzer sparkling water + canned meals beans,fresh fruits,0.010098333333333334,0.7571857035741066,1.3569230971131805,0.002656251055555556,0.2665940355051794,0.013336666666666667,0.5580166666666667
hot dogs bacon sausage + fresh vegetables,fresh fruits,0.03743166666666667,0.7571640482772571,1.356884289496593,0.009845182722222224,0.2766964314776915,0.049436666666666663,0.5580166666666667
packaged vegetables fruits + frozen meals,fresh fruits,0.024355,0.756914948720605,1.3564378878538963,0.006399883722222222,0.27151127003504416,0.032176666666666666,0.5580166666666667
refrigerated,fresh fruits + milk,0.029585,0.22171567035547451,1.3562112185187403,0.007770551338888886,0.30309582317630485,0.13343666666666668,0.16348166666666666
fresh dips tapenades + crackers,fresh vegetables,0.012638333333333333,0.6027342818535888,1.3560945001543183,0.0033186780055555563,0.2682122270406042,0.020968333333333332,0.4444633333333333
packaged vegetables fruits + condiments,fresh fruits,0.021141666666666666,0.7566358484938861,1.3559377231753282,0.00554975097222222,0.2700486104917666,0.027941666666666667,0.5580166666666667
bread + milk,fresh fruits,0.04511833333333334,0.7565324316015987,1.355752393778439,0.011839149361111113,0.2790439006173225,0.059638333333333335,0.5580166666666667
yogurt + candy chocolate,packaged vegetables fruits,0.010755,0.4964609939990768,1.3554940565604698,0.0028206236388888892,0.268068877622274,0.021663333333333333,0.36625833333333335
packaged vegetables fruits + ice cream ice,fresh fruits,0.03349833333333333,0.756283865141481,1.3553069474773412,0.008781915111111108,0.27430986060114065,0.04429333333333333,0.5580166666666667
instant foods,packaged vegetables fruits + fresh fruits,0.019006666666666668,0.36710123933687433,1.3552505697750767,0.0049821998333333326,0.27644184528757176,0.051775,0.27087333333333335
juice nectars,bread,0.019931666666666667,0.22260898700718515,1.3552370981108122,0.005224523027777777,0.2878992754384988,0.08953666666666667,0.16425833333333334
ice cream ice + fresh vegetables,milk,0.017066666666666667,0.3292498633484454,1.355170077235927,0.004472921458333334,0.2764131155434115,0.051835,0.24295833333333333
hot cereal pancake mixes,milk,0.014973333333333333,0.3292048369366068,1.3549847515826725,0.003922778472222221,0.2744680358725655,0.045483333333333334,0.24295833333333333
bread + pasta sauce,fresh fruits,0.012631666666666666,0.755934570117694,1.3546809894286802,0.0033072081666666656,0.2662681694530299,0.01671,0.5580166666666667
fresh fruits + crackers,fresh vegetables,0.04575166666666667,0.6020748344080361,1.3546108064588067,0.01197689796666667,0.28330925299155485,0.07599,0.4444633333333333
bread + frozen breakfast,fresh fruits,0.013408333333333333,0.7558248778654642,1.3544844142029164,0.0035091176666666654,0.26643831236742666,0.01774,0.5580166666666667
chips pretzels + eggs,fresh fruits,0.020961666666666667,0.7556022829678583,1.3540855105304948,0.005481354305555554,0.2689554755303433,0.027741666666666668,0.5580166666666667
chips pretzels + packaged vegetables fruits,water seltzer sparkling water,0.018905,0.25909682724593985,1.3539758948888998,0.0049424176,0.28201137408635474,0.072965,0.19136
water seltzer sparkling water + fresh fruits,packaged cheese,0.034638333333333333,0.3124699302381525,1.353904734738339,0.009054307777777777,0.29398478964027824,0.11085333333333333,0.23079166666666667
water seltzer sparkling water + crackers,packaged vegetables fruits,0.01351,0.4958708019820151,1.3538826474446954,0.0035312917083333336,0.2687043974471092,0.027245,0.36625833333333335
cream + fresh vegetables,fresh fruits,0.033911666666666666,0.7554672706345376,1.3538435601706116,0.008863228527777774,0.2736457216631399,0.044888333333333336,0.5580166666666667
yogurt + baking ingredients,fresh fruits,0.017465,0.7553521228285158,1.3536372082587422,0.00456272463888889,0.2674331209432283,0.023121666666666665,0.5580166666666667
packaged vegetables fruits + frozen meals,milk,0.010581666666666666,0.32886149383611313,1.3535715746984591,0.0027640773611111117,0.26989822530300206,0.032176666666666666,0.24295833333333333
asian foods,packaged vegetables fruits,0.02126,0.4957059029262037,1.3534324213588869,0.005551790513888891,0.27283947188601804,0.042888333333333334,0.36625833333333335
milk + soy lactosefree,fresh fruits,0.03171,0.7552097804945819,1.3533821220893913,0.008279810194444442,0.27255449019364536,0.041988333333333336,0.5580166666666667
chips pretzels + soy lactosefree,fresh fruits,0.026331666666666666,0.7551742268534009,1.3533184077896134,0.006874555527777774,0.2705077488013612,0.034868333333333335,0.5580166666666667
yogurt + popcorn jerky,fresh fruits,0.011698333333333333,0.7550559380378657,1.3531064269965634,0.0030527951111111104,0.2650665979929238,0.015493333333333333,0.5580166666666667
other creams cheeses + lunch meat,fresh fruits,0.011276666666666667,0.7548811781769498,1.3527932466359123,0.0029408276944444447,0.2647435679356562,0.014938333333333333,0.5580166666666667
fresh fruits + ice cream ice,fresh vegetables,0.038718333333333334,0.6011696814429521,1.3525742988389418,0.010092672349999998,0.2786131611850587,0.064405,0.4444633333333333
packaged produce + fresh vegetables,fresh fruits,0.017608333333333333,0.7546967640545753,1.352462765248186,0.004588874472222221,0.26683378708774047,0.023331666666666667,0.5580166666666667
frozen produce + soup broth bouillon,fresh fruits,0.01307,0.7546915600038494,1.3524534392709584,0.00340608136111111,0.2651957601342683,0.017318333333333335,0.5580166666666667
fresh herbs + fresh fruits,yogurt,0.025216666666666665,0.35644450726788696,1.3523542111033753,0.006570171199999999,0.2803845647937709,0.070745,0.2635733333333333
bread + crackers,fresh fruits,0.022238333333333332,0.75456653282814,1.3522293829242973,0.005792652138888885,0.26839041060696867,0.029471666666666667,0.5580166666666667
soup broth bouillon + fresh vegetables,yogurt,0.020033333333333334,0.35639102202982775,1.352151287547404,0.005217436977777778,0.27594935931506703,0.05621166666666667,0.2635733333333333
fresh fruits + canned jarred vegetables,milk,0.016476666666666667,0.32851493702854484,1.3521451704141787,0.004291091458333335,0.2741862515645581,0.050155,0.24295833333333333
frozen vegan vegetarian + fresh vegetables,fresh fruits,0.010915,0.7544930875576037,1.3520977645069208,0.0028423588888888875,0.2642310527685046,0.014466666666666666,0.5580166666666667
fresh fruits + tea,packaged cheese,0.010581666666666666,0.3120055039559684,1.3518924164909263,0.0027543672916666654,0.26943402359831925,0.033915,0.23079166666666667
packaged vegetables fruits,packaged cheese,0.11427,0.311992901185411,1.3518378097941621,0.029740628819444434,0.41068198995623356,0.36625833333333335,0.23079166666666667
packaged cheese,packaged vegetables fruits,0.11427,0.49512186315219353,1.3518378097941621,0.029740628819444434,0.3383560441382548,0.23079166666666667,0.36625833333333335
yogurt + condiments,fresh fruits,0.013626666666666667,0.7541739691910341,1.35152588487387,0.003544235527777778,0.2648815299923571,0.018068333333333332,0.5580166666666667
water seltzer sparkling water + soy lactosefree,packaged cheese,0.011625,0.3118572833765537,1.3512501897521736,0.0030218559722222215,0.2700096598479847,0.037276666666666666,0.23079166666666667
soy lactosefree + juice nectars,fresh fruits,0.014236666666666667,0.7537945640663607,1.3508459676826152,0.003697591888888888,0.26472288118084397,0.018886666666666666,0.5580166666666667
packaged cheese + breakfast bakery,fresh vegetables,0.014846666666666666,0.6001886538202399,1.3503670804946188,0.003852125344444443,0.2660416028656588,0.024736666666666667,0.4444633333333333
crackers + spreads,fresh fruits,0.011616666666666668,0.7534320613987678,1.3501963407283555,0.0030129796944444454,0.2634286051756493,0.015418333333333333,0.5580166666666667
granola,packaged vegetables fruits,0.013948333333333333,0.49450484519026233,1.350153157444233,0.0036174066111111097,0.26687082308253157,0.028206666666666668,0.36625833333333335
frozen breakfast,soy lactosefree,0.014208333333333333,0.22980914384300194,1.3498730878616225,0.003682652466666665,0.2762705005709186,0.06182666666666667,0.170245
bread + packaged cheese,soy lactosefree,0.013728333333333334,0.22980777278687609,1.3498650344320013,0.003558180775000001,0.2756521996609592,0.05973833333333333,0.170245
packaged cheese + energy granola bars,fresh vegetables,0.016186666666666665,0.5999505806770448,1.3498314386872066,0.004195045933333332,0.26635296155176036,0.02698,0.4444633333333333
baking ingredients + fresh vegetables,yogurt,0.015396666666666666,0.3557729338365555,1.3498062544385705,0.003990091377777777,0.2708755262810477,0.043276666666666665,0.2635733333333333
energy granola bars,packaged cheese,0.02698,0.31143346351411144,1.3494138155513042,0.0069861332638888884,0.2834973280029836,0.08663166666666666,0.23079166666666667
packaged poultry + fresh vegetables,fresh fruits,0.018116666666666666,0.7529786644499861,1.3493838256622908,0.004690785666666664,0.26530423177605333,0.02406,0.5580166666666667
packaged cheese + fresh vegetables,soy lactosefree,0.031236666666666666,0.2297207854288726,1.3493540804656383,0.00808731905,0.29965009694366335,0.13597666666666666,0.170245
cream + fresh vegetables,chips pretzels,0.010191666666666667,0.22704488916942042,1.3493025376298993,0.0026383816305555552,0.27104303619624875,0.044888333333333336,0.16826833333333333
chips pretzels + refrigerated,packaged vegetables fruits,0.015791666666666666,0.4941587566496297,1.3492082272975714,0.004087271194444443,0.26736877597673264,0.03195666666666667,0.36625833333333335
pasta sauce,soy lactosefree,0.01427,0.2296858652788583,1.3491489634283431,0.0036929618916666657,0.2759354108013882,0.062128333333333334,0.170245
refrigerated + eggs,fresh fruits,0.017218333333333332,0.7524947192075169,1.3485165661853293,0.004449981972222218,0.26449652984521127,0.022881666666666668,0.5580166666666667
fresh fruits + refrigerated,fresh vegetables,0.05168333333333333,0.5992733737873459,1.348307787940541,0.013351333922222222,0.2827115707321082,0.08624333333333334,0.4444633333333333
canned meat seafood,fresh vegetables,0.01156,0.5991706979958535,1.3480767772276383,0.0029848207555555565,0.2632820763648042,0.019293333333333332,0.4444633333333333
coffee + fresh vegetables,fresh fruits,0.017565,0.752141021981159,1.3478827191203826,0.004533450777777778,0.2642672092548528,0.023353333333333334,0.5580166666666667
fresh fruits + juice nectars,fresh vegetables,0.033738333333333335,0.5990825688073395,1.3478784949804772,0.008707639944444446,0.273495731931126,0.05631666666666667,0.4444633333333333
butter,fresh vegetables,0.044975,0.599054300048839,1.3478148929769362,0.01160617447777778,0.27900512923308873,0.07507666666666667,0.4444633333333333
pasta sauce,milk,0.020338333333333333,0.32736003433752714,1.347391669370717,0.005243737013888888,0.2749046752334973,0.062128333333333334,0.24295833333333333
chips pretzels + lunch meat,fresh vegetables,0.016935,0.5987272405868835,1.3470790404612685,0.0043633546166666655,0.2651529128300788,0.028285,0.4444633333333333
bread + ice cream ice,packaged vegetables fruits,0.011721666666666667,0.49330153608753596,1.3468677465928947,0.0030187582361111097,0.2638050525388035,0.023761666666666667,0.36625833333333335
baby food formula,soy lactosefree,0.01053,0.2292952021485084,1.3468542520984956,0.002711782116666667,0.26992502266618373,0.04592333333333333,0.170245
packaged cheese + ice cream ice,fresh vegetables,0.019418333333333333,0.5986230283101269,1.3468445728034415,0.0050006835722222216,0.2661575369014751,0.03243833333333333,0.4444633333333333
buns rolls,milk,0.010686666666666667,0.3272263332482776,1.346841364767392,0.002752052430555556,0.2662162402108241,0.03265833333333333,0.24295833333333333
fresh herbs,fresh fruits,0.070745,0.7515137565950215,1.3467586211792146,0.018215171055555555,0.2842332114302113,0.09413666666666666,0.5580166666666667
chips pretzels + milk,water seltzer sparkling water,0.012503333333333333,0.2577032736766171,1.3466935288284756,0.0032188650666666666,0.27056806614118856,0.04851833333333333,0.19136
fresh fruits + tea,milk,0.011095,0.32714138286893707,1.346491714775251,0.0028550681250000005,0.2663629584095384,0.033915,0.24295833333333333
packaged vegetables fruits + refrigerated,water seltzer sparkling water,0.014936666666666666,0.25761016413234067,1.3462069613939207,0.003841294933333333,0.27300123344417415,0.05798166666666667,0.19136
packaged vegetables fruits + eggs,chips pretzels,0.015678333333333332,0.22652186476594105,1.346194261740322,0.004031921088888888,0.27628797068990185,0.06921333333333334,0.16826833333333333
yogurt + soy lactosefree,milk,0.018966666666666666,0.3270208914049254,1.3459957800923015,0.004875488263888889,0.27288234122747923,0.05799833333333333,0.24295833333333333
nuts seeds dried fruit + crackers,fresh fruits,0.011673333333333334,0.750938136592688,1.345727074924921,0.0029989642499999997,0.2609639591597586,0.015545,0.5580166666666667
baking ingredients,packaged vegetables fruits + fresh vegetables,0.024055,0.3150209533787323,1.345227762709346,0.006173269733333334,0.2778479261002598,0.07636,0.23417666666666667
hot cereal pancake mixes,chips pretzels,0.010295,0.22634664712348845,1.3451529627687233,0.0026415953055555557,0.26881680636741156,0.045483333333333334,0.16826833333333333
instant foods + milk,fresh vegetables,0.011031666666666667,0.5978143063583815,1.3450250257427643,0.002829836622222224,0.26134204158735186,0.018453333333333332,0.4444633333333333
baking ingredients + milk,packaged vegetables fruits,0.011325,0.4924626757501087,1.344577395053879,0.002902279194444444,0.2623040114661959,0.022996666666666665,0.36625833333333335
chips pretzels + packaged cheese,fresh vegetables,0.03378166666666667,0.5975883011970046,1.3445165357404913,0.008656154433333337,0.2715912841132624,0.05653,0.4444633333333333
yogurt + cookies cakes,fresh fruits,0.014295,0.7501311876858492,1.344280973123591,0.0036610623888888878,0.2610832740142457,0.019056666666666666,0.5580166666666667
fresh fruits + paper goods,packaged vegetables fruits,0.015976666666666667,0.4923472008217771,1.3442621123208403,0.004091583749999999,0.2646865379952071,0.03245,0.36625833333333335
packaged cheese + refrigerated,fresh fruits,0.02832,0.7500662134722345,1.3441645353583842,0.007251150722222221,0.266090134206095,0.03775666666666667,0.5580166666666667
poultry counter,yogurt,0.013773333333333334,0.3542675869164488,1.3440949523843413,0.003526041422222223,0.26636059971266673,0.038878333333333334,0.2635733333333333
bread + dry pasta,fresh fruits,0.014841666666666666,0.7500210561778825,1.344083610724678,0.0037994468611111092,0.2611667196476631,0.019788333333333335,0.5580166666666667
frozen produce + ice cream ice,fresh fruits,0.012325,0.7497718746831592,1.3436370622439457,0.0031521360277777764,0.2600257925004826,0.016438333333333333,0.5580166666666667
oils vinegars + fresh vegetables,fresh fruits,0.03265,0.7497416663477362,1.3435829270590534,0.008349304194444442,0.26736470200184576,0.043548333333333335,0.5580166666666667
prepared meals,packaged vegetables fruits,0.013506666666666667,0.491896813353566,1.3430324134246756,0.0034498232638888876,0.26262765002654104,0.027458333333333335,0.36625833333333335
other creams cheeses + milk,fresh fruits,0.022556666666666666,0.749390919158361,1.3429543666408308,0.005760365,0.2632983404890942,0.0301,0.5580166666666667
cereal + packaged cheese,fresh fruits,0.022956666666666667,0.7491569672576961,1.3425351105242305,0.005857175944444442,0.26320603342558085,0.030643333333333335,0.5580166666666667
nuts seeds dried fruit,fresh fruits + fresh vegetables,0.03464166666666667,0.4276133067253688,1.3423531469459553,0.00883499519166667,0.27752207947901203,0.08101166666666666,0.318555
bread + packaged cheese,fresh fruits,0.044746666666666664,0.7490444438244567,1.342333461648917,0.011411681027777773,0.27123154914486164,0.05973833333333333,0.5580166666666667
other creams cheeses + bread,fresh fruits,0.016698333333333332,0.7489721163190551,1.342203846335035,0.004257351749999999,0.26077056708735363,0.022295,0.5580166666666667
soup broth bouillon + eggs,fresh fruits,0.012046666666666667,0.7489379338928609,1.3421425893363892,0.0030709685833333333,0.25909014764805116,0.016085,0.5580166666666667
oils vinegars + milk,fresh fruits,0.013313333333333333,0.7488515983875504,1.3419878708298145,0.0033927270277777765,0.25944935945217895,0.017778333333333333,0.5580166666666667
nuts seeds dried fruit,yogurt,0.028653333333333333,0.35369391239944864,1.3419184252306076,0.007300818311111113,0.2772594711867783,0.08101166666666666,0.2635733333333333
chips pretzels + fresh fruits,water seltzer sparkling water,0.027191666666666666,0.256743146696881,1.3416761428557744,0.006924729066666666,0.2848299940748587,0.10591,0.19136
bread + spreads,fresh fruits,0.01724,0.7485346262392357,1.3414198373511586,0.004387946138888887,0.2605214816801389,0.023031666666666666,0.5580166666666667
refrigerated + soy lactosefree,fresh fruits,0.022543333333333332,0.748367821179595,1.3411209124809802,0.005734011277777777,0.26225507364425954,0.030123333333333332,0.5580166666666667
packaged cheese + crackers,fresh vegetables,0.025908333333333332,0.5960277596717918,1.341005466529204,0.006588253005555555,0.265846802154888,0.04346833333333333,0.4444633333333333
fresh fruits + soy lactosefree,packaged cheese,0.036583333333333336,0.3094862105916192,1.3409765398445315,0.009302219722222223,0.2883609902378309,0.11820666666666667,0.23079166666666667
cookies cakes,packaged cheese,0.018138333333333333,0.3094750611385998,1.3409282302448808,0.004611633749999998,0.270077154585625,0.05861,0.23079166666666667
frozen breakfast,fresh fruits + fresh vegetables,0.0264,0.42700021565667456,1.340428546582771,0.0067048062,0.27070683294293363,0.06182666666666667,0.318555
packaged vegetables fruits + canned jarred vegetables,milk,0.012638333333333333,0.3256602963281082,1.3403956631580514,0.0032095253472222227,0.2642049848628526,0.038808333333333334,0.24295833333333333
asian foods + fresh vegetables,fresh fruits,0.021041666666666667,0.7478822344647829,1.3402507113851727,0.00534186775,0.26122037790666136,0.028135,0.5580166666666667
fresh fruits + cream,soy lactosefree,0.01305,0.22799405992487554,1.3392114888829365,0.0033054599416666667,0.2686701830469715,0.057238333333333336,0.170245
energy granola bars + refrigerated,fresh fruits,0.012983333333333333,0.7472422062350118,1.3391037416475227,0.0032877937499999985,0.2577095715855021,0.017375,0.5580166666666667
pickled goods olives + fresh vegetables,fresh fruits,0.01603,0.7470871524001864,1.3388258756910243,0.004056822388888888,0.25862613492360864,0.021456666666666666,0.5580166666666667
ice cream ice + fresh vegetables,fresh fruits,0.038718333333333334,0.7469534741648178,1.3385863161162768,0.009793539416666663,0.2667712975613366,0.051835,0.5580166666666667
soup broth bouillon,yogurt + fresh fruits,0.021253333333333332,0.2526148969889065,1.3385816445438432,0.005375830888888888,0.2761762267076292,0.08413333333333334,0.18871833333333332
condiments + soy lactosefree,fresh fruits,0.010405,0.746681019016864,1.338098059825329,0.0026290377499999986,0.2562413381358221,0.013935,0.5580166666666667
packaged cheese + breakfast bakery,fresh fruits,0.018465,0.7464627408705026,1.3377068920351887,0.00466152772222222,0.2588553008124746,0.024736666666666667,0.5580166666666667
packaged vegetables fruits + crackers,water seltzer sparkling water,0.01351,0.25595200505209975,1.33754183242109,0.0034093813333333327,0.26642249983957694,0.052783333333333335,0.19136
frozen appetizers sides + milk,fresh fruits,0.013373333333333333,0.746279761904762,1.3373789825359372,0.0033736746666666664,0.2568719387617532,0.01792,0.5580166666666667
hot dogs bacon sausage + milk,fresh fruits,0.020443333333333334,0.7461070559610705,1.3370694829205887,0.005153676666666666,0.2591977295120946,0.0274,0.5580166666666667
hot dogs bacon sausage,milk,0.0274,0.324843407299097,1.3370334033919273,0.006906869513888889,0.2752963150513649,0.08434833333333333,0.24295833333333333
water seltzer sparkling water + lunch meat,fresh vegetables,0.013656666666666666,0.5942417869316121,1.3369871986401851,0.0034421584944444427,0.2579784571983666,0.022981666666666668,0.4444633333333333
water seltzer sparkling water + packaged cheese,fresh vegetables,0.028601666666666668,0.5942380276325356,1.3369787405767306,0.007208905661111112,0.26478972116193206,0.04813166666666667,0.4444633333333333
water seltzer sparkling water + yogurt,fresh fruits,0.04169,0.7459739949898604,1.3368310295209707,0.01050430855555555,0.2668771825858398,0.05588666666666667,0.5580166666666667
chips pretzels + cereal,packaged vegetables fruits,0.012535,0.4896165614217825,1.336806611240106,0.00315817623611111,0.2585684253250556,0.025601666666666665,0.36625833333333335
oils vinegars,soy lactosefree,0.015558333333333334,0.2275774641020015,1.3367644518311932,0.003919533908333333,0.2704117496102573,0.068365,0.170245
hot dogs bacon sausage + lunch meat,fresh fruits,0.013513333333333334,0.745700358686655,1.3363406565275617,0.0034011413055555547,0.25633299351271666,0.018121666666666668,0.5580166666666667
canned fruit applesauce,packaged vegetables fruits,0.011858333333333334,0.48944073742863037,1.3363265566525366,0.002984504347222222,0.25792910927831664,0.024228333333333334,0.36625833333333335
hot dogs bacon sausage + crackers,fresh fruits,0.010906666666666667,0.7455001139211666,1.3359818056590302,0.002742882833333333,0.2552206910573574,0.01463,0.5580166666666667
bread + oils vinegars,fresh fruits,0.010198333333333334,0.7454922027290448,1.3359676283188282,0.002564665333333333,0.2549668151271976,0.01368,0.5580166666666667
chips pretzels + canned meals beans,fresh fruits,0.012583333333333334,0.7453109575518263,1.3356428258746624,0.003162151944444443,0.2556124331806412,0.016883333333333334,0.5580166666666667
yogurt + spreads,fresh vegetables,0.017408333333333335,0.593499630660833,1.3353174179966094,0.004371482994444446,0.25870256679606585,0.029331666666666666,0.4444633333333333
chips pretzels + fresh fruits,fresh vegetables,0.06285,0.5934283825889907,1.3351571166477716,0.015776888366666672,0.2807597409618783,0.10591,0.4444633333333333
water seltzer sparkling water + fresh dips tapenades,fresh fruits,0.016895,0.7450389534029105,1.3351553778015777,0.004241042055555554,0.25684795686651396,0.022676666666666668,0.5580166666666667
baking ingredients + fresh vegetables,fresh fruits,0.03224,0.7449741970268813,1.3350393304146493,0.008090898722222219,0.2623103130733649,0.043276666666666665,0.5580166666666667
refrigerated,bread,0.02924,0.21913017411506083,1.3340581854704123,0.007321915527777775,0.28896619341914337,0.13343666666666668,0.16425833333333334
energy granola bars + fresh vegetables,water seltzer sparkling water,0.010306666666666667,0.2552840158520476,1.334051086183359,0.002580825600000001,0.2609384747798646,0.04037333333333333,0.19136
cereal + energy granola bars,fresh fruits,0.01065,0.7443214909726267,1.3338696412400346,0.0026657115277777775,0.25393493763670183,0.014308333333333333,0.5580166666666667
packaged cheese + crackers,water seltzer sparkling water,0.011095,0.2552432805490587,1.333838213571586,0.0027768997333333344,0.26165771229432083,0.04346833333333333,0.19136
buns rolls + fresh vegetables,fresh fruits,0.013255,0.7442448062886019,1.333732217595535,0.0033167231666666654,0.25476160955986094,0.01781,0.5580166666666667
chips pretzels + dry pasta,fresh fruits,0.012965,0.7441170843696193,1.3335033321040934,0.003242489611111111,0.254530379768258,0.017423333333333332,0.5580166666666667
tortillas flat bread,soy lactosefree,0.01292,0.22699853587115665,1.3333638924559115,0.003230222083333333,0.26510614733143456,0.056916666666666664,0.170245
refrigerated,yogurt,0.04688666666666667,0.3513776822962204,1.333130623847457,0.011716319644444445,0.28836433410472306,0.13343666666666668,0.2635733333333333
fresh fruits + cream,fresh vegetables,0.033911666666666666,0.5924642576361995,1.3329879276945218,0.008471326238888889,0.26497222767504647,0.057238333333333336,0.4444633333333333
preserved dips spreads,packaged vegetables fruits,0.015623333333333333,0.4881783147588793,1.3328797472427365,0.003901845805555554,0.25800168492087977,0.032003333333333335,0.36625833333333335
soy lactosefree + juice nectars,fresh vegetables,0.011186666666666666,0.5923049770561243,1.3326295616199109,0.0027922358444444437,0.25440885458196877,0.018886666666666666,0.4444633333333333
milk + breakfast bakery,fresh fruits,0.017936666666666667,0.7435915152352657,1.3325614800667822,0.004476374638888888,0.255734319056308,0.024121666666666666,0.5580166666666667
preserved dips spreads,fresh vegetables,0.018948333333333334,0.5920737423185085,1.3321093055711575,0.004724025122222223,0.2575534196722264,0.032003333333333335,0.4444633333333333
packaged cheese + crackers,fresh fruits,0.032301666666666666,0.7431080096622062,1.3316950085042971,0.008045612194444444,0.2603963017768132,0.04346833333333333,0.5580166666666667
canned meals beans + soup broth bouillon,fresh fruits,0.010661666666666667,0.7430595888024161,1.3316082353616965,0.002655057527777777,0.25265353238051896,0.014348333333333333,0.5580166666666667
other creams cheeses + eggs,fresh fruits,0.013493333333333333,0.7430249632892805,1.3315461843241487,0.003359750666666666,0.2535987324275241,0.01816,0.5580166666666667
chips pretzels + lunch meat,fresh fruits,0.021015,0.7429733074067527,1.3314536138229192,0.005231498583333331,0.2561874263964678,0.028285,0.5580166666666667
nuts seeds dried fruit,packaged cheese,0.02489,0.3072396979858868,1.3312425982417915,0.006193182430555555,0.27075655424657613,0.08101166666666666,0.23079166666666667
tortillas flat bread + packaged cheese,fresh fruits,0.018596666666666668,0.7427772600186393,1.3311022849113932,0.00462578938888889,0.25513055037388127,0.025036666666666665,0.5580166666666667
instant foods + milk,fresh fruits,0.013705,0.7426842485549133,1.330935602678976,0.003407732444444445,0.2533235099000707,0.018453333333333332,0.5580166666666667
yogurt + milk,fresh vegetables,0.05640333333333333,0.591302220746772,1.330373455808365,0.01400671673888889,0.27451709261070617,0.09538833333333334,0.4444633333333333
frozen produce + packaged vegetables fruits,milk,0.021911666666666666,0.3231888689495809,1.3302234359097824,0.005439496597222222,0.2663013829400443,0.06779833333333334,0.24295833333333333
water seltzer sparkling water + fresh dips tapenades,fresh vegetables,0.013406666666666667,0.5912097603998236,1.3301654288688762,0.003327719811111112,0.2539730725883951,0.022676666666666668,0.4444633333333333
frozen produce + fresh fruits,milk,0.029023333333333335,0.32314572547273096,1.330045860289066,0.007202030625000001,0.272632734815353,0.089815,0.24295833333333333
packaged vegetables fruits + canned meals beans,milk,0.012165,0.32310756972111554,1.3298888138066838,0.0030176187499999993,0.2577621856655653,0.03765,0.24295833333333333
spreads,fresh fruits + fresh vegetables,0.03315,0.42353392104254495,1.3295472400136397,0.008216700149999999,0.2689120001720157,0.07827,0.318555
other creams cheeses + refrigerated,fresh fruits,0.010876666666666666,0.7418438103899057,1.3294294860785023,0.0026952123055555555,0.2514848243204214,0.014661666666666667,0.5580166666666667
bread + milk,fresh vegetables,0.035236666666666666,0.5908392253304642,1.3293317603937278,0.008729614238888888,0.26345431588572804,0.059638333333333335,0.4444633333333333
bread + lunch meat,fresh fruits,0.025156666666666667,0.7411371894333694,1.328163178101077,0.006215720944444444,0.2557618775146083,0.03394333333333333,0.5580166666666667
canned jarred vegetables,soy lactosefree,0.016748333333333334,0.2261047610476105,1.3281139595736173,0.004137718699999999,0.2668165561357688,0.07407333333333334,0.170245
yogurt + frozen breakfast,fresh vegetables,0.015295,0.5902366863905325,1.327976105394219,0.0037774734888888894,0.2535445880996387,0.025913333333333333,0.4444633333333333
bread + cream,fresh fruits,0.014543333333333333,0.7408728137204957,1.327689400652004,0.0035894661666666643,0.251753717825634,0.01963,0.5580166666666667
yogurt + fresh vegetables,chips pretzels,0.032355,0.22339984809776983,1.3276404637301722,0.007984697283333338,0.2885789138695967,0.14483,0.16826833333333333
baby food formula,fresh fruits,0.03400333333333334,0.7404369601509765,1.326908324394689,0.008377347944444447,0.25822708115705134,0.04592333333333333,0.5580166666666667
fresh fruits + fresh dips tapenades,milk,0.02248,0.3223555279384351,1.3267934609024938,0.005536895694444443,0.2647671690682345,0.06973666666666667,0.24295833333333333
packaged cheese + lunch meat,fresh fruits,0.033701666666666664,0.7403434262073005,1.326740705846242,0.008299817972222217,0.2580186594960915,0.04552166666666667,0.5580166666666667
soup broth bouillon + fresh vegetables,fresh fruits,0.041596666666666664,0.7400005929967088,1.3261263277620898,0.010229619805555548,0.260571167299026,0.05621166666666667,0.5580166666666667
refrigerated,soy lactosefree,0.030123333333333332,0.22575004371612,1.3260303898271315,0.007406408016666664,0.2837293721675949,0.13343666666666668,0.170245
frozen vegan vegetarian,fresh vegetables,0.014466666666666666,0.5893135990223369,1.325899247082257,0.0035558326055555554,0.251980583936354,0.02454833333333333,0.4444633333333333
chips pretzels + bread,water seltzer sparkling water,0.010201666666666666,0.2536991751979111,1.3257691011596524,0.002506762133333333,0.2560156593549375,0.040211666666666666,0.19136
water seltzer sparkling water + eggs,fresh fruits,0.021513333333333332,0.7397982576799633,1.3257637304978285,0.005286208666666663,0.2530772745629454,0.02908,0.5580166666666667
packaged cheese,fresh vegetables,0.13597666666666666,0.5891749413251489,1.325587280522163,0.033398233194444446,0.3193119128727185,0.23079166666666667,0.4444633333333333
fresh vegetables,packaged cheese,0.13597666666666666,0.3059344977838442,1.325587280522163,0.033398233194444446,0.44212632406076224,0.4444633333333333,0.23079166666666667
energy granola bars + crackers,fresh fruits,0.014035,0.7396574440052701,1.3255113837793435,0.0034466337500000006,0.2503240891171831,0.018975,0.5580166666666667
baking ingredients,fresh fruits + fresh vegetables,0.03224,0.42221058145625984,1.3253930450197293,0.0079151402,0.26580359233555706,0.07636,0.318555
packaged vegetables fruits,fresh fruits,0.27087333333333335,0.7395690655502719,1.3253530041819632,0.06649507902777776,0.38735662905411866,0.36625833333333335,0.5580166666666667
fresh fruits,packaged vegetables fruits,0.27087333333333335,0.48542158239001215,1.325353004181963,0.06649507902777776,0.5554146891462097,0.5580166666666667,0.36625833333333335
cereal + packaged cheese,fresh vegetables,0.01805,0.5890351354291309,1.325272730624493,0.004430161922222222,0.25319713793800047,0.030643333333333335,0.4444633333333333
soup broth bouillon,soy lactosefree,0.018981666666666668,0.22561410459587955,1.325231898709974,0.004658387333333333,0.26795940245765104,0.08413333333333334,0.170245
other creams cheeses + crackers,fresh fruits,0.011283333333333333,0.7394866193336974,1.3252052555187073,0.0027689290277777764,0.24920232599299197,0.015258333333333334,0.5580166666666667
milk,packaged vegetables fruits + fresh fruits,0.08719166666666667,0.3588749785628537,1.3248811691670905,0.021380733055555545,0.3239125900495009,0.24295833333333333,0.27087333333333335
packaged vegetables fruits + fresh fruits,milk,0.08719166666666667,0.32189092072555436,1.3248811691670905,0.021380733055555545,0.3363137548465163,0.27087333333333335,0.24295833333333333
ice cream ice + milk,packaged vegetables fruits,0.01507,0.4852159914140059,1.3247916764051035,0.003694626597222221,0.2530228062200356,0.031058333333333334,0.36625833333333335
soy lactosefree,packaged vegetables fruits,0.0826,0.4851831184469442,1.324701922905811,0.020246350041666666,0.2954043020293304,0.170245,0.36625833333333335
packaged vegetables fruits,soy lactosefree,0.0826,0.2255238788650998,1.324701922905811,0.020246350041666666,0.3867714709679502,0.36625833333333335,0.170245
yogurt + crackers,fresh vegetables,0.025358333333333333,0.5886335499845249,1.3243692017741056,0.006210852933333334,0.2559498667601935,0.04308,0.4444633333333333
fruit vegetable snacks,water seltzer sparkling water,0.011763333333333334,0.25340178795820917,1.3242150290458254,0.0028800832000000012,0.25675461322794857,0.04642166666666667,0.19136
frozen pizza,milk,0.014073333333333334,0.32171295767135294,1.3241486853219808,0.0034451210416666673,0.25599636102626305,0.043745,0.24295833333333333
fresh fruits + soy lactosefree,chips pretzels,0.026331666666666666,0.22275957362810897,1.323835383730999,0.006441227877777778,0.2774108890009807,0.11820666666666667,0.16826833333333333
chips pretzels + spreads,fresh fruits,0.013616666666666666,0.7386312268330169,1.3236723398339658,0.0033296294166666653,0.2491185282195012,0.018435,0.5580166666666667
frozen appetizers sides,fresh fruits + fresh vegetables,0.021956666666666666,0.4216489565996671,1.323630006120347,0.005368445966666666,0.25793331319187707,0.05207333333333333,0.318555
packaged vegetables fruits,yogurt,0.12776833333333334,0.3488475802598348,1.3235313900995351,0.031232403555555566,0.3857180088678844,0.36625833333333335,0.2635733333333333
yogurt,packaged vegetables fruits,0.12776833333333334,0.4847544010522056,1.3235313900995351,0.031232403555555566,0.33193471239944394,0.2635733333333333,0.36625833333333335
yogurt + tea,fresh fruits,0.0135,0.7384447078129273,1.3233380863407793,0.003298525305555553,0.2488852449045261,0.01828166666666667,0.5580166666666667
canned jarred vegetables + fresh vegetables,fresh fruits,0.04171,0.7384261308311941,1.3233047952531778,0.010190428583333327,0.25894256811493055,0.056485,0.5580166666666667
tortillas flat bread,milk,0.018298333333333333,0.321493411420205,1.323245047862274,0.004469954861111111,0.2590249109003337,0.056916666666666664,0.24295833333333333
water seltzer sparkling water + lunch meat,fresh fruits,0.016968333333333332,0.7383421567916454,1.3231543086376967,0.004144180305555552,0.24997509510462523,0.022981666666666668,0.5580166666666667
chips pretzels + soy lactosefree,fresh vegetables,0.020505,0.5880694039481861,1.3230999271365154,0.005007304338888888,0.2530216299963074,0.034868333333333335,0.4444633333333333
bread + crackers,fresh vegetables,0.017328333333333334,0.5879658428999605,1.3228669246806122,0.004229258127777779,0.2514775267325323,0.029471666666666667,0.4444633333333333
fresh fruits + canned meals beans,milk,0.015936666666666665,0.32135775499915975,1.32268669524607,0.0038879579861111103,0.2566928894591517,0.049591666666666666,0.24295833333333333
fresh fruits + frozen meals,fresh vegetables,0.02629,0.5877487145092779,1.3223784065635964,0.006409155100000001,0.2552019898759214,0.04473,0.4444633333333333
instant foods,fresh fruits + fresh vegetables,0.021806666666666665,0.42118139385160147,1.3221622446723533,0.005313481541666665,0.25696767187794334,0.051775,0.318555
fresh dips tapenades,fresh vegetables,0.057896666666666666,0.5875945127623945,1.322031467378024,0.014102953661111112,0.2702128779341766,0.09853166666666667,0.4444633333333333
frozen meals + fresh vegetables,milk,0.011048333333333334,0.3211102499515598,1.321667981278929,0.002688946944444444,0.25205261410563184,0.03440666666666667,0.24295833333333333
cereal + soy lactosefree,fresh fruits,0.017948333333333334,0.7374512086557556,1.3215576750797566,0.004367137694444443,0.2493868310236857,0.024338333333333333,0.5580166666666667
water seltzer sparkling water + fresh fruits,bread,0.024061666666666665,0.2170585758960789,1.321446355209247,0.005853082888888889,0.2735807675551052,0.11085333333333333,0.16425833333333334
packaged cheese + juice nectars,fresh fruits,0.0195,0.7373329972271238,1.321345832968771,0.004742319222222222,0.24980229559400016,0.026446666666666667,0.5580166666666667
fresh fruits + refrigerated,water seltzer sparkling water,0.021798333333333333,0.25275383604529816,1.3208289927116335,0.005294809066666666,0.2658253876802634,0.08624333333333334,0.19136
frozen meals,yogurt,0.02591,0.3481201155473946,1.3207713813261126,0.00629267608888889,0.2623964243655941,0.07442833333333333,0.2635733333333333
bread + refrigerated,fresh fruits,0.021546666666666665,0.736890104879161,1.3205521427899303,0.005230259333333331,0.2500525323325319,0.02924,0.5580166666666667
chips pretzels + tortillas flat bread,fresh fruits,0.011326666666666667,0.7368535183779681,1.3204865775418322,0.002749020472222221,0.24649239554604846,0.015371666666666667,0.5580166666666667
bread + energy granola bars,fresh vegetables,0.011455,0.5868841260353513,1.3204331651700207,0.0027798165055555567,0.2475036216593397,0.019518333333333332,0.4444633333333333
canned meals beans + canned jarred vegetables,fresh fruits,0.013503333333333332,0.7366124193108463,1.320054513265756,0.0032739578055555538,0.246983140037233,0.018331666666666666,0.5580166666666667
water seltzer sparkling water + dry pasta,fresh fruits,0.010531666666666667,0.7365660333372188,1.319971386763631,0.0025529583611111108,0.24592412545062245,0.014298333333333333,0.5580166666666667
yogurt + frozen meals,fresh fruits,0.019083333333333334,0.7365238646597195,1.3198958179141353,0.004625121500000001,0.2488111421068353,0.02591,0.5580166666666667
chips pretzels + pasta sauce,fresh fruits,0.011325,0.7362661176725539,1.3194339195470037,0.0027417736388888874,0.2458812814731251,0.015381666666666667,0.5580166666666667
water seltzer sparkling water + canned jarred vegetables,fresh fruits,0.010221666666666667,0.7362545018007203,1.3194131031941463,0.002474535277777778,0.24549555682442942,0.013883333333333333,0.5580166666666667
fresh vegetables + juice nectars,water seltzer sparkling water,0.010925,0.25247467549974967,1.3193701687904977,0.0026445338666666665,0.2530107952879986,0.04327166666666667,0.19136
candy chocolate + soy lactosefree,fresh fruits,0.010605,0.7361175381767701,1.3191676560020966,0.002565839888888888,0.24548283060369286,0.014406666666666667,0.5580166666666667
cereal + milk,packaged vegetables fruits,0.017676666666666667,0.4831010294251617,1.319017167550668,0.004275274250000001,0.251045509090501,0.03659,0.36625833333333335
hot dogs bacon sausage,fresh vegetables,0.049436666666666663,0.5861012863324704,1.318671850694404,0.011946925272222221,0.26392265822803657,0.08434833333333333,0.4444633333333333
soup broth bouillon + milk,fresh fruits,0.01741,0.7355820012675163,1.3182079411024454,0.004202675527777776,0.2472462506021691,0.023668333333333333,0.5580166666666667
spices seasonings,packaged vegetables fruits,0.025423333333333333,0.48278263071274846,1.318147839310364,0.0061361695,0.25477627337429887,0.05266,0.36625833333333335
butter,packaged vegetables fruits + fresh fruits,0.026805,0.35703503085734584,1.3180885193227307,0.006468733044444442,0.2609141794291657,0.07507666666666667,0.27087333333333335
yogurt + candy chocolate,fresh fruits,0.015931666666666667,0.7354208339744576,1.3179191194548385,0.0038431656111111104,0.24656961545593226,0.021663333333333333,0.5580166666666667
hot cereal pancake mixes,packaged vegetables fruits,0.02195333333333333,0.4826676438255771,1.3178338890825976,0.005294683472222221,0.2526713580219982,0.045483333333333334,0.36625833333333335
baking ingredients + soy lactosefree,fresh fruits,0.012995,0.735357917570499,1.3178063694104099,0.0031339154722222224,0.24550159842130137,0.017671666666666665,0.5580166666666667
bread + breakfast bakery,fresh fruits,0.01479,0.7353331123632748,1.317761916961754,0.0035664247777777765,0.24608721206845816,0.020113333333333334,0.5580166666666667
fresh fruits + crackers,water seltzer sparkling water,0.019158333333333333,0.2521165065578804,1.3174984665441076,0.004616886933333331,0.2608043569234102,0.07599,0.19136
nuts seeds dried fruit + packaged vegetables fruits,milk,0.01234,0.3200207468879668,1.3171836606604703,0.0029715266666666684,0.25046225457419863,0.03856,0.24295833333333333
bread + cereal,fresh fruits,0.018691666666666665,0.7348797588624598,1.3169494797571035,0.0044985127499999975,0.24695061831248913,0.025435,0.5580166666666667
fresh fruits + butter,soy lactosefree,0.01097,0.22419019721380157,1.3168680267485187,0.002639628408333334,0.253002285518521,0.048931666666666665,0.170245
oils vinegars + packaged cheese,fresh fruits,0.01502,0.7347138431436491,1.3166521486400926,0.003612279277777776,0.24551714338024988,0.020443333333333334,0.5580166666666667
granola,fresh fruits + fresh vegetables,0.011828333333333333,0.41934530843772155,1.3163984506214674,0.0028429586333333333,0.24732787735260223,0.028206666666666668,0.318555
milk + juice nectars,fresh fruits,0.020226666666666667,0.7345357704878344,1.3163330315483426,0.004860747722222222,0.24711865336292912,0.027536666666666668,0.5580166666666667
chips pretzels + milk,fresh fruits,0.03562666666666667,0.7342928789804543,1.3158977551096815,0.00855262802777778,0.2523039030755615,0.04851833333333333,0.5580166666666667
ice cream ice,bread,0.023761666666666667,0.2160871805753433,1.3155325284887218,0.005699272805555555,0.2694850318539652,0.10996333333333333,0.16425833333333334
packaged cheese + soy lactosefree,milk,0.01488,0.3196105104890098,1.3154951555026986,0.0035686698611111112,0.2515408681351615,0.04655666666666667,0.24295833333333333
breakfast bakery,packaged vegetables fruits + fresh fruits,0.02435,0.35628932351363213,1.3153355449544637,0.005837613488888886,0.2573241075391626,0.06834333333333334,0.27087333333333335
chips pretzels + energy granola bars,fresh fruits,0.018903333333333334,0.7338250517598343,1.3150593801137975,0.004528823999999999,0.24591277696824088,0.02576,0.5580166666666667
butter + milk,fresh fruits,0.020356666666666665,0.7336617011052379,1.314766645748761,0.00487356422222222,0.24624112540691376,0.027746666666666666,0.5580166666666667
refrigerated + soy lactosefree,fresh vegetables,0.017601666666666668,0.5843200177049906,1.314664166609148,0.004212949522222224,0.24678340504664478,0.030123333333333332,0.4444633333333333
fruit vegetable snacks,packaged vegetables fruits + fresh vegetables,0.014288333333333333,0.3077944925142714,1.3143687494381935,0.003417462172222222,0.2508220817343102,0.04642166666666667,0.23417666666666667
dry pasta + packaged cheese,fresh fruits,0.022335,0.7329359002406476,1.3134659662028867,0.00533037211111111,0.24615678577770422,0.030473333333333335,0.5580166666666667
fresh fruits + breakfast bakery,fresh vegetables,0.026503333333333334,0.5837310035973865,1.3133389411891192,0.006323216455555558,0.2499295668466328,0.04540333333333333,0.4444633333333333
packaged cheese + popcorn jerky,fresh fruits,0.01051,0.7326594632276054,1.3129705741661337,0.0025052509166666667,0.24183746641641587,0.014345,0.5580166666666667
ice cream ice,packaged cheese + fresh fruits,0.022563333333333335,0.20518960865743127,1.312947404733534,0.0053780803277777775,0.26780342480275665,0.10996333333333333,0.15628166666666668
chips pretzels + fruit vegetable snacks,fresh fruits,0.011298333333333334,0.732627256025073,1.3129128568891124,0.0026927863055555556,0.24206791640465833,0.015421666666666667,0.5580166666666667
frozen appetizers sides + packaged cheese,fresh fruits,0.014651666666666667,0.7324612564572571,1.3126153755095553,0.0034894732777777764,0.2430234873867899,0.020003333333333335,0.5580166666666667
doughs gelatins bake mixes + fresh vegetables,fresh fruits,0.010731666666666667,0.7324536457740871,1.3126017366997766,0.0025557924722222226,0.2416955339549905,0.014651666666666667,0.5580166666666667
bread + juice nectars,fresh fruits,0.014598333333333333,0.7324190985868384,1.3125398260270094,0.003476131138888887,0.24296097349396098,0.019931666666666667,0.5580166666666667
frozen meals + soy lactosefree,fresh fruits,0.011288333333333333,0.7323745674740484,1.312460023548965,0.0026874364444444427,0.2417989590595303,0.015413333333333333,0.5580166666666667
refrigerated + milk,fresh fruits,0.029585,0.7322717709665443,1.312275805919556,0.007040196638888885,0.24798403997301666,0.04040166666666667,0.5580166666666667
soup broth bouillon + fresh vegetables,chips pretzels,0.012411666666666666,0.22080232454709878,1.3122036700137605,0.002953023202777778,0.25209379224623285,0.05621166666666667,0.16826833333333333
dry pasta,soy lactosefree,0.01592,0.22339156668771487,1.3121769607783773,0.0037874900750000003,0.2561631337546644,0.071265,0.170245
butter + eggs,fresh fruits,0.012533333333333334,0.731731049917291,1.3113068007239168,0.002975437861111112,0.24153911955634713,0.017128333333333332,0.5580166666666667
bread + soup broth bouillon,fresh fruits,0.014381666666666666,0.7315811784654515,1.3110382219147303,0.0034119890277777756,0.24200310923730717,0.019658333333333333,0.5580166666666667
bread + butter,fresh fruits,0.014806666666666666,0.7315546772068511,1.3109907300382624,0.0035124093333333307,0.24211858001446793,0.02024,0.5580166666666667
packaged cheese + butter,fresh fruits,0.019673333333333334,0.7312600669062074,1.310462770358485,0.004660824944444444,0.24346069434106268,0.026903333333333335,0.5580166666666667
fresh fruits + soup broth bouillon,milk,0.01741,0.3183494346752811,1.3103046530966809,0.004123013680555555,0.25051918311502147,0.05468833333333333,0.24295833333333333
spices seasonings,soy lactosefree,0.011743333333333333,0.22300291176098241,1.309894045410922,0.0027782316333333328,0.24973027094745726,0.05266,0.170245
chips pretzels + bread,fresh vegetables,0.0234,0.581920669789033,1.3092658632261371,0.005527388594444446,0.2461096677185121,0.040211666666666666,0.4444633333333333
hot dogs bacon sausage + bread,fresh fruits,0.016463333333333333,0.730351201478743,1.3088340279180604,0.0038847076388888874,0.24140280638159553,0.022541666666666668,0.5580166666666667
cream,bread,0.01963,0.21494661921708189,1.308588823806495,0.004629107708333333,0.259518550376974,0.091325,0.16425833333333334
asian foods,packaged cheese,0.01295,0.3019469164108343,1.3083094410290708,0.003051730069444444,0.24621456390563787,0.042888333333333334,0.23079166666666667
bread + juice nectars,fresh vegetables,0.01159,0.5814867463834769,1.308289577055798,0.002731104994444445,0.2404355068171281,0.019931666666666667,0.4444633333333333
cookies cakes,fresh fruits + milk,0.012535,0.2138713530114315,1.3082283620677029,0.0029533395166666653,0.25027614532137565,0.05861,0.16348166666666666
packaged poultry,yogurt,0.012306666666666667,0.3447406508240347,1.3079496566067688,0.002897537955555557,0.2441607096712421,0.03569833333333333,0.2635733333333333
packaged cheese + canned jarred vegetables,fresh fruits,0.0203,0.7298220384684523,1.307885735435236,0.004778766416666665,0.2421424035998067,0.027815,0.5580166666666667
bread + baking ingredients,fresh fruits,0.011058333333333333,0.729762428508579,1.30777891074086,0.0026025207777777767,0.23896588734482516,0.015153333333333333,0.5580166666666667
frozen produce + packaged vegetables fruits,chips pretzels,0.014915,0.21999065857076133,1.307380029342586,0.0035066874472222224,0.2522109430143861,0.06779833333333334,0.16826833333333333
refrigerated + crackers,fresh fruits,0.015098333333333333,0.7294468153635558,1.3072133126792314,0.0035483183611111115,0.23998111987257834,0.020698333333333332,0.5580166666666667
fresh fruits + paper goods,fresh vegetables,0.018851666666666666,0.580945043656908,1.30707079771914,0.004428831499999999,0.24280967524359248,0.03245,0.4444633333333333
yogurt + ice cream ice,fresh fruits,0.025891666666666667,0.7292742465496198,1.3069040588087926,0.006080214944444443,0.24347714143198043,0.03550333333333333,0.5580166666666667
eggs,soy lactosefree,0.030505,0.22244233246639605,1.306601265625399,0.007158168183333334,0.2719498692394021,0.13713666666666666,0.170245
spices seasonings + fresh fruits,yogurt,0.011576666666666667,0.34433868728931194,1.3064246027265478,0.0027153312000000023,0.2427120553146514,0.03362,0.2635733333333333
cream + eggs,fresh fruits,0.012015,0.7289180990899898,1.306265820775944,0.0028170252777777773,0.2383884692927944,0.016483333333333332,0.5580166666666667
juice nectars,water seltzer sparkling water,0.022378333333333333,0.24993484978221214,1.3060976681762757,0.005244596800000001,0.2574079208818049,0.08953666666666667,0.19136
chips pretzels + frozen breakfast,fresh fruits,0.012938333333333333,0.7287149159861072,1.3059017042252747,0.003030747416666665,0.23847979028149746,0.017755,0.5580166666666667
yogurt + coffee,fresh fruits,0.013148333333333333,0.7285067873303167,1.305528724943072,0.0030770625277777765,0.2383282390961566,0.018048333333333333,0.5580166666666667
fresh fruits + soft drinks,yogurt,0.013568333333333333,0.3440828402366864,1.3054539163168495,0.003174758222222223,0.24358842114877322,0.039433333333333334,0.2635733333333333
water seltzer sparkling water + frozen breakfast,fresh fruits,0.0102,0.7283980004760772,1.3053337722458895,0.0023859066111111115,0.23723448644589454,0.014003333333333333,0.5580166666666667
packaged cheese + instant foods,fresh fruits,0.015478333333333334,0.7283921568627449,1.30532330013335,0.003620479166666664,0.23898469151938018,0.02125,0.5580166666666667
bread + soy lactosefree,milk,0.011253333333333334,0.31712930346155654,1.3052826758836147,0.002631956875000001,0.24248707767769645,0.035485,0.24295833333333333
fresh fruits + granola,fresh vegetables,0.011828333333333333,0.580057212913772,1.3050732634422908,0.0027649851944444442,0.2386254631770153,0.020391666666666666,0.4444633333333333
nuts seeds dried fruit,fresh fruits + milk,0.017283333333333335,0.21334375707202666,1.3050011137152586,0.004039411047222224,0.2543200175463026,0.08101166666666666,0.16348166666666666
packaged cheese + soy lactosefree,water seltzer sparkling water,0.011625,0.24969571131953888,1.3048479897551153,0.0027159162666666667,0.24503522922330678,0.04655666666666667,0.19136
chips pretzels + canned jarred vegetables,fresh fruits,0.010863333333333332,0.7281054512957997,1.3048095062198852,0.002537724666666666,0.23714277280915894,0.01492,0.5580166666666667
chips pretzels + bread,fresh fruits,0.029278333333333333,0.7281054420358934,1.3048094896255669,0.006839553138888888,0.24339178210332013,0.040211666666666666,0.5580166666666667
condiments,packaged vegetables fruits + fresh fruits,0.021141666666666666,0.3534115287103335,1.3047114101683448,0.004937572411111108,0.24840710761228463,0.05982166666666667,0.27087333333333335
bread + refrigerated,fresh vegetables,0.016955,0.5798563611491108,1.3046213661774366,0.003958892133333336,0.24052709259644584,0.02924,0.4444633333333333
water seltzer sparkling water + milk,packaged vegetables fruits,0.022425,0.47778843080856503,1.3045121088718756,0.005234665124999999,0.24492545937910193,0.046935,0.36625833333333335
asian foods,yogurt + fresh fruits,0.010558333333333333,0.24618194536198656,1.3044940627318662,0.0024645185472222213,0.24387883512143635,0.042888333333333334,0.18871833333333332
oils vinegars,packaged vegetables fruits,0.03265666666666667,0.47768107462395476,1.3042189928528263,0.007617415708333335,0.2503744498016734,0.068365,0.36625833333333335
packaged cheese + pasta sauce,fresh fruits,0.019971666666666665,0.7276536312849162,1.3039998171229943,0.004655969222222219,0.23970790990803056,0.027446666666666668,0.5580166666666667
crackers,packaged vegetables fruits + fresh vegetables,0.035096666666666665,0.3052990213845596,1.3037123883018218,0.008176107361111108,0.26321885607602796,0.11495833333333333,0.23417666666666667
canned jarred vegetables,bread,0.015861666666666666,0.21413464134641347,1.3036455259281423,0.0036945043888888876,0.2515537384438853,0.07407333333333334,0.16425833333333334
condiments + fresh vegetables,fresh fruits,0.026638333333333333,0.7273265073947668,1.3034135911019982,0.006200972916666665,0.24163364959725395,0.036625,0.5580166666666667
ice cream ice + soy lactosefree,fresh vegetables,0.01232,0.5792649478880966,1.3032907428916445,0.002867005672222221,0.2377684377590931,0.021268333333333334,0.4444633333333333
frozen produce,fresh fruits,0.089815,0.7268349923120498,1.302532766008273,0.020860880499999998,0.26501260193210074,0.12357,0.5580166666666667
bread + spreads,fresh vegetables,0.013333333333333334,0.5789130906722629,1.302499097800935,0.003096601994444446,0.2377202429795576,0.023031666666666666,0.4444633333333333
bread + frozen breakfast,fresh vegetables,0.010268333333333334,0.5788237504697483,1.302298090888071,0.002383553800000002,0.23631894638016887,0.01774,0.4444633333333333
ice cream ice + eggs,fresh fruits,0.012741666666666667,0.7266419541868644,1.3021868298799875,0.0029568444166666666,0.23620285699272384,0.017535,0.5580166666666667
fresh fruits + fruit vegetable snacks,fresh vegetables,0.018528333333333334,0.5787391326982144,1.3021077089933502,0.0042988397166666675,0.23968798801649566,0.032015,0.4444633333333333
poultry counter,fresh fruits,0.028248333333333334,0.7265829296523342,1.3020810543036363,0.006553575361111109,0.24138323358773708,0.038878333333333334,0.5580166666666667
paper goods,chips pretzels,0.01384,0.21909712144798285,1.3020698375490507,0.0032107698305555554,0.2476347117999061,0.06316833333333334,0.16826833333333333
butter,yogurt,0.025761666666666665,0.34313812547174,1.3018696585583014,0.005973459377777778,0.2506953175984419,0.07507666666666667,0.2635733333333333
frozen produce,bread,0.026421666666666666,0.21381942758490463,1.3017265136314016,0.006124264416666667,0.2644700449393038,0.12357,0.16425833333333334
cereal + crackers,fresh fruits,0.014316666666666667,0.7263656350414343,1.301691649069205,0.0033181581666666665,0.23642891971182745,0.01971,0.5580166666666667
packaged cheese + cream,fresh fruits,0.021076666666666667,0.7261139182361047,1.3012405571567838,0.004879302888888888,0.23842321975930714,0.029026666666666666,0.5580166666666667
soup broth bouillon,chips pretzels,0.01841833333333333,0.218918383518225,1.3010076179013184,0.004261357555555553,0.2526186409339279,0.08413333333333334,0.16826833333333333
yogurt + cream,fresh vegetables,0.017883333333333334,0.5781873046664511,1.3008661486881956,0.0041360824333333355,0.2386632581149686,0.03093,0.4444633333333333
lunch meat,fresh vegetables,0.06043833333333333,0.578182050096462,1.3008543264081671,0.013977840327777775,0.25827202230308455,0.10453166666666666,0.4444633333333333
packaged vegetables fruits + soup broth bouillon,milk,0.01323,0.3159906054695275,1.3005958722806825,0.00305773951388889,0.2412211853749407,0.041868333333333334,0.24295833333333333
frozen appetizers sides,packaged vegetables fruits,0.024805,0.47634745871207274,1.30057780358692,0.005732707722222223,0.24380680765380255,0.05207333333333333,0.36625833333333335
oils vinegars + fresh vegetables,yogurt,0.014923333333333334,0.34268437368441196,1.300148119502777,0.003445153955555556,0.24136804138264714,0.043548333333333335,0.2635733333333333
chips pretzels + nuts seeds dried fruit,fresh fruits,0.014285,0.7254951752158456,1.3001317318165746,0.0032976518333333333,0.2354838476521385,0.01969,0.5580166666666667
hot dogs bacon sausage + packaged cheese,fresh fruits,0.022655,0.7254629876714523,1.3000740497681413,0.005229069527777779,0.23825329811570548,0.031228333333333334,0.5580166666666667
packaged cheese + soup broth bouillon,fresh fruits,0.02078,0.725263219126287,1.2997160523155586,0.004791892472222222,0.23740317429710048,0.028651666666666666,0.5580166666666667
bread + water seltzer sparkling water,fresh fruits,0.024061666666666665,0.7252587159650357,1.2997079823751423,0.005548533722222217,0.23850934550525338,0.03317666666666667,0.5580166666666667
frozen breakfast,packaged vegetables fruits,0.02943,0.47600819495363383,1.2996515072338755,0.006785468111111109,0.2457573228171055,0.06182666666666667,0.36625833333333335
nuts seeds dried fruit,packaged vegetables fruits,0.03856,0.47598082580698253,1.2995767808886691,0.008888801986111108,0.2508396628606467,0.08101166666666666,0.36625833333333335
popcorn jerky,yogurt,0.015493333333333333,0.3425076452599388,1.2994776100007797,0.0035705936000000014,0.2413787685975084,0.045235,0.2635733333333333
other creams cheeses,packaged vegetables fruits,0.04087,0.47581349321846433,1.299119910496137,0.00941024045833333,0.2518836621153991,0.085895,0.36625833333333335
bread + instant foods,fresh fruits,0.01055,0.7249198350893267,1.2991006871168602,0.0024289974444444435,0.23363692057600652,0.014553333333333333,0.5580166666666667
hot dogs bacon sausage + eggs,fresh fruits,0.01483,0.7246518446127534,1.2986204317901258,0.003410188916666664,0.2347563395107899,0.020465,0.5580166666666667
water seltzer sparkling water + soy lactosefree,fresh fruits,0.027005,0.7244478225878566,1.298254811841683,0.006203998722222222,0.23863053791800204,0.037276666666666666,0.5580166666666667
cereal + refrigerated,fresh fruits,0.012348333333333333,0.7242424242424242,1.2978867254426525,0.002834149166666666,0.23349787517337972,0.01705,0.5580166666666667
packaged vegetables fruits + fresh dips tapenades,milk,0.016961666666666667,0.3152140246546491,1.2973995183864824,0.003888078750000001,0.24226360458222157,0.05381,0.24295833333333333
hot dogs bacon sausage,packaged vegetables fruits,0.040055,0.474876010195815,1.2965602881276375,0.009161720013888888,0.24979859371001262,0.08434833333333333,0.36625833333333335
frozen pizza + milk,fresh fruits,0.010181666666666667,0.7234722880151587,1.2965065942149134,0.0023285121111111112,0.2319610217721557,0.014073333333333334,0.5580166666666667
fresh fruits + eggs,chips pretzels,0.020961666666666667,0.21815375008672727,1.2964634864159068,0.0047933234111111125,0.2529788006099997,0.09608666666666667,0.16826833333333333
water seltzer sparkling water + spreads,fresh fruits,0.01199,0.7233785822021116,1.2963386676660402,0.002740873750000001,0.23244949338878237,0.016575,0.5580166666666667
baking ingredients,packaged cheese,0.022843333333333334,0.29915313427623536,1.2962042286747875,0.005220081666666668,0.24740876862234523,0.07636,0.23079166666666667
oils vinegars,packaged cheese,0.020443333333333334,0.299032155830225,1.2956800397048926,0.004665261041666667,0.24495056388818234,0.068365,0.23079166666666667
frozen breakfast + milk,fresh vegetables,0.012718333333333333,0.5758810655799562,1.2956773312683225,0.002902360616666667,0.23335658544442148,0.022085,0.4444633333333333
crackers,milk,0.036188333333333336,0.31479521565784707,1.2956757289981702,0.008258248263888893,0.25784317216126806,0.11495833333333333,0.24295833333333333
granola,fresh fruits,0.020391666666666666,0.7229378397541952,1.2955488302395899,0.004651876555555552,0.2347478064861387,0.028206666666666668,0.5580166666666667
packaged vegetables fruits + paper goods,fresh fruits,0.015976666666666667,0.7228715783123445,1.295430085682646,0.0036435683055555546,0.23320992827899886,0.022101666666666665,0.5580166666666667
refrigerated + milk,water seltzer sparkling water,0.010015,0.24788581329153087,1.2953899105953746,0.0022837370666666653,0.23763240436838992,0.04040166666666667,0.19136
packaged cheese + frozen meals,fresh vegetables,0.014173333333333333,0.575644757327557,1.2951456602964408,0.0032299052944444444,0.23363864729039757,0.024621666666666667,0.4444633333333333
chips pretzels,fresh fruits + milk,0.03562666666666667,0.21172531967789543,1.2951013039865558,0.008117879086111113,0.2739581035191255,0.16826833333333333,0.16348166666666666
fresh fruits + milk,chips pretzels,0.03562666666666667,0.21792453791964442,1.2951013039865558,0.008117879086111113,0.272390479631012,0.16348166666666666,0.16826833333333333
cereal + fresh fruits,fresh vegetables,0.034666666666666665,0.5754599529672154,1.294729868156838,0.007891454694444446,0.24223048427616758,0.060241666666666666,0.4444633333333333
chips pretzels + butter,fresh fruits,0.011621666666666667,0.722216468151217,1.294256088201458,0.002642248472222221,0.2310737443357447,0.016091666666666667,0.5580166666666667
crackers + juice nectars,fresh fruits,0.010986666666666667,0.7220153340635268,1.293895643613142,0.0024955130555555545,0.2306498667589226,0.015216666666666667,0.5580166666666667
hot dogs bacon sausage + water seltzer sparkling water,fresh fruits,0.01279,0.7219190968955785,1.2937231807214453,0.0029038047222222207,0.23113200536607928,0.017716666666666665,0.5580166666666667
spices seasonings + fresh vegetables,fresh fruits,0.026375,0.7216142270861833,1.293176835374421,0.00597949083333333,0.23531117642076985,0.03655,0.5580166666666667
packaged vegetables fruits + soft drinks,fresh vegetables,0.014281666666666666,0.5745608153412901,1.2927068944748876,0.0032337897444444444,0.2322011845625716,0.024856666666666666,0.4444633333333333
soy lactosefree,yogurt,0.05799833333333333,0.3406756928739953,1.2925271633726045,0.013126291200000001,0.27275746337078377,0.170245,0.2635733333333333
yogurt,soy lactosefree,0.05799833333333333,0.22004628692836908,1.2925271633726045,0.013126291200000001,0.307324380367212,0.2635733333333333,0.170245
cookies cakes,yogurt + fresh fruits,0.014295,0.24390035830063128,1.2924041559323751,0.003234218483333334,0.24033422118592712,0.05861,0.18871833333333332
water seltzer sparkling water + refrigerated,milk,0.010015,0.313818675579695,1.2916563563561447,0.002261389722222221,0.2332438608952026,0.031913333333333335,0.24295833333333333
fruit vegetable snacks,packaged vegetables fruits,0.021956666666666666,0.47298316159839154,1.2913922184206725,0.004954344402777776,0.23662651632297985,0.04642166666666667,0.36625833333333335
other creams cheeses + fresh fruits,soy lactosefree,0.012508333333333333,0.2198429902161814,1.2913330213291514,0.002821960316666667,0.2392170752437502,0.056896666666666665,0.170245
fresh fruits + paper goods,milk,0.010178333333333333,0.31366204417051874,1.2910116721132652,0.0022943354166666662,0.23297365991124616,0.03245,0.24295833333333333
soup broth bouillon + crackers,fresh fruits,0.010146666666666667,0.7203881197491421,1.2909795760266576,0.0022870019166666665,0.22861444143787588,0.014085,0.5580166666666667
refrigerated + soup broth bouillon,fresh fruits,0.010265,0.7202666354812303,1.2907618687874858,0.0023123324722222217,0.22852055644152505,0.014251666666666666,0.5580166666666667
baking ingredients,fresh fruits + milk,0.016108333333333332,0.21095250567487342,1.2903740827709942,0.003624873266666667,0.24363489263099777,0.07636,0.16348166666666666
fresh fruits + soft drinks,milk,0.01236,0.31344040574809806,1.290099423418685,0.002779343055555555,0.2340971749378279,0.039433333333333334,0.24295833333333333
other creams cheeses + packaged cheese,fresh fruits,0.026131666666666668,0.7198806244260789,1.290070113364736,0.005875661666666667,0.23331776711013916,0.0363,0.5580166666666667
chips pretzels + packaged cheese,fresh fruits,0.040683333333333335,0.7196768677398432,1.2897049689194047,0.009138651166666664,0.23808798299453512,0.05653,0.5580166666666667
water seltzer sparkling water + packaged cheese,fresh fruits,0.034638333333333333,0.7196578828906817,1.2896709469084227,0.007780061138888884,0.23596584408206406,0.04813166666666667,0.5580166666666667
packaged vegetables fruits + fresh herbs,bread,0.011196666666666667,0.2118107008859602,1.2894974433724937,0.0025136974027777786,0.23703410251272275,0.05286166666666667,0.16425833333333334
fresh vegetables + salad dressing toppings,fresh fruits,0.012168333333333333,0.7195230117276044,1.289429249534251,0.0027313414722222214,0.22832441771299888,0.016911666666666665,0.5580166666666667
frozen produce + fresh vegetables,milk,0.024496666666666667,0.31320987917403625,1.2891505916955703,0.005494490486111111,0.24332639725973645,0.07821166666666667,0.24295833333333333
nuts seeds dried fruit + fresh fruits,milk,0.017283333333333335,0.31309441140062194,1.288675334181946,0.0038716284027777784,0.2370975371359644,0.05520166666666667,0.24295833333333333
poultry counter,milk,0.012165,0.31289921550135036,1.2878719211168597,0.0027191849305555557,0.23256709267822898,0.038878333333333334,0.24295833333333333
fresh dips tapenades + fresh vegetables,milk,0.018115,0.31288502504461974,1.2878135141606712,0.00404852236111111,0.23722456752752077,0.057896666666666666,0.24295833333333333
baking ingredients + fresh fruits,chips pretzels,0.010186666666666667,0.2166684391506257,1.287636448632397,0.0022755309750000004,0.23440376956785583,0.047015,0.16826833333333333
paper goods + fresh vegetables,fresh fruits,0.018851666666666666,0.7184780537381693,1.287556620898126,0.004210239361111109,0.22935296614977912,0.026238333333333332,0.5580166666666667
water seltzer sparkling water + milk,fresh fruits,0.033721666666666664,0.7184759063953695,1.287552772728478,0.007531154416666661,0.23433113724462093,0.046935,0.5580166666666667
spreads,milk,0.024481666666666665,0.31278480473574377,1.2874010141755874,0.0054653179166666635,0.24219809701023814,0.07827,0.24295833333333333
fresh fruits + canned jarred vegetables,chips pretzels,0.010863333333333332,0.2165952214800784,1.2872013241553377,0.002423835075,0.23490227296351035,0.050155,0.16826833333333333
nuts seeds dried fruit + fresh vegetables,milk,0.013366666666666667,0.31273152661337494,1.287181725042188,0.002982222569444446,0.23307075283472609,0.042741666666666664,0.24295833333333333
ice cream ice + soy lactosefree,fresh fruits,0.015275,0.7182039025154768,1.287065325137499,0.0034069155277777763,0.227885402457588,0.021268333333333334,0.5580166666666667
hot dogs bacon sausage + refrigerated,fresh fruits,0.011213333333333334,0.7180362860192102,1.2867649461232522,0.0024989730555555565,0.22639278866720508,0.015616666666666666,0.5580166666666667
chips pretzels + yogurt,fresh vegetables,0.032355,0.5717441244036049,1.28636960919972,0.0072028199666666695,0.23597211236137586,0.05659,0.4444633333333333
candy chocolate,water seltzer sparkling water,0.017168333333333334,0.2460234057797946,1.285657429869328,0.0038145946666666673,0.23885599386302728,0.06978333333333334,0.19136
refrigerated + cream,fresh fruits,0.01013,0.7173374247610056,1.2855125439998905,0.0022498746388888886,0.22528151220722814,0.014121666666666666,0.5580166666666667
missing,fresh vegetables,0.011391666666666666,0.5712494776431258,1.2852567012872285,0.002528327027777777,0.226461329687733,0.019941666666666667,0.4444633333333333
fresh vegetables + soy lactosefree,chips pretzels,0.020505,0.2162556467631084,1.2851832693601,0.004550077080555555,0.2451451079385085,0.09481833333333334,0.16826833333333333
cream,yogurt,0.03093,0.3386805365453052,1.2849575192684082,0.0068591653333333336,0.24405222507521138,0.091325,0.2635733333333333
yogurt + juice nectars,fresh vegetables,0.017243333333333333,0.5710028147248745,1.284701733307302,0.003821281438888888,0.2285098235673731,0.030198333333333334,0.4444633333333333
condiments + milk,fresh fruits,0.011516666666666666,0.7167306296027383,1.2844251299592095,0.002550268861111109,0.22505788495066867,0.016068333333333334,0.5580166666666667
fresh fruits,fresh vegetables,0.318555,0.5708700456975597,1.2844030156913426,0.07053705227777773,0.5009876125886888,0.5580166666666667,0.4444633333333333
fresh vegetables,fresh fruits,0.318555,0.7167182894726974,1.2844030156913426,0.07053705227777773,0.3985842668122548,0.4444633333333333,0.5580166666666667
packaged cheese + tea,fresh fruits,0.010581666666666666,0.7166723106445423,1.2843206188188088,0.002342550583333332,0.22469585927957259,0.014765,0.5580166666666667
fresh fruits,yogurt,0.18871833333333332,0.33819479704907257,1.2831146185087234,0.041640020444444426,0.4992188192092072,0.5580166666666667,0.2635733333333333
yogurt,fresh fruits,0.18871833333333332,0.7159993423715095,1.2831146185087234,0.041640020444444426,0.29961760995910347,0.2635733333333333,0.5580166666666667
water seltzer sparkling water + fresh fruits,fresh vegetables,0.06321,0.5702128939138802,1.2829244870155323,0.013939757955555562,0.2480253309992089,0.11085333333333333,0.4444633333333333
yogurt + fruit vegetable snacks,fresh vegetables,0.010815,0.5702108963093145,1.2829199925962724,0.0023850121111111122,0.2247917151441704,0.018966666666666666,0.4444633333333333
fresh fruits + condiments,milk,0.011516666666666666,0.3116402832273486,1.2826902413747843,0.002538141458333332,0.2288455359864305,0.036955,0.24295833333333333
bread + ice cream ice,fresh vegetables,0.013545,0.5700357719015221,1.2825259794242991,0.0029838104277777784,0.22565053170443292,0.023761666666666667,0.4444633333333333
fresh vegetables + milk,chips pretzels,0.026775,0.2157853026904324,1.28238806682045,0.0058959847527777776,0.25139883213098696,0.12408166666666667,0.16826833333333333
condiments + fresh vegetables,yogurt,0.012376666666666666,0.33792946530147894,1.2821079470665178,0.002723293333333333,0.22839960915695998,0.036625,0.2635733333333333
yogurt + ice cream ice,fresh vegetables,0.020228333333333334,0.5697587081025256,1.2819026123696569,0.004448403455555559,0.22800445711816664,0.03550333333333333,0.4444633333333333
baking ingredients + packaged cheese,fresh fruits,0.016336666666666666,0.7151612432511308,1.281612693619302,0.003589705944444443,0.22486984838529173,0.022843333333333334,0.5580166666666667
tofu meat alternatives,fresh fruits,0.023271666666666666,0.7151344430217669,1.281564665968938,0.005112874305555553,0.22709384248540515,0.03254166666666667,0.5580166666666667
canned fruit applesauce,fresh fruits,0.017323333333333333,0.715003095549288,1.2813292832638594,0.0038035195277777763,0.2250121579906583,0.024228333333333334,0.5580166666666667
packaged vegetables fruits + ice cream ice,water seltzer sparkling water,0.010855,0.24507074051776037,1.280679036986624,0.002379027733333334,0.22932165190531914,0.04429333333333333,0.19136
water seltzer sparkling water + nuts seeds dried fruit,fresh fruits,0.013041666666666667,0.7143509220376119,1.2801605484381204,0.002854142388888887,0.22291771308258979,0.018256666666666668,0.5580166666666667
juice nectars,packaged cheese,0.026446666666666667,0.2953724731022672,1.279822956211304,0.005782350138888889,0.24014358194763163,0.08953666666666667,0.23079166666666667
juice nectars,yogurt,0.030198333333333334,0.3372733703138379,1.2796187157799395,0.006598855644444446,0.24000660459151432,0.08953666666666667,0.2635733333333333
ice cream ice,packaged cheese,0.03243833333333333,0.29499227015065627,1.2781755702501805,0.0070597123611111125,0.244523484439917,0.10996333333333333,0.23079166666666667
bread + water seltzer sparkling water,fresh vegetables,0.018845,0.5680196925550085,1.277989993674038,0.004099188144444446,0.22498552991732976,0.03317666666666667,0.4444633333333333
water seltzer sparkling water + refrigerated,packaged vegetables fruits,0.014936666666666666,0.468038437434719,1.277891572254699,0.003248142388888887,0.22462967630618236,0.031913333333333335,0.36625833333333335
fresh fruits + candy chocolate,milk,0.012646666666666667,0.3103857324007035,1.277526595372472,0.0027473293749999995,0.22646473650052185,0.040745,0.24295833333333333
milk,fresh fruits + fresh vegetables,0.098865,0.4069216257931744,1.2773983324486335,0.021469408125000006,0.2868518914847258,0.24295833333333333,0.318555
fresh fruits + fresh vegetables,milk,0.098865,0.3103545698544992,1.2773983324486333,0.021469408125000006,0.31867404415041944,0.318555,0.24295833333333333
water seltzer sparkling water + butter,fresh fruits,0.010918333333333334,0.7127624850397127,1.2773139721747486,0.0023704480277777773,0.22048458763504078,0.015318333333333333,0.5580166666666667
packaged vegetables fruits + salad dressing toppings,fresh fruits,0.01125,0.7127019322141274,1.2772054578073426,0.0024417069166666645,0.22052154744117358,0.015785,0.5580166666666667
refrigerated + juice nectars,packaged vegetables fruits,0.010235,0.4677075399847677,1.276988118545019,0.0022200468055555544,0.22176021025177217,0.021883333333333334,0.36625833333333335
chips pretzels + fresh vegetables,water seltzer sparkling water,0.019773333333333334,0.24434146843785398,1.2768680415857754,0.0042875253333333335,0.23592602936830215,0.080925,0.19136
grains rice dried goods,fresh fruits,0.029556666666666665,0.7122088353413655,1.2763217980491002,0.006398974999999994,0.2258722314968213,0.0415,0.5580166666666667
milk + spreads,fresh vegetables,0.013885,0.5671590986452447,1.2760537396678648,0.003003796827777778,0.2217630747803776,0.024481666666666665,0.4444633333333333
chips pretzels,yogurt,0.05659,0.3363080793573756,1.2759563917342762,0.012238954488888891,0.26002876249952495,0.16826833333333333,0.2635733333333333
yogurt,chips pretzels,0.05659,0.21470305544314042,1.2759563917342762,0.012238954488888891,0.29368050588653416,0.2635733333333333,0.16826833333333333
frozen pizza,packaged vegetables fruits + fresh fruits,0.015116666666666667,0.34556330247266354,1.2757376232654754,0.0032673127000000003,0.22602732497836725,0.043745,0.27087333333333335
packaged cheese + frozen pizza,fresh fruits,0.011626666666666667,0.7116914915323403,1.2753946862979129,0.002510534388888888,0.21951513546643384,0.016336666666666666,0.5580166666666667
condiments,packaged vegetables fruits,0.027941666666666667,0.467082718078734,1.275282158982687,0.006031482736111111,0.2295945332853709,0.05982166666666667,0.36625833333333335
cereal + milk,fresh fruits,0.026038333333333333,0.7116243053657648,1.2752742845776974,0.005620503499999999,0.22405306550209245,0.03659,0.5580166666666667
refrigerated,packaged vegetables fruits + fresh fruits,0.04609166666666667,0.34541979965526715,1.2752078449531163,0.009947231977777776,0.2490459736531775,0.13343666666666668,0.27087333333333335
cereal,packaged vegetables fruits + fresh fruits,0.03207666666666667,0.34539940058505775,1.2751325364317556,0.006921111655555558,0.23785719701761462,0.09286833333333333,0.27087333333333335
baking ingredients,fresh vegetables,0.043276666666666665,0.5667452418369129,1.2751226014224937,0.009337446533333335,0.23359933012943548,0.07636,0.4444633333333333
other creams cheeses + water seltzer sparkling water,fresh fruits,0.012291666666666666,0.7113919166586283,1.274857829799519,0.002650068694444443,0.2193894938440161,0.017278333333333333,0.5580166666666667
water seltzer sparkling water + energy granola bars,fresh fruits,0.016243333333333332,0.7112311172735897,1.2745696674655886,0.003499162694444443,0.22045632189139872,0.022838333333333332,0.5580166666666667
canned meals beans,fresh fruits,0.049591666666666666,0.7111105800253328,1.274353657343567,0.010676514361111104,0.23142787041624718,0.06973833333333333,0.5580166666666667
chips pretzels + water seltzer sparkling water,packaged vegetables fruits,0.018905,0.4667325021602272,1.2743259598013075,0.004069706208333334,0.2243590854564028,0.040505,0.36625833333333335
buns rolls,fresh fruits + fresh vegetables,0.013255,0.4058688440928808,1.2740934660981018,0.002851524625000001,0.22239114948841435,0.03265833333333333,0.318555
packaged vegetables fruits,bread,0.07665,0.20927851470956294,1.274081566899069,0.01648901659722221,0.3394457177992017,0.36625833333333335,0.16425833333333334
bread,packaged vegetables fruits,0.07665,0.4666429912231749,1.274081566899069,0.01648901659722221,0.2574011845058929,0.16425833333333334,0.36625833333333335
butter,chips pretzels,0.016091666666666667,0.21433645606713136,1.2737777323944772,0.0034586410944444455,0.23237999280141516,0.07507666666666667,0.16826833333333333
cookies cakes,milk,0.018135,0.3094181880225217,1.2735442484206003,0.003895212083333332,0.22816234311487207,0.05861,0.24295833333333333
yogurt + refrigerated,fresh vegetables,0.026528333333333334,0.5657969572017632,1.2729890516692712,0.005688929177777781,0.22499663154523283,0.04688666666666667,0.4444633333333333
packaged vegetables fruits + fresh dips tapenades,water seltzer sparkling water,0.013105,0.24354209254785358,1.2726907010234823,0.0028079184000000014,0.22644832032419965,0.05381,0.19136
fresh fruits + energy granola bars,fresh vegetables,0.03344833333333333,0.5655788524405365,1.2724983368118927,0.007162771799999999,0.22760491037125283,0.05914,0.4444633333333333
baking ingredients + eggs,fresh fruits,0.01069,0.7099845029887093,1.2723356584129075,0.002288129055555555,0.2173159315174772,0.015056666666666666,0.5580166666666667
spreads,packaged vegetables fruits,0.03647333333333334,0.4659937822068907,1.2723090228851877,0.007806293583333332,0.23220186404423682,0.07827,0.36625833333333335
chips pretzels + ice cream ice,packaged vegetables fruits,0.013145,0.46588693957115007,1.2720173090154492,0.0028110211250000003,0.2200560573915193,0.028215,0.36625833333333335
instant foods,packaged vegetables fruits,0.024111666666666667,0.46570094962176084,1.2715094981823234,0.005148641458333332,0.2251925491102553,0.051775,0.36625833333333335
fresh herbs + fresh fruits,bread,0.014775,0.20884868188564562,1.2714647570532938,0.003154544208333332,0.22975989386642506,0.070745,0.16425833333333334
preserved dips spreads,yogurt,0.010725,0.3351213415269243,1.2714538959186221,0.0022897747555555552,0.22055738315918272,0.032003333333333335,0.2635733333333333
hot dogs bacon sausage,yogurt,0.028266666666666666,0.3351182595980952,1.2714422030482164,0.006034695288888888,0.2331580735210648,0.08434833333333333,0.2635733333333333
chips pretzels + soup broth bouillon,fresh fruits,0.013066666666666667,0.7094380599040812,1.271356398979865,0.0027889296944444454,0.21744344283509395,0.01841833333333333,0.5580166666666667
ice cream ice + lunch meat,fresh fruits,0.011075,0.7093296327924851,1.2711620909635046,0.0023624997777777768,0.2167017002388972,0.015613333333333333,0.5580166666666667
chips pretzels + refrigerated,fresh fruits,0.022665,0.7092416814436215,1.2710044767664432,0.004832647388888889,0.22025946826359377,0.03195666666666667,0.5580166666666667
cream + soy lactosefree,fresh fruits,0.01305,0.7090464547677262,1.2706546186214143,0.0027797032499999996,0.21699792731194645,0.018405,0.5580166666666667
chips pretzels + water seltzer sparkling water,milk,0.012503333333333333,0.30868617043163393,1.2705313137299288,0.0026623060416666663,0.22191642750888393,0.040505,0.24295833333333333
water seltzer sparkling water + breakfast bakery,fresh fruits,0.010783333333333334,0.7088080631025416,1.2702274061752186,0.0022940397777777774,0.2160258655674447,0.015213333333333334,0.5580166666666667
soup broth bouillon + canned jarred vegetables,fresh fruits,0.011858333333333334,0.7087359298734934,1.2700981390164452,0.0025217844722222223,0.216277957499443,0.016731666666666666,0.5580166666666667
frozen meals + milk,fresh fruits,0.014796666666666666,0.7083699034548793,1.269442197284811,0.0031406285277777776,0.21678062072358173,0.02088833333333333,0.5580166666666667
crackers + milk,fresh vegetables,0.020416666666666666,0.5641781421268365,1.269346872543299,0.004332279405555556,0.22016051926479696,0.036188333333333336,0.4444633333333333
packaged cheese + candy chocolate,fresh fruits,0.013338333333333334,0.7081674188124945,1.26907933241987,0.0028280894166666654,0.21609739039965814,0.018835,0.5580166666666667
soy lactosefree,bread,0.035485,0.2084349026403125,1.2689456809313326,0.0075208400416666675,0.2554298593555967,0.170245,0.16425833333333334
bread,soy lactosefree,0.035485,0.21603165745015473,1.2689456809313326,0.0075208400416666675,0.25360013913741664,0.16425833333333334,0.170245
canned jarred vegetables,yogurt,0.024768333333333333,0.3343758437584376,1.2686254695408146,0.005244577955555555,0.22868473160708985,0.07407333333333334,0.2635733333333333
chips pretzels + breakfast bakery,fresh fruits,0.013345,0.7078323903818953,1.268478940978875,0.002824525777777776,0.21572130148086005,0.018853333333333333,0.5580166666666667
fresh dips tapenades,fresh fruits,0.06973666666666667,0.7077589269101304,1.2683472899437838,0.014754354472222217,0.23469754830548287,0.09853166666666667,0.5580166666666667
milk,packaged vegetables fruits + fresh vegetables,0.07204833333333334,0.2965460469902247,1.266334734417995,0.015153160694444452,0.2778174410224934,0.24295833333333333,0.23417666666666667
packaged vegetables fruits + fresh vegetables,milk,0.07204833333333334,0.30766657651630536,1.266334734417995,0.015153160694444452,0.2746317191267831,0.23417666666666667,0.24295833333333333
fresh fruits + fresh dips tapenades,water seltzer sparkling water,0.016895,0.2422685340088906,1.2660353992939517,0.0035501914666666665,0.2258851476628233,0.06973666666666667,0.19136
hot dogs bacon sausage + chips pretzels,fresh fruits,0.015451666666666667,0.7064157269125265,1.2659401933858483,0.0032459821111111096,0.21477102614144117,0.021873333333333335,0.5580166666666667
juice nectars,milk,0.027536666666666668,0.30754625665462937,1.265839506038605,0.005782987361111113,0.2306632545123638,0.08953666666666667,0.24295833333333333
soup broth bouillon,fresh fruits + milk,0.01741,0.20693343898573688,1.2657898784924113,0.003655742444444443,0.22926859364524474,0.08413333333333334,0.16348166666666666
chips pretzels + fresh dips tapenades,fresh fruits,0.025201666666666667,0.7062257717995423,1.2655997822040121,0.005288841916666665,0.2176268123489671,0.035685,0.5580166666666667
baby food formula,fresh vegetables,0.025805,0.5619147855120855,1.2642545365843876,0.005393762188888894,0.21908097063843734,0.04592333333333333,0.4444633333333333
coffee,fresh fruits + milk,0.011551666666666667,0.20663029544167189,1.263935581614688,0.0024122240916666666,0.22118583181539006,0.055905,0.16348166666666666
cream,chips pretzels,0.019413333333333335,0.2125741399762752,1.2633044837686347,0.0040462277916666674,0.22937265283242086,0.091325,0.16826833333333333
spices seasonings + packaged cheese,fresh fruits,0.011743333333333333,0.704247876061969,1.2620552720563345,0.002438405416666666,0.21116281608654278,0.016675,0.5580166666666667
water seltzer sparkling water + energy granola bars,packaged vegetables fruits,0.010556666666666667,0.46223454717944973,1.2620451334789644,0.00219193676388889,0.21248818679620995,0.022838333333333332,0.36625833333333335
tea,yogurt + fresh fruits,0.0135,0.23813023666029692,1.2618288454237634,0.0028012431527777784,0.21996995623384433,0.05669166666666667,0.18871833333333332
prepared meals,fresh fruits + fresh vegetables,0.011035,0.4018816388467375,1.2615769297193187,0.0022880106249999997,0.21319522944500058,0.027458333333333335,0.318555
packaged cheese + cookies cakes,fresh fruits,0.012765,0.7037581549205182,1.2611776618150918,0.0026435076944444445,0.21091596525383172,0.018138333333333333,0.5580166666666667
yogurt + breakfast bakery,fresh vegetables,0.014828333333333334,0.5601586602027325,1.2603034225606895,0.003062648127777779,0.2121564145049043,0.026471666666666668,0.4444633333333333
water seltzer sparkling water + crackers,fresh fruits,0.019158333333333333,0.7031871291368448,1.2601543486816607,0.00395516925,0.21222858359296107,0.027245,0.5580166666666667
chips pretzels + fresh dips tapenades,milk,0.01092,0.3060109289617486,1.259520201523232,0.002250031874999999,0.21367175145051143,0.035685,0.24295833333333333
chips pretzels + cereal,fresh fruits,0.017993333333333333,0.7028188268992905,1.2594943285432763,0.0037071766388888892,0.21144388109534878,0.025601666666666665,0.5580166666666667
energy granola bars + soy lactosefree,fresh vegetables,0.012088333333333333,0.5593429474820699,1.2584681469384125,0.0024827399277777776,0.2099198639511403,0.021611666666666668,0.4444633333333333
bread + frozen meals,fresh fruits,0.012146666666666667,0.7021871085846421,1.258362250681835,0.002493908361111111,0.20893042372596593,0.017298333333333332,0.5580166666666667
chips pretzels,water seltzer sparkling water,0.040505,0.24071671239389467,1.2579259635968576,0.008305171733333332,0.24652260251783237,0.16826833333333333,0.19136
water seltzer sparkling water,chips pretzels,0.040505,0.21166910535117056,1.2579259635968576,0.008305171733333332,0.2535623454975773,0.19136,0.16826833333333333
fresh fruits + ice cream ice,water seltzer sparkling water,0.015496666666666667,0.24061278886214837,1.2573828849401567,0.003172125866666667,0.21878836745144029,0.064405,0.19136
candy chocolate + milk,fresh fruits,0.012646666666666667,0.7013587207690175,1.256877729044564,0.0025846961388888874,0.2081306015315486,0.018031666666666668,0.5580166666666667
yogurt + soy lactosefree,water seltzer sparkling water,0.013948333333333333,0.2404954165349579,1.2567695262069287,0.0028497722666666666,0.21688832114085482,0.05799833333333333,0.19136
chips pretzels + cream,fresh fruits,0.013611666666666666,0.7011504120879121,1.2565044271459849,0.0027787031111111086,0.20818280624104935,0.019413333333333335,0.5580166666666667
fresh fruits + frozen breakfast,water seltzer sparkling water,0.0102,0.2404431697638785,1.2564964975119068,0.002082189866666667,0.21317969959419356,0.04242166666666667,0.19136
fresh herbs + fresh vegetables,yogurt,0.02637,0.3311080883122319,1.2562275709944046,0.005378580444444447,0.22161573354001968,0.07964166666666667,0.2635733333333333
fresh fruits + packaged produce,packaged vegetables fruits,0.01845166666666667,0.45998836629549616,1.2559123559295473,0.003759824055555557,0.21228140954297886,0.040113333333333334,0.36625833333333335
eggs,fresh fruits,0.09608666666666667,0.7006635716195523,1.2556319792471293,0.019562121055555562,0.2359450117665379,0.13713666666666666,0.5580166666666667
refrigerated + fresh vegetables,water seltzer sparkling water,0.015853333333333334,0.24022021870343713,1.2553314104485636,0.0032245301333333337,0.21776929613672663,0.065995,0.19136
baking ingredients + milk,fresh fruits,0.016108333333333332,0.7004638353384548,1.2552740396137296,0.0032758100555555537,0.2081479118008495,0.022996666666666665,0.5580166666666667
bread + breakfast bakery,fresh vegetables,0.011221666666666666,0.5579217765992708,1.2552706483458045,0.0022820274888888884,0.20753323660374665,0.020113333333333334,0.4444633333333333
breakfast bakery,soy lactosefree,0.014601666666666667,0.21365166073257572,1.2549658476464842,0.0029665558833333328,0.21806913854115956,0.06834333333333334,0.170245
water seltzer sparkling water + packaged vegetables fruits,milk,0.022425,0.30490153867071546,1.2549540264272288,0.004555819513888892,0.2192861949841069,0.07354833333333333,0.24295833333333333
bread + condiments,fresh fruits,0.010118333333333333,0.7001499250374813,1.2547114931527994,0.002054062472222222,0.2059807986758879,0.014451666666666666,0.5580166666666667
fresh vegetables + eggs,chips pretzels,0.017828333333333335,0.21110694480077366,1.2545851059365913,0.0036177921361111136,0.22164175923137208,0.08445166666666666,0.16826833333333333
meat counter,fresh fruits,0.015216666666666667,0.7000460052139242,1.254525262472311,0.0030872443888888875,0.20739377032027753,0.021736666666666668,0.5580166666666667
frozen produce + fresh fruits,chips pretzels,0.018955,0.2110449256805656,1.254216533199348,0.0038419796416666666,0.22269045185829925,0.089815,0.16826833333333333
packaged vegetables fruits + fresh fruits,chips pretzels,0.057161666666666666,0.21102729443036106,1.2541117526393026,0.011582262322222217,0.27789807066394695,0.27087333333333335,0.16826833333333333
chips pretzels,packaged vegetables fruits + fresh fruits,0.057161666666666666,0.3397054308099167,1.2541117526393026,0.011582262322222217,0.2436157021030037,0.16826833333333333,0.27087333333333335
fresh fruits + tea,fresh vegetables,0.018901666666666667,0.5573246842596687,1.2539272476762284,0.0038276927166666676,0.20961464729141313,0.033915,0.4444633333333333
crackers + fresh vegetables,water seltzer sparkling water,0.013646666666666666,0.23994139194139194,1.2538743307974076,0.002763066666666666,0.2146819457785124,0.056875,0.19136
crackers,packaged vegetables fruits,0.052783333333333335,0.45915186661833995,1.2536284497326748,0.010678885763888889,0.22859430707902706,0.11495833333333333,0.36625833333333335
paper goods,bread,0.013005,0.20587847286351277,1.2533822101172711,0.00262907484722222,0.21578985908358697,0.06316833333333334,0.16425833333333334
soy lactosefree,fresh vegetables,0.09481833333333334,0.5569522355037348,1.2530892735892758,0.019150673150000005,0.24341192377815155,0.170245,0.4444633333333333
fresh vegetables,soy lactosefree,0.09481833333333334,0.21333218338220625,1.2530892735892756,0.019150673150000005,0.36356243058881227,0.4444633333333333,0.170245
tortillas flat bread,fresh fruits,0.03979833333333333,0.6992386530014641,1.253078437922638,0.008037884722222222,0.21415430953004008,0.056916666666666664,0.5580166666666667
chips pretzels + crackers,fresh fruits,0.024813333333333333,0.6991969191753159,1.253003648353363,0.00501025186111111,0.20934710670987422,0.03548833333333333,0.5580166666666667
ice cream ice + milk,fresh fruits,0.021715,0.6991682318218407,1.2529522388611583,0.00438393236111111,0.2083561765224474,0.031058333333333334,0.5580166666666667
fruit vegetable snacks,fresh fruits + fresh vegetables,0.018528333333333334,0.3991311528381144,1.2529426718717787,0.003740479308333336,0.21170666297994217,0.04642166666666667,0.318555
packaged vegetables fruits + packaged produce,fresh vegetables,0.013518333333333334,0.5568829385513216,1.2529333620725858,0.002728985916666666,0.2068953408786859,0.024275,0.4444633333333333
water seltzer sparkling water + fresh fruits,milk,0.033721666666666664,0.3042007457300938,1.2520696102764965,0.006788925555555554,0.22642199392581921,0.11085333333333333,0.24295833333333333
water seltzer sparkling water + soy lactosefree,fresh vegetables,0.020733333333333333,0.5562013770902262,1.2513999139566658,0.0041652218111111125,0.20867359884434666,0.037276666666666666,0.4444633333333333
chips pretzels + other creams cheeses,fresh fruits,0.015065,0.6978306183895623,1.2505551537700108,0.0030183501944444427,0.20477591131884226,0.021588333333333334,0.5580166666666667
packaged cheese + coffee,fresh fruits,0.010873333333333334,0.6978286447748422,1.2505516169317084,0.002178503638888888,0.20352412417453133,0.015581666666666667,0.5580166666666667
milk + tea,fresh fruits,0.011095,0.697652483756026,1.2502359256103925,0.002220674944444445,0.20338547083550562,0.015903333333333332,0.5580166666666667
lunch meat,fresh fruits,0.07291833333333334,0.697571708732601,1.2500911718274859,0.01458792113888889,0.22341197144213484,0.10453166666666666,0.5580166666666667
packaged cheese + frozen meals,fresh fruits,0.017173333333333332,0.6974886617477831,1.2499423465507895,0.0034340329722222195,0.205010807864893,0.024621666666666667,0.5580166666666667
refrigerated,water seltzer sparkling water,0.031913333333333335,0.23916464739826634,1.2498152560528133,0.006378892800000001,0.2306602861069864,0.13343666666666668,0.19136
bread + ice cream ice,fresh fruits,0.016566666666666667,0.6972013747632742,1.2494275107014858,0.0033072606388888873,0.20449252211342114,0.023761666666666667,0.5580166666666667
chips pretzels + baking ingredients,fresh fruits,0.010186666666666667,0.6971598038097411,1.2493530130099,0.002033113138888888,0.2025452373898214,0.014611666666666667,0.5580166666666667
crackers,fresh fruits + fresh vegetables,0.04575166666666667,0.39798477709314967,1.2493439974043719,0.009131114791666672,0.2255034371895826,0.11495833333333333,0.318555
hot cereal pancake mixes,fresh vegetables,0.025236666666666668,0.5548552583363869,1.2483712754776628,0.005020992722222225,0.20843664995789288,0.045483333333333334,0.4444633333333333
hot cereal pancake mixes,fresh fruits,0.031678333333333336,0.6964822279223158,1.2481387555729802,0.006297875277777778,0.20828031000217898,0.045483333333333334,0.5580166666666667
chips pretzels + juice nectars,fresh fruits,0.015211666666666667,0.696292340555386,1.2477984657962176,0.003020862555555554,0.2030239282803551,0.021846666666666667,0.5580166666666667
bread,fresh vegetables,0.09109666666666667,0.5545938815889605,1.2477832027890425,0.018089860305555566,0.237607788590684,0.16425833333333334,0.4444633333333333
fresh vegetables,bread,0.09109666666666667,0.20495878925145683,1.2477832027890425,0.018089860305555566,0.3574538660810133,0.4444633333333333,0.16425833333333334
ice cream ice,yogurt + fresh fruits,0.025891666666666667,0.23545727363666677,1.2476650756594931,0.005139569672222226,0.22302772377160282,0.10996333333333333,0.18871833333333332
coffee,soy lactosefree,0.01187,0.21232447902692067,1.2471701314395176,0.0023524532749999993,0.20992037310011646,0.055905,0.170245
crackers,soy lactosefree,0.024406666666666667,0.2123088075389634,1.2470780788802218,0.004835585208333333,0.22386018245290276,0.11495833333333333,0.170245
buns rolls,yogurt,0.010733333333333333,0.3286552692013268,1.2469215494789312,0.0021254675555555554,0.20471042896208533,0.03265833333333333,0.2635733333333333
water seltzer sparkling water + soup broth bouillon,fresh fruits,0.011871666666666668,0.6956054687500001,1.2465675495056898,0.0023481822222222223,0.20123153435459964,0.017066666666666667,0.5580166666666667
packaged cheese + ice cream ice,fresh fruits,0.022563333333333335,0.6955762215485793,1.246515136731721,0.004462202694444445,0.20439364132640173,0.03243833333333333,0.5580166666666667
coffee,yogurt + fresh fruits,0.013148333333333333,0.23519065080642756,1.2462522673460144,0.002598034908333333,0.20929486776197725,0.055905,0.18871833333333332
refrigerated,milk,0.04040166666666667,0.30277784716844447,1.2462130564298863,0.007982116527777777,0.22799140425289402,0.13343666666666668,0.24295833333333333
oils vinegars + fresh fruits,milk,0.013313333333333333,0.3027477733560735,1.2460892746605667,0.0026292406249999994,0.20657334358013046,0.043975,0.24295833333333333
frozen pizza,packaged vegetables fruits + fresh vegetables,0.01276,0.29169047891187566,1.2456000978401307,0.0025159417166666677,0.20619407556167327,0.043745,0.23417666666666667
milk + soy lactosefree,fresh vegetables,0.023243333333333335,0.5535664668757194,1.2454716179266068,0.00458105873888889,0.20572953854306275,0.041988333333333336,0.4444633333333333
juice nectars,packaged vegetables fruits + fresh fruits,0.030205,0.33734782770559546,1.2454080420329137,0.005951904644444443,0.2164286070712994,0.08953666666666667,0.27087333333333335
coffee + milk,fresh fruits,0.011551666666666667,0.6944889779559118,1.2445667297080345,0.002269989444444443,0.19983138866964734,0.016633333333333333,0.5580166666666667
fresh fruits,soy lactosefree,0.11820666666666667,0.2118335772527702,1.2442866295795483,0.02320711924999999,0.44419469778962184,0.5580166666666667,0.170245
soy lactosefree,fresh fruits,0.11820666666666667,0.694332677415881,1.2442866295795483,0.02320711924999999,0.2366079784732236,0.170245,0.5580166666666667
pickled goods olives,yogurt,0.01057,0.3279044516829533,1.2440729399140782,0.0020737136000000007,0.20272339800625488,0.032235,0.2635733333333333
packaged cheese + candy chocolate,fresh vegetables,0.010411666666666666,0.5527829395628705,1.2437087563943119,0.0020401997833333334,0.19971486625964213,0.018835,0.4444633333333333
fresh fruits + frozen meals,water seltzer sparkling water,0.010645,0.23798345629331544,1.2436426436732622,0.0020854671999999998,0.2050838958506922,0.04473,0.19136
chips pretzels + fresh dips tapenades,fresh vegetables,0.019718333333333334,0.5525664378123395,1.2432216481577172,0.0038576592833333354,0.20287790004377385,0.035685,0.4444633333333333
yogurt + paper goods,fresh fruits,0.012276666666666667,0.6935316825157707,1.2428511977224765,0.0023988416388888868,0.19891965959355232,0.017701666666666668,0.5580166666666667
fresh fruits + candy chocolate,fresh vegetables,0.022506666666666668,0.552378614962981,1.2427990647064573,0.004397008149999999,0.20366294531466594,0.040745,0.4444633333333333
other creams cheeses + fresh vegetables,soy lactosefree,0.010966666666666666,0.2115279519079307,1.2424914206463078,0.002140314641666665,0.20583709292782792,0.051845,0.170245
chips pretzels + frozen appetizers sides,fresh fruits,0.01114,0.6931452867364928,1.2421587528505589,0.0021717421388888873,0.19813427065417433,0.016071666666666668,0.5580166666666667
soup broth bouillon,yogurt,0.027543333333333333,0.3273771790808241,1.2420724621136081,0.005368030222222223,0.21279734310323345,0.08413333333333334,0.2635733333333333
chips pretzels + instant foods,fresh fruits,0.010755,0.6929768041237113,1.241856821702538,0.002094581333333333,0.19782442695509556,0.01552,0.5580166666666667
nuts seeds dried fruit,bread,0.016523333333333334,0.20396239224803012,1.2417171665447524,0.003216491986111113,0.2118238276727908,0.08101166666666666,0.16425833333333334
chips pretzels + milk,fresh vegetables,0.026775,0.5518532513482877,1.2416170468091579,0.00521037983888889,0.2045217407866354,0.04851833333333333,0.4444633333333333
water seltzer sparkling water + cereal,fresh fruits,0.01387,0.6927495213518688,1.2414495170727315,0.002697576305555555,0.1984635718822471,0.020021666666666667,0.5580166666666667
fresh fruits + breakfast bakery,water seltzer sparkling water,0.010783333333333334,0.23750091770060938,1.2411210164120474,0.0020949514666666683,0.20351715474289112,0.04540333333333333,0.19136
yogurt + cereal,fresh vegetables,0.020396666666666667,0.5515594014782765,1.2409559126998324,0.003960412600000001,0.20162571868474083,0.03698,0.4444633333333333
bread + cereal,fresh vegetables,0.014026666666666666,0.5514710700478344,1.2407571754276716,0.0027217417833333337,0.19910475584319878,0.025435,0.4444633333333333
cream + milk,packaged vegetables fruits,0.015475,0.45430081221254526,1.2403835513527661,0.002999020305555553,0.20063195105890555,0.034063333333333334,0.36625833333333335
latino foods,fresh fruits,0.014883333333333333,0.6920334779913205,1.2401663235709575,0.0028822548888888886,0.1979129922394724,0.021506666666666667,0.5580166666666667
other creams cheeses + breakfast bakery,fresh fruits,0.010553333333333333,0.691946235384111,1.2400099794822932,0.002042649138888887,0.19655263257712033,0.015251666666666667,0.5580166666666667
canned jarred vegetables + fresh vegetables,milk,0.017015,0.3012304151544658,1.239843931350914,0.003291498541666665,0.2050278722196072,0.056485,0.24295833333333333
baking ingredients,milk,0.022996666666666665,0.30116116640474944,1.2395589081999634,0.004444368333333334,0.20923889686217823,0.07636,0.24295833333333333
yogurt + frozen meals,fresh vegetables,0.014271666666666667,0.5508169304001029,1.2392854237697215,0.0027556217000000004,0.1982192449649647,0.02591,0.4444633333333333
juice nectars,soy lactosefree,0.018886666666666666,0.21093779084918654,1.23902488090215,0.0036434968499999987,0.2118851999559934,0.08953666666666667,0.170245
breakfast bakery,packaged vegetables fruits + fresh vegetables,0.019828333333333333,0.29012827391113494,1.2389290446435095,0.0038239193444444437,0.20699822251112732,0.06834333333333334,0.23417666666666667
cookies cakes + milk,fresh fruits,0.012535,0.6912048524951752,1.2386813759956545,0.0024153677499999995,0.19624886141447587,0.018135,0.5580166666666667
packaged vegetables fruits + fresh herbs,milk,0.015908333333333333,0.3009427121102248,1.2386597651595601,0.003065150902777777,0.20342942148139365,0.05286166666666667,0.24295833333333333
water seltzer sparkling water + juice nectars,packaged vegetables fruits,0.010151666666666666,0.45363819170328445,1.2385743897611916,0.0019554155972222216,0.19702934235202818,0.022378333333333333,0.36625833333333335
crackers,water seltzer sparkling water,0.027245,0.23699891264951067,1.2384976622570583,0.005246573333333331,0.21758312907264443,0.11495833333333333,0.19136
butter,packaged vegetables fruits,0.03405,0.4535363850286373,1.2382964256430222,0.00655254519444444,0.20805931922998103,0.07507666666666667,0.36625833333333335
ice cream ice + milk,fresh vegetables,0.017066666666666667,0.5495036222162597,1.236330605935832,0.0032623763055555574,0.197282115352984,0.031058333333333334,0.4444633333333333
fresh vegetables,yogurt,0.14483,0.3258536512198231,1.2362921813783254,0.027681317688888887,0.3440451977783871,0.4444633333333333,0.2635733333333333
yogurt,fresh vegetables,0.14483,0.5494865439093484,1.2362921813783252,0.027681317688888887,0.25953666672827247,0.2635733333333333,0.4444633333333333
fruit vegetable snacks,fresh fruits,0.032015,0.6896564104405271,1.2359064731170402,0.006110936305555554,0.20016948702436527,0.04642166666666667,0.5580166666666667
packaged cheese + condiments,fresh fruits,0.013988333333333334,0.6893068331143233,1.23528000916518,0.0026643151111111103,0.19441221659148208,0.020293333333333333,0.5580166666666667
dry pasta + pasta sauce,fresh fruits,0.01345,0.6892722924496071,1.2352181101811899,0.002561234777777777,0.19421618264053864,0.019513333333333334,0.5580166666666667
nuts seeds dried fruit + fresh fruits,water seltzer sparkling water,0.013041666666666667,0.23625494399323693,1.2346098661853937,0.002478275733333332,0.20113025771112053,0.05520166666666667,0.19136
cream + milk,fresh fruits,0.023466666666666667,0.6889128094725512,1.234573894697084,0.004458758944444443,0.1967043377153781,0.034063333333333334,0.5580166666666667
milk + juice nectars,fresh vegetables,0.015108333333333333,0.5486623895412178,1.2344379128564438,0.002869294677777778,0.19529240757432492,0.027536666666666668,0.4444633333333333
energy granola bars,packaged vegetables fruits + fresh vegetables,0.025038333333333333,0.2890205659978068,1.234198821393279,0.004751218405555556,0.20775602500812168,0.08663166666666666,0.23417666666666667
fresh herbs + fresh fruits,milk,0.021213333333333334,0.29985629137512665,1.2341881311958565,0.004025246041666666,0.20419664807484292,0.070745,0.24295833333333333
canned meals beans + fresh vegetables,milk,0.01501,0.29985017479607123,1.234162955771859,0.0028479107638888883,0.19973250438941453,0.05005833333333334,0.24295833333333333
packaged vegetables fruits + soft drinks,fresh fruits,0.017115,0.6885476733270751,1.2339195483893701,0.003244565722222219,0.19440669458875565,0.024856666666666666,0.5580166666666667
buns rolls,packaged vegetables fruits + fresh fruits,0.010915,0.33421791273284,1.233853139472964,0.0020687283888888887,0.1959295042041616,0.03265833333333333,0.27087333333333335
cookies cakes,yogurt,0.019056666666666666,0.32514360461809705,1.2335982571002266,0.0036086335999999993,0.201152887139972,0.05861,0.2635733333333333
refrigerated + crackers,fresh vegetables,0.011325,0.5471455028585233,1.2310250628665056,0.0021253497722222223,0.19163538718170672,0.020698333333333332,0.4444633333333333
frozen breakfast,fresh fruits,0.04242166666666667,0.6861386672417512,1.2296024621279253,0.007921356222222224,0.19903466967723818,0.06182666666666667,0.5580166666666667
bread,fresh fruits,0.11267333333333333,0.6859520064938359,1.229267954649806,0.02101444569444444,0.22316431051212468,0.16425833333333334,0.5580166666666667
fresh fruits,bread,0.11267333333333333,0.20191750545085269,1.2292679546498058,0.02101444569444444,0.4219790628785111,0.5580166666666667,0.16425833333333334
oils vinegars,yogurt + fresh fruits,0.015851666666666667,0.2318681586581828,1.2286467062457251,0.0029499378083333357,0.19975245837500302,0.068365,0.18871833333333332
ice cream ice + crackers,fresh fruits,0.012228333333333334,0.6853806632414761,1.2282440725930694,0.002272385972222223,0.1892053119569373,0.017841666666666665,0.5580166666666667
fresh fruits + cream,water seltzer sparkling water,0.01345,0.23498238360073379,1.2279597805222293,0.002496872533333333,0.19691199494947914,0.057238333333333336,0.19136
spreads,fresh fruits,0.05362833333333333,0.6851709893105062,1.2278683240832224,0.009952368833333329,0.2013392467482602,0.07827,0.5580166666666667
packaged cheese + eggs,water seltzer sparkling water,0.01065,0.23492647058823526,1.227667592956915,0.0019750133333333326,0.1942534162142313,0.04533333333333334,0.19136
packaged vegetables fruits + lunch meat,water seltzer sparkling water,0.012566666666666667,0.23484706908366038,1.2272526603452152,0.0023269930666666664,0.19564059004211928,0.05351,0.19136
buns rolls,fresh vegetables,0.01781,0.5453431997958663,1.2269700533134333,0.003294568305555556,0.19122941741215405,0.03265833333333333,0.4444633333333333
dry pasta,fresh fruits,0.048771666666666665,0.6843705418742253,1.2264338733148208,0.009004608916666663,0.19879499498216854,0.071265,0.5580166666666667
refrigerated,packaged cheese,0.03775666666666667,0.2829557093252729,1.2260222104723868,0.006960595972222219,0.21274162449008777,0.13343666666666668,0.23079166666666667
packaged vegetables fruits + soy lactosefree,water seltzer sparkling water,0.019376666666666667,0.23458434221146082,1.2258797147338045,0.0035703306666666663,0.20084944508619054,0.0826,0.19136
water seltzer sparkling water + yogurt,fresh vegetables,0.030441666666666665,0.5447035667422164,1.2255309401050325,0.005602092511111111,0.19492059083933083,0.05588666666666667,0.4444633333333333
pasta sauce,fresh fruits,0.042475,0.6836655310244923,1.2251704507472756,0.007806354527777774,0.19596182145276572,0.062128333333333334,0.5580166666666667
refrigerated,packaged vegetables fruits + fresh vegetables,0.038281666666666665,0.2868901601259024,1.2251013912255806,0.00703391285555555,0.21203416152746657,0.13343666666666668,0.23417666666666667
fresh fruits + coffee,fresh vegetables,0.017565,0.5445104624128132,1.225096473828692,0.0032273536388888902,0.18986239794413906,0.03225833333333333,0.4444633333333333
ice cream ice,yogurt,0.03550333333333333,0.3228651974900725,1.2249539564829743,0.00651993102222222,0.20633170769103465,0.10996333333333333,0.2635733333333333
coffee,yogurt,0.018048333333333333,0.3228393405479534,1.2248558549725064,0.0033132661333333327,0.19444801786060437,0.055905,0.2635733333333333
frozen produce + fresh vegetables,chips pretzels,0.016118333333333332,0.2060860485434824,1.2247464776110522,0.002957786536111111,0.19907443308624198,0.07821166666666667,0.16826833333333333
instant foods,fresh vegetables,0.028181666666666667,0.5443103170770964,1.2246461659614136,0.005169577583333335,0.19345367412633258,0.051775,0.4444633333333333
coffee,milk,0.016633333333333333,0.297528545449125,1.2246072870483622,0.0030507477083333324,0.19427248939115602,0.055905,0.24295833333333333
packaged cheese + lunch meat,water seltzer sparkling water,0.010663333333333334,0.23424742796470546,1.22411908426372,0.0019523071999999995,0.1918178841630701,0.04552166666666667,0.19136
water seltzer sparkling water + refrigerated,fresh fruits,0.021798333333333333,0.683047837894297,1.2240635068742816,0.003990161444444442,0.18908319834680964,0.031913333333333335,0.5580166666666667
cookies cakes,water seltzer sparkling water,0.013725,0.23417505545128817,1.2237408834201933,0.0025093903999999986,0.19421657827955865,0.05861,0.19136
water seltzer sparkling water + ice cream ice,packaged vegetables fruits,0.010855,0.44815248056148077,1.2235966796518325,0.0019836127361111105,0.18727331134631064,0.024221666666666666,0.36625833333333335
tea,yogurt,0.01828166666666667,0.32247537850948116,1.2234749791689137,0.0033392551111111127,0.19363334244918304,0.05669166666666667,0.2635733333333333
energy granola bars,fresh fruits,0.05914,0.6826603051232228,1.2233690244435163,0.010798086138888885,0.19990309446606314,0.08663166666666666,0.5580166666666667
frozen pizza,water seltzer sparkling water,0.010236666666666666,0.23400769611765154,1.2228663049626438,0.0018656234666666674,0.19058631594217684,0.043745,0.19136
refrigerated + milk,fresh vegetables,0.021933333333333332,0.5428818943112907,1.2214323513254728,0.0039762738944444445,0.18892184056176284,0.04040166666666667,0.4444633333333333
chips pretzels + spreads,fresh vegetables,0.010006666666666667,0.5428080643703102,1.2212662410179547,0.0018129851166666672,0.18458046743277956,0.018435,0.4444633333333333
nuts seeds dried fruit,fresh fruits,0.05520166666666667,0.6814039130166437,1.221117492936251,0.009995806472222223,0.19704056807394038,0.08101166666666666,0.5580166666666667
soup broth bouillon + fresh vegetables,milk,0.016676666666666666,0.2966762534467934,1.2210993110483692,0.003019573819444444,0.19184999782032794,0.05621166666666667,0.24295833333333333
canned fruit applesauce,fresh vegetables,0.013148333333333333,0.5426841851826374,1.2209875246911348,0.0023797275388888883,0.18548480052160066,0.024228333333333334,0.4444633333333333
specialty cheeses,fresh fruits,0.016435,0.680397433243635,1.2193138196176367,0.0029561074166666677,0.18431881150128526,0.024155,0.5580166666666667
hot dogs bacon sausage + fresh fruits,water seltzer sparkling water,0.01279,0.23324519011580194,1.218881637310838,0.002296774399999998,0.18999412122617854,0.054835,0.19136
oils vinegars,bread,0.01368,0.20010239157463613,1.2182175936764414,0.002450479041666667,0.1922733526726175,0.068365,0.16425833333333334
ice cream ice + fresh vegetables,water seltzer sparkling water,0.012083333333333333,0.23311147551525674,1.2181828779016344,0.002164187733333333,0.1888966495537569,0.051835,0.19136
refrigerated + juice nectars,fresh fruits,0.014875,0.6797410510281797,1.2181375425372831,0.002663735277777775,0.18308106448400052,0.021883333333333334,0.5580166666666667
soft drinks + fresh vegetables,fresh fruits,0.019053333333333332,0.6797074736904691,1.218077369894213,0.003411196138888885,0.18419744854398218,0.028031666666666667,0.5580166666666667
breakfast bakery,fresh fruits + fresh vegetables,0.026503333333333334,0.3877969077695947,1.217362489270596,0.004732222783333333,0.19164998402652247,0.06834333333333334,0.318555
soy lactosefree,chips pretzels,0.034868333333333335,0.2048126719335859,1.2171789419691916,0.006221490925,0.21503710509717597,0.170245,0.16826833333333333
chips pretzels,soy lactosefree,0.034868333333333335,0.20721862897554502,1.2171789419691916,0.006221490925,0.21452605484530138,0.16826833333333333,0.170245
baking ingredients,packaged vegetables fruits + fresh fruits,0.025175,0.3296883184913567,1.2171309535503312,0.004491112266666666,0.19314421270442,0.07636,0.27087333333333335
energy granola bars,milk,0.025603333333333332,0.29554243059697183,1.2164325731996783,0.00455544798611111,0.19479985595521854,0.08663166666666666,0.24295833333333333
frozen meals,soy lactosefree,0.015413333333333333,0.20708959401661553,1.2164210051197717,0.0027422817249999985,0.1922230425680934,0.07442833333333333,0.170245
lunch meat,soy lactosefree,0.021641666666666667,0.2070345509335289,1.2160976882347727,0.003845673075,0.19844100855873467,0.10453166666666666,0.170245
fresh fruits + lunch meat,water seltzer sparkling water,0.016968333333333332,0.23270325249708573,1.2160496054404564,0.003014681066666665,0.1916391312882658,0.07291833333333334,0.19136
yogurt + packaged cheese,water seltzer sparkling water,0.020438333333333333,0.2326944971537002,1.2160038521827978,0.0036305466666666647,0.19473873648579507,0.08783333333333333,0.19136
refrigerated,fresh fruits + fresh vegetables,0.05168333333333333,0.387324823261972,1.2158805332265135,0.009176415983333332,0.2048907102533517,0.13343666666666668,0.318555
milk + breakfast bakery,fresh vegetables,0.013033333333333333,0.5403164513231534,1.215660349912224,0.00231213696111111,0.18178681379985062,0.024121666666666666,0.4444633333333333
energy granola bars,packaged vegetables fruits,0.038555,0.4450451143731122,1.2151125964090344,0.006825430152777777,0.19382213307028046,0.08663166666666666,0.36625833333333335
frozen appetizers sides,fresh vegetables,0.028093333333333335,0.5394955831519652,1.2138134750192335,0.004948646022222225,0.1858268121666163,0.05207333333333333,0.4444633333333333
packaged cheese,fresh fruits,0.15628166666666668,0.677154721068785,1.2135026810467757,0.027496070138888884,0.22872762066540445,0.23079166666666667,0.5580166666666667
fresh fruits,packaged cheese,0.15628166666666668,0.2800663062632538,1.2135026810467757,0.027496070138888884,0.39806748040122475,0.5580166666666667,0.23079166666666667
canned jarred vegetables,fresh fruits,0.050155,0.67709927099271,1.2134033111186222,0.008820845444444433,0.18994129117327527,0.07407333333333334,0.5580166666666667
candy chocolate,soy lactosefree,0.014406666666666667,0.20644853116790066,1.2126554739810311,0.0025264030833333315,0.18851895268736046,0.06978333333333334,0.170245
energy granola bars + milk,fresh vegetables,0.013795,0.5387970316365056,1.212241800905599,0.0024152571222222224,0.17968253953060112,0.025603333333333332,0.4444633333333333
energy granola bars,fresh fruits + fresh vegetables,0.03344833333333333,0.38609823197829884,1.2120300481182178,0.005851382758333332,0.19153055831812066,0.08663166666666666,0.318555
baking ingredients,yogurt + fresh fruits,0.017465,0.2287192247249869,1.2119608131606376,0.00305446806666667,0.18934954528709289,0.07636,0.18871833333333332
frozen pizza,packaged vegetables fruits,0.019411666666666667,0.44374595191831445,1.2115654758753551,0.003389695875000001,0.18260984624192647,0.043745,0.36625833333333335
refrigerated + ice cream ice,fresh fruits,0.01386,0.6754385964912281,1.2104272808301328,0.0024094979999999995,0.17748749800450697,0.02052,0.5580166666666667
yogurt + eggs,water seltzer sparkling water,0.01159,0.2315838550686026,1.2101999115207076,0.002013069866666665,0.18284081187658285,0.05004666666666667,0.19136
fresh dips tapenades + fresh vegetables,water seltzer sparkling water,0.013406666666666667,0.2315619782370891,1.2100855886135509,0.0023275605333333334,0.184281455022522,0.057896666666666666,0.19136
yogurt + energy granola bars,fresh vegetables,0.0186,0.5377794911333846,1.2099524320717525,0.0032274948444444423,0.1797377581235717,0.03458666666666667,0.4444633333333333
frozen pizza,fresh fruits + fresh vegetables,0.016858333333333333,0.3853773764620719,1.2097671562589565,0.002923144858333334,0.18132679357557144,0.043745,0.318555
candy chocolate,yogurt + fresh fruits,0.015931666666666667,0.22830188679245284,1.209749380253391,0.002762272305555556,0.1863893790554735,0.06978333333333334,0.18871833333333332
chips pretzels + popcorn jerky,fresh fruits,0.01038,0.6746100519930676,1.2089424784081733,0.0017939835555555554,0.1755316324164414,0.015386666666666667,0.5580166666666667
frozen produce,milk,0.03628666666666667,0.29365272045534246,1.2086546545923889,0.006264305416666668,0.19697386805967218,0.12357,0.24295833333333333
cereal + soy lactosefree,fresh vegetables,0.013071666666666667,0.5370814216256934,1.208381842429507,0.002254169905555556,0.17674878647937006,0.024338333333333333,0.4444633333333333
grains rice dried goods,milk,0.012181666666666667,0.29353413654618477,1.2081665712756704,0.002098895833333333,0.17975958495942534,0.0415,0.24295833333333333
frozen meals,packaged vegetables fruits + fresh fruits,0.024355,0.32722753431712837,1.2080463229447773,0.004194349255555556,0.18606573590719944,0.07442833333333333,0.27087333333333335
packaged poultry,fresh fruits,0.024063333333333332,0.6740744199075587,1.207982592946851,0.0041430683611111095,0.17854734425001112,0.03569833333333333,0.5580166666666667
coffee,packaged cheese,0.015581666666666667,0.27871687088215125,1.2076556961855263,0.0026792585416666667,0.18213148012015173,0.055905,0.23079166666666667
popcorn jerky,packaged vegetables fruits + fresh fruits,0.014796666666666666,0.3271065915036292,1.2075998308076192,0.0025437114333333333,0.18005594346593926,0.045235,0.27087333333333335
condiments,yogurt + fresh fruits,0.013626666666666667,0.2277881481068732,1.2070271291794996,0.002337221436111111,0.1824315675760213,0.05982166666666667,0.18871833333333332
fresh herbs,yogurt,0.029936666666666667,0.3180128182429801,1.2065439785625005,0.005124751644444446,0.18897602113802656,0.09413666666666666,0.2635733333333333
popcorn jerky + fresh fruits,fresh vegetables,0.014925,0.5362596562668424,1.206532948950065,0.0025548446611111126,0.1760794565065776,0.027831666666666668,0.4444633333333333
breakfast bakery,packaged vegetables fruits,0.0302,0.44188655318733844,1.2064887347837503,0.005168684638888886,0.18370340072679117,0.06834333333333334,0.36625833333333335
asian foods,yogurt,0.013635,0.3179186258889364,1.2061866117801614,0.002330779022222222,0.1786007787860366,0.042888333333333334,0.2635733333333333
milk,fresh fruits,0.16348166666666666,0.6728794374892815,1.2058411113573932,0.027906867361111087,0.2254873841264076,0.24295833333333333,0.5580166666666667
fresh fruits,milk,0.16348166666666666,0.2929691466802066,1.205841111357393,0.027906867361111087,0.38622122649729435,0.5580166666666667,0.24295833333333333
packaged vegetables fruits,milk,0.10718666666666667,0.29265318195262907,1.2045406219967583,0.018201152430555548,0.26794512498751316,0.36625833333333335,0.24295833333333333
milk,packaged vegetables fruits,0.10718666666666667,0.4411730406448294,1.2045406219967583,0.018201152430555548,0.2243046817125366,0.24295833333333333,0.36625833333333335
packaged vegetables fruits + fresh vegetables,chips pretzels,0.047455,0.20264615034233413,1.2043035449866828,0.008050482594444443,0.22151918413625532,0.23417666666666667,0.16826833333333333
chips pretzels,packaged vegetables fruits + fresh vegetables,0.047455,0.28201978981983145,1.2043035449866828,0.008050482594444443,0.20396549366984243,0.16826833333333333,0.23417666666666667
frozen appetizers sides,soy lactosefree,0.010673333333333333,0.20496735373191652,1.203955204158222,0.0018081087,0.17871035691518236,0.05207333333333333,0.170245
canned jarred vegetables + fresh vegetables,chips pretzels,0.01144,0.20253164556962025,1.2036230558509935,0.0019353631916666676,0.17930303616441365,0.056485,0.16826833333333333
cereal + ice cream ice,fresh fruits,0.010025,0.6714668452779637,1.203309659707829,0.0016938111666666648,0.17151950609296698,0.01493,0.5580166666666667
juice nectars,packaged vegetables fruits + fresh vegetables,0.02523,0.2817839991065113,1.2032966525550992,0.004262601855555555,0.18556456966425966,0.08953666666666667,0.23417666666666667
cereal + fresh fruits,water seltzer sparkling water,0.01387,0.23023931387467148,1.203173672003927,0.002342154666666667,0.17968959266188597,0.060241666666666666,0.19136
chips pretzels + water seltzer sparkling water,fresh fruits,0.027191666666666666,0.6713162983993746,1.203039870492592,0.004589201583333331,0.17589706424970833,0.040505,0.5580166666666667
fresh dips tapenades,water seltzer sparkling water,0.022676666666666668,0.23014597675874085,1.2026859153362293,0.0038216469333333322,0.1869480201265804,0.09853166666666667,0.19136
eggs,chips pretzels,0.027741666666666668,0.2022921173525194,1.2021995662831355,0.0046659083277777805,0.19492234987362134,0.13713666666666666,0.16826833333333333
doughs gelatins bake mixes,fresh fruits + fresh vegetables,0.010731666666666667,0.38284083477020037,1.201804507134405,0.0018020390916666674,0.1727606849834827,0.028031666666666667,0.318555
canned meals beans,milk,0.020338333333333333,0.29163778887747055,1.2003613330576732,0.003394824097222221,0.17943071594634152,0.06973833333333333,0.24295833333333333
water seltzer sparkling water + fresh vegetables,milk,0.024201666666666666,0.29144004014049174,1.1995474126859547,0.004026001736111111,0.181417459539758,0.08304166666666667,0.24295833333333333
packaged vegetables fruits + eggs,water seltzer sparkling water,0.015886666666666667,0.22953188210364092,1.1994768086519696,0.0026420031999999996,0.17866949196857485,0.06921333333333334,0.19136
canned jarred vegetables,chips pretzels,0.01492,0.2014220142201422,1.1970286400895922,0.0024558036555555537,0.1777658060447277,0.07407333333333334,0.16826833333333333
canned jarred vegetables,milk,0.021541666666666667,0.2908154081540815,1.196976469850447,0.003544933055555557,0.1777264821901876,0.07407333333333334,0.24295833333333333
buns rolls,packaged vegetables fruits,0.014315,0.4383261035978566,1.1967675919033194,0.002353613263888889,0.16996670524193222,0.03265833333333333,0.36625833333333335
water seltzer sparkling water + juice nectars,fresh fruits,0.014935,0.6673866090712743,1.1959976268413863,0.0024475170277777764,0.1676292017430827,0.022378333333333333,0.5580166666666667
spices seasonings + fresh vegetables,yogurt,0.011506666666666667,0.31481988144094847,1.194429942739333,0.0018730613333333337,0.1689558700755968,0.03655,0.2635733333333333
fresh fruits + soy lactosefree,water seltzer sparkling water,0.027005,0.22845581185494332,1.1938535318506653,0.004384972266666669,0.18414327305692144,0.11820666666666667,0.19136
fresh fruits + cookies cakes,fresh vegetables,0.018158333333333332,0.5303767890176224,1.1932970601645936,0.0029413903444444438,0.16772815335112154,0.034236666666666665,0.4444633333333333
honeys syrups nectars,fresh vegetables,0.010738333333333334,0.530331714544407,1.193195646909922,0.001738691605555556,0.1652607294783677,0.020248333333333333,0.4444633333333333
water seltzer sparkling water + cream,fresh fruits,0.01345,0.6651829871414442,1.192048601549734,0.0021669029999999995,0.1644328622137387,0.02022,0.5580166666666667
cream,packaged vegetables fruits + fresh vegetables,0.025483333333333334,0.279040058399489,1.191579256684365,0.004097149249999998,0.17693631167194232,0.091325,0.23417666666666667
breakfast bakery,fresh fruits,0.04540333333333333,0.6643418036384918,1.190541149258072,0.007266614277777771,0.17178627936861496,0.06834333333333334,0.5580166666666667
frozen meals + milk,fresh vegetables,0.011048333333333334,0.5289236415862125,1.1900276173952389,0.0017642350722222241,0.16309004678716424,0.02088833333333333,0.4444633333333333
chips pretzels + refrigerated,fresh vegetables,0.016893333333333333,0.5286325232085115,1.1893726288824233,0.0026897667444444433,0.16447673256314108,0.03195666666666667,0.4444633333333333
dish detergents,fresh fruits + fresh vegetables,0.010336666666666666,0.3782629909734081,1.1874338527833752,0.001631620366666666,0.1622824653438751,0.027326666666666666,0.318555
other creams cheeses,fresh fruits,0.056896666666666665,0.6623978888953568,1.1870575351310118,0.00896582508333333,0.17238812804454848,0.085895,0.5580166666666667
nuts seeds dried fruit,fresh vegetables,0.042741666666666664,0.5275989055074372,1.1870470878904982,0.006734951261111108,0.17146402180747056,0.08101166666666666,0.4444633333333333
chips pretzels,milk,0.04851833333333333,0.2883390616178524,1.1867839956831516,0.00763613951388889,0.18922771442291766,0.16826833333333333,0.24295833333333333
refrigerated,packaged vegetables fruits,0.05798166666666667,0.43452574254952414,1.186391415575138,0.009109375527777776,0.18129991570343734,0.13343666666666668,0.36625833333333335
packaged vegetables fruits + milk,soy lactosefree,0.021625,0.20175083965667368,1.1850617619117958,0.0033770059333333297,0.1749101612335295,0.10718666666666667,0.170245
fresh fruits + soft drinks,packaged vegetables fruits,0.017115,0.4340236686390532,1.1850205964980633,0.002672213055555553,0.16254239933876022,0.039433333333333334,0.36625833333333335
packaged cheese,soy lactosefree,0.04655666666666667,0.201725943311067,1.1849155235752415,0.007265539374999998,0.2028812919145811,0.23079166666666667,0.170245
soy lactosefree,packaged cheese,0.04655666666666667,0.273468628545136,1.1849155235752415,0.007265539374999998,0.18807717991229747,0.170245,0.23079166666666667
crackers,fresh fruits,0.07599,0.6610221094599492,1.1845920542276798,0.011841334027777775,0.17606801597329116,0.11495833333333333,0.5580166666666667
chips pretzels,packaged vegetables fruits,0.072965,0.4336228840839532,1.183926329095456,0.01133532068055556,0.18678241547865046,0.16826833333333333,0.36625833333333335
cream,packaged vegetables fruits + fresh fruits,0.029286666666666666,0.32068619399580256,1.1838972483908932,0.004549159499999997,0.17094351908884714,0.091325,0.27087333333333335
cream,soy lactosefree,0.018405,0.20153298658636737,1.183782117456415,0.0028573753750000003,0.17085311300362732,0.091325,0.170245
frozen breakfast,water seltzer sparkling water,0.014003333333333333,0.22649342247142548,1.1835985706073655,0.0021721823999999983,0.16534146422515314,0.06182666666666667,0.19136
chips pretzels + juice nectars,fresh vegetables,0.011491666666666667,0.5260146475434849,1.1834826589598353,0.0017816243777777786,0.15849887612634309,0.021846666666666667,0.4444633333333333
juice nectars,fresh fruits + fresh vegetables,0.033738333333333335,0.37681024533710583,1.1828734295085805,0.005215980483333337,0.1698047648286208,0.08953666666666667,0.318555
oils vinegars + fresh vegetables,milk,0.01251,0.28726702131731024,1.1823715506114638,0.0019295695138888888,0.1612649888674033,0.043548333333333335,0.24295833333333333
chips pretzels + cream,fresh vegetables,0.010191666666666667,0.5249828296703297,1.181161167408627,0.0015631518222222213,0.15641196299327959,0.019413333333333335,0.4444633333333333
fresh vegetables + lunch meat,water seltzer sparkling water,0.013656666666666666,0.22596034525549458,1.1808128410090644,0.0020911872000000005,0.16297572178438632,0.06043833333333333,0.19136
frozen meals,packaged vegetables fruits,0.032176666666666666,0.43231744183442683,1.1803620627546862,0.004916669347222222,0.16508966993778137,0.07442833333333333,0.36625833333333335
spreads,fresh vegetables,0.041036666666666666,0.5242962395127975,1.179616405206573,0.006248521566666665,0.16519674035486287,0.07827,0.4444633333333333
cereal,packaged vegetables fruits + fresh vegetables,0.02565,0.2761974838929667,1.1794406668454018,0.0039024032611111106,0.16771598171088103,0.09286833333333333,0.23417666666666667
pickled goods olives,fresh fruits,0.021215,0.6581355669303552,1.179419193447666,0.003227332749999999,0.15719212954012854,0.032235,0.5580166666666667
bread + yogurt,water seltzer sparkling water,0.013731666666666666,0.22542340419710524,1.1780069199263443,0.0020749722666666675,0.16091040961014072,0.060915,0.19136
candy chocolate,yogurt,0.021663333333333333,0.310437067112491,1.1778014990609484,0.0032703075555555565,0.1622853060971161,0.06978333333333334,0.2635733333333333
nuts seeds dried fruit,water seltzer sparkling water,0.018256666666666668,0.22535848746065382,1.1776676811279987,0.002754274133333335,0.16416315090958833,0.08101166666666666,0.19136
frozen breakfast,fresh vegetables,0.032356666666666666,0.523344835022644,1.1774758360779156,0.004876980311111109,0.16065866098858772,0.06182666666666667,0.4444633333333333
chips pretzels + nuts seeds dried fruit,fresh vegetables,0.010298333333333333,0.5230235314034196,1.1767529336580138,0.0015468502999999995,0.15322086444315466,0.01969,0.4444633333333333
prepared meals,fresh fruits,0.018025,0.6564491654021244,1.1763970587535455,0.0027027923611111088,0.15418040868402588,0.027458333333333335,0.5580166666666667
yogurt + packaged vegetables fruits,water seltzer sparkling water,0.02876,0.22509489831857138,1.1762902295075846,0.004310251733333333,0.17182323981869696,0.12776833333333334,0.19136
packaged poultry,milk,0.0102,0.28572762500583593,1.1760354999382716,0.0015267924305555573,0.15522687306434976,0.03569833333333333,0.24295833333333333
doughs gelatins bake mixes,fresh vegetables,0.014651666666666667,0.5226826803020393,1.1759860512724094,0.0021926186611111124,0.15396569278120129,0.028031666666666667,0.4444633333333333
missing,fresh fruits,0.013085,0.6561638111157543,1.175885686417528,0.001957217638888887,0.1526207095500477,0.019941666666666667,0.5580166666666667
yogurt + soft drinks,fresh fruits,0.013568333333333333,0.6557390253725333,1.1751244443819477,0.00202203847222222,0.15217505239230258,0.020691666666666667,0.5580166666666667
bread + packaged cheese,water seltzer sparkling water,0.013433333333333334,0.22486957006946964,1.1751127198446365,0.002001805866666668,0.1584854639239924,0.05973833333333333,0.19136
paper goods,packaged cheese,0.017118333333333333,0.2709954882456927,1.174199624101214,0.002539608402777775,0.1583593513678091,0.06316833333333334,0.23079166666666667
fresh dips tapenades,milk,0.028105,0.2852382482788951,1.174021258565166,0.0041659104861111115,0.164428035769624,0.09853166666666667,0.24295833333333333
chips pretzels,fresh fruits + fresh vegetables,0.06285,0.37351056348491,1.1725151496128143,0.00924728107500001,0.17689906587573506,0.16826833333333333,0.318555
cereal,packaged vegetables fruits,0.039865,0.429263652841837,1.1720242620422843,0.0058511990138888845,0.1618015857237561,0.09286833333333333,0.36625833333333335
packaged cheese + paper goods,fresh fruits,0.011195,0.6539772174082368,1.1719671767418596,0.0016426846944444448,0.14928936760026254,0.017118333333333333,0.5580166666666667
cereal,fresh fruits + fresh vegetables,0.034666666666666665,0.37328834730173543,1.1718175740507462,0.0050829947416666695,0.16163568498947167,0.09286833333333333,0.318555
soap,fresh fruits,0.011068333333333333,0.6535774037988387,1.171250686297611,0.0016183210833333322,0.14873056509994032,0.016935,0.5580166666666667
chips pretzels + ice cream ice,fresh fruits,0.018438333333333334,0.6534940043711973,1.1711012294218164,0.0026938930833333326,0.15034483126257758,0.028215,0.5580166666666667
hot dogs bacon sausage + fresh vegetables,water seltzer sparkling water,0.011073333333333333,0.22399029060751133,1.1705178229907574,0.0016131328,0.15325360189838022,0.049436666666666663,0.19136
chips pretzels + frozen meals,fresh fruits,0.012956666666666667,0.6529480933982866,1.1701229235655206,0.0018837559444444436,0.1483323412884237,0.019843333333333334,0.5580166666666667
fresh fruits + eggs,water seltzer sparkling water,0.021513333333333332,0.22389509470616803,1.1700203527705269,0.0031261887999999988,0.16076100180900565,0.09608666666666667,0.19136
chips pretzels + ice cream ice,fresh vegetables,0.014671666666666666,0.5199952743812393,1.1699396449228792,0.0021311337166666656,0.1494724170705467,0.028215,0.4444633333333333
frozen meals,packaged vegetables fruits + fresh vegetables,0.020385,0.2738876323980563,1.1695769535737532,0.002955620994444446,0.15664912571414435,0.07442833333333333,0.23417666666666667
candy chocolate,packaged cheese,0.018835,0.269906854549797,1.1694826700117582,0.0027295881944444447,0.15579280263520065,0.06978333333333334,0.23079166666666667
fresh fruits + spreads,water seltzer sparkling water,0.01199,0.22357584610125245,1.1683520385725985,0.0017276821333333334,0.15225898468575186,0.05362833333333333,0.19136
butter,fresh fruits,0.048931666666666665,0.6517559827731652,1.1679865884050626,0.007037635388888887,0.15550022386611553,0.07507666666666667,0.5580166666666667
packaged vegetables fruits + packaged cheese,water seltzer sparkling water,0.025536666666666666,0.2234765613605204,1.1678332010896761,0.0036699594666666675,0.16225410956287462,0.11427,0.19136
asian foods,fresh fruits,0.027948333333333332,0.6516535188279641,1.1678029667476433,0.004015928527777775,0.15012998823641086,0.042888333333333334,0.5580166666666667
doughs gelatins bake mixes,packaged vegetables fruits,0.011983333333333334,0.4274927165705452,1.1671890511812115,0.001716501819444445,0.14737184214743365,0.028031666666666667,0.36625833333333335
refrigerated + ice cream ice,fresh vegetables,0.010645,0.5187621832358674,1.167165307755122,0.0015246124,0.14622384826542004,0.02052,0.4444633333333333
fresh fruits + butter,water seltzer sparkling water,0.010918333333333334,0.22313430293947342,1.166044643287382,0.0015547696000000003,0.14972625763482642,0.048931666666666665,0.19136
preserved dips spreads,fresh fruits,0.020823333333333333,0.6506613894386002,1.1660250101943195,0.0029649399444444426,0.14709292630683693,0.032003333333333335,0.5580166666666667
cream,fresh fruits + fresh vegetables,0.033911666666666666,0.3713295008668674,1.1656684116302285,0.004819631291666668,0.15640696939437598,0.091325,0.318555
juice nectars,packaged vegetables fruits,0.038225,0.42692006998994825,1.1656255466040315,0.005431449694444444,0.15606510434563434,0.08953666666666667,0.36625833333333335
cereal + crackers,fresh vegetables,0.010208333333333333,0.5179266024014884,1.1652853307767908,0.0014479610333333337,0.14469297944111087,0.01971,0.4444633333333333
baking ingredients,packaged vegetables fruits,0.03258833333333333,0.4267723066177754,1.165222106303225,0.004620846999999997,0.15351708183421087,0.07636,0.36625833333333335
condiments + fresh vegetables,milk,0.010368333333333334,0.283094425483504,1.1651974295325151,0.0014699843750000004,0.1471663082682628,0.036625,0.24295833333333333
hot dogs bacon sausage,fresh fruits,0.054835,0.6501017605564228,1.1650221210055065,0.007767224194444443,0.15469550794954515,0.08434833333333333,0.5580166666666667
spices seasonings,yogurt + fresh fruits,0.011576666666666667,0.2198379541714141,1.1648998286939838,0.0016387592333333353,0.14942585446837506,0.05266,0.18871833333333332
soup broth bouillon,fresh fruits,0.05468833333333333,0.6500198098256735,1.1648752602831578,0.007740531111111101,0.15454103603102617,0.08413333333333334,0.5580166666666667
frozen meals,water seltzer sparkling water,0.016576666666666667,0.22271984235394227,1.1638787748429258,0.002334060799999999,0.1521265123106279,0.07442833333333333,0.19136
breakfast bakery,water seltzer sparkling water,0.015213333333333334,0.22260157050187776,1.1632607154153312,0.002135153066666666,0.15064292424882197,0.06834333333333334,0.19136
ice cream ice,milk,0.031058333333333334,0.28244263239261574,1.1625146934355648,0.0043418251388888905,0.15706748276260113,0.10996333333333333,0.24295833333333333
cereal,fresh fruits,0.060241666666666666,0.648678236212559,1.162471078305712,0.008419588861111105,0.1540719497020002,0.09286833333333333,0.5580166666666667
yogurt + candy chocolate,fresh vegetables,0.011175,0.5158485920910909,1.1606100062796876,0.0015464426555555546,0.1414483735159911,0.021663333333333333,0.4444633333333333
water seltzer sparkling water + milk,fresh vegetables,0.024201666666666666,0.5156422002059586,1.1601456442735254,0.0033407801166666674,0.14483719191822492,0.046935,0.4444633333333333
refrigerated,fresh fruits,0.08624333333333334,0.6463240988234119,1.1582523201040802,0.01178344938888888,0.15766910345416857,0.13343666666666668,0.5580166666666667
packaged cheese + fresh fruits,water seltzer sparkling water,0.034638333333333333,0.22164041420938688,1.1582379505089198,0.004732273599999996,0.16192554685772167,0.15628166666666668,0.19136
soup broth bouillon,milk,0.023668333333333333,0.28131933438985735,1.157891275142613,0.0032274388888888887,0.14888745201540404,0.08413333333333334,0.24295833333333333
instant foods,fresh fruits,0.03344333333333333,0.6459359407693546,1.1575567171279613,0.004552020416666663,0.1435434045003908,0.051775,0.5580166666666667
cream,water seltzer sparkling water,0.02022,0.22140706268820146,1.1570185132117552,0.002744047999999999,0.14934888102008942,0.091325,0.19136
chips pretzels + cereal,fresh vegetables,0.013161666666666667,0.5140941344964521,1.156662644454628,0.0017826645611111122,0.1390023718462166,0.025601666666666665,0.4444633333333333
prepared soups salads,fresh fruits,0.012746666666666667,0.6451286377056095,1.1561099806557917,0.0017211873611111105,0.13775214194646657,0.019758333333333333,0.5580166666666667
fresh herbs + fresh vegetables,milk,0.022361666666666665,0.2807784869728994,1.1556651839049197,0.0030120600694444437,0.14635329695159907,0.07964166666666667,0.24295833333333333
frozen meals,milk,0.02088833333333333,0.28065028998813174,1.1551375338218421,0.0028053495138888884,0.14510191230537978,0.07442833333333333,0.24295833333333333
tea,milk,0.015903333333333332,0.28052329854475966,1.1546148456652774,0.00212962048611111,0.1419581669939856,0.05669166666666667,0.24295833333333333
water seltzer sparkling water,yogurt + fresh fruits,0.04169,0.2178616220735786,1.1544274381057058,0.005576859733333335,0.1654255571767029,0.19136,0.18871833333333332
yogurt + fresh fruits,water seltzer sparkling water,0.04169,0.22091123455590783,1.1544274381057056,0.005576859733333335,0.16488690432879133,0.18871833333333332,0.19136
frozen appetizers sides,fresh fruits,0.033541666666666664,0.6441236717449751,1.1543090201815507,0.004483878777777773,0.14102447232663676,0.05207333333333333,0.5580166666666667
packaged cheese + milk,water seltzer sparkling water,0.017238333333333335,0.2208862786972771,1.1542970249648676,0.0023042800000000023,0.14498687253883194,0.07804166666666666,0.19136
oils vinegars,fresh fruits,0.043975,0.6432384992320632,1.1527227368932764,0.005826190583333335,0.1422109517342631,0.068365,0.5580166666666667
cereal + milk,fresh vegetables,0.018743333333333334,0.5122528924114057,1.1525200258245654,0.002480419966666668,0.13736220065262844,0.03659,0.4444633333333333
frozen vegan vegetarian,fresh fruits,0.015776666666666668,0.6426777106388758,1.1517177694313951,0.0020782875277777797,0.13504690219651663,0.02454833333333333,0.5580166666666667
ice cream ice,water seltzer sparkling water,0.024221666666666666,0.22027039316135683,1.151078559580669,0.0031790831999999984,0.1474653453672897,0.10996333333333333,0.19136
water seltzer sparkling water + frozen meals,fresh fruits,0.010645,0.6421677056102956,1.150803809223671,0.0013949437222222222,0.13325101092336247,0.016576666666666667,0.5580166666666667
bread + packaged vegetables fruits,water seltzer sparkling water,0.016878333333333332,0.22020004348771471,1.1507109295971714,0.002210589333333332,0.14184438772336005,0.07665,0.19136
instant foods,water seltzer sparkling water,0.011386666666666666,0.2199259616932239,1.149278645972115,0.0014790026666666664,0.13698119430961941,0.051775,0.19136
milk,fresh vegetables,0.12408166666666667,0.5107117132567313,1.1490525200955413,0.016095595972222237,0.1713482449377239,0.24295833333333333,0.4444633333333333
fresh vegetables,milk,0.12408166666666667,0.27917188519487923,1.1490525200955413,0.016095595972222237,0.23349990866740758,0.4444633333333333,0.24295833333333333
lunch meat,water seltzer sparkling water,0.022981666666666668,0.21985363287042203,1.1489006734449312,0.0029784869333333366,0.14473179406829406,0.10453166666666666,0.19136
baking ingredients,yogurt,0.023121666666666665,0.30279814911821196,1.1488193638135318,0.0029952069333333345,0.14025067621363002,0.07636,0.2635733333333333
packaged produce,fresh fruits,0.040113333333333334,0.6410270068715709,1.148759607308451,0.005194510388888886,0.1381402085862538,0.06257666666666667,0.5580166666666667
water seltzer sparkling water + ice cream ice,fresh fruits,0.015496666666666667,0.6397853161769765,1.1465344216307336,0.0019805729722222228,0.1309789142801955,0.024221666666666666,0.5580166666666667
condiments,yogurt,0.018068333333333332,0.30203660880951716,1.1459300718693741,0.0023009372444444433,0.135449199075795,0.05982166666666667,0.2635733333333333
baby food formula,water seltzer sparkling water,0.01007,0.2192785076576904,1.1458952114218772,0.0012821109333333355,0.13344824247478032,0.04592333333333333,0.19136
prepared meals,fresh vegetables,0.013983333333333334,0.5092564491654021,1.1457783150437655,0.0017791109722222215,0.13082300201821984,0.027458333333333335,0.4444633333333333
honeys syrups nectars,fresh fruits,0.012945,0.6393118775207836,1.1456859905990564,0.0016460925277777764,0.1297884894167626,0.020248333333333333,0.5580166666666667
chips pretzels + crackers,fresh vegetables,0.01807,0.5091814211243132,1.145609509125567,0.002296737072222225,0.13177882860638676,0.03548833333333333,0.4444633333333333
popcorn jerky,milk,0.012578333333333334,0.2780663940164327,1.1445023934821446,0.0015881131250000003,0.1322396969293705,0.045235,0.24295833333333333
soy lactosefree,water seltzer sparkling water,0.037276666666666666,0.21895895131526133,1.1442252890638656,0.004698583466666663,0.15190777333432656,0.170245,0.19136
spices seasonings,fresh fruits,0.03362,0.6384352449677174,1.1441150114412066,0.004234842333333329,0.13296387445614585,0.05266,0.5580166666666667
fresh vegetables + soy lactosefree,water seltzer sparkling water,0.020733333333333333,0.21866376052451178,1.142682695048661,0.002588897066666665,0.13794625168034128,0.09481833333333334,0.19136
chips pretzels + cookies cakes,fresh fruits,0.012923333333333334,0.6366696773134082,1.1409510062066393,0.0015965250277777763,0.1260977501605269,0.020298333333333335,0.5580166666666667
yogurt + milk,water seltzer sparkling water,0.020796666666666668,0.21802107175929972,1.1393241626217585,0.002543155200000001,0.1351814028632889,0.09538833333333334,0.19136
paper goods + milk,fresh fruits,0.010178333333333333,0.635483870967742,1.1388259687005917,0.0012407663888888889,0.12388696347411411,0.016016666666666665,0.5580166666666667
tea,packaged vegetables fruits + fresh fruits,0.017455,0.30789357636336906,1.1366699430116254,0.0020987392777777752,0.12746324366953074,0.05669166666666667,0.27087333333333335
cream + milk,fresh vegetables,0.017176666666666666,0.5042567765926216,1.1345295298283808,0.002036763988888888,0.12275895081894829,0.034063333333333334,0.4444633333333333
fresh fruits + soup broth bouillon,water seltzer sparkling water,0.011871666666666668,0.2170785968975711,1.134399022249013,0.0014065072000000005,0.1253300600941295,0.05468833333333333,0.19136
granola,fresh vegetables,0.014186666666666667,0.5029543843063106,1.1315992717201506,0.0016498375777777782,0.11967044643505123,0.028206666666666668,0.4444633333333333
refrigerated + juice nectars,fresh vegetables,0.011,0.5026656511805027,1.1309496497960148,0.0012736607222222206,0.11837784011842989,0.021883333333333334,0.4444633333333333
fresh herbs,milk,0.025836666666666668,0.2744591197195567,1.1296550974565875,0.0029653790277777807,0.12670129346492345,0.09413666666666666,0.24295833333333333
other creams cheeses + fresh fruits,water seltzer sparkling water,0.012291666666666666,0.2160349171011776,1.1289450099350835,0.0014039205333333336,0.1211078995184129,0.056896666666666665,0.19136
tea,packaged cheese,0.014765,0.2604439217992062,1.1284806144034933,0.0016810357638888888,0.12069515331386223,0.05669166666666667,0.23079166666666667
dry pasta + fresh fruits,water seltzer sparkling water,0.010531666666666667,0.2159382154939685,1.128439671268648,0.0011987205333333327,0.11965643566034952,0.048771666666666665,0.19136
popcorn jerky,packaged vegetables fruits,0.018688333333333335,0.41313879370693785,1.1279983446299866,0.0021206376250000013,0.11885005871003831,0.045235,0.36625833333333335
chips pretzels,fresh fruits,0.10591,0.6294113568605699,1.127943651970795,0.01201346552777778,0.13637918843621763,0.16826833333333333,0.5580166666666667
juice nectars,fresh fruits,0.05631666666666667,0.6289788168720449,1.1271685138533105,0.006353714388888883,0.1239162570460236,0.08953666666666667,0.5580166666666667
water seltzer sparkling water + crackers,fresh vegetables,0.013646666666666666,0.5008870129075672,1.1269478837569666,0.0015372631500000008,0.11580256029605755,0.027245,0.4444633333333333
cereal,water seltzer sparkling water,0.020021666666666667,0.21559196712191095,1.1266302629698524,0.0022503824000000006,0.12390412585911209,0.09286833333333333,0.19136
oils vinegars,yogurt,0.0203,0.2969355664448183,1.126576663464254,0.002280809066666667,0.12059994143283757,0.068365,0.2635733333333333
fresh vegetables + eggs,water seltzer sparkling water,0.018205,0.21556708965680565,1.1265002594941766,0.0020443290666666662,0.12265318886164786,0.08445166666666666,0.19136
ice cream ice,packaged vegetables fruits + fresh fruits,0.03349833333333333,0.30463184697929613,1.1246284129579487,0.003712198688888887,0.12450881926032771,0.10996333333333333,0.27087333333333335
cream,fresh fruits,0.057238333333333336,0.6267542659001734,1.123181982438111,0.006277461249999998,0.12069477832464227,0.091325,0.5580166666666667
dish detergents,fresh vegetables,0.013641666666666667,0.49920712368870457,1.1231682936471052,0.001495965311111111,0.11274234928306819,0.027326666666666666,0.4444633333333333
water seltzer sparkling water + ice cream ice,fresh vegetables,0.012083333333333333,0.49886465285901055,1.122397767027675,0.0013176906277777775,0.1117572046081928,0.024221666666666666,0.4444633333333333
dish detergents,packaged vegetables fruits,0.011221666666666666,0.4106489387655526,1.1212002605598577,0.0012130472777777766,0.11113563978483035,0.027326666666666666,0.36625833333333335
cream,packaged vegetables fruits,0.03748,0.41040240897892144,1.1205271570037216,0.004031457708333332,0.11837335215777613,0.091325,0.36625833333333335
ice cream ice,packaged vegetables fruits + fresh vegetables,0.028851666666666668,0.26237533723362333,1.1204162266392468,0.0031008198111111135,0.12075294336756097,0.10996333333333333,0.23417666666666667
frozen pizza,fresh fruits,0.02733,0.6247571150988684,1.119602966038413,0.0029195609166666643,0.11171312239679115,0.043745,0.5580166666666667
nuts seeds dried fruit,milk,0.022035,0.27199786039047874,1.1195247212093105,0.00235254048611111,0.1161753670596559,0.08101166666666666,0.24295833333333333
water seltzer sparkling water + refrigerated,fresh vegetables,0.015853333333333334,0.4967620639231251,1.117667142973455,0.0016690268222222231,0.10874980482398829,0.031913333333333335,0.4444633333333333
water seltzer sparkling water + candy chocolate,fresh fruits,0.010706666666666666,0.623628773905446,1.1175809096002736,0.0011264505277777757,0.1070480350828958,0.017168333333333334,0.5580166666666667
chips pretzels + candy chocolate,fresh fruits,0.012705,0.6234562852703035,1.117271799415137,0.0013335503611111108,0.10714610051892857,0.02037833333333333,0.5580166666666667
frozen pizza,fresh vegetables,0.021708333333333333,0.49624719015506535,1.1165087262280324,0.0022652848166666677,0.10912458711718406,0.043745,0.4444633333333333
bread + fresh fruits,water seltzer sparkling water,0.024061666666666665,0.21355245251760252,1.1159722644105483,0.0025004975999999984,0.11711626197518824,0.11267333333333333,0.19136
canned meat seafood,fresh fruits,0.01201,0.6224948168624741,1.1155487892162255,0.0012439984444444444,0.10561794235471154,0.019293333333333332,0.5580166666666667
frozen appetizers sides,water seltzer sparkling water,0.011106666666666667,0.21328895147868393,1.1145952731954636,0.0011419136000000007,0.10846129026127473,0.05207333333333333,0.19136
crackers,fresh vegetables,0.056875,0.4947444726350127,1.1131277554991699,0.005780235972222228,0.1148313423155475,0.11495833333333333,0.4444633333333333
refrigerated,fresh vegetables,0.065995,0.49457920111913267,1.112755910391857,0.006687294344444442,0.11693353990869279,0.13343666666666668,0.4444633333333333
frozen meals,fresh fruits + fresh vegetables,0.02629,0.3532256980988423,1.108837400445268,0.002580482275000004,0.10604745306326373,0.07442833333333333,0.318555
salad dressing toppings,fresh fruits,0.016796666666666668,0.6183960238080628,1.108203501343561,0.0016400039722222221,0.10036473015579532,0.027161666666666667,0.5580166666666667
eggs,water seltzer sparkling water,0.02908,0.21205123842395665,1.1081272910950912,0.00283752746666667,0.11308464981809693,0.13713666666666666,0.19136
chips pretzels + energy granola bars,fresh vegetables,0.012686666666666667,0.4924948240165631,1.1080662612211651,0.0012372912000000007,0.10010561502021992,0.02576,0.4444633333333333
water seltzer sparkling water,yogurt,0.05588666666666667,0.2920498885172798,1.108040349999797,0.005449273599999999,0.12057997414161102,0.19136,0.2635733333333333
yogurt,water seltzer sparkling water,0.05588666666666667,0.21203460137596114,1.1080403499997968,0.005449273599999999,0.1324039374228785,0.2635733333333333,0.19136
condiments,fresh fruits,0.036955,0.6177527651631237,1.1070507425043283,0.0035735129722222203,0.10285180501629419,0.05982166666666667,0.5580166666666667
spreads,water seltzer sparkling water,0.016575,0.21176696052127247,1.1066417251320677,0.001597252799999999,0.10454816103478046,0.07827,0.19136
frozen meat seafood,fresh fruits,0.01317,0.6174402250351618,1.106490651477247,0.001267504499999999,0.09833937848755867,0.02133,0.5580166666666667
cream,fresh vegetables,0.044888333333333336,0.4915229491741947,1.1058796357574183,0.004297719416666672,0.10536490941765488,0.091325,0.4444633333333333
condiments,milk,0.016068333333333334,0.2686039060541053,1.1055554356540092,0.0015341609027777776,0.10155231773674982,0.05982166666666667,0.24295833333333333
bread + milk,water seltzer sparkling water,0.012615,0.2115250258502641,1.1053774344181861,0.0012026085333333332,0.10137762420001875,0.059638333333333335,0.19136
ice cream ice,fresh fruits + fresh vegetables,0.038718333333333334,0.3521022158901452,1.1053105928023268,0.003688963683333338,0.10704831281188695,0.10996333333333333,0.318555
buns rolls,fresh fruits,0.020133333333333333,0.616483796886961,1.1047766737318974,0.0019094390277777755,0.09804156078271664,0.03265833333333333,0.5580166666666667
packaged cheese + soft drinks,fresh vegetables,0.010705,0.4910175063068572,1.104742437636829,0.0010149585611111105,0.09692475703262628,0.021801666666666667,0.4444633333333333
fresh fruits + soy lactosefree,milk,0.03171,0.268258981444927,1.1041357493874546,0.0029907052777777797,0.10695733271413012,0.11820666666666667,0.24295833333333333
baking ingredients,fresh fruits,0.047015,0.6157019381875327,1.1033755351169905,0.00440484733333333,0.1014359002243225,0.07636,0.5580166666666667
breakfast bakery,fresh vegetables,0.033495,0.4900990099009901,1.1026759085511144,0.0031188942555555495,0.09994585149953525,0.06834333333333334,0.4444633333333333
milk + eggs,water seltzer sparkling water,0.010111666666666666,0.21099673088961535,1.1026166957024213,0.0009410575999999997,0.09775107455386467,0.04792333333333333,0.19136
popcorn jerky,fresh fruits,0.027831666666666668,0.6152684131019491,1.1025986316453196,0.002589782750000002,0.09746027428944615,0.045235,0.5580166666666667
ice cream ice,packaged vegetables fruits,0.04429333333333333,0.40280093364454816,1.0997727477724233,0.0040183461388888855,0.10192977855837021,0.10996333333333333,0.36625833333333335
packaged cheese + fresh vegetables,water seltzer sparkling water,0.028601666666666668,0.21034246071629936,1.0991976417030693,0.002581171733333335,0.10444799042264194,0.13597666666666666,0.19136
yogurt + fresh vegetables,water seltzer sparkling water,0.030441666666666665,0.2101889571681742,1.098395470151412,0.0027269978666666674,0.10475238383644103,0.14483,0.19136
water seltzer sparkling water + juice nectars,fresh vegetables,0.010925,0.48819542712445074,1.0983930293262678,0.0009786513722222223,0.09162959049150143,0.022378333333333333,0.4444633333333333
chips pretzels + water seltzer sparkling water,fresh vegetables,0.019773333333333334,0.48817018475085383,1.0983362363993743,0.001770346016666667,0.09331158244392421,0.040505,0.4444633333333333
hot dogs bacon sausage,water seltzer sparkling water,0.017716666666666665,0.21004169218913632,1.097625899817811,0.0015757695999999988,0.09713604424793741,0.08434833333333333,0.19136
frozen produce + packaged vegetables fruits,water seltzer sparkling water,0.014235,0.2099609134934487,1.0972037703461992,0.0012611109333333318,0.09503551758398762,0.06779833333333334,0.19136
water seltzer sparkling water,packaged vegetables fruits + fresh fruits,0.056826666666666664,0.29696209587513933,1.0963135138507765,0.004992345599999989,0.10864187191285757,0.19136,0.27087333333333335
packaged vegetables fruits + fresh fruits,water seltzer sparkling water,0.056826666666666664,0.2097905540104846,1.0963135138507765,0.004992345599999989,0.12048957653029627,0.27087333333333335,0.19136
frozen meat seafood,fresh vegetables,0.01039,0.48710736052508213,1.0959449835196353,0.0009095971000000012,0.08945348066363336,0.02133,0.4444633333333333
popcorn jerky,packaged vegetables fruits + fresh vegetables,0.011606666666666666,0.25658597693526397,1.0956940355654448,0.0010136851500000005,0.09147429733567128,0.045235,0.23417666666666667
packaged vegetables fruits + milk,water seltzer sparkling water,0.022425,0.20921445453414603,1.0933029605672346,0.001913759466666668,0.09558598786358236,0.10718666666666667,0.19136
water seltzer sparkling water,packaged cheese,0.04813166666666667,0.25152417781493874,1.0898321479614606,0.003967373333333336,0.10193350301456353,0.19136,0.23079166666666667
packaged cheese,water seltzer sparkling water,0.04813166666666667,0.20855027983390506,1.0898321479614603,0.003967373333333336,0.10715888570850549,0.23079166666666667,0.19136
soft drinks,packaged cheese,0.021801666666666667,0.2514851485148515,1.0896630374357168,0.0017939524305555545,0.09009564676428361,0.08669166666666667,0.23079166666666667
spices seasonings,yogurt,0.015123333333333334,0.2871882516774275,1.089595248674983,0.0012435616000000017,0.08679883642413333,0.05266,0.2635733333333333
candy chocolate,packaged vegetables fruits + fresh fruits,0.020595,0.29512777645091953,1.0895416422839193,0.0016925558888888845,0.08834807789124692,0.06978333333333334,0.27087333333333335
condiments,water seltzer sparkling water,0.012465,0.20836931992310478,1.088886496253683,0.0010175258666666673,0.08682462913416708,0.05982166666666667,0.19136
packaged produce,packaged vegetables fruits + fresh fruits,0.01845166666666667,0.2948649656421457,1.0885714072093193,0.0015013163777777769,0.08679623012979784,0.06257666666666667,0.27087333333333335
juice nectars,fresh vegetables,0.04327166666666667,0.4832843155504263,1.087343497889799,0.0034759013444444486,0.08822696873732037,0.08953666666666667,0.4444633333333333
fresh fruits + soft drinks,fresh vegetables,0.019053333333333332,0.483178360101437,1.0871051082611323,0.0015266625555555545,0.08341508114245112,0.039433333333333334,0.4444633333333333
cookies cakes,packaged vegetables fruits + fresh fruits,0.017231666666666666,0.29400557356537566,1.085398735812713,0.0013557805999999985,0.08357811070863701,0.05861,0.27087333333333335
chips pretzels,fresh vegetables,0.080925,0.48092827923653686,1.0820426414699456,0.006135895672222225,0.09116161740674252,0.16826833333333333,0.4444633333333333
bread + fresh vegetables,water seltzer sparkling water,0.018845,0.20686816202568697,1.0810418166058056,0.0014127418666666676,0.0824800618105143,0.09109666666666667,0.19136
marinades meat preparation,fresh fruits,0.010965,0.6029694803409404,1.0805581918239127,0.0008174669166666673,0.0759332322086228,0.018185,0.5580166666666667
fruit vegetable snacks,fresh vegetables,0.022278333333333334,0.47991239722830575,1.079757004091014,0.0016456046277777796,0.07746159364375475,0.04642166666666667,0.4444633333333333
fresh fruits + milk,water seltzer sparkling water,0.033721666666666664,0.20627185515195384,1.0779256644646418,0.0024378149333333307,0.08642039329458809,0.16348166666666666,0.19136
packaged vegetables fruits + soy lactosefree,milk,0.021625,0.2618038740920096,1.077566965907774,0.0015566416666666638,0.07846460613957584,0.0826,0.24295833333333333
tea,packaged vegetables fruits,0.022363333333333332,0.39447302660590916,1.0770349523949192,0.0015995379861111075,0.07582359122235519,0.05669166666666667,0.36625833333333335
frozen meals,fresh fruits,0.04473,0.6009808092796202,1.0769943716369645,0.0031977495277777726,0.07723879569468806,0.07442833333333333,0.5580166666666667
doughs gelatins bake mixes,fresh fruits,0.016826666666666667,0.600273500208098,1.075726830515393,0.0011845294722222198,0.07242619397715956,0.028031666666666667,0.5580166666666667
tea,fresh fruits,0.033915,0.5982360723210348,1.0720756351143061,0.002280105138888884,0.0712704303047677,0.05669166666666667,0.5580166666666667
pasta sauce,water seltzer sparkling water,0.012745,0.2051398985969901,1.0720103396581842,0.000856122133333333,0.07162299363173279,0.062128333333333334,0.19136
tea,packaged vegetables fruits + fresh vegetables,0.01423,0.25100690871674264,1.0718698506116862,0.000954134472222222,0.07108058864899722,0.05669166666666667,0.23417666666666667
oils vinegars,milk,0.017778333333333333,0.26005022062946437,1.070349047351594,0.0011684868750000028,0.07054837227251026,0.068365,0.24295833333333333
frozen produce + fresh fruits,water seltzer sparkling water,0.018383333333333335,0.20467999035053538,1.0696069729856572,0.0011963349333333345,0.07149881572649716,0.089815,0.19136
other creams cheeses + fresh vegetables,water seltzer sparkling water,0.010603333333333333,0.20451988298453724,1.0687702915161854,0.0006822741333333323,0.06786364035564678,0.051845,0.19136
coffee,packaged vegetables fruits + fresh fruits,0.016178333333333333,0.28938973854455474,1.0683581694194877,0.001035159633333331,0.06777317805201517,0.055905,0.27087333333333335
soup broth bouillon + fresh vegetables,water seltzer sparkling water,0.01149,0.20440596554689122,1.0681749871806607,0.000733335466666667,0.06762512117598787,0.05621166666666667,0.19136
butter,water seltzer sparkling water,0.015318333333333333,0.2040358744394619,1.0662409826476895,0.0009516623999999991,0.06716850148197605,0.07507666666666667,0.19136
soft drinks + milk,fresh fruits,0.01236,0.5944212888746393,1.0652393098317958,0.0007569734444444424,0.06254431088924924,0.020793333333333334,0.5580166666666667
asian foods,milk,0.011098333333333333,0.2587727820308553,1.0650911968342527,0.0006782553472222223,0.06385175693612119,0.042888333333333334,0.24295833333333333
fresh fruits + canned jarred vegetables,water seltzer sparkling water,0.010221666666666667,0.2038015485328814,1.0650164534536026,0.0006240058666666676,0.06427087573841953,0.050155,0.19136
fresh fruits + canned meals beans,water seltzer sparkling water,0.010098333333333334,0.20362964207696188,1.0641181128603776,0.0006084720000000005,0.06339874491943573,0.049591666666666666,0.19136
oils vinegars,water seltzer sparkling water,0.013915,0.20353982300884957,1.0636487406398911,0.0008326736000000019,0.06423116349214031,0.068365,0.19136
candy chocolate,milk,0.018031666666666668,0.25839503224265586,1.0635364043600997,0.0010772243055555547,0.06422234466692175,0.06978333333333334,0.24295833333333333
paper goods,yogurt,0.017701666666666668,0.2802300730851428,1.0631958458815112,0.0010521784888888885,0.06344738071985366,0.06316833333333334,0.2635733333333333
fresh fruits + packaged produce,milk,0.01034,0.2577696526508227,1.060962384431443,0.0005941313888888893,0.059860728731617935,0.040113333333333334,0.24295833333333333
ice cream ice,fresh vegetables,0.051835,0.471384400860893,1.0605698277193312,0.002960330322222225,0.06416662131400765,0.10996333333333333,0.4444633333333333
soup broth bouillon,water seltzer sparkling water,0.017066666666666667,0.20285261489698891,1.0600575611255691,0.0009669120000000003,0.061859440966661836,0.08413333333333334,0.19136
packaged produce,packaged vegetables fruits,0.024275,0.38792414638044,1.05915445759261,0.0013557743611111103,0.05957889152980564,0.06257666666666667,0.36625833333333335
dish detergents,fresh fruits,0.016133333333333333,0.5903878994876799,1.0580112293318835,0.000884597888888887,0.056370875790846625,0.027326666666666666,0.5580166666666667
bread,water seltzer sparkling water,0.03317666666666667,0.201978590634671,1.0554901266443928,0.0017441919999999986,0.06290562562950228,0.16425833333333334,0.19136
water seltzer sparkling water,packaged vegetables fruits + fresh vegetables,0.047285,0.24709970735785952,1.0551850057272694,0.002472953066666665,0.06467512257768017,0.19136,0.23417666666666667
packaged vegetables fruits + fresh vegetables,water seltzer sparkling water,0.047285,0.20192020269597027,1.0551850057272694,0.002472953066666665,0.06829106511233918,0.23417666666666667,0.19136
packaged vegetables fruits + fresh herbs,water seltzer sparkling water,0.010671666666666666,0.20187911845382603,1.05497030964583,0.0005560581333333321,0.05501416579483132,0.05286166666666667,0.19136
packaged cheese + soft drinks,fresh fruits,0.012818333333333333,0.5879519914379635,1.0536459331046806,0.0006526399722222194,0.05204933557522856,0.021801666666666667,0.5580166666666667
other creams cheeses,water seltzer sparkling water,0.017278333333333333,0.2011564507053185,1.051193826846355,0.000841466133333333,0.053276870817098365,0.085895,0.19136
cereal,fresh vegetables,0.04335666666666667,0.4668616858993916,1.0503941515221915,0.0020800976722222253,0.05288804512078272,0.09286833333333333,0.4444633333333333
tortillas flat bread,water seltzer sparkling water,0.011435,0.20090775988286969,1.0498942301571368,0.0005434266666666677,0.050391200765598415,0.056916666666666664,0.19136
ice cream ice,fresh fruits,0.064405,0.5856952317439147,1.0496016816891633,0.00304362727777778,0.05309626651673989,0.10996333333333333,0.5580166666666667
packaged vegetables fruits,water seltzer sparkling water,0.07354833333333333,0.2008099929466906,1.049383324345164,0.003461138666666655,0.07425640193127528,0.36625833333333335,0.19136
water seltzer sparkling water,packaged vegetables fruits,0.07354833333333333,0.38434538740245255,1.049383324345164,0.003461138666666655,0.05819570627299698,0.19136,0.36625833333333335
energy granola bars,fresh vegetables,0.04037333333333333,0.46603436003001214,1.0485327474257617,0.0018687339944444478,0.050676536830443944,0.08663166666666666,0.4444633333333333
dry pasta,water seltzer sparkling water,0.014298333333333333,0.200636123389228,1.0484747250691262,0.0006610629333333347,0.04978122465896753,0.071265,0.19136
cookies cakes,fresh fruits,0.034236666666666665,0.5841437752374452,1.046821376728494,0.0015313098333333275,0.047511858209440976,0.05861,0.5580166666666667
tea,fresh fruits + fresh vegetables,0.018901666666666667,0.3334117301190651,1.0466378808025776,0.0008422527916666679,0.047237693942069135,0.05669166666666667,0.318555
spices seasonings,milk,0.013388333333333334,0.2542410431700215,1.0464388674464957,0.0005941475000000012,0.04684485320650338,0.05266,0.24295833333333333
candy chocolate,fresh fruits,0.040745,0.5838786720802485,1.0463462956546967,0.0018047369444444405,0.04761628074821429,0.06978333333333334,0.5580166666666667
paper goods,milk,0.016016666666666665,0.25355531516318824,1.0436164575401334,0.0006693936805555519,0.04461161119223128,0.06316833333333334,0.24295833333333333
frozen meals,fresh vegetables,0.03440666666666667,0.462279149965291,1.040083883856841,0.001326001538888892,0.041638145305837634,0.07442833333333333,0.4444633333333333
cookies cakes,packaged vegetables fruits,0.0223,0.38048114656202014,1.0388327361707905,0.0008335990833333307,0.039708436262498904,0.05861,0.36625833333333335
water seltzer sparkling water,fresh fruits,0.11085333333333333,0.5792920847268673,1.0381268505603787,0.004071263999999991,0.04541771575666934,0.19136,0.5580166666666667
water seltzer sparkling water,fresh fruits + fresh vegetables,0.06321,0.3303198160535117,1.0369318204188027,0.0022513152000000064,0.04404486599307463,0.19136,0.318555
popcorn jerky,fresh fruits + fresh vegetables,0.014925,0.3299436277218968,1.0357508992855136,0.0005151645750000027,0.03615223583524361,0.045235,0.318555
coffee,packaged vegetables fruits,0.021173333333333332,0.378737739617804,1.0340726889976672,0.0006976612083333285,0.03490114246590373,0.055905,0.36625833333333335
coffee,fresh fruits,0.03225833333333333,0.5770205407983782,1.0340561048924073,0.0010624115833333288,0.034884714598948846,0.055905,0.5580166666666667
candy chocolate,packaged vegetables fruits,0.026265,0.37637926916646763,1.0276333257485863,0.0007062726388888871,0.02890752169921447,0.06978333333333334,0.36625833333333335
breakfast bars pastries,fresh fruits,0.010478333333333333,0.5683420719580545,1.0185037578771026,0.00019036605555555405,0.01850883034061804,0.018436666666666667,0.5580166666666667
water seltzer sparkling water + energy granola bars,fresh vegetables,0.010306666666666667,0.4512880391155221,1.0153549354251692,0.00015586490555555624,0.015476177019201339,0.022838333333333332,0.4444633333333333
soy lactosefree,milk,0.041988333333333336,0.24663475187719658,1.0151318890503718,0.0006258918749999995,0.017964734345327724,0.170245,0.24295833333333333
candy chocolate,fresh fruits + fresh vegetables,0.022506666666666668,0.32252209219011224,1.012453397969306,0.0002768369166666687,0.013222960730071733,0.06978333333333334,0.318555
candy chocolate,packaged vegetables fruits + fresh vegetables,0.016545,0.2370909959398137,1.0124450028033551,0.00020337161111111043,0.01321415635195818,0.06978333333333334,0.23417666666666667
coffee,packaged vegetables fruits + fresh vegetables,0.013225,0.23656202486360792,1.0101861480517895,0.00013335345000000005,0.010680531803439131,0.055905,0.23417666666666667
water seltzer sparkling water,milk,0.046935,0.24527069397993312,1.009517519382335,0.00044249333333332835,0.011658822475160258,0.19136,0.24295833333333333
fresh vegetables + soy lactosefree,milk,0.023243333333333335,0.24513543442723806,1.0089608002493078,0.00020642909722222089,0.009811530393248903,0.09481833333333334,0.24295833333333333
