antecedent,consequent,support,confidence,lift,leverage,zhangs,antecedent_support,consequent_support
Icelandic Style Skyr Blueberry Non-fat Yogurt,Non Fat Raspberry Yogurt,0.002235,0.38042553191489364,75.60626669391725,0.0022054389583333334,0.992605138334621,0.005875,0.005031666666666667
Non Fat Raspberry Yogurt,Icelandic Style Skyr Blueberry Non-fat Yogurt,0.002235,0.4441868168267638,75.60626669391725,0.0022054389583333334,0.9917638080410317,0.005031666666666667,0.005875
Total 2% with Strawberry Lowfat Greek Strained Yogurt + Total 2% Lowfat Greek Strained Yogurt with Peach,Total 2% Lowfat Greek Strained Yogurt With Blueberry,0.001155,0.4688768606224628,75.58466318470653,0.0011397191222222221,0.9892065482536676,0.0024633333333333334,0.006203333333333333
Total 2% Lowfat Greek Strained Yogurt With Blueberry,Total 2% with Strawberry Lowfat Greek Strained Yogurt + Total 2% Lowfat Greek Strained Yogurt with Peach,0.001155,0.1861902203116604,75.58466318470653,0.0011397191222222221,0.9929292740531792,0.006203333333333333,0.0024633333333333334
Total 2% with Strawberry Lowfat Greek Strained Yogurt,Total 2% Lowfat Greek Strained Yogurt with Peach + Total 2% Lowfat Greek Strained Yogurt With Blueberry,0.001155,0.1277183929229635,68.11647622558054,0.00113804375,0.9943111512470416,0.009043333333333334,0.001875
Total 2% Lowfat Greek Strained Yogurt with Peach + Total 2% Lowfat Greek Strained Yogurt With Blueberry,Total 2% with Strawberry Lowfat Greek Strained Yogurt,0.001155,0.616,68.11647622558053,0.00113804375,0.9871702082096573,0.001875,0.009043333333333334
Total 2% Lowfat Greek Strained Yogurt with Peach,Total 2% with Strawberry Lowfat Greek Strained Yogurt + Total 2% Lowfat Greek Strained Yogurt With Blueberry,0.001155,0.1870950323974082,66.9391886931693,0.0011377455333333333,0.991179952058442,0.006173333333333334,0.002795
Total 2% with Strawberry Lowfat Greek Strained Yogurt + Total 2% Lowfat Greek Strained Yogurt With Blueberry,Total 2% Lowfat Greek Strained Yogurt with Peach,0.001155,0.41323792486583183,66.9391886931693,0.0011377455333333333,0.9878220303960248,0.002795,0.006173333333333334
Icelandic Style Skyr Blueberry Non-fat Yogurt,Vanilla Skyr Nonfat Yogurt,0.0020533333333333332,0.3495035460992908,61.048654340487474,0.002019698958333333,0.9894325387299736,0.005875,0.005725
Vanilla Skyr Nonfat Yogurt,Icelandic Style Skyr Blueberry Non-fat Yogurt,0.0020533333333333332,0.3586608442503639,61.04865434048747,0.002019698958333333,0.989283269281572,0.005725,0.005875
Non Fat Raspberry Yogurt,Vanilla Skyr Nonfat Yogurt,0.0016066666666666666,0.3193110301424313,55.77485242662555,0.001577860375,0.9870372150754313,0.005031666666666667,0.005725
Vanilla Skyr Nonfat Yogurt,Non Fat Raspberry Yogurt,0.0016066666666666666,0.2806404657933042,55.77485242662554,0.001577860375,0.9877255013166143,0.005725,0.005031666666666667
Total 2% Lowfat Greek Strained Yogurt With Blueberry,Total 2% with Strawberry Lowfat Greek Strained Yogurt,0.002795,0.4505642127888232,49.82280274111572,0.002738901188888889,0.9860456387914277,0.006203333333333333,0.009043333333333334
Total 2% with Strawberry Lowfat Greek Strained Yogurt,Total 2% Lowfat Greek Strained Yogurt With Blueberry,0.002795,0.3090674530040545,49.82280274111572,0.002738901188888889,0.9888715641909583,0.009043333333333334,0.006203333333333333
Total 2% Lowfat Greek Strained Yogurt with Peach,Total 2% Lowfat Greek Strained Yogurt With Blueberry,0.001875,0.3037257019438445,48.96169295172131,0.0018367047555555554,0.985660681570525,0.006173333333333334,0.006203333333333333
Total 2% Lowfat Greek Strained Yogurt With Blueberry,Total 2% Lowfat Greek Strained Yogurt with Peach,0.001875,0.3022568511552928,48.9616929517213,0.0018367047555555554,0.9856904359674141,0.006203333333333333,0.006173333333333334
Total 2% Lowfat Greek Strained Yogurt With Blueberry,Total 2% Greek Strained Yogurt with Cherry 5.3 oz,0.0016316666666666667,0.2630306286942504,47.449902951458284,0.0015972795222222223,0.9850356457564897,0.006203333333333333,0.005543333333333333
Total 2% Greek Strained Yogurt with Cherry 5.3 oz,Total 2% Lowfat Greek Strained Yogurt With Blueberry,0.0016316666666666667,0.29434756464221284,47.44990295145828,0.0015972795222222223,0.9843818982901689,0.005543333333333333,0.006203333333333333
Total 2% Greek Strained Yogurt with Cherry 5.3 oz,Total 2% Lowfat Greek Strained Yogurt with Peach,0.0015166666666666666,0.2736019242333133,44.31996612850647,0.0014824458222222222,0.982885266521557,0.005543333333333333,0.006173333333333334
Total 2% Lowfat Greek Strained Yogurt with Peach,Total 2% Greek Strained Yogurt with Cherry 5.3 oz,0.0015166666666666666,0.24568034557235421,44.31996612850647,0.0014824458222222222,0.9835083306218447,0.006173333333333334,0.005543333333333333
Total 2% with Strawberry Lowfat Greek Strained Yogurt,Total 2% Lowfat Greek Strained Yogurt with Peach,0.0024633333333333334,0.27239218577220786,44.12400417476369,0.0024075058222222225,0.9862556374893635,0.009043333333333334,0.006173333333333334
Total 2% Lowfat Greek Strained Yogurt with Peach,Total 2% with Strawberry Lowfat Greek Strained Yogurt,0.0024633333333333334,0.3990280777537797,44.12400417476369,0.0024075058222222225,0.9834075013157909,0.006173333333333334,0.009043333333333334
Total 2% with Strawberry Lowfat Greek Strained Yogurt,Total 2% Greek Strained Yogurt with Cherry 5.3 oz,0.0016266666666666667,0.17987467747880576,32.4488293708008,0.0015765364555555556,0.9780268702645184,0.009043333333333334,0.005543333333333333
Total 2% Greek Strained Yogurt with Cherry 5.3 oz,Total 2% with Strawberry Lowfat Greek Strained Yogurt,0.0016266666666666667,0.29344558027660855,32.448829370800794,0.0015765364555555556,0.974584695094232,0.005543333333333333,0.009043333333333334
Sparkling Lemon Water + Sparkling Water Grapefruit,Lime Sparkling Water,0.001355,0.470213996529786,32.361596457659054,0.0013131293833333335,0.9718998673428185,0.0028816666666666665,0.01453
Lime Sparkling Water,Sparkling Lemon Water + Sparkling Water Grapefruit,0.001355,0.09325533379215416,32.36159645765905,0.0013131293833333335,0.9833878006349853,0.01453,0.0028816666666666665
Lime Sparkling Water + Sparkling Water Grapefruit,Sparkling Lemon Water,0.001355,0.321980198019802,31.8109861373096,0.0013124046527777779,0.9726575867373805,0.004208333333333333,0.010121666666666666
Sparkling Lemon Water,Lime Sparkling Water + Sparkling Water Grapefruit,0.001355,0.13387123332784456,31.8109861373096,0.0013124046527777779,0.9784680468069584,0.010121666666666666,0.004208333333333333
Sparkling Water Berry,Peach Pear Flavored Sparkling Water,0.0010516666666666667,0.19403444034440345,29.19274428451406,0.0010156417333333334,0.9710077749771431,0.00542,0.006646666666666667
Peach Pear Flavored Sparkling Water,Sparkling Water Berry,0.0010516666666666667,0.1582246740220662,29.192744284514056,0.0010156417333333334,0.9722068476843759,0.006646666666666667,0.00542
Total 2% with Strawberry Lowfat Greek Strained Yogurt,Total 2% All Natural Greek Strained Yogurt with Honey,0.0016566666666666667,0.18319203833394765,26.17029119056395,0.0015933633333333334,0.9705658831980875,0.009043333333333334,0.007
Total 2% All Natural Greek Strained Yogurt with Honey,Total 2% with Strawberry Lowfat Greek Strained Yogurt,0.0016566666666666667,0.23666666666666666,26.17029119056395,0.0015933633333333334,0.9685687133880828,0.007,0.009043333333333334
Total 2% All Natural Greek Strained Yogurt with Honey,Total 2% Lowfat Greek Strained Yogurt With Blueberry,0.0011333333333333334,0.1619047619047619,26.099639210869732,0.0010899100000000001,0.9684645459392216,0.007,0.006203333333333333
Total 2% Lowfat Greek Strained Yogurt With Blueberry,Total 2% All Natural Greek Strained Yogurt with Honey,0.0011333333333333334,0.1826974744760881,26.09963921086973,0.0010899100000000001,0.9676881865012432,0.006203333333333333,0.007
Total 2% Lowfat Greek Strained Yogurt with Peach,Total 2% All Natural Greek Strained Yogurt with Honey,0.001105,0.17899568034557237,25.57081147793891,0.0010617866666666666,0.9668616703890933,0.006173333333333334,0.007
Total 2% All Natural Greek Strained Yogurt with Honey,Total 2% Lowfat Greek Strained Yogurt with Peach,0.001105,0.15785714285714286,25.570811477938907,0.0010617866666666666,0.9676665770499073,0.007,0.006173333333333334
Pineapple Chunks,Mango Chunks,0.0010966666666666666,0.1411108728286511,24.76353427820727,0.0010523811194444444,0.9671342873497927,0.007771666666666666,0.005698333333333333
Mango Chunks,Pineapple Chunks,0.0010966666666666666,0.1924539338988008,24.763534278207267,0.0010523811194444444,0.9651176038592639,0.005698333333333333,0.007771666666666666
Frozen Organic Wild Blueberries,Organic Whole Strawberries,0.00212,0.22898289828982898,23.663406643799068,0.0020304101944444443,0.9666906015764083,0.009258333333333334,0.009676666666666667
Organic Whole Strawberries,Frozen Organic Wild Blueberries,0.00212,0.21908370651050638,23.663406643799068,0.0020304101944444443,0.9670989519485017,0.009676666666666667,0.009258333333333334
Yellow Bell Pepper,Orange Bell Pepper,0.0022233333333333332,0.279547359597653,22.951343152516664,0.0021264617333333334,0.9640973528302346,0.007953333333333333,0.01218
Orange Bell Pepper,Yellow Bell Pepper,0.0022233333333333332,0.18253968253968253,22.951343152516664,0.0021264617333333334,0.9682225154556411,0.01218,0.007953333333333333
Sparkling Water Grapefruit,Sparkling Lemon Water + Lime Sparkling Water,0.001355,0.05701662108142226,21.679323605103523,0.00129249805,0.9770937321761628,0.023765,0.00263
Sparkling Lemon Water + Lime Sparkling Water,Sparkling Water Grapefruit,0.001355,0.5152091254752852,21.67932360510352,0.00129249805,0.9563884011259576,0.00263,0.023765
Sparkling Water Berry,Sparkling Lemon Water,0.0011566666666666667,0.2134071340713407,21.084189106340265,0.0011018072333333333,0.9577621660408056,0.00542,0.010121666666666666
Sparkling Lemon Water,Sparkling Water Berry,0.0011566666666666667,0.11427630495636423,21.08418910634026,0.0011018072333333333,0.9623112891997143,0.010121666666666666,0.00542
Sparkling Lemon Water,Lime Sparkling Water,0.00263,0.25983863000164664,17.882906400663913,0.002482932183333333,0.953734056279823,0.010121666666666666,0.01453
Lime Sparkling Water,Sparkling Lemon Water,0.00263,0.1810048176187199,17.882906400663913,0.002482932183333333,0.9580004242376842,0.01453,0.010121666666666666
Sparkling Water Berry,Lime Sparkling Water,0.0012666666666666666,0.23370233702337023,16.084125053225755,0.0011879140666666665,0.9429376166189166,0.00542,0.01453
Lime Sparkling Water,Sparkling Water Berry,0.0012666666666666666,0.0871759577884836,16.084125053225755,0.0011879140666666665,0.9516544336578914,0.01453,0.00542
Hass Avocados,Baby Cucumbers,0.0010416666666666667,0.06608162402199197,14.668506997112534,0.00097065285,0.9467506825932788,0.015763333333333334,0.004505
Baby Cucumbers,Hass Avocados,0.0010416666666666667,0.23122456529781724,14.668506997112532,0.00097065285,0.9360436124741962,0.004505,0.015763333333333334
Blackberries,Raspberries,0.0018266666666666668,0.2583078010841386,14.156437764932695,0.0016976323222222223,0.9359796967629076,0.007071666666666667,0.018246666666666668
Raspberries,Blackberries,0.0018266666666666668,0.10010960906101571,14.156437764932694,0.0016976323222222223,0.9466336693609045,0.018246666666666668,0.007071666666666667
Sparkling Water Berry,Sparkling Water Grapefruit,0.001815,0.3348708487084871,14.090925676772022,0.0016861937,0.9340951372416458,0.00542,0.023765
Sparkling Water Grapefruit,Sparkling Water Berry,0.001815,0.07637281716810436,14.090925676772022,0.0016861937,0.9516482625574746,0.023765,0.00542
Organic Bell Pepper,Organic Red Bell Pepper,0.00182,0.24954296160877515,13.769153666108615,0.0016878204888888888,0.9341872338863729,0.007293333333333333,0.018123333333333335
Organic Red Bell Pepper,Organic Bell Pepper,0.00182,0.10042302740481882,13.769153666108613,0.0016878204888888888,0.9444912242819651,0.018123333333333335,0.007293333333333333
Lime Sparkling Water,Peach Pear Flavored Sparkling Water,0.0013,0.08947006194081211,13.460891967022885,0.0012034239333333333,0.93935961312746,0.01453,0.006646666666666667
Peach Pear Flavored Sparkling Water,Lime Sparkling Water,0.0013,0.19558676028084251,13.460891967022885,0.0012034239333333333,0.9319047783756548,0.006646666666666667,0.01453
Limes + Organic Red Onion,Organic Cilantro,0.0010066666666666666,0.2920696324951644,13.36499233504413,0.000931345511111111,0.928377467716212,0.0034466666666666665,0.021853333333333332
Pure Sparkling Water,Sparkling Lemon Water,0.0011616666666666668,0.12859778597785976,12.70519868050648,0.0010702342777777778,0.9296902632595072,0.009033333333333334,0.010121666666666666
Sparkling Lemon Water,Pure Sparkling Water,0.0011616666666666668,0.11477029474724189,12.70519868050648,0.0010702342777777778,0.9307124221138925,0.010121666666666666,0.009033333333333334
Sparkling Water Grapefruit,Peach Pear Flavored Sparkling Water,0.0019966666666666666,0.08401711199943895,12.640488264709973,0.0018387086333333331,0.9433068184263804,0.023765,0.006646666666666667
Peach Pear Flavored Sparkling Water,Sparkling Water Grapefruit,0.0019966666666666666,0.3004012036108325,12.640488264709973,0.0018387086333333331,0.9270509304038953,0.006646666666666667,0.023765
Lime Sparkling Water,Sparkling Water Grapefruit,0.004208333333333333,0.28963064923147513,12.187277476603203,0.003863027883333333,0.9314816481495938,0.01453,0.023765
Sparkling Water Grapefruit,Lime Sparkling Water,0.004208333333333333,0.17708114173504452,12.187277476603203,0.003863027883333333,0.9402932898349069,0.023765,0.01453
Sparkling Water Grapefruit,Sparkling Lemon Water,0.0028816666666666665,0.1212567501227295,11.979919327126249,0.0026411252583333333,0.938838480289754,0.023765,0.010121666666666666
Sparkling Lemon Water,Sparkling Water Grapefruit,0.0028816666666666665,0.2847027828091553,11.979919327126247,0.0026411252583333333,0.9258986210147053,0.010121666666666666,0.023765
Organic Black Beans,Organic Garbanzo Beans,0.0010766666666666667,0.09048886398655274,9.67278075751499,0.0009653577583333334,0.9074138251661984,0.011898333333333334,0.009355
Organic Garbanzo Beans,Organic Black Beans,0.0010766666666666667,0.11508996971316586,9.67278075751499,0.0009653577583333334,0.905084175464567,0.009355,0.011898333333333334
Bunched Cilantro,Jalapeno Peppers,0.00182,0.1271393643031785,9.549776988220717,0.0016294196333333333,0.9082876505379637,0.014315,0.013313333333333333
Jalapeno Peppers,Bunched Cilantro,0.00182,0.13670505758637957,9.549776988220717,0.0016294196333333333,0.9073655731510638,0.013313333333333333,0.014315
Organic Italian Parsley Bunch,Organic Thyme,0.0010883333333333333,0.057890070921985816,9.3901169378728,0.0009724313333333333,0.9106247998356858,0.0188,0.006165
Organic Thyme,Organic Italian Parsley Bunch,0.0010883333333333333,0.17653419843200865,9.3901169378728,0.0009724313333333333,0.8990476825617683,0.006165,0.0188
Lime Sparkling Water,Pure Sparkling Water,0.0012216666666666667,0.08407891718284011,9.307629208432484,0.0010904123333333334,0.9057213868671414,0.01453,0.009033333333333334
Pure Sparkling Water,Lime Sparkling Water,0.0012216666666666667,0.13523985239852396,9.307629208432482,0.0010904123333333334,0.900697556375218,0.009033333333333334,0.01453
Organic Jalapeno Pepper,Organic Cilantro,0.0012383333333333333,0.20086509867531765,9.19150848117683,0.0011036075333333332,0.8967322845476955,0.006165,0.021853333333333332
Organic Cilantro,Organic Jalapeno Pepper,0.0012383333333333333,0.056665649786455156,9.191508481176829,0.0011036075333333332,0.9111148260112242,0.021853333333333332,0.006165
Yellow Bell Pepper,Red Peppers,0.0012683333333333333,0.15947191953059514,9.091035792718012,0.0011288186111111111,0.8971367607745482,0.007953333333333333,0.017541666666666667
Red Peppers,Yellow Bell Pepper,0.0012683333333333333,0.07230403800475059,9.091035792718012,0.0011288186111111111,0.9058923955083977,0.017541666666666667,0.007953333333333333
Green Onions,Bunched Cilantro,0.001085,0.12709878953533776,8.878713903970505,0.0009627976166666667,0.8950114900219713,0.008536666666666666,0.014315
Bunched Cilantro,Green Onions,0.001085,0.07579462102689487,8.878713903970505,0.0009627976166666667,0.9002582724387783,0.014315,0.008536666666666666
Pure Sparkling Water,Sparkling Water Grapefruit,0.0018866666666666667,0.20885608856088558,8.788390008873789,0.0016719895,0.8942919532117394,0.009033333333333334,0.023765
Sparkling Water Grapefruit,Pure Sparkling Water,0.0018866666666666667,0.07938845641349324,8.788390008873789,0.0016719895,0.9077870757564112,0.023765,0.009033333333333334
Limes + Organic Cilantro,Organic Red Onion,0.0010066666666666666,0.18165413533834582,8.592910848549945,0.0008895158333333332,0.8885490426111368,0.005541666666666667,0.02114
Hass Avocados,Clementines,0.0012583333333333333,0.0798266018185663,8.357347948200973,0.0011077672277777777,0.8944442394719176,0.015763333333333334,0.009551666666666667
Clementines,Hass Avocados,0.0012583333333333333,0.13173966149014132,8.357347948200971,0.0011077672277777777,0.8888346692595864,0.009551666666666667,0.015763333333333334
Organic Cilantro + Organic Red Onion,Limes,0.0010066666666666666,0.36762020693852704,8.350892521225012,0.0008861206694444443,0.882669363580782,0.0027383333333333335,0.04402166666666667
Organic Cilantro + Organic Avocado,Limes,0.00105,0.3565365025466893,8.099114130466573,0.0009203561916666666,0.8791187109529628,0.002945,0.04402166666666667
Organic Yellow Onion + Limes,Organic Garlic,0.001095,0.2731808731808732,8.043405825327506,0.000958863638888889,0.8791986774282705,0.004008333333333333,0.03396333333333333
Limes + Organic Hass Avocado,Organic Cilantro,0.0010766666666666667,0.17171717171717168,7.857710725312921,0.0009396462666666668,0.8782430545402025,0.00627,0.021853333333333332
Red Peppers,Orange Bell Pepper,0.001645,0.09377672209026128,7.699238266852322,0.0014313425,0.8856528483242841,0.017541666666666667,0.01218
Orange Bell Pepper,Red Peppers,0.001645,0.13505747126436782,7.699238266852322,0.0014313425,0.8808457221726587,0.01218,0.017541666666666667
Banana + Limes,Bunched Cilantro,0.0010583333333333334,0.10569241011984022,7.38333287599303,0.0009149924666666668,0.8733045000844678,0.010013333333333334,0.014315
Bunched Cilantro,Banana + Limes,0.0010583333333333334,0.07393177319827687,7.3833328759930295,0.0009149924666666668,0.8771157225925342,0.014315,0.010013333333333334
Organic Garlic + Organic Hass Avocado,Organic Yellow Onion,0.001425,0.2609093683246872,7.3616562894339195,0.0012314294305555556,0.868906682563235,0.005461666666666667,0.03544166666666667
Organic Baby Spinach + Limes,Organic Cilantro,0.0010266666666666666,0.1591731266149871,7.2837001196607885,0.0008857126666666666,0.8683077277008131,0.00645,0.021853333333333332
Red Peppers,Green Bell Pepper,0.0022233333333333332,0.1267458432304038,7.175646908684873,0.0019134890277777777,0.8760063540900147,0.017541666666666667,0.017663333333333333
Green Bell Pepper,Red Peppers,0.0022233333333333332,0.12587280618984714,7.175646908684873,0.0019134890277777777,0.8761148512852203,0.017663333333333333,0.017541666666666667
Organic Baby Spinach + Organic Yellow Onion,Organic Garlic,0.0014866666666666667,0.24298556251702533,7.154349666808088,0.0012788676722222223,0.8655204341522523,0.006118333333333333,0.03396333333333333
Globe Eggplant,Organic Zucchini,0.0012483333333333333,0.23340604549703958,7.143260765020338,0.0010735765416666665,0.8646322520420681,0.005348333333333333,0.032675
Bag of Organic Bananas + Limes,Organic Cilantro,0.00102,0.15584415584415587,7.13136771709072,0.0008769699333333334,0.8654387410043178,0.006545,0.021853333333333332
Banana + Organic Cilantro,Limes,0.0010666666666666667,0.3135717785399314,7.1231237316457365,0.0009169196305555557,0.8625462484677043,0.0034016666666666666,0.04402166666666667
Bunched Cilantro,Red Onion,0.0013383333333333333,0.09349167539876586,7.109633110172309,0.0011500910833333333,0.8718259544154142,0.014315,0.01315
Red Onion,Bunched Cilantro,0.0013383333333333333,0.1017743979721166,7.109633110172309,0.0011500910833333333,0.8707967430490527,0.01315,0.014315
Bag of Organic Bananas + Organic Garlic,Organic Yellow Onion,0.00167,0.25093914350112695,7.080342633467019,0.0014341357083333334,0.864517259568014,0.006655,0.03544166666666667
Limes + Organic Avocado,Organic Cilantro,0.00105,0.15100671140939598,6.910008148691092,0.0008980464888888888,0.8612710752469207,0.006953333333333333,0.021853333333333332
Green Bell Pepper,Organic Red Bell Pepper,0.0021983333333333334,0.12445744480090583,6.86724911537093,0.0018782148555555557,0.8697438595059324,0.017663333333333333,0.018123333333333335
Organic Red Bell Pepper,Green Bell Pepper,0.0021983333333333334,0.12129851020783518,6.867249115370929,0.0018782148555555557,0.8701513263385348,0.018123333333333335,0.017663333333333333
Organic Cilantro + Organic Hass Avocado,Limes,0.0010766666666666667,0.29363636363636364,6.670269116791663,0.0009152538888888889,0.8532094459871955,0.0036666666666666666,0.04402166666666667
Banana + Bunched Cilantro,Limes,0.0010583333333333334,0.2931671283471838,6.659609927244548,0.0008994151166666668,0.8529200966670784,0.00361,0.04402166666666667
Organic Yellow Onion + Organic Hass Avocado,Organic Garlic,0.001425,0.2260111022997621,6.6545618500273465,0.0012108611833333335,0.855118669409457,0.006305,0.03396333333333333
Organic Baby Spinach + Organic Garlic,Organic Yellow Onion,0.0014866666666666667,0.22918807810894143,6.46662811499482,0.0012567683888888889,0.8508792730579624,0.006486666666666667,0.03544166666666667
Red Raspberries,Organic Blackberries,0.0010133333333333333,0.12287793047696038,6.389354214938576,0.0008547361888888889,0.8505034787760257,0.008246666666666666,0.019231666666666668
Organic Blackberries,Red Raspberries,0.0010133333333333333,0.052690874425860124,6.389354214938576,0.0008547361888888889,0.8600294599856773,0.019231666666666668,0.008246666666666666
Organic Small Bunch Celery,Organic Carrot Bunch,0.0015283333333333334,0.07253025389543621,6.383768862734594,0.0012889240805555556,0.8615060937016138,0.021071666666666666,0.011361666666666667
Organic Carrot Bunch,Organic Small Bunch Celery,0.0015283333333333334,0.1345166495525891,6.383768862734594,0.0012889240805555556,0.8530447343876997,0.011361666666666667,0.021071666666666666
Bag of Organic Bananas + Organic Yellow Onion,Organic Garlic,0.00167,0.21566939302625915,6.350065551857665,0.001407010588888889,0.8490961451962122,0.007743333333333333,0.03396333333333333
Raspberries,Clementines,0.001105,0.06055900621118013,6.3401507113432345,0.0009307139222222223,0.857929394418533,0.018246666666666668,0.009551666666666667
Clementines,Raspberries,0.001105,0.11568661664630954,6.340150711343234,0.0009307139222222223,0.850397758659842,0.009551666666666667,0.018246666666666668
Organic Garlic + Limes,Organic Yellow Onion,0.001095,0.22263639444256184,6.281769887869132,0.0009206860694444445,0.8449650154406174,0.004918333333333334,0.03544166666666667
Organic Strawberries + Organic Garlic,Organic Yellow Onion,0.0010766666666666667,0.22252841887702376,6.278723316539583,0.0009051880694444445,0.8448194712527869,0.004838333333333333,0.03544166666666667
Limes + Organic Hass Avocado,Organic Lemon,0.0010633333333333332,0.16959064327485376,6.250653354930417,0.0008932177833333333,0.845316860855495,0.00627,0.027131666666666665
Organic White Onions,Organic Garlic,0.001505,0.21222091656874265,6.248530274867288,0.0012641433611111112,0.8459616441800955,0.007091666666666666,0.03396333333333333
Organic Baby Spinach + Organic Cilantro,Limes,0.0010266666666666666,0.2742653606411398,6.230235731824628,0.0008618788944444443,0.8426467372735402,0.0037433333333333333,0.04402166666666667
Orange Bell Pepper,Green Bell Pepper,0.001335,0.10960591133004927,6.205278995851063,0.0011198606,0.849190025901245,0.01218,0.017663333333333333
Green Bell Pepper,Orange Bell Pepper,0.001335,0.07558029816946593,6.205278995851062,0.0011198606,0.8539301441655452,0.017663333333333333,0.01218
Jalapeno Peppers,Organic Cilantro,0.0017933333333333334,0.13470205307961944,6.163913350196131,0.0015023926222222223,0.8490693459519194,0.013313333333333333,0.021853333333333332
Organic Cilantro,Jalapeno Peppers,0.0017933333333333334,0.08206223306894447,6.16391335019613,0.0015023926222222223,0.8564823980651975,0.021853333333333332,0.013313333333333333
Limes,Bunched Cilantro,0.0038833333333333333,0.08821413697800326,6.162356757108157,0.003253163175,0.8763006373018717,0.04402166666666667,0.014315
Bunched Cilantro,Limes,0.0038833333333333333,0.2712772150424962,6.162356757108156,0.003253163175,0.849890606782878,0.014315,0.04402166666666667
Red Onion,Jalapeno Peppers,0.0010783333333333333,0.08200253485424588,6.159429257955375,0.000903263,0.8488091353383548,0.01315,0.013313333333333333
Jalapeno Peppers,Red Onion,0.0010783333333333333,0.08099649474211316,6.159429257955374,0.000903263,0.8489496448132693,0.013313333333333333,0.01315
Jalapeno Peppers,Limes,0.0036033333333333334,0.27065598397596397,6.148244818293203,0.0030172582111111113,0.8486503195678029,0.013313333333333333,0.04402166666666667
Limes,Jalapeno Peppers,0.0036033333333333334,0.08185363268087684,6.148244818293203,0.0030172582111111113,0.8759110178368306,0.04402166666666667,0.013313333333333333
Organic Jalapeno Pepper,Limes,0.0016516666666666667,0.2679102460124358,6.0858723964510455,0.0013802730916666667,0.840868977427475,0.006165,0.04402166666666667
Organic Ginger Root,Organic Garlic,0.003341666666666667,0.20583102350888,6.06038934661537,0.00279027195,0.8487739447435347,0.016235,0.03396333333333333
Organic Garlic,Organic Ginger Root,0.003341666666666667,0.09839042104230052,6.060389346615369,0.00279027195,0.8643503177077028,0.03396333333333333,0.016235
Organic Thyme,Organic Garlic,0.0012633333333333333,0.20492024871586914,6.033572933041588,0.0010539493833333334,0.8394358475940852,0.006165,0.03396333333333333
Organic Yellow Onion + Organic Hass Avocado,Organic Lemon,0.0010283333333333334,0.16309807031456516,6.011354640256718,0.0008572681750000001,0.8389376461050457,0.006305,0.027131666666666665
Organic Strawberries + Organic Yellow Onion,Organic Garlic,0.0010766666666666667,0.2032085561497326,5.983174682983589,0.0008967176055555556,0.8373009486490659,0.005298333333333334,0.03396333333333333
Organic Red Onion,Organic Cilantro,0.0027383333333333335,0.12953327026174707,5.92739186676695,0.002276353866666667,0.8492447690494772,0.02114,0.021853333333333332
Organic Cilantro,Organic Red Onion,0.0027383333333333335,0.12530506406345332,5.92739186676695,0.002276353866666667,0.8498640980545908,0.021853333333333332,0.02114
Whole Milk Plain Yogurt,Organic Whole Milk,0.0012833333333333334,0.26857342169515175,5.9081229337155285,0.0010661182638888888,0.8347301231005532,0.004778333333333333,0.04545833333333334
Raspberries,Blueberries,0.0018883333333333332,0.10348922177566679,5.900183681622964,0.0015682867999999997,0.8459495098258886,0.018246666666666668,0.01754
Blueberries,Raspberries,0.0018883333333333332,0.10765868491068036,5.900183681622964,0.0015682867999999997,0.8453410328189093,0.01754,0.018246666666666668
Limes + Organic Avocado,Large Lemon,0.0019483333333333334,0.2802013422818792,5.848087010196449,0.0016151759555555556,0.8348086147434985,0.006953333333333333,0.047913333333333336
Large Lemon + Organic Avocado,Limes,0.0019483333333333334,0.2555749890686489,5.8056636293184924,0.0016127414944444446,0.8341131250130073,0.0076233333333333335,0.04402166666666667
Organic Italian Parsley Bunch,Organic Small Bunch Celery,0.0022916666666666667,0.12189716312056738,5.784884748267059,0.0018955193333333334,0.8429838046177223,0.0188,0.021071666666666666
Organic Small Bunch Celery,Organic Italian Parsley Bunch,0.0022916666666666667,0.1087558332674207,5.784884748267059,0.0018955193333333334,0.8449400031914925,0.021071666666666666,0.0188
Organic Garlic + Large Lemon,Limes,0.0012133333333333334,0.2539239623299616,5.768158762653881,0.0010029831361111111,0.8306033525249763,0.004778333333333333,0.04402166666666667
Organic Cilantro,Limes,0.005541666666666667,0.2535845027455766,5.760447569278233,0.0045796465111111115,0.8448655054574592,0.021853333333333332,0.04402166666666667
Limes,Organic Cilantro,0.005541666666666667,0.12588498088062697,5.760447569278233,0.0045796465111111115,0.864457225786005,0.04402166666666667,0.021853333333333332
Blackberries,Strawberries,0.001795,0.25382983737921283,5.692528310814372,0.0014796743833333332,0.8302020449037748,0.007071666666666667,0.04459
Bunched Cilantro,Roma Tomato,0.0010333333333333334,0.07218535335894749,5.683886091255708,0.0008515328333333334,0.836031827874082,0.014315,0.0127
Roma Tomato,Bunched Cilantro,0.0010333333333333334,0.08136482939632546,5.683886091255708,0.0008515328333333334,0.8346642684676032,0.0127,0.014315
Organic Garlic,Organic Yellow Onion,0.006783333333333333,0.19972519383649034,5.635321716524533,0.005579616194444444,0.8514664818790612,0.03396333333333333,0.03544166666666667
Organic Yellow Onion,Organic Garlic,0.006783333333333333,0.19139430989889486,5.635321716524532,0.005579616194444444,0.8527714846340816,0.03544166666666667,0.03396333333333333
Organic Jalapeno Pepper,Organic Garlic,0.001175,0.19059205190592052,5.6117004192537205,0.0009656160500000001,0.8268987242520351,0.006165,0.03396333333333333
Organic Garlic,Organic Italian Parsley Bunch,0.0035716666666666666,0.1051624300716459,5.593746280406696,0.002933156,0.8501012018914808,0.03396333333333333,0.0188
Organic Italian Parsley Bunch,Organic Garlic,0.0035716666666666666,0.1899822695035461,5.593746280406696,0.002933156,0.836963851818766,0.0188,0.03396333333333333
Organic Ginger Root,Organic Cilantro,0.00198,0.12195873113643363,5.580783914113803,0.0016252111333333334,0.8343595306843644,0.016235,0.021853333333333332
Organic Cilantro,Organic Ginger Root,0.00198,0.09060402684563758,5.580783914113803,0.0016252111333333334,0.8391519714531942,0.021853333333333332,0.016235
Raspberries,Hass Avocados,0.0015966666666666666,0.08750456704420899,5.551146143637703,0.0013090383777777776,0.835094716499787,0.018246666666666668,0.015763333333333334
Hass Avocados,Raspberries,0.0015966666666666666,0.10128991330090928,5.551146143637702,0.0013090383777777776,0.8329876840997466,0.015763333333333334,0.018246666666666668
Organic Butternut Squash,Organic Zucchini,0.0011183333333333334,0.18076508620689655,5.532213808933329,0.000916184,0.8243404561346205,0.006186666666666667,0.032675
Organic Cilantro,Organic Italian Parsley Bunch,0.0022633333333333333,0.1035692495424039,5.50900263523425,0.0018524906666666668,0.8367650450686508,0.021853333333333332,0.0188
Organic Italian Parsley Bunch,Organic Cilantro,0.0022633333333333333,0.12039007092198581,5.50900263523425,0.0018524906666666668,0.8341611696056707,0.0188,0.021853333333333332
Organic Kiwi,Organic D'Anjou Pears,0.0012716666666666666,0.08170914542728636,5.503534716700922,0.0010406030444444444,0.8312353866734322,0.015563333333333334,0.014846666666666666
Organic D'Anjou Pears,Organic Kiwi,0.0012716666666666666,0.08565334530758868,5.503534716700922,0.0010406030444444444,0.8306306902534678,0.014846666666666666,0.015563333333333334
Organic Garlic + Organic Avocado,Limes,0.0010366666666666666,0.24136592937524254,5.482889396325503,0.0008475936083333334,0.8211412147004182,0.004295,0.04402166666666667
Organic Garlic + Organic Avocado,Large Lemon,0.0011183333333333334,0.2603802871556073,5.434401429433851,0.0009125455666666667,0.819506875921801,0.004295,0.047913333333333336
Organic Raspberries + Organic Lemon,Organic Hass Avocado,0.0011216666666666666,0.3610515021459227,5.425810281209078,0.0009149387111111111,0.8182377224173262,0.003106666666666667,0.06654333333333333
Organic Thyme,Organic Yellow Onion,0.0011633333333333333,0.18869964855366314,5.324231795541871,0.0009448354583333333,0.8172176237276448,0.006165,0.03544166666666667
Organic Tomato Paste,Organic Yellow Onion,0.001065,0.18855119504278547,5.320043123708971,0.0008648136527777778,0.8166442779489888,0.005648333333333333,0.03544166666666667
Carrots,Organic Small Bunch Celery,0.0025383333333333334,0.11160779715667594,5.296581372617699,0.0020590933944444447,0.8300777075116886,0.022743333333333334,0.021071666666666666
Organic Small Bunch Celery,Carrots,0.0025383333333333334,0.12046191568456853,5.296581372617698,0.0020590933944444447,0.8286602255703238,0.021071666666666666,0.022743333333333334
Bag of Organic Bananas + Organic Cilantro,Limes,0.00102,0.2329653597259231,5.292061327208339,0.0008272584694444446,0.8146043244086482,0.004378333333333333,0.04402166666666667
Bag of Organic Bananas + Organic Lemon,Organic Hass Avocado,0.002428333333333333,0.34839789574366326,5.235654396789009,0.0019645263,0.8146802292279177,0.00697,0.06654333333333333
Organic Raspberries + Organic Hass Avocado,Organic Lemon,0.0011216666666666666,0.14138655462184874,5.211126775177176,0.000906422111111111,0.814565139008197,0.007933333333333334,0.027131666666666665
Bag of Organic Bananas + Organic Yellow Onion,Organic Lemon,0.0010933333333333333,0.141196728368489,5.204130291854132,0.0008832437944444444,0.814149162289753,0.007743333333333333,0.027131666666666665
Organic Baby Spinach + Limes,Large Lemon,0.0015933333333333333,0.2470284237726098,5.155734460260397,0.0012842923333333334,0.8112739302391639,0.00645,0.047913333333333336
Organic Garlic + Limes,Large Lemon,0.0012133333333333334,0.24669603524229075,5.148797173555533,0.000977679588888889,0.8097625631588506,0.004918333333333334,0.047913333333333336
Large Lemon,Banana + Limes,0.0024416666666666666,0.05096006678725477,5.089221050657932,0.0019618944888888886,0.8439423672699847,0.047913333333333336,0.010013333333333334
Banana + Limes,Large Lemon,0.0024416666666666666,0.24384154460719037,5.089221050657931,0.0019618944888888886,0.8116334314060009,0.010013333333333334,0.047913333333333336
Organic Baby Spinach + Limes,Organic Garlic,0.00111,0.17209302325581396,5.067023945111806,0.0008909365000000001,0.8078561677776614,0.00645,0.03396333333333333
Organic Hass Avocado + Large Lemon,Limes,0.0010466666666666667,0.2222222222222222,5.048019283433662,0.0008393246166666666,0.805697334445237,0.00471,0.04402166666666667
Organic Strawberries + Organic Lemon,Organic Raspberries,0.0010016666666666668,0.21494992846924182,5.043405172905721,0.0008030574666666667,0.8054747770199813,0.00466,0.04262
Organic Small Bunch Celery,Organic Romaine Lettuce,0.001175,0.055762081784386616,5.042539422853349,0.0009419824861111112,0.8189437315522473,0.021071666666666666,0.011058333333333333
Organic Romaine Lettuce,Organic Small Bunch Celery,0.001175,0.10625470987189148,5.042539422853349,0.0009419824861111112,0.8106516787025411,0.011058333333333333,0.021071666666666666
Yellow Onions,Garlic,0.001335,0.05748941362233546,5.034099266404156,0.0010698085666666667,0.8204059244955114,0.023221666666666668,0.01142
Garlic,Yellow Onions,0.001335,0.11690017513134851,5.034099266404156,0.0010698085666666667,0.8106119197085901,0.01142,0.023221666666666668
Organic Strawberries + Organic Lemon,Organic Hass Avocado,0.0015516666666666667,0.33297567954220314,5.0038923940620625,0.0012415747333333334,0.803901756837777,0.00466,0.06654333333333333
Organic Small Bunch Celery,Organic Cucumber,0.002665,0.12647314719607688,4.965573113312795,0.00212830465,0.8158037211890156,0.021071666666666666,0.02547
Organic Cucumber,Organic Small Bunch Celery,0.002665,0.10463290145268944,4.965573113312795,0.00212830465,0.8194856773118265,0.02547,0.021071666666666666
Organic Baby Spinach + Large Lemon,Limes,0.0015933333333333333,0.21846435100548445,4.962655154783276,0.0012722686444444444,0.8043614412439692,0.007293333333333333,0.04402166666666667
Shallot,Large Lemon,0.00127,0.2371615312791783,4.94980237816568,0.0010134241,0.8022678767635333,0.005355,0.047913333333333336
Organic Lacinato (Dinosaur) Kale,Organic Small Bunch Celery,0.0013933333333333332,0.10372208436724564,4.9223483841135325,0.001110270611111111,0.8076949719946076,0.013433333333333334,0.021071666666666666
Organic Small Bunch Celery,Organic Lacinato (Dinosaur) Kale,0.0013933333333333332,0.06612354662659178,4.9223483841135325,0.001110270611111111,0.8139972141687049,0.021071666666666666,0.013433333333333334
Banana + Limes,Organic Cilantro,0.0010666666666666667,0.10652463382157122,4.874525647722906,0.0008478419555555556,0.8028914530835431,0.010013333333333334,0.021853333333333332
Feta Cheese Crumbles,Organic Red Onion,0.0010216666666666666,0.10271447721179625,4.858773756470967,0.0008113941333333333,0.8021656277814728,0.009946666666666666,0.02114
Broccoli Crown,Banana + Organic Avocado,0.0010783333333333333,0.07988640572910236,4.849928507281334,0.0008559932861111111,0.8046731398779936,0.013498333333333333,0.016471666666666666
Banana + Organic Avocado,Broccoli Crown,0.0010783333333333333,0.0654659516341192,4.849928507281334,0.0008559932861111111,0.8071057708334521,0.016471666666666666,0.013498333333333333
Organic Small Bunch Celery,Organic Ginger Root,0.0016483333333333332,0.0782251048010757,4.818300264926129,0.001306234825,0.8095157789093886,0.021071666666666666,0.016235
Organic Ginger Root,Organic Small Bunch Celery,0.0016483333333333332,0.10152961708243506,4.818300264926128,0.001306234825,0.805535806066289,0.016235,0.021071666666666666
Organic Lacinato (Dinosaur) Kale,Organic Ginger Root,0.0010483333333333334,0.07803970223325062,4.806880334662804,0.0008302431666666667,0.8027484524088909,0.013433333333333334,0.016235
Organic Ginger Root,Organic Lacinato (Dinosaur) Kale,0.0010483333333333334,0.06457242582897033,4.806880334662804,0.0008302431666666667,0.8050346016222013,0.016235,0.013433333333333334
Organic Baby Spinach + Organic Lemon,Organic Hass Avocado,0.0013616666666666666,0.3161764705882353,4.751437217676231,0.001075086711111111,0.7929523457768978,0.004306666666666667,0.06654333333333333
Bag of Organic Bananas + Organic Hass Avocado,Organic Navel Orange,0.0012266666666666667,0.06331182795698925,4.7460140897293295,0.0009682041666666666,0.8048916507329509,0.019375,0.01334
Organic Navel Orange,Bag of Organic Bananas + Organic Hass Avocado,0.0012266666666666667,0.09195402298850575,4.746014089729329,0.0009682041666666666,0.7999684541787445,0.01334,0.019375
Organic Yellow Onion + Organic Lemon,Organic Hass Avocado,0.0010283333333333334,0.31527848748083803,4.73794250584839,0.0008112911611111111,0.7915195931161002,0.0032616666666666666,0.06654333333333333
Organic Baby Spinach + Large Lemon,Organic Avocado,0.001895,0.25982632541133455,4.72755322800827,0.0014941584,0.7942669432827715,0.007293333333333333,0.05496
Organic Leek,Organic Yellow Onion,0.0010183333333333333,0.16725978647686832,4.719297996055537,0.0008025526527777778,0.7929317105787581,0.006088333333333334,0.03544166666666667
Organic Red Bell Pepper + Bag of Organic Bananas,Organic Hass Avocado,0.0012766666666666666,0.31252549979600164,4.696571153574137,0.00100483715,0.7903071121248315,0.004085,0.06654333333333333
Organic Diced Tomatoes,Organic Yellow Onion,0.0011683333333333333,0.16572104018912528,4.6758816888537575,0.0009184695833333333,0.7917182039225327,0.00705,0.03544166666666667
Organic Baby Spinach + Organic Hass Avocado,Organic Cucumber,0.0013016666666666667,0.11889176434769373,4.667913794569836,0.0010228126166666666,0.7944696550989186,0.010948333333333332,0.02547
Organic Cucumber,Organic Baby Spinach + Organic Hass Avocado,0.0013016666666666667,0.051105876194215416,4.667913794569836,0.0010228126166666666,0.8063082065115258,0.02547,0.010948333333333332
Organic Strawberries + Large Lemon,Limes,0.0010516666666666667,0.2054705307717356,4.66748640680882,0.0008263491027777778,0.789794350985563,0.005118333333333333,0.04402166666666667
Organic Italian Parsley Bunch,Organic Ginger Root,0.0014116666666666668,0.07508865248226951,4.625109484586973,0.0011064486666666666,0.798806463521284,0.0188,0.016235
Organic Ginger Root,Organic Italian Parsley Bunch,0.0014116666666666668,0.08695205831023509,4.6251094845869725,0.0011064486666666666,0.7967237114626804,0.016235,0.0188
Organic Russet Potato,Organic Yellow Onion,0.0016383333333333334,0.16375145760453108,4.6203091729470325,0.0012837394583333334,0.791483055518787,0.010005,0.03544166666666667
Organic Lemon,Bag of Organic Bananas + Organic Hass Avocado,0.002428333333333333,0.0895018121506235,4.619448369064439,0.0019026572916666664,0.8053751050623974,0.027131666666666665,0.019375
Bag of Organic Bananas + Organic Hass Avocado,Organic Lemon,0.002428333333333333,0.12533333333333332,4.619448369064439,0.0019026572916666664,0.7990046512889358,0.019375,0.027131666666666665
Fresh Cauliflower,Organic Broccoli,0.0012366666666666667,0.055381400208986416,4.613835063231304,0.0009686322333333334,0.8011502511458221,0.02233,0.012003333333333333
Organic Broccoli,Fresh Cauliflower,0.0012366666666666667,0.10302693696195502,4.613835063231304,0.0009686322333333334,0.7927765269495538,0.012003333333333333,0.02233
Strawberries,Raspberries,0.003748333333333333,0.08406219630709427,4.60698920206947,0.0029347144666666664,0.8194790687870408,0.04459,0.018246666666666668
Raspberries,Strawberries,0.003748333333333333,0.20542564852027767,4.60698920206947,0.0029347144666666664,0.7974900318917446,0.018246666666666668,0.04459
Bag of Organic Bananas + Organic Tomato Cluster,Organic Hass Avocado,0.0014633333333333334,0.3058167885754093,4.595753973482081,0.0011449234833333334,0.7861696692477605,0.004785,0.06654333333333333
Organic Lemon,Organic Baby Spinach + Organic Hass Avocado,0.0013616666666666666,0.05018735794581977,4.584018079995717,0.0010646201361111112,0.8036552803347642,0.027131666666666665,0.010948333333333332
Organic Baby Spinach + Organic Hass Avocado,Organic Lemon,0.0013616666666666666,0.12437205054041713,4.584018079995717,0.0010646201361111112,0.7905054907685795,0.010948333333333332,0.027131666666666665
Bag of Organic Bananas + Organic Blueberries,Organic Raspberries,0.0013616666666666666,0.195221027479092,4.580502756431065,0.0010643921666666665,0.7871738916272703,0.006975,0.04262
Bag of Organic Bananas + Organic Garnet Sweet Potato (Yam),Organic Hass Avocado,0.0012266666666666667,0.30413223140495865,4.570438782822602,0.0009582752222222224,0.7843662373020458,0.004033333333333333,0.06654333333333333
Bag of Organic Bananas + Organic Cucumber,Organic Hass Avocado,0.0020933333333333333,0.30382196419932267,4.565776148865241,0.0016348497666666666,0.7863974664418736,0.00689,0.06654333333333333
Organic Avocado + Cucumber Kirby,Large Lemon,0.0010233333333333333,0.21827230714539636,4.555565057994915,0.0007986996555555555,0.7841646882044034,0.004688333333333333,0.047913333333333336
Red Vine Tomato,Red Onion,0.00101,0.05965154050595531,4.536238821745651,0.0007873485833333333,0.7929795176719968,0.016931666666666668,0.01315
Red Onion,Red Vine Tomato,0.00101,0.07680608365019011,4.53623882174565,0.0007873485833333333,0.789940773983159,0.01315,0.016931666666666668
Large Lemon + Organic Avocado,Cucumber Kirby,0.0010233333333333333,0.13423699169217315,4.528913349938366,0.0007973777333333333,0.7851821876283774,0.0076233333333333335,0.02964
Organic Small Bunch Celery,Organic Yellow Onion,0.0033816666666666665,0.16048406232697934,4.528118382139083,0.002634851680555555,0.7959292736100585,0.021071666666666666,0.03544166666666667
Organic Yellow Onion,Organic Small Bunch Celery,0.0033816666666666665,0.09541500117564071,4.528118382139083,0.002634851680555555,0.8077870361387908,0.03544166666666667,0.021071666666666666
Half & Half,Organic Reduced Fat 2% Milk,0.001415,0.06631258298836211,4.510548667159876,0.0011012909361111111,0.7952671570365059,0.021338333333333334,0.014701666666666667
Organic Reduced Fat 2% Milk,Half & Half,0.001415,0.09624759097607981,4.510548667159875,0.0011012909361111111,0.7899104819527845,0.014701666666666667,0.021338333333333334
Organic Strawberries + Organic Hass Avocado,Organic Lemon,0.0015516666666666667,0.12230688386757751,4.507901610697617,0.0012074562555555556,0.7881665025086216,0.012686666666666667,0.027131666666666665
Organic Lemon,Organic Strawberries + Organic Hass Avocado,0.0015516666666666667,0.05719024510105044,4.507901610697617,0.0012074562555555556,0.7998690780151432,0.027131666666666665,0.012686666666666667
Jalapeno Peppers,Organic Red Onion,0.0012683333333333333,0.09526790185277917,4.5065232664512385,0.0009868894666666666,0.7885983204002069,0.013313333333333333,0.02114
Organic Red Onion,Jalapeno Peppers,0.0012683333333333333,0.05999684642068748,4.506523266451238,0.0009868894666666666,0.7949037125785222,0.02114,0.013313333333333333
Organic Raspberries,Organic Strawberries + Organic Hass Avocado,0.0024333333333333334,0.05709369623025184,4.500291347628889,0.0018926276,0.8124173937031918,0.04262,0.012686666666666667
Organic Strawberries + Organic Hass Avocado,Organic Raspberries,0.0024333333333333334,0.19180241723594324,4.500291347628889,0.0018926276,0.7877865497446555,0.012686666666666667,0.04262
Banana + Organic Garlic,Large Lemon,0.0013,0.21487603305785125,4.484681363389131,0.0010101243333333332,0.7817482951342802,0.00605,0.047913333333333336
Organic Large Extra Fancy Fuji Apple,Organic D'Anjou Pears,0.00155,0.06609808102345416,4.452048564669117,0.0012018456666666667,0.7940036875482759,0.02345,0.014846666666666666
Organic D'Anjou Pears,Organic Large Extra Fancy Fuji Apple,0.00155,0.1044005388414908,4.452048564669117,0.0012018456666666667,0.7870696619902847,0.014846666666666666,0.02345
Banana + Broccoli Crown,Organic Avocado,0.0010783333333333333,0.24433534743202417,4.445694094469144,0.0008357765333333333,0.7784990214308618,0.004413333333333333,0.05496
Organic D'Anjou Pears,Bag of Organic Bananas + Organic Hass Avocado,0.0012783333333333334,0.086102379883251,4.443993800425859,0.0009906791666666667,0.7866564093235396,0.014846666666666666,0.019375
Bag of Organic Bananas + Organic Hass Avocado,Organic D'Anjou Pears,0.0012783333333333334,0.06597849462365592,4.443993800425859,0.0009906791666666667,0.7902890338642357,0.019375,0.014846666666666666
Organic Baby Spinach + Large Lemon,Organic Garlic,0.0011,0.15082266910420475,4.4407499000158435,0.0008522940888888891,0.7805052933536676,0.007293333333333333,0.03396333333333333
Organic Hass Avocado + Organic Lemon,Organic Yellow Onion,0.0010283333333333334,0.15731769505354412,4.4387781345932975,0.0007966629722222223,0.7798101357983657,0.006536666666666666,0.03544166666666667
Raspberries,Organic Blackberries,0.0015566666666666667,0.08531238582389478,4.436037047780299,0.0012057528555555555,0.7889696348159807,0.018246666666666668,0.019231666666666668
Organic Blackberries,Raspberries,0.0015566666666666667,0.08094288933183118,4.436037047780298,0.0012057528555555555,0.7897620085742693,0.019231666666666668,0.018246666666666668
Organic Garlic,Organic Red Onion,0.003181666666666667,0.09367945823927765,4.431384022671601,0.0024636818000000004,0.801560535110689,0.03396333333333333,0.02114
Organic Red Onion,Organic Garlic,0.003181666666666667,0.15050457269000314,4.431384022671601,0.0024636818000000004,0.7910598731890972,0.02114,0.03396333333333333
Bag of Organic Bananas + Organic Lemon,Organic Yellow Onion,0.0010933333333333333,0.1568627450980392,4.425941549909406,0.0008463049166666666,0.7794924372878965,0.00697,0.03544166666666667
Organic Raspberries,Bag of Organic Bananas + Organic Strawberries,0.003681666666666667,0.08638354450179885,4.423498054201528,0.0028493691,0.8083880670973722,0.04262,0.019528333333333335
Bag of Organic Bananas + Organic Strawberries,Organic Raspberries,0.003681666666666667,0.1885294870700691,4.423498054201528,0.0028493691,0.7893492428076442,0.019528333333333335,0.04262
Bag of Organic Bananas + Large Lemon,Limes,0.0012083333333333334,0.19426580921757772,4.4129589796897974,0.0009345185666666668,0.7782352994244893,0.00622,0.04402166666666667
Bag of Organic Bananas + Organic Cilantro,Organic Hass Avocado,0.001285,0.2934906737723639,4.410519567785863,0.0009936511055555555,0.776669862392298,0.004378333333333333,0.06654333333333333
Organic Red Bell Pepper,Organic Cucumber,0.002033333333333333,0.11219422475629941,4.40495582082055,0.0015717320333333332,0.7872505717416458,0.018123333333333335,0.02547
Organic Cucumber,Organic Red Bell Pepper,0.002033333333333333,0.07983248265933779,4.40495582082055,0.0015717320333333332,0.7931853993341557,0.02547,0.018123333333333335
Limes + Organic Avocado,Organic Garlic,0.0010366666666666666,0.14908916586768936,4.389709467102445,0.0008005082888888888,0.7776014127126656,0.006953333333333333,0.03396333333333333
Bag of Organic Bananas + Apple Honeycrisp Organic,Organic Hass Avocado,0.0021266666666666665,0.2917905328150011,4.384970187071098,0.001641676672222222,0.7776158016420335,0.007288333333333333,0.06654333333333333
Jalapeno Peppers,Yellow Onions,0.0013533333333333333,0.10165247871807712,4.377484190830852,0.0010441755444444444,0.7819688966496452,0.013313333333333333,0.023221666666666668
Yellow Onions,Jalapeno Peppers,0.0013533333333333333,0.05827890619392807,4.3774841908308515,0.0010441755444444444,0.7899011042139376,0.023221666666666668,0.013313333333333333
Limes + Organic Lemon,Organic Hass Avocado,0.0010633333333333332,0.2909256725946192,4.371973239412201,0.0008201174499999999,0.7740996634234175,0.003655,0.06654333333333333
Organic D'Anjou Pears,Organic Gala Apples,0.0014583333333333334,0.09822631342613382,4.36982190670129,0.0011246050111111113,0.7827793865301124,0.014846666666666666,0.022478333333333333
Organic Gala Apples,Organic D'Anjou Pears,0.0014583333333333334,0.0648772892414918,4.369821906701289,0.0011246050111111113,0.7888906693335991,0.022478333333333333,0.014846666666666666
Organic Whole String Cheese,Organic Strawberries + Organic Hass Avocado,0.001025,0.05529581010609603,4.358576729329692,0.000789831488888889,0.785120829339587,0.018536666666666667,0.012686666666666667
Organic Strawberries + Organic Hass Avocado,Organic Whole String Cheese,0.001025,0.08079348397267472,4.358576729329692,0.000789831488888889,0.7804688544329685,0.012686666666666667,0.018536666666666667
Organic Kiwi,Bag of Organic Bananas + Organic Strawberries,0.00132,0.08481473548939816,4.343163036070572,0.001016074038888889,0.7819223783798278,0.015563333333333334,0.019528333333333335
Bag of Organic Bananas + Organic Strawberries,Organic Kiwi,0.00132,0.06759409405137833,4.343163036070571,0.001016074038888889,0.7850844506106515,0.019528333333333335,0.015563333333333334
Apple Honeycrisp Organic,Organic D'Anjou Pears,0.0016666666666666668,0.06432522835456067,4.332637742785856,0.0012819895333333335,0.7896536459670052,0.02591,0.014846666666666666
Organic D'Anjou Pears,Apple Honeycrisp Organic,0.0016666666666666668,0.11225864391558152,4.332637742785856,0.0012819895333333335,0.7807857863073769,0.014846666666666666,0.02591
Banana + Organic Garlic,Limes,0.0011533333333333333,0.19063360881542699,4.330449600168712,0.0008870022499999999,0.77375833329214,0.00605,0.04402166666666667
Limes,Banana + Large Lemon,0.0024416666666666666,0.05546511187672737,4.327014318818934,0.0018773822694444445,0.8043004066303525,0.04402166666666667,0.012818333333333333
Banana + Large Lemon,Limes,0.0024416666666666666,0.19048238200494083,4.327014318818934,0.0018773822694444445,0.7788776759054548,0.012818333333333333,0.04402166666666667
Organic Black Beans,Organic Cilantro,0.001125,0.09455105757108839,4.326619473966828,0.0008649817555555555,0.7781311352289373,0.011898333333333334,0.021853333333333332
Organic Cilantro,Organic Black Beans,0.001125,0.051479560707748624,4.326619473966827,0.0008649817555555555,0.7860504950909935,0.021853333333333332,0.011898333333333334
Organic Italian Parsley Bunch,Organic Lacinato (Dinosaur) Kale,0.0010916666666666666,0.05806737588652481,4.322633440684229,0.0008391199999999998,0.7833872217537023,0.0188,0.013433333333333334
Organic Lacinato (Dinosaur) Kale,Organic Italian Parsley Bunch,0.0010916666666666666,0.08126550868486351,4.322633440684229,0.0008391199999999998,0.7791257985451897,0.013433333333333334,0.0188
Bag of Organic Bananas + Organic Kiwi,Organic Hass Avocado,0.0012916666666666667,0.287569573283859,4.321538445381842,0.0009927761944444444,0.7720688004264314,0.004491666666666666,0.06654333333333333
Large Lemon + Organic Avocado,Organic Garlic,0.0011183333333333334,0.14669873196327066,4.319326684559937,0.0008594195222222222,0.7743858355307064,0.0076233333333333335,0.03396333333333333
Bag of Organic Bananas + Organic Baby Arugula,Organic Hass Avocado,0.0010583333333333334,0.2869408043380028,4.312089430516497,0.000812899338888889,0.7709373373964911,0.0036883333333333334,0.06654333333333333
Organic Cucumber,Organic Strawberries + Organic Hass Avocado,0.0013933333333333332,0.05470488156000523,4.311998021019855,0.0010702039333333332,0.7881634709741322,0.02547,0.012686666666666667
Organic Strawberries + Organic Hass Avocado,Organic Cucumber,0.0013933333333333332,0.10982658959537571,4.311998021019855,0.0010702039333333332,0.7779586494342434,0.012686666666666667,0.02547
Bag of Organic Bananas + Organic Yellow Onion,Organic Hass Avocado,0.0022183333333333334,0.28648299612569955,4.305209579607768,0.0017030661222222224,0.7737143992217402,0.007743333333333333,0.06654333333333333
Organic Mint,Limes,0.0011583333333333333,0.18947655398037078,4.30416584213162,0.0008892142111111111,0.7723888151339771,0.0061133333333333335,0.04402166666666667
Banana + Limes,Yellow Onions,0.001,0.09986684420772302,4.300588999112453,0.000767473711111111,0.7752364117137379,0.010013333333333334,0.023221666666666668
Yellow Bell Pepper,Cucumber Kirby,0.0010133333333333333,0.12740989103101424,4.298579319534894,0.0007775965333333333,0.7735170388489788,0.007953333333333333,0.02964
Bag of Organic Bananas + Organic Hass Avocado,Organic Raspberries,0.0035466666666666667,0.18305376344086022,4.295020259053501,0.0027209041666666667,0.7823298686486772,0.019375,0.04262
Organic Raspberries,Bag of Organic Bananas + Organic Hass Avocado,0.0035466666666666667,0.08321601751916158,4.2950202590535005,0.0027209041666666667,0.8013246855413827,0.04262,0.019375
Bag of Organic Bananas + Organic Hass Avocado,Organic Kiwi,0.0012916666666666667,0.06666666666666667,4.283572499464554,0.0009901270833333332,0.7816953473550031,0.019375,0.015563333333333334
Organic Kiwi,Bag of Organic Bananas + Organic Hass Avocado,0.0012916666666666667,0.08299421717712573,4.283572499464554,0.0009901270833333332,0.7786686802265932,0.015563333333333334,0.019375
Organic Italian Parsley Bunch,Organic Yellow Onion,0.002853333333333333,0.15177304964539007,4.282333871960218,0.0021870299999999995,0.7811684433708866,0.0188,0.03544166666666667
Organic Yellow Onion,Organic Italian Parsley Bunch,0.002853333333333333,0.0805078767928521,4.282333871960217,0.0021870299999999995,0.7946460573169212,0.03544166666666667,0.0188
Bag of Organic Bananas + Organic Small Bunch Celery,Organic Hass Avocado,0.0013816666666666667,0.2845863371095091,4.276706964527012,0.0010585987833333333,0.7699131636325967,0.004855,0.06654333333333333
Organic D'Anjou Pears,Bag of Organic Bananas + Organic Strawberries,0.0012383333333333333,0.08340817242927706,4.271136251392527,0.0009484026777777777,0.7774122451591502,0.014846666666666666,0.019528333333333335
Bag of Organic Bananas + Organic Strawberries,Organic D'Anjou Pears,0.0012383333333333333,0.06341213621234103,4.271136251392526,0.0009484026777777777,0.7811243208041239,0.019528333333333335,0.014846666666666666
Feta Cheese Crumbles,Cucumber Kirby,0.0012566666666666666,0.12634048257372651,4.262499412069046,0.0009618474666666665,0.7730854857000621,0.009946666666666666,0.02964
Bag of Organic Bananas + Apple Honeycrisp Organic,Organic Raspberries,0.0013233333333333333,0.18156871712782988,4.26017637559432,0.0010127045666666666,0.7708864116389782,0.007288333333333333,0.04262
Organic Garlic + Large Lemon,Organic Avocado,0.0011183333333333334,0.23404255319148937,4.25841617888445,0.0008557161333333334,0.7688447053747581,0.004778333333333333,0.05496
Organic Small Bunch Celery,Michigan Organic Kale,0.0018816666666666667,0.0892984260064858,4.256359676190934,0.0014395831,0.781525493766115,0.021071666666666666,0.02098
Michigan Organic Kale,Organic Small Bunch Celery,0.0018816666666666667,0.08968859231013664,4.256359676190934,0.0014395831,0.7814523187166487,0.02098,0.021071666666666666
Organic Large Extra Fancy Fuji Apple,Organic Navel Orange,0.00133,0.056716417910447764,4.251605540513326,0.0010171770000000002,0.7831598349722035,0.02345,0.01334
Organic Navel Orange,Organic Large Extra Fancy Fuji Apple,0.00133,0.09970014992503748,4.251605540513325,0.0010171770000000002,0.7751350382523924,0.01334,0.02345
Organic Diced Tomatoes,Organic Garlic,0.0010166666666666666,0.14420803782505912,4.2459918880673015,0.0007772251666666666,0.7699116476074356,0.00705,0.03396333333333333
Bag of Organic Bananas + Organic Hass Avocado,Organic Cucumber,0.0020933333333333333,0.10804301075268817,4.241971368381947,0.0015998520833333334,0.7793606621930478,0.019375,0.02547
Organic Cucumber,Bag of Organic Bananas + Organic Hass Avocado,0.0020933333333333333,0.0821881952624002,4.241971368381946,0.0015998520833333334,0.7842350152002066,0.02547,0.019375
Bag of Organic Bananas + Organic Hass Avocado,Apple Honeycrisp Organic,0.0021266666666666665,0.10976344086021503,4.236335038989387,0.0016246604166666664,0.7790408202816721,0.019375,0.02591
Apple Honeycrisp Organic,Bag of Organic Bananas + Organic Hass Avocado,0.0021266666666666665,0.08207899138041938,4.236335038989387,0.0016246604166666664,0.7842672693372427,0.02591,0.019375
Organic Garnet Sweet Potato (Yam),Bag of Organic Bananas + Organic Baby Spinach,0.0010966666666666666,0.0668903120870184,4.234010681739744,0.0008376529916666666,0.776548835791989,0.016395,0.015798333333333334
Bag of Organic Bananas + Organic Baby Spinach,Organic Garnet Sweet Potato (Yam),0.0010966666666666666,0.06941660512712311,4.234010681739744,0.0008376529916666666,0.7760780574738368,0.015798333333333334,0.016395
Feta Cheese Crumbles,Organic Grape Tomatoes,0.0010966666666666666,0.11025469168900805,4.226476808932074,0.0008371912888888889,0.7710658470150473,0.009946666666666666,0.026086666666666668
Organic Strawberries + Organic Blueberries,Organic Raspberries,0.0013166666666666667,0.18003646308113036,4.224224849393017,0.0010049724,0.7688933505858073,0.007313333333333333,0.04262
Organic Granny Smith Apple,Organic Navel Orange,0.0010283333333333334,0.05631103404216482,4.221216944690017,0.0007847227000000001,0.77729621547415,0.018261666666666666,0.01334
Organic Navel Orange,Organic Granny Smith Apple,0.0010283333333333334,0.07708645677161419,4.221216944690017,0.0007847227000000001,0.7734188992012443,0.01334,0.018261666666666666
Large Lemon + Cucumber Kirby,Organic Avocado,0.0010233333333333333,0.23161071293851376,4.2141687215886785,0.0007805017333333334,0.7660901183793369,0.004418333333333333,0.05496
Bag of Organic Bananas + Organic Lemon,Organic Raspberries,0.0012516666666666668,0.1795791487326638,4.213494808368461,0.0009546052666666668,0.7680204259373586,0.00697,0.04262
Organic Red Bell Pepper,Organic Red Onion,0.001605,0.08855986757402978,4.189208494514181,0.0012218727333333334,0.7753432263769627,0.018123333333333335,0.02114
Organic Red Onion,Organic Red Bell Pepper,0.001605,0.07592242194891201,4.1892084945141805,0.0012218727333333334,0.7777326917409956,0.02114,0.018123333333333335
Bag of Organic Bananas + Organic D'Anjou Pears,Organic Hass Avocado,0.0012783333333333334,0.27860515800944424,4.186822992678119,0.000973010338888889,0.7646639481188927,0.004588333333333333,0.06654333333333333
Bag of Organic Bananas + Organic Raspberries,Organic Hass Avocado,0.0035466666666666667,0.27831545906356264,4.182469454444162,0.002698682788888889,0.7707284509382357,0.012743333333333334,0.06654333333333333
Organic Hass Avocado,Bag of Organic Bananas + Organic Raspberries,0.0035466666666666667,0.05329860241446677,4.182469454444162,0.002698682788888889,0.8151495709978819,0.06654333333333333,0.012743333333333334
Organic Baby Spinach + Cucumber Kirby,Organic Avocado,0.0010916666666666666,0.22950245269796773,4.175808819104216,0.0008302402666666665,0.7641602908982096,0.004756666666666667,0.05496
Frozen Organic Wild Blueberries,Organic Raspberries,0.001645,0.17767776777677768,4.168882397390373,0.0012504098333333334,0.767230837090744,0.009258333333333334,0.04262
Original Hummus,Organic Baby Carrots,0.002175,0.09793621013133208,4.16159533135972,0.0016523638888888887,0.7769625790647239,0.022208333333333333,0.023533333333333333
Organic Baby Carrots,Original Hummus,0.002175,0.09242209631728045,4.16159533135972,0.0016523638888888887,0.7780168653526267,0.023533333333333333,0.022208333333333333
Limes + Large Lemon,Organic Garlic,0.0012133333333333334,0.14103060829135994,4.152437185926782,0.0009211354555555557,0.7657657109264103,0.008603333333333333,0.03396333333333333
Green Bell Pepper,Organic Red Onion,0.00155,0.0877524061143612,4.151012588191164,0.0011765971333333332,0.7727441624539952,0.017663333333333333,0.02114
Organic Red Onion,Green Bell Pepper,0.00155,0.07332071901608325,4.151012588191164,0.0011765971333333332,0.7754887570553326,0.02114,0.017663333333333333
Banana + Large Lemon,Cucumber Kirby,0.0015766666666666668,0.1230009101547263,4.149828277824774,0.0011967312666666668,0.7688819586008542,0.012818333333333333,0.02964
Cucumber Kirby,Banana + Large Lemon,0.0015766666666666668,0.053193882141250565,4.149828277824774,0.0011967312666666668,0.782210904573068,0.02964,0.012818333333333333
Organic Celery Hearts,Organic Yellow Onion,0.00109,0.14676840215439857,4.141125854344657,0.0008267865555555556,0.7641951987484134,0.0074266666666666665,0.03544166666666667
Bag of Organic Bananas + Organic Red Onion,Organic Hass Avocado,0.0011716666666666666,0.274716686205549,4.128387810532721,0.0008878593499999999,0.7610204463716269,0.004265,0.06654333333333333
Green Bell Pepper,Organic Yellow Onion,0.0025833333333333333,0.146254010190602,4.126612090964551,0.001957315361111111,0.7712940869209043,0.017663333333333333,0.03544166666666667
Organic Yellow Onion,Green Bell Pepper,0.0025833333333333333,0.07288972490007052,4.126612090964551,0.001957315361111111,0.7855102549860555,0.03544166666666667,0.017663333333333333
Limes + Large Lemon,Organic Avocado,0.0019483333333333334,0.22646261139093374,4.1204987516545435,0.0014754941333333335,0.7638828713910738,0.008603333333333333,0.05496
Bag of Organic Bananas + Organic Whole String Cheese,Organic Hass Avocado,0.001245,0.2735261808861223,4.110497132987862,0.0009421169277777778,0.7601805122159969,0.0045516666666666665,0.06654333333333333
Organic Garlic,Organic Cilantro,0.0030483333333333335,0.08975365590342527,4.107092246953567,0.002306121288888889,0.7831159674794107,0.03396333333333333,0.021853333333333332
Organic Cilantro,Organic Garlic,0.0030483333333333335,0.13949054301403294,4.107092246953566,0.002306121288888889,0.7734205560555864,0.021853333333333332,0.03396333333333333
Banana + Limes,Organic Avocado,0.00226,0.22569906790945402,4.106606039109425,0.0017096671999999999,0.7641415152100615,0.010013333333333334,0.05496
Organic Bartlett Pear,Apple Honeycrisp Organic,0.0012433333333333333,0.10638904734740445,4.106099859027575,0.0009405317999999999,0.7654049249847155,0.011686666666666666,0.02591
Organic Baby Spinach + Organic Avocado,Large Lemon,0.001895,0.19671280276816608,4.105596273163338,0.0014334348888888889,0.7637878434133901,0.009633333333333334,0.047913333333333336
Bag of Organic Bananas + Organic Navel Orange,Organic Hass Avocado,0.0012266666666666667,0.27269359021859946,4.097985125761651,0.0009273325722222223,0.7593936461501496,0.004498333333333333,0.06654333333333333
Bag of Organic Bananas + Limes,Organic Hass Avocado,0.0017833333333333334,0.2724726254138019,4.094664510551549,0.0013478072166666667,0.7607589147606599,0.006545,0.06654333333333333
Organic Zucchini,Organic Garnet Sweet Potato (Yam),0.002191666666666667,0.06707472583524611,4.091169614836604,0.0016559600416666668,0.7810933467790079,0.032675,0.016395
Organic Garnet Sweet Potato (Yam),Organic Zucchini,0.002191666666666667,0.133678967164786,4.091169614836603,0.0016559600416666668,0.768165189962438,0.016395,0.032675
Organic Hass Avocado + Organic Navel Orange,Bag of Organic Bananas,0.0012266666666666667,0.48548812664907653,4.088091559623964,0.0009266081555555556,0.7573005293374593,0.0025266666666666666,0.11875666666666666
Organic Blueberries,Raspberries,0.0023166666666666665,0.07453882453882454,4.085065283457684,0.0017495602666666664,0.7794305727032129,0.03108,0.018246666666666668
Raspberries,Organic Blueberries,0.0023166666666666665,0.1269638290098648,4.085065283457683,0.0017495602666666664,0.7692419723592454,0.018246666666666668,0.03108
Organic Strawberries + Organic Tomato Cluster,Organic Hass Avocado,0.0010116666666666666,0.27170993733213966,4.08320298550528,0.0007639036555555555,0.7579161975968062,0.0037233333333333333,0.06654333333333333
Large Lemon,Limes,0.008603333333333333,0.17956031723946014,4.078907747839173,0.006494108544444444,0.792823127057613,0.047913333333333336,0.04402166666666667
Limes,Large Lemon,0.008603333333333333,0.19543406655813425,4.078907747839173,0.006494108544444444,0.7895956445629269,0.04402166666666667,0.047913333333333336
Bag of Organic Bananas + Organic Zucchini,Organic Hass Avocado,0.00193,0.2708138447146866,4.069736683584932,0.0014557678444444447,0.75969797143486,0.007126666666666667,0.06654333333333333
Yellow Onions,Bunched Cilantro,0.0013516666666666666,0.058207134141965114,4.066163754241363,0.0010192485083333333,0.7719949565278764,0.023221666666666668,0.014315
Bunched Cilantro,Yellow Onions,0.0013516666666666666,0.09442309931307487,4.066163754241363,0.0010192485083333333,0.7650191967809576,0.014315,0.023221666666666668
Red Vine Tomato,Cucumber Kirby,0.00204,0.12048429963579092,4.064922389871489,0.0015381454,0.7669790772129319,0.016931666666666668,0.02964
Cucumber Kirby,Red Vine Tomato,0.00204,0.06882591093117409,4.064922389871488,0.0015381454,0.7770238294419133,0.02964,0.016931666666666668
Bag of Organic Bananas + Organic Zucchini,Organic Yellow Onion,0.0010266666666666666,0.14405986903648269,4.064703570274611,0.0007740857222222222,0.7593915298699729,0.007126666666666667,0.03544166666666667
Organic Carrot Bunch,Organic Yellow Onion,0.0016366666666666667,0.14405163561684023,4.064471261232265,0.001233990263888889,0.7626302891529101,0.011361666666666667,0.03544166666666667
Organic Basil,Organic Garlic,0.0011833333333333333,0.1379444336506703,4.061569348827274,0.0008919845388888889,0.7603119606091343,0.008578333333333334,0.03396333333333333
Bag of Organic Bananas + Organic Yellow Onion,Organic Zucchini,0.0010266666666666666,0.13258717176065432,4.05775583047144,0.0007736532499999999,0.7594389493205156,0.007743333333333333,0.032675
Organic Lacinato (Dinosaur) Kale,Organic Lemon,0.0014766666666666667,0.10992555831265509,4.051559370206589,0.0011121979444444446,0.7634369553195062,0.013433333333333334,0.027131666666666665
Organic Lemon,Organic Lacinato (Dinosaur) Kale,0.0014766666666666667,0.05442594753977518,4.051559370206589,0.0011121979444444446,0.7741864201079429,0.027131666666666665,0.013433333333333334
Organic Garnet Sweet Potato (Yam),Organic Yellow Onion,0.002353333333333333,0.14353969706211242,4.050026721714905,0.0017722672083333331,0.7656407286124567,0.016395,0.03544166666666667
Organic Yellow Onion,Organic Garnet Sweet Potato (Yam),0.002353333333333333,0.06640018810251586,4.050026721714905,0.0017722672083333331,0.7807594655932565,0.03544166666666667,0.016395
Bag of Organic Bananas + Organic Raspberries,Organic Large Extra Fancy Fuji Apple,0.00121,0.09495160868427936,4.049109112336007,0.0009111688333333333,0.762752097898127,0.012743333333333334,0.02345
Organic Large Extra Fancy Fuji Apple,Bag of Organic Bananas + Organic Raspberries,0.00121,0.05159914712153518,4.049109112336007,0.0009111688333333333,0.7711147341804433,0.02345,0.012743333333333334
Banana + Organic Garlic,Organic Avocado,0.0013433333333333333,0.22203856749311296,4.040003047545723,0.0010108253333333333,0.7570556207487058,0.00605,0.05496
Bartlett Pears,Organic Fuji Apple,0.0012233333333333334,0.1113133151349712,4.03504042296899,0.0009201558666666668,0.7605292243499935,0.01099,0.027586666666666666
Bag of Organic Bananas + Original Hummus,Organic Hass Avocado,0.0010683333333333332,0.26831310171619926,4.032156014369573,0.0008033799611111111,0.7549998812092823,0.003981666666666666,0.06654333333333333
Organic Hass Avocado + Organic Lemon,Organic Raspberries,0.0011216666666666666,0.1715961244263131,4.02618780915798,0.0008430739333333333,0.7565715481445189,0.006536666666666666,0.04262
Organic Baby Spinach + Organic Avocado,Organic Grape Tomatoes,0.0010116666666666666,0.10501730103806228,4.025707936547238,0.000760365111111111,0.7589072923639962,0.009633333333333334,0.026086666666666668
Organic Baby Spinach + Limes,Organic Avocado,0.0014266666666666666,0.22118863049095608,4.024538400490467,0.0010721746666666665,0.7564030990543209,0.00645,0.05496
Bag of Organic Bananas + Organic Garlic,Organic Hass Avocado,0.00178,0.26746806912096166,4.019457032324225,0.0013371541166666665,0.756242974900585,0.006655,0.06654333333333333
Organic Strawberries + Organic Raspberries,Organic Blueberries,0.0013166666666666667,0.12486170380907223,4.017429337486236,0.0009889280666666666,0.7590892032431356,0.010545,0.03108
Organic Strawberries + Organic Baby Spinach,Organic Cucumber,0.00123,0.10231526410647442,4.017089285688042,0.00092380815,0.7602024368807339,0.012021666666666667,0.02547
Bag of Organic Bananas + Organic Grape Tomatoes,Organic Hass Avocado,0.0014016666666666667,0.2670689107653223,4.0134585598154935,0.0010524250722222222,0.7547997801246574,0.005248333333333333,0.06654333333333333
Organic Italian Parsley Bunch,Organic Red Onion,0.001595,0.0848404255319149,4.013265162342238,0.001197568,0.7652123239792104,0.0188,0.02114
Organic Red Onion,Organic Italian Parsley Bunch,0.001595,0.07544938505203407,4.013265162342237,0.001197568,0.7670415915334178,0.02114,0.0188
Apple Honeycrisp Organic,Bag of Organic Bananas + Organic Raspberries,0.0013233333333333333,0.051074231313521165,4.0079177070510985,0.0009931535666666666,0.7704564045346929,0.02591,0.012743333333333334
Bag of Organic Bananas + Organic Raspberries,Apple Honeycrisp Organic,0.0013233333333333333,0.10384514778969396,4.0079177070510985,0.0009931535666666666,0.7601811205055075,0.012743333333333334,0.02591
Bag of Organic Bananas + Organic Baby Spinach,Organic Cucumber,0.0016116666666666666,0.10201498048317333,4.005299587089648,0.0012092831166666666,0.7623750409579515,0.015798333333333334,0.02547
Organic Cucumber,Bag of Organic Bananas + Organic Baby Spinach,0.0016116666666666666,0.06327705797670462,4.005299587089647,0.0012092831166666666,0.7699411879940937,0.02547,0.015798333333333334
Cucumber Kirby,Banana + Organic Avocado,0.0019516666666666667,0.06584570400359874,3.997513144000733,0.0014634464666666667,0.7727487476893694,0.02964,0.016471666666666666
Banana + Organic Avocado,Cucumber Kirby,0.0019516666666666667,0.11848628958818172,3.9975131440007328,0.0014634464666666667,0.7624025148991029,0.016471666666666666,0.02964
Organic Romaine Lettuce,Organic Cucumber,0.0011233333333333334,0.10158251695553881,3.9883202573827568,0.0008416775833333333,0.7576461823716724,0.011058333333333333,0.02547
Fresh Ginger Root,Limes,0.0013483333333333333,0.1752979414951246,3.9820832505612676,0.0010097333472222222,0.7546799111289593,0.007691666666666667,0.04402166666666667
Organic Yellow Onion,Carrots,0.0032016666666666665,0.09033623324711966,3.9719873917830717,0.0023956050277777773,0.7757300296131792,0.03544166666666667,0.022743333333333334
Carrots,Organic Yellow Onion,0.0032016666666666665,0.14077385314377838,3.9719873917830717,0.0023956050277777773,0.765650304574,0.022743333333333334,0.03544166666666667
Organic Strawberries + Organic Hass Avocado,Organic Tomato Cluster,0.0010116666666666666,0.07974251182343668,3.9692639036056088,0.0007567915333333332,0.7576765079132036,0.012686666666666667,0.02009
Organic Tomato Cluster,Organic Strawberries + Organic Hass Avocado,0.0010116666666666666,0.050356728057076486,3.9692639036056083,0.0007567915333333332,0.7634008415223285,0.02009,0.012686666666666667
Organic Blueberries + Organic Hass Avocado,Organic Strawberries,0.0012416666666666667,0.3271848924022837,3.9690045781801873,0.0009288258416666668,0.7508973130210357,0.003795,0.082435
Original Hummus,Organic Peeled Whole Baby Carrots,0.0015483333333333334,0.06971857410881802,3.9672936708356232,0.001158058888888889,0.7649267507683075,0.022208333333333333,0.017573333333333333
Organic Peeled Whole Baby Carrots,Original Hummus,0.0015483333333333334,0.08810698027314112,3.967293670835623,0.001158058888888889,0.7613178956648109,0.017573333333333333,0.022208333333333333
Organic Blackberries,Organic Raspberries,0.00325,0.1689921137013606,3.9650894814960256,0.0024303463666666665,0.7624623029066824,0.019231666666666668,0.04262
Organic Raspberries,Organic Blackberries,0.00325,0.07625527921163773,3.965089481496025,0.0024303463666666665,0.7810888905672586,0.04262,0.019231666666666668
Organic Yellow Peaches,Organic Strawberries,0.0021483333333333333,0.32682555780933065,3.964645572988787,0.0016064605999999999,0.7527185136061119,0.006573333333333333,0.082435
Organic Strawberries + Organic Cucumber,Organic Hass Avocado,0.0013933333333333332,0.2636392305266477,3.961918006211207,0.0010416518166666666,0.7515690399839707,0.005285,0.06654333333333333
Organic Baby Spinach + Organic Raspberries,Organic Hass Avocado,0.001465,0.2632524707996406,3.9561058578315977,0.00109468635,0.7514077616680858,0.005565,0.06654333333333333
Garlic,Carrots,0.0010266666666666666,0.08990075890251022,3.952840051407455,0.0007669377999999999,0.7556468243969507,0.01142,0.022743333333333334
Organic Small Bunch Celery,Organic Garlic,0.0028283333333333333,0.13422447203986396,3.952040593969888,0.0021126692944444447,0.7630447872632005,0.021071666666666666,0.03396333333333333
Organic Garlic,Organic Small Bunch Celery,0.0028283333333333333,0.08327608204926881,3.9520405939698877,0.0021126692944444447,0.7732275467676376,0.03396333333333333,0.021071666666666666
Organic Whole Milk + Organic Raspberries,Organic Strawberries,0.00114,0.32571428571428573,3.95116498713272,0.0008514775,0.7495334548111372,0.0035,0.082435
Carrots,Organic Italian Parsley Bunch,0.0016883333333333334,0.07423420782646929,3.948628075876026,0.0012607586666666666,0.7641262609869606,0.022743333333333334,0.0188
Organic Italian Parsley Bunch,Carrots,0.0016883333333333334,0.08980496453900709,3.948628075876026,0.0012607586666666666,0.7610553227930905,0.0188,0.022743333333333334
Bag of Organic Bananas + Organic Cucumber,Organic Raspberries,0.0011583333333333333,0.16811804547653605,3.9445810764086358,0.0008646815333333332,0.7516666378107751,0.00689,0.04262
Organic Lemon,Organic Ginger Root,0.001735,0.06394741691750108,3.93886152864189,0.0012945173916666668,0.7669275569340407,0.027131666666666665,0.016235
Organic Ginger Root,Organic Lemon,0.001735,0.10686787804126886,3.9388615286418895,0.0012945173916666668,0.7584326888045674,0.016235,0.027131666666666665
Bag of Organic Bananas + Organic Zucchini,Organic Raspberries,0.001195,0.16768007483629563,3.93430489996001,0.0008912614666666669,0.7511788967225254,0.007126666666666667,0.04262
Organic Large Extra Fancy Fuji Apple,Bag of Organic Bananas + Organic Hass Avocado,0.0017866666666666667,0.0761904761904762,3.9324116743471587,0.0013323229166666666,0.7636097742051098,0.02345,0.019375
Bag of Organic Bananas + Organic Hass Avocado,Organic Large Extra Fancy Fuji Apple,0.0017866666666666667,0.09221505376344086,3.932411674347158,0.0013323229166666666,0.7604365838113447,0.019375,0.02345
Organic Baby Spinach + Organic Cucumber,Organic Hass Avocado,0.0013016666666666667,0.26155391828533153,3.930580347923632,0.0009705026777777778,0.7493137282736668,0.0049766666666666666,0.06654333333333333
Organic Red Bell Pepper,Organic Cilantro,0.0015566666666666667,0.08589295567408496,3.9304281119929056,0.0011606114222222222,0.7593364978997197,0.018123333333333335,0.021853333333333332
Organic Cilantro,Organic Red Bell Pepper,0.0015566666666666667,0.07123245881635143,3.930428111992905,0.0011606114222222222,0.7622321016304137,0.021853333333333332,0.018123333333333335
Cucumber Kirby,Organic Baby Spinach + Banana,0.0018716666666666667,0.06314664867296446,3.925809678145133,0.0013949072666666667,0.7680401875618258,0.02964,0.016085
Organic Baby Spinach + Banana,Cucumber Kirby,0.0018716666666666667,0.11636099886022173,3.9258096781451326,0.0013949072666666667,0.7574592077593018,0.016085,0.02964
Organic Russet Potato,Organic Garlic,0.0013316666666666668,0.13310011660836252,3.918935615125013,0.0009918635166666669,0.7523559950723763,0.010005,0.03396333333333333
Organic Raspberries + Organic Lemon,Organic Strawberries,0.0010016666666666668,0.3224248927038627,3.911262118079247,0.0007455686,0.7466476385750991,0.003106666666666667,0.082435
Bag of Organic Bananas + Fresh Cauliflower,Organic Hass Avocado,0.001145,0.26022727272727275,3.910643781905617,0.0008522093333333333,0.7475769660158262,0.0044,0.06654333333333333
Banana + Michigan Organic Kale,Organic Avocado,0.0010616666666666667,0.2149122807017544,3.9103398963201306,0.0007901642666666667,0.7479626907945659,0.00494,0.05496
Organic Coconut Milk,Limes,0.001465,0.17198199960868715,3.9067580269266,0.0010900087694444443,0.7504256656853666,0.008518333333333333,0.04402166666666667
Organic Raspberries + Organic Blueberries,Organic Strawberries,0.0013166666666666667,0.32166123778501626,3.901998396130482,0.0009792327333333333,0.7467778740556068,0.004093333333333333,0.082435
Organic Whole String Cheese + Organic Hass Avocado,Organic Strawberries,0.001025,0.321652719665272,3.90189506478161,0.0007623071333333335,0.7460918223633622,0.0031866666666666666,0.082435
Organic Italian Parsley Bunch,Organic Lemon,0.00199,0.10585106382978723,3.901384501374307,0.0014799246666666668,0.7579298175891007,0.0188,0.027131666666666665
Organic Lemon,Organic Italian Parsley Bunch,0.00199,0.07334602862583697,3.901384501374307,0.0014799246666666668,0.7644207458889698,0.027131666666666665,0.0188
Organic Large Extra Fancy Fuji Apple,Bag of Organic Bananas + Organic Strawberries,0.0017816666666666666,0.0759772565742715,3.890616535338644,0.0013237272499999999,0.7608123786229551,0.02345,0.019528333333333335
Bag of Organic Bananas + Organic Strawberries,Organic Large Extra Fancy Fuji Apple,0.0017816666666666666,0.0912349577536912,3.890616535338644,0.0013237272499999999,0.7577692998209165,0.019528333333333335,0.02345
Organic Baby Spinach + Organic Garlic,Limes,0.00111,0.171120246659815,3.8871823721610195,0.0008244461222222223,0.7475936450316932,0.006486666666666667,0.04402166666666667
No Salt Added Black Beans,Limes,0.0014983333333333333,0.17081512445373362,3.8802511896505574,0.001112189947222222,0.7488534181875958,0.008771666666666667,0.04402166666666667
Bag of Organic Bananas + Organic Unsweetened Almond Milk,Organic Hass Avocado,0.0011016666666666666,0.2580015612802498,3.8771962322333793,0.0008175266333333333,0.7452639411740477,0.00427,0.06654333333333333
Organic Strawberries + Organic Yellow Onion,Organic Hass Avocado,0.001365,0.257628184963825,3.871585207090493,0.0010124312388888888,0.7456586152141436,0.005298333333333334,0.06654333333333333
Organic Red Bell Pepper,Organic Yellow Onion,0.0024866666666666665,0.13720801912819566,3.8713760393565666,0.0018443455277777775,0.7553839877801803,0.018123333333333335,0.03544166666666667
Organic Yellow Onion,Organic Red Bell Pepper,0.0024866666666666665,0.07016223841993885,3.8713760393565666,0.0018443455277777775,0.7689466633001055,0.03544166666666667,0.018123333333333335
Organic Coconut Milk,Organic Garlic,0.0011183333333333334,0.1312854627274506,3.865505821791656,0.000829022338888889,0.7476705512913894,0.008518333333333333,0.03396333333333333
Bag of Organic Bananas + Organic Hass Avocado,Organic Garnet Sweet Potato (Yam),0.0012266666666666667,0.06331182795698925,3.861654648184767,0.0009090135416666668,0.7556850458613906,0.019375,0.016395
Organic Garnet Sweet Potato (Yam),Bag of Organic Bananas + Organic Hass Avocado,0.0012266666666666667,0.07481955880857985,3.8616546481847664,0.0009090135416666668,0.7533955684424399,0.016395,0.019375
Organic Bartlett Pear,Organic Large Extra Fancy Fuji Apple,0.0010566666666666667,0.09041642897889332,3.855711257095664,0.0007826143333333334,0.749402496673054,0.011686666666666666,0.02345
Banana + Large Lemon,Honeycrisp Apple,0.0012483333333333333,0.09738655571447145,3.854857727185834,0.0009244995055555556,0.7502034112426899,0.012818333333333333,0.025263333333333332
Bag of Organic Bananas + Limes,Large Lemon,0.0012083333333333334,0.1846193022663611,3.8531926172191686,0.0008947405666666667,0.7453532890006471,0.006545,0.047913333333333336
Bag of Organic Bananas + Organic Large Extra Fancy Fuji Apple,Organic Raspberries,0.00121,0.16421624066953178,3.853032394874045,0.0008959616333333333,0.7459606464764013,0.0073683333333333335,0.04262
Organic D'Anjou Pears + Organic Hass Avocado,Bag of Organic Bananas,0.0012783333333333334,0.4562760261748959,3.8421087336140785,0.0009456167388888889,0.7418045515799107,0.0028016666666666667,0.11875666666666666
Organic Garlic + Limes,Organic Avocado,0.0010366666666666666,0.21077600813283634,3.8350802062015346,0.0007663550666666666,0.7429031055576617,0.004918333333333334,0.05496
Red Raspberries,Strawberries,0.0014083333333333333,0.1707760711398545,3.8299186171754767,0.0010406144666666667,0.745041958841089,0.008246666666666666,0.04459
Banana + Organic Grape Tomatoes,Organic Avocado,0.0012283333333333332,0.21039109334855835,3.828076662091673,0.0009074585333333332,0.7431107398718799,0.005838333333333333,0.05496
Organic Baby Spinach + Organic Avocado,Cucumber Kirby,0.0010916666666666666,0.11332179930795845,3.823272581240164,0.0008061346666666665,0.7456268413708547,0.009633333333333334,0.02964
Asparagus,Broccoli Crown,0.00109,0.05156508712449736,3.820107701530858,0.0008046677305555556,0.754169154721258,0.021138333333333332,0.013498333333333333
Broccoli Crown,Asparagus,0.00109,0.0807507099641931,3.8201077015308575,0.0008046677305555556,0.7483284627723641,0.013498333333333333,0.021138333333333332
Bartlett Pears,Honeycrisp Apple,0.0010583333333333334,0.09629966636336065,3.8118353224710644,0.0007806893000000001,0.7458561400818619,0.01099,0.025263333333333332
Organic Baby Spinach + Organic Hass Avocado,Organic Yellow Onion,0.0014783333333333332,0.1350281625818237,3.8098705642649526,0.0010903061527777777,0.7456879314301539,0.010948333333333332,0.03544166666666667
Banana + Large Lemon,Yellow Onions,0.0011333333333333334,0.08841503055519438,3.8074369003887623,0.0008356702694444446,0.7469305245384141,0.012818333333333333,0.023221666666666668
Organic Garlic,Carrots,0.002926666666666667,0.08617136127195996,3.788862433180124,0.0021542272555555558,0.7619467911963895,0.03396333333333333,0.022743333333333334
Carrots,Organic Garlic,0.002926666666666667,0.12868239777224094,3.788862433180124,0.0021542272555555558,0.7531987894801326,0.022743333333333334,0.03396333333333333
Banana + Limes,Cucumber Kirby,0.0011233333333333334,0.1121837549933422,3.784877024066876,0.0008265381333333333,0.7432328615322097,0.010013333333333334,0.02964
Roma Tomato,Cucumber Kirby,0.00142,0.11181102362204724,3.7723017416345224,0.001043572,0.7443632727184539,0.0127,0.02964
Red Onion,Cucumber Kirby,0.00147,0.11178707224334601,3.7714936654300275,0.001080234,0.7446451448796574,0.01315,0.02964
Organic Large Extra Fancy Fuji Apple + Organic Raspberries,Bag of Organic Bananas,0.00121,0.4478716841455892,3.7713393000723263,0.0008891590722222222,0.7368328852932181,0.0027016666666666665,0.11875666666666666
Organic Strawberries + Organic Hass Avocado,Organic Large Extra Fancy Fuji Apple,0.0011216666666666666,0.08841303205465055,3.770278552437124,0.0008241643333333333,0.7442091410291201,0.012686666666666667,0.02345
Organic Grape Tomatoes,Organic Cucumber,0.002501666666666667,0.09589828775875288,3.765146751423356,0.0018372392666666667,0.7540774702043315,0.026086666666666668,0.02547
Organic Cucumber,Organic Grape Tomatoes,0.002501666666666667,0.09822012825546395,3.7651467514233556,0.0018372392666666667,0.7536003022977925,0.02547,0.026086666666666668
Organic Raspberries + Organic Hass Avocado,Bag of Organic Bananas,0.0035466666666666667,0.4470588235294118,3.764494542308461,0.0026045304444444447,0.7402325996767337,0.007933333333333334,0.11875666666666666
Bag of Organic Bananas + Organic Hass Avocado,Organic Tomato Cluster,0.0014633333333333334,0.07552688172043011,3.7594266660243956,0.0010740895833333333,0.7485042632670869,0.019375,0.02009
Organic Tomato Cluster,Bag of Organic Bananas + Organic Hass Avocado,0.0014633333333333334,0.07283889165422266,3.7594266660243956,0.0010740895833333333,0.7490504160242135,0.02009,0.019375
Organic Lemon,Organic Cucumber,0.0025883333333333335,0.09539898028134408,3.7455430028011025,0.0018972897833333334,0.7534586017972251,0.027131666666666665,0.02547
Organic Cucumber,Organic Lemon,0.0025883333333333335,0.10162282423766524,3.7455430028011025,0.0018972897833333334,0.752173882965255,0.02547,0.027131666666666665
Organic Avocado,Organic Baby Spinach + Banana,0.00331,0.06022561863173217,3.744210048600073,0.0024259684,0.7755449153129725,0.05496,0.016085
Organic Baby Spinach + Banana,Organic Avocado,0.00331,0.20578178427106,3.7442100486000727,0.0024259684,0.7449027271333108,0.016085,0.05496
Organic Strawberries + Large Lemon,Organic Avocado,0.0010516666666666667,0.2054705307717356,3.7385467753227,0.0007703630666666667,0.7362849384309997,0.005118333333333333,0.05496
Organic Garnet Sweet Potato (Yam),Organic Red Onion,0.001295,0.07898749618786215,3.736400008886573,0.0009484096999999999,0.7445699266501317,0.016395,0.02114
Organic Red Onion,Organic Garnet Sweet Potato (Yam),0.001295,0.061258278145695365,3.736400008886573,0.0009484096999999999,0.748179211228064,0.02114,0.016395
Fresh Cauliflower,Organic Lacinato (Dinosaur) Kale,0.00112,0.05015673981191222,3.7337523433185273,0.0008200336666666666,0.7488957589643404,0.02233,0.013433333333333334
Organic Lacinato (Dinosaur) Kale,Fresh Cauliflower,0.00112,0.08337468982630271,3.7337523433185273,0.0008200336666666666,0.7421423624015948,0.013433333333333334,0.02233
Bag of Organic Bananas + Organic Granny Smith Apple,Organic Hass Avocado,0.0011133333333333334,0.24823485693050912,3.730424138614073,0.0008148864833333333,0.735231480254811,0.004485,0.06654333333333333
Organic Ginger Root,Organic Cucumber,0.00154,0.09485679088389283,3.724255629520724,0.00112649455,0.7435616915955209,0.016235,0.02547
Organic Cucumber,Organic Ginger Root,0.00154,0.060463290145268946,3.7242556295207234,0.00112649455,0.7506079520717346,0.02547,0.016235
Bag of Organic Bananas + Organic Gala Apples,Organic Hass Avocado,0.0014533333333333334,0.24779766979255466,3.7238541771159848,0.0010630566833333334,0.7357763489286685,0.005865,0.06654333333333333
Organic Raspberries + Organic Hass Avocado,Organic Strawberries,0.0024333333333333334,0.3067226890756303,3.7207823021244653,0.001779349,0.7370868709110541,0.007933333333333334,0.082435
Michigan Organic Kale,Organic Ginger Root,0.001265,0.06029551954242136,3.713921745760478,0.0009243897000000001,0.7464023675203799,0.02098,0.016235
Organic Ginger Root,Michigan Organic Kale,0.001265,0.07791807822605482,3.7139217457604774,0.0009243897000000001,0.7428022402197704,0.016235,0.02098
Organic Cucumber,Bag of Organic Bananas + Organic Strawberries,0.001845,0.07243816254416961,3.709387857514873,0.00134761335,0.7495035964386919,0.02547,0.019528333333333335
Bag of Organic Bananas + Organic Strawberries,Organic Cucumber,0.001845,0.0944781087309038,3.7093878575148724,0.00134761335,0.7449615982485284,0.019528333333333335,0.02547
Banana + Large Lemon,Organic Avocado,0.0026116666666666667,0.20374463658822,3.7071440427259827,0.0019071710666666666,0.7397327083980789,0.012818333333333333,0.05496
Limes,Organic Red Onion,0.0034466666666666665,0.07829477908605612,3.703631934061311,0.002516048633333333,0.7636101598101241,0.04402166666666667,0.02114
Organic Red Onion,Limes,0.0034466666666666665,0.163040050457269,3.7036319340613106,0.002516048633333333,0.74576013719192,0.02114,0.04402166666666667
Organic Granny Smith Apple,Organic D'Anjou Pears,0.0010033333333333333,0.05494204618052387,3.700631758903718,0.0007322084555555556,0.7433506918759486,0.018261666666666666,0.014846666666666666
Organic D'Anjou Pears,Organic Granny Smith Apple,0.0010033333333333333,0.06757970363718006,3.700631758903718,0.0007322084555555556,0.7407738923800092,0.014846666666666666,0.018261666666666666
Organic Baby Spinach + Organic Grape Tomatoes,Organic Avocado,0.0010116666666666666,0.20328198258539854,3.698726029574209,0.0007381490666666666,0.7332859589985082,0.0049766666666666666,0.05496
Organic Ginger Root,Organic Yellow Onion,0.0021266666666666665,0.13099271122061387,3.6960087812070688,0.0015512712083333331,0.7414757307457098,0.016235,0.03544166666666667
Organic Yellow Onion,Organic Ginger Root,0.0021266666666666665,0.06000470256289676,3.6960087812070688,0.0015512712083333331,0.7562402884813118,0.03544166666666667,0.016235
Organic Hass Avocado + Organic Lemon,Limes,0.0010633333333333332,0.16267210606833246,3.6952736773936876,0.0007755783722222221,0.7341831596990404,0.006536666666666666,0.04402166666666667
Organic Lacinato (Dinosaur) Kale,Organic Garlic,0.001685,0.12543424317617866,3.6932253364268917,0.0012287592222222222,0.7391633879539813,0.013433333333333334,0.03396333333333333
Organic Ginger Root,Carrots,0.0013616666666666666,0.08387229237244637,3.6877748368362755,0.00099242865,0.7408616589224469,0.016235,0.022743333333333334
Carrots,Organic Ginger Root,0.0013616666666666666,0.059871024476036934,3.6877748368362755,0.00099242865,0.7457956489320522,0.022743333333333334,0.016235
Organic Whole String Cheese,Bag of Organic Bananas + Organic Strawberries,0.0013316666666666668,0.07183959719474915,3.6787367343901587,0.0009696764611111111,0.7419202842803739,0.018536666666666667,0.019528333333333335
Bag of Organic Bananas + Organic Strawberries,Organic Whole String Cheese,0.0013316666666666668,0.06819151659981224,3.6787367343901582,0.0009696764611111111,0.742670675791172,0.019528333333333335,0.018536666666666667
Organic Strawberries + Limes,Large Lemon,0.0010516666666666667,0.17625698324022346,3.678662513709965,0.0007657837777777778,0.7325328501261966,0.005966666666666667,0.047913333333333336
Organic Kiwi + Organic Hass Avocado,Bag of Organic Bananas,0.0012916666666666667,0.4363738738738739,3.674521070035708,0.0009401469333333334,0.7300165392788459,0.00296,0.11875666666666666
Organic Tomato Cluster,Organic Cucumber,0.0018783333333333334,0.09349593495934959,3.6708258719807456,0.0013666410333333335,0.7424985346924052,0.02009,0.02547
Organic Cucumber,Organic Tomato Cluster,0.0018783333333333334,0.07374689176809318,3.6708258719807456,0.0013666410333333335,0.7465975794797849,0.02547,0.02009
Organic Yellow Onion + Organic Garlic,Limes,0.001095,0.1614250614250614,3.6669457030642807,0.0007963863611111111,0.7322606485326479,0.006783333333333333,0.04402166666666667
Bag of Organic Bananas + Organic Baby Spinach,Organic Small Bunch Celery,0.0012183333333333334,0.07711783943453951,3.659788314539564,0.0008854361194444445,0.7384260536971027,0.015798333333333334,0.021071666666666666
Organic Small Bunch Celery,Bag of Organic Bananas + Organic Baby Spinach,0.0012183333333333334,0.05781855572253421,3.6597883145395635,0.0008854361194444445,0.7424038389859434,0.021071666666666666,0.015798333333333334
Organic Strawberries + Organic Whole String Cheese,Organic Hass Avocado,0.001025,0.24337158686189156,3.6573398817095364,0.0007447416611111112,0.7296502740900127,0.0042116666666666665,0.06654333333333333
Organic Whole Strawberries,Organic Raspberries,0.0015066666666666666,0.15570099896658626,3.6532378922239857,0.0010942471333333333,0.733366766987487,0.009676666666666667,0.04262
Organic Navel Orange,Organic Lemon,0.0013216666666666667,0.09907546226886557,3.6516541164272587,0.0009597302333333335,0.7359693315128992,0.01334,0.027131666666666665
Organic Hass Avocado + Apple Honeycrisp Organic,Bag of Organic Bananas,0.0021266666666666665,0.4335711858647638,3.650920811727879,0.0015441652166666665,0.7296755554647584,0.004905,0.11875666666666666
Carrots,Yellow Onions,0.0019266666666666666,0.08471346914846842,3.648035705812176,0.001398528561111111,0.7427730101705392,0.022743333333333334,0.023221666666666668
Yellow Onions,Carrots,0.0019266666666666666,0.08296849206918824,3.6480357058121755,0.001398528561111111,0.7431367499032301,0.023221666666666668,0.022743333333333334
Bag of Organic Bananas + Organic Large Extra Fancy Fuji Apple,Organic Hass Avocado,0.0017866666666666667,0.2424790771318706,3.643927422710073,0.0012963532055555555,0.7309567570431212,0.0073683333333333335,0.06654333333333333
Organic Zucchini,Fresh Cauliflower,0.0026583333333333333,0.08135679673552665,3.6433854337450358,0.0019287005833333332,0.7500374744785878,0.032675,0.02233
Fresh Cauliflower,Organic Zucchini,0.0026583333333333333,0.11904761904761904,3.6433854337450353,0.0019287005833333332,0.7421011179641391,0.02233,0.032675
Banana + Cucumber Kirby,Organic Avocado,0.0019516666666666667,0.20017094017094017,3.6421204543475283,0.0014158066666666667,0.7325772998951563,0.00975,0.05496
Organic Hass Avocado,Bag of Organic Bananas + Organic Strawberries,0.004731666666666667,0.0711065471121575,3.6411989645211653,0.0034321862722222225,0.7770743002871671,0.06654333333333333,0.019528333333333335
Bag of Organic Bananas + Organic Strawberries,Organic Hass Avocado,0.004731666666666667,0.24229751642912004,3.641198964521165,0.0034321862722222225,0.739812491027337,0.019528333333333335,0.06654333333333333
Bag of Organic Bananas + Organic Hass Avocado,Organic Red Bell Pepper,0.0012766666666666666,0.06589247311827957,3.6357811174331194,0.0009255270833333333,0.7392794798702672,0.019375,0.018123333333333335
Organic Red Bell Pepper,Bag of Organic Bananas + Organic Hass Avocado,0.0012766666666666666,0.07044325915026668,3.635781117433119,0.0009255270833333333,0.7383370687572242,0.018123333333333335,0.019375
Green Bell Pepper,Organic Cilantro,0.0014033333333333333,0.07944895263257218,3.6355530490804844,0.0010173306222222222,0.7379737622224308,0.017663333333333333,0.021853333333333332
Organic Cilantro,Green Bell Pepper,0.0014033333333333333,0.06421598535692495,3.6355530490804844,0.0010173306222222222,0.741134954883087,0.021853333333333332,0.017663333333333333
Bag of Organic Bananas + Organic Baby Spinach,Organic Hass Avocado,0.003821666666666667,0.24190315434117524,3.635272569370965,0.002770392905555556,0.7365537855155873,0.015798333333333334,0.06654333333333333
Organic Hass Avocado,Bag of Organic Bananas + Organic Baby Spinach,0.003821666666666667,0.05743124780844563,3.6352725693709647,0.002770392905555556,0.7765946606635018,0.06654333333333333,0.015798333333333334
Orange Bell Pepper,Cucumber Kirby,0.0013116666666666667,0.10769020251778873,3.633272689534033,0.0009506514666666667,0.7337025452862113,0.01218,0.02964
Organic Baby Spinach + Organic Yellow Onion,Organic Hass Avocado,0.0014783333333333332,0.24162353582130205,3.6310705177774194,0.0010711990388888887,0.7290597549902761,0.006118333333333333,0.06654333333333333
Organic Garbanzo Beans,Organic Garlic,0.0011533333333333333,0.12328523071441297,3.6299508503605744,0.0008356063499999999,0.7313560117908817,0.009355,0.03396333333333333
Organic Granny Smith Apple,Organic Small Bunch Celery,0.001395,0.07638952267956557,3.6252245201090996,0.0010101962472222222,0.737625282972457,0.018261666666666666,0.021071666666666666
Organic Small Bunch Celery,Organic Granny Smith Apple,0.001395,0.066202641778059,3.625224520109099,0.0010101962472222222,0.7397426259633324,0.021071666666666666,0.018261666666666666
Strawberries + Banana,Honeycrisp Apple,0.0011733333333333333,0.0915831924027579,3.6251428580059866,0.0008496679277777777,0.7335467586394355,0.012811666666666667,0.025263333333333332
Organic White Onions,Limes,0.0011316666666666667,0.15957696827262044,3.624964258644314,0.0008194796805555556,0.7293072147594161,0.007091666666666666,0.04402166666666667
Organic Lemon,Organic Hass Avocado,0.006536666666666666,0.24092388967381292,3.620556374399834,0.004731235127777777,0.7439849071259438,0.027131666666666665,0.06654333333333333
Organic Hass Avocado,Organic Lemon,0.006536666666666666,0.09823172869809146,3.620556374399833,0.004731235127777777,0.7753968475102628,0.06654333333333333,0.027131666666666665
Bag of Organic Bananas + Organic Raspberries,Organic Lemon,0.0012516666666666668,0.09822129217891709,3.620171712473141,0.0009059187944444446,0.7331123033291439,0.012743333333333334,0.027131666666666665
Organic Baby Spinach + Organic Raspberries,Organic Strawberries,0.00166,0.29829290206648695,3.618522497318942,0.0012012492250000001,0.7276937270367427,0.005565,0.082435
Organic Large Green Asparagus,Organic Hass Avocado,0.0014216666666666666,0.24007880664227407,3.607856634407766,0.0010276192277777776,0.7271329629051844,0.005921666666666667,0.06654333333333333
Bag of Organic Bananas + Organic Garnet Sweet Potato (Yam),Organic Baby Spinach,0.0010966666666666666,0.271900826446281,3.6058726403591406,0.0007925331666666666,0.7256012116143014,0.004033333333333333,0.075405
No Salt Added Black Beans,Organic Avocado,0.0017383333333333333,0.19817594527835836,3.605821420639708,0.001256242533333333,0.7290658029300351,0.008771666666666667,0.05496
Blueberries,Strawberries,0.0028183333333333333,0.16068034967692893,3.603506384322246,0.0020362247333333334,0.735391276291896,0.01754,0.04459
Strawberries,Blueberries,0.0028183333333333333,0.06320550198101219,3.6035063843222455,0.0020362247333333334,0.7562120066837654,0.04459,0.01754
Organic Broccoli,Organic Cucumber,0.0011016666666666666,0.09178006109414051,3.603457443821771,0.0007959417666666667,0.7312663784224417,0.012003333333333333,0.02547
Michigan Organic Kale,Organic Baby Spinach + Banana,0.001215,0.05791229742612011,3.6003915092396714,0.0008775367,0.737730003456047,0.02098,0.016085
Organic Baby Spinach + Banana,Michigan Organic Kale,0.001215,0.0755362138638483,3.6003915092396714,0.0008775367,0.7340597795373982,0.016085,0.02098
Organic Blackberries,Blueberries,0.0012133333333333334,0.06309038911517463,3.596943507136524,0.0008760099000000001,0.7361434467045543,0.019231666666666668,0.01754
Blueberries,Organic Blackberries,0.0012133333333333334,0.06917521854808058,3.5969435071365234,0.0008760099000000001,0.7348759046868895,0.01754,0.019231666666666668
Organic Strawberries + Organic Garlic,Organic Hass Avocado,0.0011566666666666667,0.23906303823630726,3.5925918685013367,0.000834707838888889,0.7251579844824522,0.004838333333333333,0.06654333333333333
Ground Turkey Breast,Organic Yellow Onion,0.0010566666666666667,0.12730923694779117,3.5920781645273783,0.0007625008333333333,0.7276491090562711,0.0083,0.03544166666666667
Organic Whole Milk,Organic Whole String Cheese,0.0030266666666666667,0.06658111824014665,3.591860361813342,0.0021840206944444443,0.7559572993550617,0.04545833333333334,0.018536666666666667
Organic Whole String Cheese,Organic Whole Milk,0.0030266666666666667,0.16327998561409818,3.591860361813342,0.0021840206944444443,0.7352212924801533,0.018536666666666667,0.04545833333333334
Organic Red Bell Pepper,Organic Small Bunch Celery,0.00137,0.07559315799153944,3.5874313687355586,0.000988111161111111,0.7345617297917665,0.018123333333333335,0.021071666666666666
Organic Small Bunch Celery,Organic Red Bell Pepper,0.00137,0.06501621450605077,3.587431368735558,0.000988111161111111,0.7367740805426753,0.021071666666666666,0.018123333333333335
Organic Large Extra Fancy Fuji Apple + Organic Strawberries,Organic Hass Avocado,0.0011216666666666666,0.23865248226950356,3.5864221149552207,0.000808913,0.7245760871041891,0.0047,0.06654333333333333
Strawberries + Banana,Seedless Red Grapes,0.0011916666666666666,0.093014179784051,3.582290767727749,0.0008590117416666667,0.7302041461045232,0.012811666666666667,0.025965
Organic Large Extra Fancy Fuji Apple + Organic Hass Avocado,Bag of Organic Bananas,0.0017866666666666667,0.4252280840936136,3.580667056672863,0.0012876907388888888,0.7237634412080629,0.004201666666666667,0.11875666666666666
Organic Garnet Sweet Potato (Yam),Fresh Cauliflower,0.00131,0.07990240927111925,3.5782538858539743,0.00094389965,0.7325441452305201,0.016395,0.02233
Fresh Cauliflower,Organic Garnet Sweet Potato (Yam),0.00131,0.05866547245857591,3.5782538858539743,0.00094389965,0.7369910951235751,0.02233,0.016395
Organic Navel Orange,Apple Honeycrisp Organic,0.001235,0.09257871064467767,3.573088021793812,0.0008893606,0.7298664590495509,0.01334,0.02591
Organic Garlic,Yellow Onions,0.002815,0.08288350181568357,3.569231399512678,0.0020263147944444442,0.7451349006923785,0.03396333333333333,0.023221666666666668
Yellow Onions,Organic Garlic,0.002815,0.1212229957654489,3.5692313995126774,0.0020263147944444442,0.736940625234176,0.023221666666666668,0.03396333333333333
Bag of Organic Bananas + Organic Baby Carrots,Organic Hass Avocado,0.001155,0.23749143248800547,3.5689740893854456,0.0008313775888888889,0.7233252078616702,0.004863333333333333,0.06654333333333333
Bag of Organic Bananas + Organic Raspberries,Organic Cucumber,0.0011583333333333333,0.09089720115092859,3.5687947055723828,0.0008337606333333333,0.7290843169975916,0.012743333333333334,0.02547
Organic Navel Orange,Organic Gala Apples,0.00107,0.08020989505247376,3.568320384925058,0.0007701390333333334,0.729487468752157,0.01334,0.022478333333333333
Bag of Organic Bananas + Organic Kiwi,Organic Strawberries,0.00132,0.2938775510204082,3.5649608906460633,0.0009497294583333334,0.7227383134802712,0.004491666666666666,0.082435
Organic Baby Broccoli,Organic Zucchini,0.0011533333333333333,0.1162048698572628,3.5563846934127863,0.0008290339583333332,0.726021332534655,0.009925,0.032675
Organic Strawberries + Apple Honeycrisp Organic,Organic Hass Avocado,0.0011433333333333334,0.23638869745003446,3.552402406201991,0.0008214854111111111,0.7219923961283411,0.004836666666666667,0.06654333333333333
Bag of Organic Bananas + Organic Whole String Cheese,Organic Strawberries,0.0013316666666666668,0.2925668253387038,3.549060779264922,0.0009564500250000001,0.7215194288246475,0.0045516666666666665,0.082435
Fresh Ginger Root,Large Lemon,0.0013066666666666667,0.16988082340195015,3.545585572602271,0.0009381332777777778,0.7235242485011842,0.007691666666666667,0.047913333333333336
Organic Cilantro,Fresh Cauliflower,0.00173,0.0791641244661379,3.5451914225767083,0.0012420150666666667,0.7339674188605513,0.021853333333333332,0.02233
Fresh Cauliflower,Organic Cilantro,0.00173,0.077474249888043,3.5451914225767083,0.0012420150666666667,0.7343252674219167,0.02233,0.021853333333333332
Broccoli Crown,Cucumber Kirby,0.0014183333333333333,0.10507470058031856,3.5450303839513686,0.0010182427333333332,0.7277382237463326,0.013498333333333333,0.02964
Organic Coconut Milk,Organic Yellow Onion,0.00107,0.1256114263353551,3.5441737973765837,0.0007680960694444443,0.7240141880653156,0.008518333333333333,0.03544166666666667
Bag of Organic Bananas + Organic Baby Spinach,Organic Unsweetened Almond Milk,0.0010183333333333333,0.06445827618947146,3.5429613149214805,0.0007309089888888889,0.7292715089774355,0.015798333333333334,0.018193333333333332
Organic Unsweetened Almond Milk,Bag of Organic Bananas + Organic Baby Spinach,0.0010183333333333333,0.055972883840234515,3.5429613149214796,0.0007309089888888889,0.7310504796478332,0.018193333333333332,0.015798333333333334
Organic Baby Spinach + Organic Garlic,Large Lemon,0.0011,0.1695786228160329,3.5392783390016604,0.0007892021777777779,0.7221408119862762,0.006486666666666667,0.047913333333333336
Bag of Organic Bananas + Organic Blueberries,Organic Strawberries,0.002033333333333333,0.2915173237753883,3.536329517503346,0.001458349208333333,0.7222586763990306,0.006975,0.082435
Organic Lacinato (Dinosaur) Kale,Organic Cucumber,0.0012083333333333334,0.08995037220843673,3.5316204243595104,0.0008661863333333334,0.7266045836425639,0.013433333333333334,0.02547
Organic Ginger Root,Fresh Cauliflower,0.00128,0.07884200800739145,3.530766144531637,0.0009174724500000001,0.728604241421986,0.016235,0.02233
Fresh Cauliflower,Organic Ginger Root,0.00128,0.05732198835647112,3.5307661445316367,0.0009174724500000001,0.7331465132023075,0.02233,0.016235
Organic Basil,Organic Yellow Onion,0.0010733333333333333,0.12512142995919953,3.5303483647081926,0.0007693029027777776,0.7229434850823261,0.008578333333333334,0.03544166666666667
Roma Tomato,Yellow Onions,0.00104,0.08188976377952756,3.526437828731539,0.0007450848333333332,0.7256433954815905,0.0127,0.023221666666666668
Organic Ginger Root,Organic Red Onion,0.00121,0.07453033569448722,3.5255598720192634,0.0008667920999999999,0.7281790950460898,0.016235,0.02114
Organic Red Onion,Organic Ginger Root,0.00121,0.05723746452223273,3.525559872019263,0.0008667920999999999,0.7318279503075175,0.02114,0.016235
Organic Lacinato (Dinosaur) Kale,Organic Yellow Onion,0.0016766666666666666,0.12481389578163772,3.5216711718308313,0.0012005669444444442,0.7257937323855629,0.013433333333333334,0.03544166666666667
Organic Cilantro,Organic Yellow Onion,0.0027266666666666667,0.12477120195241001,3.5204665493273453,0.001952148111111111,0.7319421150369064,0.021853333333333332,0.03544166666666667
Organic Yellow Onion,Organic Cilantro,0.0027266666666666667,0.07693392899130025,3.5204665493273453,0.001952148111111111,0.7422534389829195,0.03544166666666667,0.021853333333333332
Organic Small Bunch Celery,Organic Garnet Sweet Potato (Yam),0.001215,0.05766036541959978,3.5169481805184373,0.000869530025,0.7310673801621103,0.021071666666666666,0.016395
Organic Garnet Sweet Potato (Yam),Organic Small Bunch Celery,0.001215,0.07410795974382434,3.5169481805184373,0.000869530025,0.7275914335698385,0.016395,0.021071666666666666
Organic Carrot Bunch,Organic Garlic,0.0013566666666666666,0.11940736394308345,3.515772812143001,0.0009707865944444444,0.7237909862546779,0.011361666666666667,0.03396333333333333
Organic Grape Tomatoes + Organic Avocado,Organic Baby Spinach,0.0010116666666666666,0.26506550218340613,3.515224483567484,0.0007238709166666666,0.7182645228850795,0.0038166666666666666,0.075405
Cucumber Kirby,Boneless Skinless Chicken Breasts,0.0016116666666666666,0.05437471884840306,3.5125787369769417,0.0011528394666666666,0.7371582431288202,0.02964,0.01548
Boneless Skinless Chicken Breasts,Cucumber Kirby,0.0016116666666666666,0.10411283376399655,3.5125787369769417,0.0011528394666666666,0.7265559590485535,0.01548,0.02964
Honeycrisp Apple,Banana + Organic Avocado,0.0014616666666666667,0.05785723710252012,3.512530836943446,0.0010455374611111111,0.7338443447952536,0.025263333333333332,0.016471666666666666
Banana + Organic Avocado,Honeycrisp Apple,0.0014616666666666667,0.08873823737731458,3.5125308369434456,0.0010455374611111111,0.7272845796659743,0.016471666666666666,0.025263333333333332
Organic Cucumber,Organic Granny Smith Apple,0.0016333333333333334,0.06412773197225494,3.511603466583277,0.0011682086833333335,0.7339228203569403,0.02547,0.018261666666666666
Organic Granny Smith Apple,Organic Cucumber,0.0016333333333333334,0.08944054029387606,3.511603466583277,0.0011682086833333335,0.7285340521379075,0.018261666666666666,0.02547
Bag of Organic Bananas + Organic Raspberries,Organic Strawberries,0.003681666666666667,0.28890923358618886,3.5046913760682825,0.0026311699833333336,0.7238929806684716,0.012743333333333334,0.082435
Organic Strawberries + Organic Raspberries,Organic Lemon,0.0010016666666666668,0.09498972656867395,3.5010649266665257,0.0007155632416666667,0.7219859626079808,0.010545,0.027131666666666665
Organic Garnet Sweet Potato (Yam),Organic Red Bell Pepper,0.00104,0.06343397377249162,3.500127300303013,0.0007428679499999998,0.7262021906855198,0.016395,0.018123333333333335
Organic Red Bell Pepper,Organic Garnet Sweet Potato (Yam),0.00104,0.057384587088467894,3.5001273003030127,0.0007428679499999998,0.727480476946423,0.018123333333333335,0.016395
Organic Lacinato (Dinosaur) Kale,Carrots,0.0010683333333333332,0.07952853598014889,3.496784522064292,0.0007628145555555554,0.7237452967389228,0.013433333333333334,0.022743333333333334
Organic Lemon,Organic Garlic,0.0032216666666666665,0.1187419374654463,3.496180315991156,0.0023001848277777776,0.7338850882697945,0.027131666666666665,0.03396333333333333
Organic Garlic,Organic Lemon,0.0032216666666666665,0.09485719894003337,3.4961803159911558,0.0023001848277777776,0.739075013732972,0.03396333333333333,0.027131666666666665
Organic D'Anjou Pears,Organic Cucumber,0.0013216666666666667,0.08902110462505614,3.49513563506306,0.0009435220666666668,0.724646658000352,0.014846666666666666,0.02547
Organic Cucumber,Organic D'Anjou Pears,0.0013216666666666667,0.05189111372856956,3.49513563506306,0.0009435220666666668,0.732546017688431,0.02547,0.014846666666666666
Banana + Yellow Onions,Large Lemon,0.0011333333333333334,0.16711722782010321,3.487906521916722,0.0008084010777777779,0.7181654271660152,0.006781666666666667,0.047913333333333336
Limes + Organic Hass Avocado,Large Lemon,0.0010466666666666667,0.16693248272195638,3.4840507038115285,0.0007462500666666667,0.7174763473988277,0.00627,0.047913333333333336
Michigan Organic Kale,Organic Garnet Sweet Potato (Yam),0.0011966666666666666,0.05703844931680966,3.479014901909708,0.0008526995666666667,0.7278322322094707,0.02098,0.016395
Organic Garnet Sweet Potato (Yam),Michigan Organic Kale,0.0011966666666666666,0.07298973264206567,3.4790149019097076,0.0008526995666666667,0.7244394975398823,0.016395,0.02098
Organic Strawberries + Organic Hass Avocado,Apple Honeycrisp Organic,0.0011433333333333334,0.09012086179716239,3.4782270087673637,0.0008146218000000001,0.7216525667294214,0.012686666666666667,0.02591
Organic Whole Strawberries,Organic Blueberries,0.001045,0.10799173269032036,3.4746374739485315,0.0007442491999999998,0.7191592557860493,0.009676666666666667,0.03108
Bag of Organic Bananas + Organic Baby Spinach,Organic Large Extra Fancy Fuji Apple,0.0012866666666666666,0.08144319020993776,3.4730571518097126,0.0009161957499999999,0.7234993191618541,0.015798333333333334,0.02345
Organic Large Extra Fancy Fuji Apple,Bag of Organic Bananas + Organic Baby Spinach,0.0012866666666666666,0.054868514570007104,3.473057151809712,0.0009161957499999999,0.7291682307626801,0.02345,0.015798333333333334
Banana + Organic Zucchini,Large Lemon,0.0010116666666666666,0.16639254385964913,3.472781630575674,0.0007203536,0.7164021169633944,0.00608,0.047913333333333336
Organic Carrot Bunch,Organic Zucchini,0.0012883333333333334,0.11339298811794042,3.4703286340609156,0.0009170908749999999,0.720023519746155,0.011361666666666667,0.032675
Organic Strawberries + Organic Raspberries,Organic Hass Avocado,0.0024333333333333334,0.23075707286233602,3.467771470154827,0.0017316338833333333,0.7192144797021579,0.010545,0.06654333333333333
Organic Green Seedless Grapes,Organic Strawberries,0.0018916666666666667,0.28582221102996724,3.4672434163882726,0.0013460843583333335,0.7163273380328011,0.006618333333333334,0.082435
Banana + Seedless Red Grapes,Strawberries,0.0011916666666666666,0.1545945945945946,3.4670238751871407,0.0008479520833333333,0.7170957952398221,0.0077083333333333335,0.04459
Bag of Organic Bananas + Organic Hass Avocado,Organic Whole String Cheese,0.001245,0.06425806451612903,3.4665382763601347,0.0008858520833333334,0.7255860066567524,0.019375,0.018536666666666667
Organic Whole String Cheese,Bag of Organic Bananas + Organic Hass Avocado,0.001245,0.06716417910447761,3.4665382763601347,0.0008858520833333334,0.7249662352247268,0.018536666666666667,0.019375
Organic Raspberries + Apple Honeycrisp Organic,Bag of Organic Bananas,0.0013233333333333333,0.41139896373056994,3.464217843746905,0.0009413327222222222,0.7136300608266414,0.0032166666666666667,0.11875666666666666
Organic Garnet Sweet Potato (Yam),Organic Garlic,0.0019216666666666666,0.11721053166615839,3.4510903425112884,0.0013648378166666666,0.7220749231349626,0.016395,0.03396333333333333
Organic Garlic,Organic Garnet Sweet Potato (Yam),0.0019216666666666666,0.05658062616547257,3.451090342511288,0.0013648378166666666,0.7352065705961798,0.03396333333333333,0.016395
Limes + Organic Cilantro,Organic Avocado,0.00105,0.18947368421052632,3.4474833371638702,0.0007454299999999998,0.7138894708174465,0.005541666666666667,0.05496
Jalapeno Peppers,Organic Garlic,0.0015583333333333332,0.11705057586379568,3.4463806810421733,0.0011061681555555555,0.7194183843867017,0.013313333333333333,0.03396333333333333
Organic Gala Apples + Organic Hass Avocado,Bag of Organic Bananas,0.0014533333333333334,0.4091975598310652,3.445680746324966,0.001031549238888889,0.7123114793288536,0.0035516666666666665,0.11875666666666666
Organic Blueberries,Organic Blackberries,0.0020566666666666667,0.06617331617331618,3.440851867925271,0.0014589464666666667,0.7321288599427082,0.03108,0.019231666666666668
Organic Blackberries,Organic Blueberries,0.0020566666666666667,0.10694167605511742,3.440851867925271,0.0014589464666666667,0.7232842567059046,0.019231666666666668,0.03108
Bag of Organic Bananas + Organic Raspberries,Organic Blueberries,0.0013616666666666666,0.10685325660476067,3.438006969265144,0.0009656038666666666,0.7182871795678399,0.012743333333333334,0.03108
Organic Small Bunch Celery,Fresh Cauliflower,0.0016166666666666666,0.07672229692319861,3.435839539776024,0.00114613635,0.7242106448932717,0.021071666666666666,0.02233
Fresh Cauliflower,Organic Small Bunch Celery,0.0016166666666666666,0.07239886550231378,3.435839539776024,0.00114613635,0.7251427573594658,0.02233,0.021071666666666666
Organic Raspberries + Organic Cucumber,Bag of Organic Bananas,0.0011583333333333333,0.4078638497652582,3.4344501341560463,0.0008210644,0.7108513934971,0.00284,0.11875666666666666
Pineapple Chunks,Organic Baby Spinach,0.00201,0.25863178211451854,3.4299022891654207,0.0014239774750000002,0.7139954395326926,0.007771666666666666,0.075405
Organic Raspberries,Organic Kiwi,0.002275,0.05337869544814641,3.4297726781846056,0.0016116907333333336,0.7399731425134086,0.04262,0.015563333333333334
Organic Kiwi,Organic Raspberries,0.002275,0.14617691154422788,3.4297726781846056,0.0016116907333333336,0.7196354129903267,0.015563333333333334,0.04262
Organic Lemon,Bag of Organic Bananas + Organic Baby Spinach,0.00147,0.05418023220099515,3.4294903809048516,0.001041364886111111,0.7281678957759776,0.027131666666666665,0.015798333333333334
Bag of Organic Bananas + Organic Baby Spinach,Organic Lemon,0.00147,0.09304778985125013,3.4294903809048516,0.001041364886111111,0.7197828566473495,0.015798333333333334,0.027131666666666665
Bag of Organic Bananas + Organic Baby Spinach,Organic Tomato Cluster,0.0010883333333333333,0.06888912332524529,3.4290255512814976,0.0007709448166666666,0.7197426951967166,0.015798333333333334,0.02009
Organic Tomato Cluster,Bag of Organic Bananas + Organic Baby Spinach,0.0010883333333333333,0.054172888667662185,3.4290255512814967,0.0007709448166666666,0.7228949191086601,0.02009,0.015798333333333334
Organic Strawberries + Organic Whole Milk,Organic Raspberries,0.00114,0.14602903501280956,3.4263030270485584,0.0008072798666666666,0.7137119451700897,0.007806666666666667,0.04262
Organic Baby Spinach + Organic Hass Avocado,Organic Garlic,0.0012733333333333333,0.11630385142335213,3.4243944868981884,0.0009014914388888889,0.7158145460631763,0.010948333333333332,0.03396333333333333
Organic Baby Spinach + Organic Blueberries,Organic Strawberries,0.0012066666666666667,0.2821512081060016,3.4227113253593937,0.00085411965,0.7108741358092086,0.0042766666666666665,0.082435
Limes,Organic Ginger Root,0.00244,0.05542725173210162,3.414059238195357,0.0017253082416666665,0.7396543593212538,0.04402166666666667,0.016235
Organic Ginger Root,Limes,0.00244,0.15029257776408994,3.414059238195357,0.0017253082416666665,0.7187626533437017,0.016235,0.04402166666666667
Organic Small Bunch Celery,Organic Cilantro,0.0015716666666666667,0.0745867278335838,3.413059540890046,0.0011111805111111111,0.7222262593151642,0.021071666666666666,0.021853333333333332
Organic Cilantro,Organic Small Bunch Celery,0.0015716666666666667,0.07191885295912141,3.4130595408900457,0.0011111805111111111,0.7228034122227356,0.021853333333333332,0.021071666666666666
Garlic,Limes,0.001715,0.15017513134851138,3.4113913152276085,0.0012122725666666666,0.7150301142644727,0.01142,0.04402166666666667
Organic Grape Tomatoes,Organic Red Bell Pepper,0.0016116666666666666,0.061781242013800156,3.408933714206372,0.001138889311111111,0.725581133464767,0.026086666666666668,0.018123333333333335
Organic Red Bell Pepper,Organic Grape Tomatoes,0.0016116666666666666,0.08892771749126355,3.4089337142063716,0.001138889311111111,0.7196964387548159,0.018123333333333335,0.026086666666666668
Organic Garlic + Organic Avocado,Organic Baby Spinach,0.0011033333333333333,0.25688785409390763,3.406774803977291,0.0007794688583333333,0.7095146084456913,0.004295,0.075405
Carrots,Michigan Organic Kale,0.001625,0.07144950901363037,3.405601001602973,0.0011478448666666667,0.7228050684005278,0.022743333333333334,0.02098
Michigan Organic Kale,Carrots,0.001625,0.07745471877979028,3.4056010016029727,0.0011478448666666667,0.7215032091222568,0.02098,0.022743333333333334
Organic Whole String Cheese,Original Hummus,0.0014016666666666667,0.07561589642150693,3.4048433660716064,0.0009899981944444444,0.7196404687429951,0.018536666666666667,0.022208333333333333
Original Hummus,Organic Whole String Cheese,0.0014016666666666667,0.06311444652908067,3.404843366071606,0.0009899981944444444,0.7223427620956024,0.022208333333333333,0.018536666666666667
Broccoli Crown,Large Lemon,0.002201666666666667,0.16310655636498336,3.404199729337346,0.0015549165222222224,0.7159087784568122,0.013498333333333333,0.047913333333333336
Red Onion,Limes,0.0019666666666666665,0.14955640050697083,3.3973361717405255,0.0013877817499999999,0.7150547066809906,0.01315,0.04402166666666667
Banana + Organic Raspberries,Organic Strawberries,0.0019883333333333333,0.2797842401500938,3.3939981822052987,0.0014024952666666667,0.7104108998995049,0.0071066666666666665,0.082435
Organic Raspberries + Organic Lemon,Bag of Organic Bananas,0.0012516666666666668,0.4028969957081545,3.3926263427301304,0.000882729288888889,0.7074408900000868,0.003106666666666667,0.11875666666666666
Organic Lemon,Organic Yellow Onion,0.0032616666666666666,0.12021622949812644,3.3919462825711664,0.0023000751805555553,0.7248504101000849,0.027131666666666665,0.03544166666666667
Organic Yellow Onion,Organic Lemon,0.0032616666666666666,0.09202915588996001,3.391946282571166,0.0023000751805555553,0.7310952443415928,0.03544166666666667,0.027131666666666665
Banana + Limes,Organic Garlic,0.0011533333333333333,0.11517976031957389,3.391297290791262,0.0008132471555555554,0.7122596851696568,0.010013333333333334,0.03396333333333333
Banana + Organic Garlic,Organic Baby Spinach,0.0015466666666666667,0.2556473829201102,3.3903240225463853,0.0010904664166666667,0.7093344150212232,0.00605,0.075405
Organic Blueberries + Organic Hass Avocado,Bag of Organic Bananas,0.0015266666666666666,0.40228370663153273,3.3874620930603143,0.0010759851166666666,0.7074786259268772,0.003795,0.11875666666666666
Organic Strawberries + Organic Zucchini,Organic Hass Avocado,0.00111,0.2252282718971931,3.384685747090013,0.0007820522722222223,0.7080410589487826,0.004928333333333333,0.06654333333333333
Bag of Organic Bananas + Organic Hass Avocado,Organic Small Bunch Celery,0.0013816666666666667,0.07131182795698925,3.3842519001972278,0.000973403125,0.7184333678531808,0.019375,0.021071666666666666
Organic Small Bunch Celery,Bag of Organic Bananas + Organic Hass Avocado,0.0013816666666666667,0.06556988056632128,3.3842519001972273,0.000973403125,0.7196785478177926,0.021071666666666666,0.019375
Red Peppers,Organic Zucchini,0.0019383333333333334,0.11049881235154395,3.3817540122890266,0.001365159375,0.7168705688788394,0.017541666666666667,0.032675
Organic Zucchini,Red Peppers,0.0019383333333333334,0.059321601632236674,3.3817540122890266,0.001365159375,0.7280856633669377,0.032675,0.017541666666666667
Strawberries + Honeycrisp Apple,Banana,0.0011733333333333333,0.4968242766407903,3.381021992179321,0.000826298225,0.7058985388105212,0.002361666666666667,0.146945
Apple Honeycrisp Organic,Bag of Organic Bananas + Organic Strawberries,0.00171,0.06599768429177924,3.379586120599773,0.0012040208833333332,0.7228344195373071,0.02591,0.019528333333333335
Bag of Organic Bananas + Organic Strawberries,Apple Honeycrisp Organic,0.00171,0.0875650763847401,3.3795861205997726,0.0012040208833333332,0.7181296550066163,0.019528333333333335,0.02591
Fresh Cauliflower,Organic Garlic,0.00256,0.11464397671294224,3.3755219367830676,0.001801598766666667,0.7198231696064794,0.02233,0.03396333333333333
Organic Garlic,Fresh Cauliflower,0.00256,0.0753754048483659,3.3755219367830676,0.001801598766666667,0.7284915185025759,0.03396333333333333,0.02233
Banana + Cucumber Kirby,Large Lemon,0.0015766666666666668,0.1617094017094017,3.3750396906094693,0.0011095116666666668,0.7106358880693527,0.00975,0.047913333333333336
Organic Baby Spinach + Organic Avocado,Organic Garlic,0.0011033333333333333,0.11453287197231835,3.3722506224060758,0.0007761532222222222,0.7103047372467561,0.009633333333333334,0.03396333333333333
Organic Zucchini,Carrots,0.0025033333333333335,0.07661310890079062,3.368596316904175,0.0017601949166666667,0.7268916300849292,0.032675,0.022743333333333334
Carrots,Organic Zucchini,0.0025033333333333335,0.11006888465484392,3.3685963169041746,0.0017601949166666667,0.7195043738818913,0.022743333333333334,0.032675
Organic Zucchini,Organic Red Bell Pepper,0.0019933333333333335,0.06100484570262688,3.3660941163855185,0.0014011534166666667,0.7266635042488219,0.032675,0.018123333333333335
Organic Red Bell Pepper,Organic Zucchini,0.0019933333333333335,0.1099871252528968,3.366094116385518,0.0014011534166666667,0.7158941627911432,0.018123333333333335,0.032675
Organic Large Brown Grade AA Cage Free Eggs,Organic Raspberries,0.0014116666666666668,0.14346205962059622,3.3660736654292873,0.0009922858666666667,0.709903418945851,0.00984,0.04262
Organic Baby Spinach + Organic Avocado,Limes,0.0014266666666666666,0.14809688581314878,3.364181709305617,0.0010025912777777777,0.7095865796896396,0.009633333333333334,0.04402166666666667
Organic Italian Parsley Bunch,Organic Cucumber,0.00161,0.08563829787234044,3.3623202933781093,0.001131164,0.7160480385280541,0.0188,0.02547
Organic Cucumber,Organic Italian Parsley Bunch,0.00161,0.06321162151550845,3.362320293378109,0.001131164,0.7209489039883089,0.02547,0.0188
Organic Garlic,Michigan Organic Kale,0.002395,0.07051722445774855,3.3611641781577006,0.0016824492666666668,0.7271815454070063,0.03396333333333333,0.02098
Michigan Organic Kale,Organic Garlic,0.002395,0.11415633937082936,3.3611641781577006,0.0016824492666666668,0.7175379830713363,0.02098,0.03396333333333333
Red Peppers,Cucumber Kirby,0.0017433333333333333,0.09938242280285035,3.3529832254672858,0.0012233983333333333,0.7142879269129602,0.017541666666666667,0.02964
Cucumber Kirby,Red Peppers,0.0017433333333333333,0.058816914080071975,3.3529832254672858,0.0012233983333333333,0.7231935840255458,0.02964,0.017541666666666667
Organic Blueberries,Bag of Organic Bananas + Organic Strawberries,0.002033333333333333,0.06542256542256543,3.3501356365570754,0.0014263927333333331,0.7240067528287368,0.03108,0.019528333333333335
Bag of Organic Bananas + Organic Strawberries,Organic Blueberries,0.002033333333333333,0.10412221558419389,3.350135636557075,0.0014263927333333331,0.7154766902502568,0.019528333333333335,0.03108
Banana + Yellow Onions,Limes,0.001,0.14745637748832638,3.3496318666185525,0.0007014597305555556,0.7062492777407676,0.006781666666666667,0.04402166666666667
Organic Strawberries + Organic Baby Spinach,Organic Grape Tomatoes,0.00105,0.08734229862747817,3.3481586491494313,0.0007363947888888888,0.709862095866175,0.012021666666666667,0.026086666666666668
Organic Red Bell Pepper + Bag of Organic Bananas,Organic Strawberries,0.0011266666666666667,0.2758057935536516,3.345736562790703,0.0007899196916666667,0.7039879431144866,0.004085,0.082435
Grated Parmesan,Organic Garlic,0.0016266666666666667,0.11358082159897591,3.3442189105596993,0.0011402551277777777,0.7111615313766749,0.014321666666666667,0.03396333333333333
Organic Cucumber,Organic Red Onion,0.0017983333333333334,0.07060594163067661,3.339921553012139,0.0012598975333333335,0.7189022094317808,0.02547,0.02114
Organic Red Onion,Organic Cucumber,0.0017983333333333334,0.08506780195521918,3.339921553012139,0.0012598975333333335,0.715722136115025,0.02114,0.02547
Organic Strawberries + Limes,Organic Hass Avocado,0.001325,0.22206703910614525,3.337179368423763,0.0009279581111111112,0.704549556589116,0.005966666666666667,0.06654333333333333
Yellow Bell Pepper,Large Lemon,0.0012716666666666666,0.15989103101424978,3.3370884447109317,0.0008905959555555555,0.7059522533171887,0.007953333333333333,0.047913333333333336
Bag of Organic Bananas + Organic Hass Avocado,Organic Gala Apples,0.0014533333333333334,0.07501075268817205,3.337024661741175,0.0010178156250000001,0.7141688739979302,0.019375,0.022478333333333333
Organic Gala Apples,Bag of Organic Bananas + Organic Hass Avocado,0.0014533333333333334,0.06465485282123526,3.3370246617411747,0.0010178156250000001,0.7164361424870926,0.022478333333333333,0.019375
Organic Lemon,Organic Small Bunch Celery,0.0019033333333333333,0.07015172922169667,3.3291969890862934,0.0013316238972222222,0.7191386979308971,0.027131666666666665,0.021071666666666666
Organic Small Bunch Celery,Organic Lemon,0.0019033333333333333,0.0903266629755596,3.329196989086293,0.0013316238972222222,0.7146869108479531,0.021071666666666666,0.027131666666666665
Bag of Organic Bananas + Organic Small Bunch Celery,Organic Baby Spinach,0.0012183333333333334,0.2509440439409543,3.3279496577276615,0.0008522420583333334,0.7029273978792208,0.004855,0.075405
Organic Baby Spinach + Organic Hass Avocado,Organic Zucchini,0.0011883333333333333,0.10854011265032731,3.3218091094208817,0.0008305965416666667,0.7066963690122808,0.010948333333333332,0.032675
Organic Raspberries + Organic Zucchini,Bag of Organic Bananas,0.001195,0.39417262231995615,3.3191620595611995,0.0008349693722222223,0.700843864918726,0.0030316666666666665,0.11875666666666666
Strawberries + Organic Fuji Apple,Banana,0.0011233333333333334,0.487346348517715,3.3165221580708093,0.0007846251083333334,0.7000930393815905,0.002305,0.146945
Organic Black Beans,Organic Yellow Onion,0.0013983333333333332,0.11752346266984172,3.3159688503129567,0.0009766365694444442,0.706839221382632,0.011898333333333334,0.03544166666666667
Fresh Cauliflower,Organic Italian Parsley Bunch,0.00139,0.06224809673085535,3.3110689750454974,0.000970196,0.7139246717327418,0.02233,0.0188
Organic Italian Parsley Bunch,Fresh Cauliflower,0.00139,0.07393617021276595,3.3110689750454974,0.000970196,0.7113562309549019,0.0188,0.02233
Large Lemon,Banana + Organic Avocado,0.0026116666666666667,0.05450813969667455,3.309206093089622,0.001822454211111111,0.7329298275821983,0.047913333333333336,0.016471666666666666
Banana + Organic Avocado,Large Lemon,0.0026116666666666667,0.15855509460690073,3.3092060930896214,0.001822454211111111,0.7094993532909338,0.016471666666666666,0.047913333333333336
Green Bell Pepper,Organic Cucumber,0.0014866666666666667,0.08416682392904322,3.3045474648230555,0.0010367815666666668,0.7099263701540285,0.017663333333333333,0.02547
Organic Cucumber,Green Bell Pepper,0.0014866666666666667,0.05836932338699123,3.304547464823055,0.0010367815666666668,0.71561337674148,0.02547,0.017663333333333333
Organic Red Onion,Organic Yellow Onion,0.002475,0.11707663197729425,3.3033613536974626,0.001725763166666667,0.7123368481070299,0.02114,0.03544166666666667
Organic Yellow Onion,Organic Red Onion,0.002475,0.06983305901716436,3.3033613536974626,0.001725763166666667,0.7228987849064396,0.03544166666666667,0.02114
Fresh Cauliflower,Carrots,0.0016766666666666666,0.07508583370652336,3.3014436628985795,0.0011688080333333334,0.7130240334258424,0.02233,0.022743333333333334
Carrots,Fresh Cauliflower,0.0016766666666666666,0.07372123699252528,3.3014436628985795,0.0011688080333333334,0.7133256088568783,0.022743333333333334,0.02233
Organic Grape Tomatoes,Organic Red Onion,0.00182,0.06976744186046512,3.300257420078766,0.0012685278666666666,0.7156625846242308,0.026086666666666668,0.02114
Organic Red Onion,Organic Grape Tomatoes,0.00182,0.08609271523178808,3.3002574200787658,0.0012685278666666666,0.7120459854660863,0.02114,0.026086666666666668
Organic Italian Parsley Bunch,Organic Baby Arugula,0.0013866666666666667,0.07375886524822695,3.2979595460866062,0.0009662046666666667,0.7101327064191415,0.0188,0.022365
Organic Baby Arugula,Organic Italian Parsley Bunch,0.0013866666666666667,0.0620016394664282,3.2979595460866062,0.0009662046666666667,0.7127222445375437,0.022365,0.0188
Asparagus,Fresh Cauliflower,0.0015566666666666667,0.07364188283529133,3.2978899612759216,0.0010846476833333335,0.7118225561710254,0.021138333333333332,0.02233
Fresh Cauliflower,Asparagus,0.0015566666666666667,0.06971189729810419,3.2978899612759216,0.0010846476833333335,0.7126901855477787,0.02233,0.021138333333333332
Large Lemon + Organic Avocado,Organic Baby Spinach,0.001895,0.24857892435505027,3.2965841039062433,0.0013201625500000001,0.7020073351265581,0.0076233333333333335,0.075405
Broccoli Crown,Organic Avocado,0.0024433333333333334,0.18101000123472033,3.2934861942270803,0.0017014649333333336,0.7058988260022365,0.013498333333333333,0.05496
Organic Whole Milk + Organic Hass Avocado,Organic Strawberries,0.0013633333333333334,0.2713101160862355,3.29120053479997,0.0009490974583333334,0.6996753736425293,0.005025,0.082435
Organic Whole String Cheese + Organic Hass Avocado,Bag of Organic Bananas,0.001245,0.39069037656903766,3.2898395309936648,0.0008665620888888888,0.6982589247767454,0.0031866666666666666,0.11875666666666666
Organic Garlic,Limes,0.004918333333333334,0.14481303366375503,3.289585438922236,0.0034232107944444446,0.720480238057811,0.03396333333333333,0.04402166666666667
Limes,Organic Garlic,0.004918333333333334,0.11172528679059554,3.289585438922236,0.0034232107944444446,0.728060776383608,0.04402166666666667,0.03396333333333333
Bag of Organic Bananas + Organic Blueberries,Organic Hass Avocado,0.0015266666666666666,0.21887694145758663,3.289239214410459,0.0010625269166666667,0.7008668761555078,0.006975,0.06654333333333333
Organic Lemon,Organic Red Bell Pepper,0.0016133333333333334,0.05946311198476566,3.281025123308754,0.0011216170944444446,0.714605649582875,0.027131666666666665,0.018123333333333335
Organic Red Bell Pepper,Organic Lemon,0.0016133333333333334,0.08901967997057199,3.2810251233087535,0.0011216170944444446,0.7080494230099593,0.018123333333333335,0.027131666666666665
Organic Yellow Onion,Organic Tomato Cluster,0.002335,0.0658829061838702,3.2793880629104133,0.0016229769166666666,0.7206044846131124,0.03544166666666667,0.02009
Organic Tomato Cluster,Organic Yellow Onion,0.002335,0.11622697859631657,3.2793880629104133,0.0016229769166666666,0.7093152031012535,0.02009,0.03544166666666667
Organic Yellow Onion + Organic Raspberries,Bag of Organic Bananas,0.0010333333333333334,0.38944723618090454,3.279371568031868,0.0007182323111111111,0.6969126684954616,0.0026533333333333335,0.11875666666666666
Bag of Organic Bananas + Organic D'Anjou Pears,Organic Strawberries,0.0012383333333333333,0.26988739556847074,3.273941839855289,0.000860094075,0.6977593519548616,0.004588333333333333,0.082435
Organic Black Beans,Limes,0.0017133333333333334,0.14399775878974647,3.271065584138412,0.0011895488694444445,0.7026495823585842,0.011898333333333334,0.04402166666666667
Organic Zucchini,Bag of Organic Bananas + Organic Baby Spinach,0.0016866666666666666,0.05161948482529967,3.267400664118557,0.0011704561249999998,0.7173869373477998,0.032675,0.015798333333333334
Bag of Organic Bananas + Organic Baby Spinach,Organic Zucchini,0.0016866666666666666,0.10676231670007384,3.2674006641185565,0.0011704561249999998,0.7050854948460363,0.015798333333333334,0.032675
Banana + Michigan Organic Kale,Organic Baby Spinach,0.001215,0.24595141700404857,3.261738837000843,0.0008424992999999999,0.6968575379659468,0.00494,0.075405
Organic Granny Smith Apple + Organic Hass Avocado,Bag of Organic Bananas,0.0011133333333333334,0.3872463768115942,3.2608390558699374,0.0007719079166666667,0.6953295364892628,0.002875,0.11875666666666666
Organic Unsweetened Almond Milk + Organic Hass Avocado,Bag of Organic Bananas,0.0011016666666666666,0.3872290568248389,3.2606932115376446,0.00076380395,0.6952948612327032,0.002845,0.11875666666666666
Organic Zucchini,Organic Yellow Onion,0.003766666666666667,0.11527671512369293,3.252576020419269,0.002608610208333333,0.7159448817546975,0.032675,0.03544166666666667
Organic Yellow Onion,Organic Zucchini,0.003766666666666667,0.10627792146719961,3.2525760204192684,0.002608610208333333,0.7179984442724522,0.03544166666666667,0.032675
Organic Kiwi,Organic Cucumber,0.0012883333333333334,0.08278003855215249,3.2500996683216528,0.0008919352333333334,0.7032622326194458,0.015563333333333334,0.02547
Organic Cucumber,Organic Kiwi,0.0012883333333333334,0.050582384504645986,3.2500996683216523,0.0008919352333333334,0.7104113039849416,0.02547,0.015563333333333334
Bag of Organic Bananas + Organic Cucumber,Organic Strawberries,0.001845,0.2677793904208999,3.2483701148893056,0.0012770228500000001,0.6969553284460557,0.00689,0.082435
Organic Small Bunch Celery + Organic Hass Avocado,Bag of Organic Bananas,0.0013816666666666667,0.38558139534883723,3.2468189464353205,0.0009561219444444444,0.6944948389146351,0.0035833333333333333,0.11875666666666666
Green Bell Pepper,Yellow Onions,0.0013316666666666668,0.0753915833176071,3.2466051812649295,0.0009214946277777778,0.7044285088360002,0.017663333333333333,0.023221666666666668
Yellow Onions,Green Bell Pepper,0.0013316666666666668,0.05734586951840953,3.246605181264929,0.0009214946277777778,0.7084370421213891,0.023221666666666668,0.017663333333333333
Michigan Organic Kale,Fresh Cauliflower,0.00152,0.07244995233555768,3.2445119720357223,0.0010515166000000002,0.7066119556721061,0.02098,0.02233
Fresh Cauliflower,Michigan Organic Kale,0.00152,0.06806986117330945,3.2445119720357223,0.0010515166000000002,0.707587669502087,0.02233,0.02098
Organic Hass Avocado + Organic Garnet Sweet Potato (Yam),Bag of Organic Bananas,0.0012266666666666667,0.38493723849372385,3.241394772170465,0.0008482287555555555,0.69370142855232,0.0031866666666666666,0.11875666666666666
Organic Strawberries + Organic Grape Tomatoes,Organic Hass Avocado,0.001055,0.21567291311754686,3.241089712731757,0.0007294921944444445,0.6948608232088009,0.0048916666666666666,0.06654333333333333
Organic Strawberries + Organic D'Anjou Pears,Bag of Organic Bananas,0.0012383333333333333,0.384774728120145,3.2400263405856093,0.0008561347944444444,0.6935927465275993,0.0032183333333333335,0.11875666666666666
Organic Strawberries + Organic Baby Spinach,Organic Raspberries,0.00166,0.1380840149729655,3.2398877281315226,0.0011476365666666668,0.6997596060479759,0.012021666666666667,0.04262
Organic Large Extra Fancy Fuji Apple + Organic Hass Avocado,Organic Strawberries,0.0011216666666666666,0.26695755652518843,3.2384006371709644,0.000775302275,0.6941220638920937,0.004201666666666667,0.082435
Organic Red Onion,Organic Tomato Cluster,0.001375,0.06504257332071901,3.2375596476216533,0.0009502973999999999,0.706051306436244,0.02114,0.02009
Organic Tomato Cluster,Organic Red Onion,0.001375,0.06844201095072175,3.2375596476216533,0.0009502973999999999,0.7052947534142746,0.02009,0.02114
Organic Zucchini,Organic Italian Parsley Bunch,0.0019883333333333333,0.06085182351440959,3.236799123106893,0.0013740433333333333,0.7143956871237077,0.032675,0.0188
Organic Italian Parsley Bunch,Organic Zucchini,0.0019883333333333333,0.10576241134751774,3.236799123106893,0.0013740433333333333,0.7042935263421733,0.0188,0.032675
Organic Zucchini,Organic Red Onion,0.0022333333333333333,0.06834991073705687,3.2332029676942704,0.0015425838333333333,0.7140404508355285,0.032675,0.02114
Organic Red Onion,Organic Zucchini,0.0022333333333333333,0.10564490696941028,3.23320296769427,0.0015425838333333333,0.7056261151793695,0.02114,0.032675
Bag of Organic Bananas + Organic Hass Avocado,Organic Yellow Onion,0.0022183333333333334,0.11449462365591398,3.2305090145096815,0.0015316510416666668,0.7040930615192266,0.019375,0.03544166666666667
Organic Yellow Onion,Bag of Organic Bananas + Organic Hass Avocado,0.0022183333333333334,0.06259111215612508,3.2305090145096815,0.0015316510416666668,0.7158211531553733,0.03544166666666667,0.019375
Organic Strawberries + Organic Baby Spinach,Organic Blueberries,0.0012066666666666667,0.1003743241369749,3.2295471086542764,0.0008330332666666667,0.6987593123062558,0.012021666666666667,0.03108
Organic Cucumber,Organic Hass Avocado,0.005471666666666666,0.21482790210705405,3.2283910550576675,0.0037768079666666665,0.7082882841382752,0.02547,0.06654333333333333
Organic Hass Avocado,Organic Cucumber,0.005471666666666666,0.08222712017231879,3.228391055057667,0.0037768079666666665,0.7394539095276051,0.06654333333333333,0.02547
Organic Cucumber + Organic Hass Avocado,Bag of Organic Bananas,0.0020933333333333333,0.3825769113615595,3.221519448970384,0.0014435364388888888,0.6933814228253533,0.005471666666666666,0.11875666666666666
Bag of Organic Bananas + Organic Strawberries,Organic Lemon,0.0017066666666666667,0.08739438422804471,3.2211211092098306,0.001176830436111111,0.703283029078373,0.019528333333333335,0.027131666666666665
Organic Lemon,Bag of Organic Bananas + Organic Strawberries,0.0017066666666666667,0.06290312672768598,3.2211211092098306,0.001176830436111111,0.7087794514764972,0.027131666666666665,0.019528333333333335
Organic Italian Parsley Bunch,Michigan Organic Kale,0.00127,0.0675531914893617,3.2198851996835893,0.0008755760000000001,0.7026395447002065,0.0188,0.02098
Michigan Organic Kale,Organic Italian Parsley Bunch,0.00127,0.06053384175405148,3.2198851996835893,0.0008755760000000001,0.7042041237766772,0.02098,0.0188
Boneless Skinless Chicken Breasts,Yellow Onions,0.001155,0.07461240310077519,3.2130511634583443,0.0007955286,0.6995991454204594,0.01548,0.023221666666666668
Organic AppleApple,Organic Strawberries,0.0013533333333333333,0.2642369020501139,3.2053970043078053,0.0009311287416666667,0.6915681453106696,0.005121666666666667,0.082435
Organic Red Bell Pepper,Fresh Cauliflower,0.0012966666666666667,0.07154680890196799,3.2040666772041195,0.0008919726333333333,0.700593726018623,0.018123333333333335,0.02233
Fresh Cauliflower,Organic Red Bell Pepper,0.0012966666666666667,0.058068368413196,3.2040666772041195,0.0008919726333333333,0.7036082035766111,0.02233,0.018123333333333335
Organic Yellow Onion,Fresh Cauliflower,0.002535,0.07152598166000469,3.2031339749218404,0.0017435875833333332,0.7130784412149405,0.03544166666666667,0.02233
Fresh Cauliflower,Organic Yellow Onion,0.002535,0.1135244066278549,3.2031339749218404,0.0017435875833333332,0.7035152482884964,0.02233,0.03544166666666667
Organic Strawberries + Organic Baby Spinach,Organic Hass Avocado,0.002555,0.21253292666019688,3.19390261974949,0.0017550382277777778,0.6952616193944786,0.012021666666666667,0.06654333333333333
Organic Tomato Cluster,Green Bell Pepper,0.0011333333333333334,0.05641280902604944,3.1937804694876077,0.0007784769666666668,0.7009740090176351,0.02009,0.017663333333333333
Green Bell Pepper,Organic Tomato Cluster,0.0011333333333333334,0.06416304963200604,3.1937804694876077,0.0007784769666666668,0.699242392638441,0.017663333333333333,0.02009
Organic Cucumber,Organic Large Extra Fancy Fuji Apple,0.0019066666666666668,0.07485931160842822,3.1922947380992848,0.0013093951666666667,0.7046942800972948,0.02547,0.02345
Organic Large Extra Fancy Fuji Apple,Organic Cucumber,0.0019066666666666668,0.08130774697938876,3.192294738099284,0.0013093951666666667,0.7032366154146913,0.02345,0.02547
Organic Large Extra Fancy Fuji Apple + Organic Strawberries,Bag of Organic Bananas,0.0017816666666666666,0.3790780141843972,3.1920567057377593,0.0012235103333333333,0.6899651937539552,0.0047,0.11875666666666666
Organic Roma Tomato,Organic Yellow Onion,0.0010183333333333333,0.11306439674315322,3.190154622426143,0.0006991220555555555,0.692775165090571,0.009006666666666666,0.03544166666666667
Organic Strawberries + Organic Hass Avocado,Organic Grape Tomatoes,0.001055,0.08315817130846033,3.18776531977231,0.0007240471555555554,0.6951193691091043,0.012686666666666667,0.026086666666666668
Mango Chunks,Organic Baby Spinach,0.0013683333333333334,0.2401286926001755,3.1845194960569656,0.0009386505083333334,0.6899122329434839,0.005698333333333333,0.075405
Organic Red Bell Pepper,Bag of Organic Bananas + Organic Strawberries,0.0011266666666666667,0.06216663601250689,3.1834071526418137,0.0007727481722222221,0.6985308665145863,0.018123333333333335,0.019528333333333335
Bag of Organic Bananas + Organic Strawberries,Organic Red Bell Pepper,0.0011266666666666667,0.05769394896304514,3.1834071526418133,0.0007727481722222221,0.6995318499196341,0.019528333333333335,0.018123333333333335
Bag of Organic Bananas + Organic Grape Tomatoes,Organic Strawberries,0.0013766666666666667,0.26230549380755797,3.1819675357258204,0.0009440203083333333,0.6893469601595034,0.005248333333333333,0.082435
Strawberries + Banana,Organic Fuji Apple,0.0011233333333333334,0.08768049954468583,3.1783651357425993,0.0007699021555555557,0.6942675633729042,0.012811666666666667,0.027586666666666666
Organic Strawberries + Banana,Organic Whole String Cheese,0.001025,0.0588742102240092,3.1760947792128684,0.0007022766333333334,0.6972877140611544,0.01741,0.018536666666666667
Organic Whole String Cheese,Organic Strawberries + Banana,0.001025,0.05529581010609603,3.176094779212868,0.0007022766333333334,0.6980881625321539,0.018536666666666667,0.01741
Bag of Organic Bananas + Seedless Red Grapes,Organic Strawberries,0.0011333333333333334,0.2617397998460354,3.1751052325594156,0.0007763897833333335,0.6880289742821712,0.00433,0.082435
Organic Strawberries + Limes,Organic Avocado,0.00104,0.17430167597765364,3.171427874411456,0.0007120719999999999,0.6887944221031642,0.005966666666666667,0.05496
Green Onions,Limes,0.0011916666666666666,0.13959390862944163,3.1710273417508414,0.0008158683722222222,0.6905396950757513,0.008536666666666666,0.04402166666666667
Organic D'Anjou Pears,Organic Raspberries,0.002005,0.13504714863044454,3.1686332386307963,0.0013722350666666664,0.6947208052628675,0.014846666666666666,0.04262
Bag of Organic Bananas + Organic Whole Milk,Organic Raspberries,0.0012433333333333333,0.13504706734250543,3.168631331358645,0.0008509451999999999,0.6907659791928501,0.009206666666666667,0.04262
Organic Strawberries + Organic Avocado,Limes,0.00104,0.1394413407821229,3.1675615972920053,0.000711671736111111,0.6894418332671344,0.007458333333333333,0.04402166666666667
Bag of Organic Bananas + Organic Unsweetened Almond Milk,Organic Baby Spinach,0.0010183333333333333,0.2384855581576893,3.162728707084269,0.0006963539833333333,0.6867497536904842,0.00427,0.075405
Bag of Organic Bananas + Organic Cilantro,Organic Baby Spinach,0.0010433333333333334,0.23829463266082984,3.1601967065954493,0.0007131851083333335,0.6865700340632511,0.004378333333333333,0.075405
Fresh Cauliflower,Organic Red Onion,0.0014916666666666667,0.06680101507687715,3.159934488026355,0.001019610466666667,0.6991497570926385,0.02233,0.02114
Organic Red Onion,Fresh Cauliflower,0.0014916666666666667,0.0705613371176285,3.159934488026355,0.001019610466666667,0.6982998008057945,0.02114,0.02233
Bag of Organic Bananas + Large Lemon,Organic Hass Avocado,0.0013066666666666667,0.21007502679528403,3.1569657886382414,0.0008927671333333333,0.6875165057268454,0.00622,0.06654333333333333
Organic Yellow Onion + Organic Garlic,Organic Hass Avocado,0.001425,0.21007371007371006,3.156946001207886,0.000973614388888889,0.6879044528464675,0.006783333333333333,0.06654333333333333
Organic Russet Potato,Organic Zucchini,0.0010316666666666666,0.10311510911211061,3.1557799269199878,0.0007047532916666665,0.6900248211139199,0.010005,0.032675
Organic Cucumber + Organic Hass Avocado,Organic Baby Spinach,0.0013016666666666667,0.23789217179409078,3.1548593832516514,0.0008890756416666667,0.686786528929289,0.005471666666666666,0.075405
Organic Grape Tomatoes,Organic Baby Arugula,0.00184,0.07053411704574496,3.153772280158505,0.0012565717,0.7012116774667626,0.026086666666666668,0.022365
Organic Baby Arugula,Organic Grape Tomatoes,0.00184,0.08227140621506819,3.1537722801585044,0.0012565717,0.6985423007297334,0.022365,0.026086666666666668
Organic Baby Carrots + Organic Hass Avocado,Bag of Organic Bananas,0.001155,0.37439222042139386,3.1525996049742657,0.0007886356833333333,0.6849144184122592,0.003085,0.11875666666666666
Red Peppers,Yellow Onions,0.0012833333333333334,0.07315914489311164,3.1504691693007234,0.0008759865972222222,0.6947744608756526,0.017541666666666667,0.023221666666666668
Yellow Onions,Red Peppers,0.0012833333333333334,0.05526448001148352,3.150469169300723,0.0008759865972222222,0.6988145985436398,0.023221666666666668,0.017541666666666667
Organic Garlic,Organic Red Bell Pepper,0.0019383333333333334,0.057071351457454116,3.149053786506572,0.0013228045222222222,0.7064372575511327,0.03396333333333333,0.018123333333333335
Organic Red Bell Pepper,Organic Garlic,0.0019383333333333334,0.1069523634357182,3.149053786506572,0.0013228045222222222,0.6950407486620904,0.018123333333333335,0.03396333333333333
Organic Strawberries + Organic Hass Avocado,Organic Blueberries,0.0012416666666666667,0.09787178139779296,3.149027715501704,0.0008473650666666668,0.6912108257724973,0.012686666666666667,0.03108
Organic Hass Avocado + Large Lemon,Organic Baby Spinach,0.0011183333333333334,0.23743807501769285,3.148837278929684,0.0007631757833333334,0.6856518793682177,0.00471,0.075405
Bag of Organic Bananas + Organic Hass Avocado,Organic Granny Smith Apple,0.0011133333333333334,0.05746236559139785,3.146611239831953,0.0007595135416666667,0.6956765245799033,0.019375,0.018261666666666666
Organic Granny Smith Apple,Bag of Organic Bananas + Organic Hass Avocado,0.0011133333333333334,0.06096559277174409,3.146611239831953,0.0007595135416666667,0.6948875975942344,0.018261666666666666,0.019375
Green Bell Pepper,Organic Zucchini,0.0018133333333333332,0.10266087941120966,3.141878482362958,0.0012361839166666667,0.6939770191053066,0.017663333333333333,0.032675
Organic Zucchini,Green Bell Pepper,0.0018133333333333332,0.055496046926804384,3.141878482362958,0.0012361839166666667,0.7047466691041547,0.032675,0.017663333333333333
Organic Strawberries + Organic Hass Avocado,Bag of Organic Bananas,0.004731666666666667,0.37296374146085126,3.140570983755449,0.0032250404222222227,0.6903447369061161,0.012686666666666667,0.11875666666666666
Organic Zucchini + Organic Hass Avocado,Bag of Organic Bananas,0.00193,0.37294685990338167,3.140428831251986,0.0013154342500000002,0.6851176340150956,0.005175,0.11875666666666666
Organic Baby Spinach + Organic Hass Avocado,Organic Raspberries,0.001465,0.13381032120566297,3.1396133553651566,0.0009983820333333334,0.6890332077849156,0.010948333333333332,0.04262
Green Bell Pepper,Organic Small Bunch Celery,0.0011683333333333333,0.06614455557652388,3.1390281852340687,0.000796137461111111,0.6936828174029586,0.017663333333333333,0.021071666666666666
Organic Small Bunch Celery,Green Bell Pepper,0.0011683333333333333,0.055445701178517756,3.1390281852340682,0.000796137461111111,0.6960980118444807,0.021071666666666666,0.017663333333333333
Bag of Organic Bananas + Organic Zucchini,Organic Baby Spinach,0.0016866666666666666,0.23666978484565013,3.1386484297546597,0.0011492803666666666,0.6862824278415478,0.007126666666666667,0.075405
Organic Strawberries + Banana,Seedless Red Grapes,0.0014183333333333333,0.08146659008232818,3.1375540181909565,0.0009662826833333334,0.6933516398284977,0.01741,0.025965
Seedless Red Grapes,Organic Strawberries + Banana,0.0014183333333333333,0.054624815456704535,3.1375540181909556,0.0009662826833333334,0.6994413832963738,0.025965,0.01741
Total Greek Strained Yogurt,Organic Whole Milk,0.0011633333333333333,0.14250714577378523,3.1348959656928006,0.0007922418055555555,0.6866152169295598,0.008163333333333333,0.04545833333333334
Organic Strawberries + Organic Garlic,Organic Baby Spinach,0.0011433333333333334,0.2363072683430934,3.1338408373860274,0.0007784988083333335,0.6842131993428986,0.004838333333333333,0.075405
Green Bell Pepper,Organic Garlic,0.00188,0.10643517644838649,3.1338259823845274,0.0012800943222222223,0.693144477173053,0.017663333333333333,0.03396333333333333
Organic Garlic,Green Bell Pepper,0.00188,0.0553538129355187,3.1338259823845274,0.0012800943222222223,0.7048399493717489,0.03396333333333333,0.017663333333333333
Broccoli Crown,Honeycrisp Apple,0.0010683333333333332,0.079145573527596,3.132823863079404,0.0007273204388888888,0.6901145591237493,0.013498333333333333,0.025263333333333332
Jalapeno Peppers,Large Lemon,0.0019983333333333333,0.150100150225338,3.132742804202129,0.0013604471555555555,0.6899767945893529,0.013313333333333333,0.047913333333333336
Organic Baby Spinach + Banana,Yellow Onions,0.00117,0.07273857631333541,3.1323581273237093,0.0007964794916666667,0.6918806017584875,0.016085,0.023221666666666668
Yellow Onions,Organic Baby Spinach + Banana,0.00117,0.05038398047800186,3.1323581273237093,0.0007964794916666667,0.6969357110492851,0.023221666666666668,0.016085
Organic Tomato Cluster,Organic Cilantro,0.001375,0.06844201095072175,3.131879695731624,0.0009359665333333333,0.6946586251118301,0.02009,0.021853333333333332
Organic Cilantro,Organic Tomato Cluster,0.001375,0.06291946308724833,3.131879695731624,0.0009359665333333333,0.695910906339881,0.021853333333333332,0.02009
Bag of Organic Bananas + Organic Yellow Onion,Organic Raspberries,0.0010333333333333334,0.1334481274214378,3.1311151436282922,0.0007033124666666667,0.6859364019476837,0.007743333333333333,0.04262
Organic Hass Avocado + Organic Lemon,Bag of Organic Bananas,0.002428333333333333,0.371494135645079,3.1281960505662476,0.0016520605888888887,0.6848032719241971,0.006536666666666666,0.11875666666666666
Red Onion,Large Lemon,0.00197,0.14980988593155894,3.126684693159015,0.0013399396666666666,0.6892358713358155,0.01315,0.047913333333333336
Bag of Organic Bananas + Organic Hass Avocado,Organic Unsweetened Almond Milk,0.0011016666666666666,0.056860215053763444,3.1253324507381888,0.0007491708333333333,0.6934700209910434,0.019375,0.018193333333333332
Organic Unsweetened Almond Milk,Bag of Organic Bananas + Organic Hass Avocado,0.0011016666666666666,0.0605533162330524,3.1253324507381883,0.0007491708333333333,0.692635385786416,0.018193333333333332,0.019375
Organic Red Bell Pepper,Organic Italian Parsley Bunch,0.0010633333333333332,0.058672061798786077,3.1208543509992595,0.0007226146666666665,0.6921184143596725,0.018123333333333335,0.0188
Organic Italian Parsley Bunch,Organic Red Bell Pepper,0.0010633333333333332,0.056560283687943254,3.1208543509992595,0.0007226146666666665,0.6925957211884366,0.0188,0.018123333333333335
Organic Tomato Cluster,Organic Hass Avocado,0.004171666666666666,0.20764891322382611,3.1205066356333133,0.0028348111,0.6934710503410236,0.02009,0.06654333333333333
Organic Hass Avocado,Organic Tomato Cluster,0.004171666666666666,0.06269097830987326,3.120506635633313,0.0028348111,0.7279815348753976,0.06654333333333333,0.02009
"YoKids Squeezers Organic Low-Fat Yogurt, Strawberry",Organic Strawberries,0.0015883333333333333,0.2572199730094467,3.1202762541329134,0.0010792972083333333,0.6837376360410635,0.006175,0.082435
Organic Strawberries + Large Lemon,Organic Baby Spinach,0.0012033333333333334,0.23510257245197005,3.1178644977384797,0.0008173854083333334,0.6827622571742074,0.005118333333333333,0.075405
Organic Grape Tomatoes + Organic Hass Avocado,Organic Strawberries,0.001055,0.2570036540803898,3.1176521390233494,0.000716604325,0.6820456028870552,0.004105,0.082435
Organic Gala Apples,Bag of Organic Bananas + Organic Strawberries,0.0013683333333333334,0.06087343367687403,3.1171853039280033,0.0009293689472222222,0.6948160763504825,0.022478333333333333,0.019528333333333335
Bag of Organic Bananas + Organic Strawberries,Organic Gala Apples,0.0013683333333333334,0.07006913032346163,3.117185303928003,0.0009293689472222222,0.6927255443188917,0.019528333333333335,0.022478333333333333
Organic Whole Milk + Organic Hass Avocado,Bag of Organic Bananas,0.00186,0.3701492537313433,3.116871364959244,0.0012632477500000002,0.6825954993735996,0.005025,0.11875666666666666
Limes,Banana + Organic Avocado,0.00226,0.05133835611252035,3.1167675470517264,0.0015348897805555553,0.7104290405716922,0.04402166666666667,0.016471666666666666
Banana + Organic Avocado,Limes,0.00226,0.1372053020337954,3.1167675470517264,0.0015348897805555553,0.6905289325581118,0.016471666666666666,0.04402166666666667
Strawberries + Banana,Cucumber Kirby,0.0011833333333333333,0.09236373097437231,3.1161852555456244,0.0008035955333333333,0.6879080657369415,0.012811666666666667,0.02964
Michigan Organic Kale,Organic Cucumber,0.001665,0.07936129647283127,3.1158734382737054,0.0011306394,0.6936147399467862,0.02098,0.02547
Organic Cucumber,Michigan Organic Kale,0.001665,0.06537102473498234,3.1158734382737054,0.0011306394,0.6968104652526886,0.02547,0.02098
Banana + Large Lemon,Organic Fuji Apple,0.0011016666666666666,0.08594461058379925,3.1154402096592286,0.0007480515777777777,0.6878349715697241,0.012818333333333333,0.027586666666666666
Original Hummus,Organic Baby Spinach + Banana,0.0011116666666666666,0.0500562851782364,3.1119854011959216,0.000754445625,0.6940760028644646,0.022208333333333333,0.016085
Organic Baby Spinach + Banana,Original Hummus,0.0011116666666666666,0.06911200911822608,3.111985401195921,0.000754445625,0.6897564643634694,0.016085,0.022208333333333333
Large Lemon,Cucumber Kirby,0.004418333333333333,0.0922151106163907,3.111171073427487,0.0029981821333333334,0.7127267372770204,0.047913333333333336,0.02964
Cucumber Kirby,Large Lemon,0.004418333333333333,0.14906657669815565,3.1111710734274864,0.0029981821333333334,0.6993050244633822,0.02964,0.047913333333333336
Organic Small Bunch Celery,Organic Zucchini,0.0021416666666666667,0.10163726963537136,3.1105514808070804,0.0014531499583333334,0.69311876683699,0.021071666666666666,0.032675
Organic Zucchini,Organic Small Bunch Celery,0.0021416666666666667,0.0655445039530732,3.1105514808070804,0.0014531499583333334,0.7014329198788307,0.032675,0.021071666666666666
Organic Yellow Onion + Organic Hass Avocado,Organic Baby Spinach,0.0014783333333333332,0.23446999735659527,3.109475463916123,0.0010029048083333332,0.6827068171018951,0.006305,0.075405
Apple Honeycrisp Organic,Organic Granny Smith Apple,0.00147,0.0567348514087225,3.1067729164217854,0.0009968402166666667,0.6961601046842512,0.02591,0.018261666666666666
Organic Granny Smith Apple,Apple Honeycrisp Organic,0.00147,0.08049648626448845,3.106772916421785,0.0009968402166666667,0.6907365978767751,0.018261666666666666,0.02591
Large Lemon,Yellow Onions,0.003455,0.07210936412967858,3.10526221759902,0.0023423725444444445,0.7120843384503545,0.047913333333333336,0.023221666666666668
Yellow Onions,Large Lemon,0.003455,0.1487834637192277,3.10526221759902,0.0023423725444444445,0.694083786509805,0.023221666666666668,0.047913333333333336
Organic Egg Whites,Organic Baby Spinach,0.001415,0.23394874621107742,3.102562777151083,0.000958925425,0.6818096246003056,0.0060483333333333335,0.075405
Bag of Organic Bananas + Organic Cucumber,Organic Baby Spinach,0.0016116666666666666,0.2339138848572811,3.1021004556366436,0.0010921262166666665,0.6823390929793764,0.00689,0.075405
Bag of Organic Bananas + Organic Baby Spinach,Organic Yellow Onion,0.0017366666666666667,0.10992720751134086,3.101637644335975,0.0011767474027777778,0.6884662953262317,0.015798333333333334,0.03544166666666667
Organic Tomato Cluster,Bag of Organic Bananas + Organic Strawberries,0.0012166666666666667,0.06056080968972955,3.1011765651478815,0.00082434245,0.6914326210835969,0.02009,0.019528333333333335
Bag of Organic Bananas + Organic Strawberries,Organic Tomato Cluster,0.0012166666666666667,0.06230263719382093,3.101176565147881,0.00082434245,0.6910365314578467,0.019528333333333335,0.02009
Organic Large Extra Fancy Fuji Apple + Organic Baby Spinach,Bag of Organic Bananas,0.0012866666666666666,0.3681449690033381,3.0999941252702006,0.0008716121166666667,0.6797946257402784,0.003495,0.11875666666666666
Organic Kiwi,Organic Strawberries,0.003971666666666667,0.2551938316556008,3.0956975999951575,0.0026887032833333335,0.6876735246000707,0.015563333333333334,0.082435
Bag of Organic Bananas + Organic Grape Tomatoes,Organic Baby Spinach,0.001225,0.2334074309304541,3.0953840054433273,0.000829249425,0.6805098486447528,0.005248333333333333,0.075405
Organic Baby Spinach + Organic Garlic,Organic Avocado,0.0011033333333333333,0.17009249743062693,3.094841656306895,0.0007468261333333333,0.6813010647495759,0.006486666666666667,0.05496
Yellow Bell Pepper,Limes,0.0010833333333333333,0.13621123218776193,3.09418617016837,0.0007332143444444444,0.6822393177326749,0.007953333333333333,0.04402166666666667
Organic Garlic + Organic Hass Avocado,Organic Baby Spinach,0.0012733333333333333,0.2331400671345743,3.091838301632177,0.0008614963583333333,0.6802833013112901,0.005461666666666667,0.075405
Organic Raspberries,Organic Blueberries,0.004093333333333333,0.09604254653527296,3.090172024944432,0.0027687037333333333,0.7065046483062521,0.04262,0.03108
Organic Blueberries,Organic Raspberries,0.004093333333333333,0.1317031317031317,3.090172024944432,0.0027687037333333333,0.6980900592365105,0.03108,0.04262
Organic Cucumber + Organic Hass Avocado,Organic Strawberries,0.0013933333333333332,0.254645141638745,3.089041567765452,0.0009422764916666666,0.6799957038453458,0.005471666666666666,0.082435
Organic Avocado + Cucumber Kirby,Organic Baby Spinach,0.0010916666666666666,0.23284749377888372,3.087958275696356,0.0007381428916666665,0.6793464299935356,0.004688333333333333,0.075405
Organic Strawberries + Organic Cucumber,Organic Baby Spinach,0.00123,0.23273415326395458,3.0864551855175995,0.000831484575,0.6795953811013156,0.005285,0.075405
Bag of Organic Bananas + Organic Tomato Cluster,Organic Strawberries,0.0012166666666666667,0.2542668059909439,3.084452065153684,0.0008222151916666668,0.6790425267094831,0.004785,0.082435
Organic Strawberries + Organic Lemon,Bag of Organic Bananas,0.0017066666666666667,0.36623748211731044,3.083931979543412,0.0011532606,0.6789023176125746,0.00466,0.11875666666666666
Organic Baby Spinach + Banana,Organic Grape Tomatoes,0.0012916666666666667,0.08030255932027769,3.0782989772659475,0.0008720626333333333,0.6861825101925767,0.016085,0.026086666666666668
Organic Cilantro,Organic Cucumber,0.0017133333333333334,0.07840146430750458,3.078188626128959,0.0011567289333333335,0.6902171644440263,0.021853333333333332,0.02547
Organic Cucumber,Organic Cilantro,0.0017133333333333334,0.0672686821096715,3.0781886261289584,0.0011567289333333335,0.692778691961297,0.02547,0.021853333333333332
Organic Baby Spinach + Banana,Honeycrisp Apple,0.00125,0.0777121541809139,3.0760847412949164,0.0008436392833333333,0.6859448495720328,0.016085,0.025263333333333332
Bag of Organic Bananas + Organic Garlic,Organic Baby Spinach,0.0015433333333333334,0.23190583521162034,3.0754702633992483,0.0010415130583333334,0.6793676658986287,0.006655,0.075405
Honeycrisp Apple,Seedless Red Grapes,0.0020166666666666666,0.07982583454281568,3.074362971030837,0.0013607042166666667,0.6922170743240366,0.025263333333333332,0.025965
Seedless Red Grapes,Honeycrisp Apple,0.0020166666666666666,0.07766865652480903,3.0743629710308364,0.0013607042166666667,0.6927157275009251,0.025965,0.025263333333333332
Banana + Organic Avocado,Michigan Organic Kale,0.0010616666666666667,0.06445411312354549,3.0721693576523115,0.0007160911000000001,0.6857932695990477,0.016471666666666666,0.02098
Michigan Organic Kale,Banana + Organic Avocado,0.0010616666666666667,0.050603749602796316,3.072169357652311,0.0007160911000000001,0.6889513099425637,0.02098,0.016471666666666666
Organic Strawberries + Organic Zucchini,Organic Baby Spinach,0.0011416666666666667,0.23165370307744335,3.0721265576214223,0.0007700456916666667,0.6778331644209905,0.004928333333333333,0.075405
Frozen Organic Wild Blueberries,Organic Baby Spinach,0.0021416666666666667,0.23132313231323132,3.0677426206913507,0.0014435420416666666,0.6803260982442734,0.009258333333333334,0.075405
Organic Lemon,Organic Tomato Cluster,0.0016716666666666666,0.061613121199090855,3.06685521150278,0.0011265914833333331,0.692727954685012,0.027131666666666665,0.02009
Organic Tomato Cluster,Organic Lemon,0.0016716666666666666,0.08320889331342292,3.06685521150278,0.0011265914833333331,0.6877499879864646,0.02009,0.027131666666666665
Organic Lemon,Limes,0.003655,0.1347134344861478,3.060162067606432,0.002460618813888889,0.691994896589939,0.027131666666666665,0.04402166666666667
Limes,Organic Lemon,0.003655,0.08302729716427516,3.0601620676064316,0.002460618813888889,0.7042208994143447,0.04402166666666667,0.027131666666666665
Organic Fuji Apple + Organic Avocado,Banana,0.0012716666666666666,0.4493521790341578,3.057961679772417,0.0008558123166666667,0.6748947358508196,0.00283,0.146945
Organic Garnet Sweet Potato (Yam),Organic Cucumber,0.0012766666666666666,0.07786926908610349,3.0572936429565565,0.0008590860166666666,0.6841296343366731,0.016395,0.02547
Organic Cucumber,Organic Garnet Sweet Potato (Yam),0.0012766666666666666,0.050124329276272736,3.057293642956556,0.0008590860166666666,0.6905003734946316,0.02547,0.016395
Organic Red Bell Pepper + Organic Hass Avocado,Bag of Organic Bananas,0.0012766666666666666,0.3630331753554502,3.056949858439809,0.0008590390555555555,0.6752511781313458,0.0035166666666666666,0.11875666666666666
Organic Garlic + Large Lemon,Organic Baby Spinach,0.0011,0.23020579002441577,3.052924740062539,0.0007396897750000001,0.6756738448553339,0.004778333333333333,0.075405
Red Peppers,Organic Yellow Onion,0.0018966666666666667,0.10812351543942993,3.050745791848481,0.0012749607638888889,0.6842135449978537,0.017541666666666667,0.03544166666666667
Organic Yellow Onion,Red Peppers,0.0018966666666666667,0.053515165765342106,3.050745791848481,0.0012749607638888889,0.6969109859220711,0.03544166666666667,0.017541666666666667
Organic Strawberries + Banana,Honeycrisp Apple,0.0013416666666666666,0.07706299061841854,3.050388862056414,0.0009018320333333333,0.6840828261018114,0.01741,0.025263333333333332
Honeycrisp Apple,Organic Strawberries + Banana,0.0013416666666666666,0.05310727008840216,3.0503888620564137,0.0009018320333333333,0.6895943972211765,0.025263333333333332,0.01741
Organic Red Onion,Organic Small Bunch Celery,0.0013583333333333334,0.06425417849258909,3.049316388163684,0.0009128783000000001,0.6865717714195894,0.02114,0.021071666666666666
Organic Small Bunch Celery,Organic Red Onion,0.0013583333333333334,0.06446254844578027,3.0493163881636836,0.0009128783000000001,0.6865238458093927,0.021071666666666666,0.02114
Organic Lacinato (Dinosaur) Kale,Organic Zucchini,0.0013383333333333333,0.09962779156327543,3.0490525344537236,0.0008993991666666665,0.6811797803040435,0.013433333333333334,0.032675
Feta Cheese Crumbles,Organic Baby Spinach,0.002286666666666667,0.22989276139410192,3.048773442001219,0.001536638266666667,0.6787505474275871,0.009946666666666666,0.075405
Organic Romaine Lettuce,Organic Garlic,0.001145,0.10354182366239638,3.04863549894189,0.0007694221388888889,0.6794985219313463,0.011058333333333333,0.03396333333333333
Organic Zucchini,Bag of Organic Bananas + Organic Hass Avocado,0.00193,0.05906656465187452,3.04859688525804,0.001296921875,0.6946788784679292,0.032675,0.019375
Bag of Organic Bananas + Organic Hass Avocado,Organic Zucchini,0.00193,0.09961290322580645,3.0485968852580396,0.001296921875,0.6852571024744316,0.019375,0.032675
Organic Broccoli,Organic Zucchini,0.001195,0.09955567897806167,3.0468455693362406,0.0008027910833333335,0.6799534089529691,0.012003333333333333,0.032675
Organic Zucchini,Organic Cucumber,0.002535,0.07758224942616679,3.0460247124525632,0.00170276775,0.6943925303676323,0.032675,0.02547
Organic Cucumber,Organic Zucchini,0.002535,0.09952885747938751,3.0460247124525632,0.00170276775,0.6892586728349767,0.02547,0.032675
Organic Zucchini + Organic Hass Avocado,Organic Baby Spinach,0.0011883333333333333,0.22962962962962963,3.045283862205817,0.0007981124583333333,0.6751171181833732,0.005175,0.075405
Garlic,Large Lemon,0.001665,0.14579684763572678,3.0429285022066255,0.0011178297333333334,0.6791248145918481,0.01142,0.047913333333333336
Michigan Organic Kale,Organic Red Onion,0.0013483333333333333,0.06426755640292342,3.040092545076794,0.0009048161333333334,0.6854432445108766,0.02098,0.02114
Organic Red Onion,Michigan Organic Kale,0.0013483333333333333,0.06378114159571113,3.040092545076794,0.0009048161333333334,0.6855552839436063,0.02114,0.02098
Banana + Organic Whole Milk,Organic Avocado,0.0016866666666666666,0.16688654353562005,3.0365091618562596,0.0011312042666666666,0.6775219549613043,0.010106666666666667,0.05496
Bag of Organic Bananas + Organic Whole Milk,Organic Hass Avocado,0.00186,0.20202751629254165,3.0360293987758604,0.0012473577111111111,0.6768539944373407,0.009206666666666667,0.06654333333333333
Organic Strawberries + Organic Hass Avocado,Organic Yellow Onion,0.001365,0.10759327377824486,3.03578482327519,0.0009153633888888887,0.6792128361437664,0.012686666666666667,0.03544166666666667
Bag of Organic Bananas + Organic Hass Avocado,Organic Cilantro,0.001285,0.06632258064516128,3.034895392548564,0.0008615916666666666,0.6837469486211034,0.019375,0.021853333333333332
Organic Cilantro,Bag of Organic Bananas + Organic Hass Avocado,0.001285,0.05880109823062842,3.0348953925485636,0.0008615916666666666,0.6854793604485722,0.021853333333333332,0.019375
Organic Kiwi,Organic Gala Apples,0.0010616666666666667,0.068215892053973,3.034739766618507,0.0007118288722222223,0.6810823661035795,0.015563333333333334,0.022478333333333333
Organic Baby Spinach + Organic Raspberries,Bag of Organic Bananas,0.0020033333333333335,0.3599880203653789,3.031307887546346,0.0013424524833333335,0.6738594203531338,0.005565,0.11875666666666666
"Organic Red Radish, Bunch",Limes,0.0011216666666666666,0.1333994053518335,3.0303124677658766,0.0007515178194444444,0.6756823905033186,0.008408333333333334,0.04402166666666667
Bag of Organic Bananas + Fresh Cauliflower,Organic Baby Spinach,0.001005,0.22840909090909092,3.0290974193898403,0.000673218,0.6728291047774386,0.0044,0.075405
Michigan Organic Kale,Organic Cilantro,0.0013883333333333334,0.06617413409596443,3.0281025364230216,0.0009298504000000002,0.6841128803056432,0.02098,0.021853333333333332
Organic Cilantro,Michigan Organic Kale,0.0013883333333333334,0.06352959121415498,3.028102536423021,0.0009298504000000002,0.6847236870511895,0.021853333333333332,0.02098
Bunched Cilantro,Organic Garlic,0.00147,0.10268948655256724,3.0235396963166328,0.0009838148833333333,0.6789814447788344,0.014315,0.03396333333333333
Bag of Organic Bananas + Organic Baby Spinach,Organic Cilantro,0.0010433333333333334,0.06604072159510496,3.0219976324788727,0.0006980870888888889,0.679833289359421,0.015798333333333334,0.021853333333333332
Organic Garbanzo Beans,Organic Yellow Onion,0.0010016666666666668,0.10707286655977198,3.0211013372143514,0.0006701098750000001,0.6753124313224761,0.009355,0.03544166666666667
Organic Bartlett Pear,Organic Strawberries,0.0029083333333333335,0.2488590986879635,3.0188524132706194,0.001944942966666667,0.6766561529011744,0.011686666666666666,0.082435
Organic Baby Spinach + Banana,Large Lemon,0.002325,0.14454460677649983,3.0167929618025564,0.0015543140333333333,0.6794511364036039,0.016085,0.047913333333333336
Bag of Organic Bananas + Organic Tomato Cluster,Organic Baby Spinach,0.0010883333333333333,0.2274468826192964,3.016336882425521,0.0007275204083333332,0.6716860622181272,0.004785,0.075405
Organic Broccoli,Organic Yellow Onion,0.0012816666666666666,0.10677589558455984,3.0127221890776346,0.0008562485277777777,0.676190817731016,0.012003333333333333,0.03544166666666667
Organic Roasted Turkey Breast,Organic Hass Avocado,0.0017783333333333334,0.2004508735675371,3.012335924974259,0.001187983061111111,0.6740113156873504,0.008871666666666667,0.06654333333333333
Organic Milk,Organic Raspberries,0.001125,0.12815644579456995,3.006955555949553,0.0007508674333333333,0.6733485969520964,0.008778333333333334,0.04262
Organic Baby Kale,Organic Baby Spinach,0.001265,0.22663481636309343,3.005567487077693,0.000844114425,0.6710295939516896,0.005581666666666667,0.075405
Organic Avocado + Broccoli Crown,Banana,0.0010783333333333333,0.4413369713506139,3.0034160492062605,0.0007192977166666666,0.6686796031451374,0.0024433333333333334,0.146945
Jalapeno Peppers,Organic Yellow Onion,0.0014166666666666668,0.10640961442163246,3.0023874278382072,0.0009448199444444445,0.675930615078947,0.013313333333333333,0.03544166666666667
Organic Strawberries,Organic Raspberries,0.010545,0.1279189664584218,3.001383539615716,0.007031620300000001,0.7267281581443178,0.082435,0.04262
Organic Raspberries,Organic Strawberries,0.010545,0.24741905208822149,3.0013835396157154,0.007031620300000001,0.6965053818000072,0.04262,0.082435
Organic Baby Spinach + Organic Cucumber,Organic Strawberries,0.00123,0.24715338245144006,2.9981607624363447,0.0008197484833333333,0.6697955306627473,0.0049766666666666666,0.082435
Organic Kiwi,Apple Honeycrisp Organic,0.0012083333333333334,0.07763975155279502,2.996516848814937,0.0008050873666666668,0.6768126610481121,0.015563333333333334,0.02591
Organic Lemon,Organic Red Onion,0.0017183333333333334,0.06333312857055103,2.9958906608586107,0.0011447699000000002,0.6847889116259656,0.027131666666666665,0.02114
Organic Red Onion,Organic Lemon,0.0017183333333333334,0.08128350678019552,2.99589066085861,0.0011447699000000002,0.680597273500501,0.02114,0.027131666666666665
Bunched Cilantro,Large Lemon,0.0020533333333333332,0.14343928280358598,2.993723726247098,0.0013674539666666667,0.6756396220994445,0.014315,0.047913333333333336
Organic Garlic + Limes,Organic Baby Spinach,0.00111,0.2256862080650627,2.99298730939676,0.000739133075,0.6691768881480279,0.004918333333333334,0.075405
Organic Whole Milk + Organic Raspberries,Bag of Organic Bananas,0.0012433333333333333,0.35523809523809524,2.991310763506009,0.0008276849999999999,0.6680365192382453,0.0035,0.11875666666666666
Banana + Organic Zucchini,Organic Baby Spinach,0.00137,0.22532894736842105,2.9882494180547847,0.0009115375999999999,0.6694260226263272,0.00608,0.075405
Banana + Large Lemon,Organic Garlic,0.0013,0.10141724093095826,2.9860803100684543,0.0008646466722222223,0.6737491661814947,0.012818333333333333,0.03396333333333333
Organic Strawberries + Organic Avocado,Organic Baby Spinach,0.0016783333333333333,0.22502793296089385,2.9842574492526204,0.0011159377083333334,0.6699046392310207,0.007458333333333333,0.075405
Bag of Organic Bananas + Organic Avocado,Organic Baby Spinach,0.0016466666666666667,0.22495446265938068,2.9832831066823244,0.0010947020666666667,0.6697010375054712,0.00732,0.075405
Asparagus,Organic Zucchini,0.00206,0.097453283923362,2.9825029509827696,0.0013693049583333335,0.679065456803062,0.021138333333333332,0.032675
Organic Zucchini,Asparagus,0.00206,0.06304514154552411,2.9825029509827696,0.0013693049583333335,0.6871642362411873,0.032675,0.021138333333333332
Banana + Honeycrisp Apple,Organic Avocado,0.0014616666666666667,0.16380276428838253,2.980399641346116,0.0009712402666666667,0.67045724023627,0.008923333333333333,0.05496
Feta Cheese Crumbles,Organic Garlic,0.0010066666666666666,0.10120643431635387,2.9798734218182514,0.000668844711111111,0.6710903883341536,0.009946666666666666,0.03396333333333333
Red Peppers,Carrots,0.0011883333333333333,0.06774346793349169,2.9786077062945195,0.000789377361111111,0.6761331769592916,0.017541666666666667,0.022743333333333334
Carrots,Red Peppers,0.0011883333333333333,0.05224974351458303,2.9786077062945195,0.000789377361111111,0.6797320466613658,0.022743333333333334,0.017541666666666667
Organic Whole Strawberries,Organic Baby Spinach,0.0021733333333333335,0.22459524629693425,2.9785192798479443,0.0014436642833333337,0.6707533637719817,0.009676666666666667,0.075405
Organic Strawberries + Apple Honeycrisp Organic,Bag of Organic Bananas,0.00171,0.3535492763611302,2.977089929220509,0.0011356135888888888,0.6673291626869732,0.004836666666666667,0.11875666666666666
Bag of Organic Bananas + Organic Baby Spinach,Organic Raspberries,0.0020033333333333335,0.1268066251714316,2.975284494871694,0.0013300083666666668,0.6745545244162562,0.015798333333333334,0.04262
Bag of Organic Bananas + Organic Yellow Onion,Organic Baby Spinach,0.0017366666666666667,0.22427894963409384,2.974324642054159,0.001152780616666667,0.6689692747327666,0.007743333333333333,0.075405
Organic Navel Orange,Organic Cucumber,0.00101,0.07571214392803598,2.972600860935845,0.0006702302,0.6725662917577916,0.01334,0.02547
Bag of Organic Bananas + Organic Baby Carrots,Organic Strawberries,0.0011916666666666666,0.24503084304318026,2.9724127257012225,0.0007907577833333333,0.666815913092304,0.004863333333333333,0.082435
Bag of Organic Bananas + Organic Baby Spinach,Organic Grape Tomatoes,0.001225,0.07753982487604177,2.97239298017027,0.0008128741444444444,0.674222319096591,0.015798333333333334,0.026086666666666668
Organic Baby Spinach + Banana,Asparagus,0.00101,0.06279142057817842,2.970500066774979,0.0006699899083333334,0.6742008658110594,0.016085,0.021138333333333332
Bag of Organic Bananas + Organic Lemon,Organic Strawberries,0.0017066666666666667,0.24485891917742708,2.9703271568802947,0.0011320947166666667,0.6679926568652257,0.00697,0.082435
Organic Yellow Onion + Organic Hass Avocado,Bag of Organic Bananas,0.0022183333333333334,0.351837166270156,2.96267296940654,0.0014695725500000001,0.6666703210625035,0.006305,0.11875666666666666
Bag of Organic Bananas + Organic Hass Avocado,Organic Strawberries,0.004731666666666667,0.24421505376344085,2.962516573827147,0.003134488541666667,0.6755376885414865,0.019375,0.082435
Organic Strawberries,Bag of Organic Bananas + Organic Hass Avocado,0.004731666666666667,0.057398758617900975,2.962516573827147,0.003134488541666667,0.7219642704614878,0.082435,0.019375
Large Lemon,Organic Italian Parsley Bunch,0.0026683333333333333,0.055690830666481145,2.9622782269404864,0.0017675626666666666,0.6957580748166361,0.047913333333333336,0.0188
Organic Italian Parsley Bunch,Large Lemon,0.0026683333333333333,0.14193262411347518,2.9622782269404864,0.0017675626666666666,0.6751141319390425,0.0188,0.047913333333333336
Organic Garnet Sweet Potato (Yam),Organic Baby Spinach,0.00366,0.2232387923147301,2.9605303668819056,0.002423735025,0.6732607951629258,0.016395,0.075405
Shredded Parmesan,Organic Garlic,0.001155,0.10052219321148825,2.9597269568599938,0.0007647613,0.6698273114798997,0.01149,0.03396333333333333
Bunched Cilantro,Organic Avocado,0.0023283333333333333,0.1626499010362091,2.9594232357388846,0.0015415809333333332,0.671711876194917,0.014315,0.05496
Banana + Organic Blueberries,Organic Strawberries,0.0014266666666666666,0.243944143630664,2.959230225397756,0.0009445593083333332,0.6659690907746029,0.005848333333333333,0.082435
Strawberries + Cucumber Kirby,Banana,0.0011833333333333333,0.43425076452599387,2.9551925177855245,0.0007829082083333334,0.6634203909879774,0.002725,0.146945
Organic Tomato Cluster + Organic Hass Avocado,Bag of Organic Bananas,0.0014633333333333334,0.35077906512185375,2.953763144147869,0.0009679201055555557,0.6642197225622121,0.004171666666666666,0.11875666666666666
Organic Cilantro + Organic Hass Avocado,Bag of Organic Bananas,0.001285,0.3504545454545454,2.951030500361064,0.0008495588888888888,0.6635684062487659,0.0036666666666666666,0.11875666666666666
No Salt Added Black Beans,Organic Baby Spinach,0.0019516666666666667,0.22249667490024702,2.950688613490445,0.0012902391416666666,0.6669462894597072,0.008771666666666667,0.075405
Organic Kiwi,Organic Large Extra Fancy Fuji Apple,0.0010766666666666667,0.06917969586635254,2.9500936403561853,0.0007117065000000001,0.6714781472093971,0.015563333333333334,0.02345
Carrots,Organic Red Onion,0.0014183333333333333,0.06236259709805071,2.9499809412512166,0.0009375392666666667,0.6763983113684904,0.022743333333333334,0.02114
Organic Red Onion,Carrots,0.0014183333333333333,0.06709239987385683,2.949980941251216,0.0009375392666666667,0.6752903981232588,0.02114,0.022743333333333334
Organic Baby Spinach + Organic Garlic,Organic Hass Avocado,0.0012733333333333333,0.1963001027749229,2.949958965710408,0.0008416889111111112,0.665327994783053,0.006486666666666667,0.06654333333333333
Banana + Honeycrisp Apple,Strawberries,0.0011733333333333333,0.13149047441165485,2.9488780984896805,0.0007754419,0.6668384043157227,0.008923333333333333,0.04459
Organic Garnet Sweet Potato (Yam),Carrots,0.0010983333333333333,0.06699196909626919,2.945565107559835,0.0007254563833333334,0.6715160766379357,0.016395,0.022743333333333334
Bag of Organic Bananas + Large Lemon,Organic Avocado,0.0010066666666666666,0.1618435155412647,2.9447510105761405,0.0006648154666666665,0.6645461925494456,0.00622,0.05496
Organic Gala Apples,Organic Granny Smith Apple,0.0012083333333333334,0.053755468228664643,2.9436233400747276,0.0007978415027777778,0.6754659722684808,0.022478333333333333,0.018261666666666666
Organic Granny Smith Apple,Organic Gala Apples,0.0012083333333333334,0.06616774664597974,2.943623340074727,0.0007978415027777778,0.6725647767533159,0.018261666666666666,0.022478333333333333
Organic Strawberries + Organic Avocado,Large Lemon,0.0010516666666666667,0.14100558659217877,2.942930010967972,0.0006943130555555556,0.665163600336397,0.007458333333333333,0.047913333333333336
Organic Tomato Cluster + Organic Hass Avocado,Organic Strawberries,0.0010116666666666666,0.24250898921294448,2.941820697676284,0.000667775325,0.6628396022165824,0.004171666666666666,0.082435
Organic Strawberries + Organic Raspberries,Bag of Organic Bananas,0.003681666666666667,0.34913861229650706,2.9399495800643365,0.002429377616666667,0.666890472298381,0.010545,0.11875666666666666
Organic Strawberries + Organic Cucumber,Bag of Organic Bananas,0.001845,0.3491012298959319,2.939634798573542,0.0012173710166666668,0.663327374424057,0.005285,0.11875666666666666
Organic Bell Pepper,Organic Hass Avocado,0.0014266666666666666,0.1956124314442413,2.9396247775019986,0.0009413439555555556,0.6646681761598079,0.007293333333333333,0.06654333333333333
Organic Baby Spinach + Organic Hass Avocado,Bag of Organic Bananas,0.003821666666666667,0.3490637844420765,2.939319486137563,0.0025214790944444445,0.6670887064979464,0.010948333333333332,0.11875666666666666
Organic Zucchini,Organic Garlic,0.0032616666666666666,0.09982147411374649,2.9390953218298113,0.00215191475,0.6820450715636224,0.032675,0.03396333333333333
Organic Garlic,Organic Zucchini,0.0032616666666666666,0.09603493964078909,2.9390953218298113,0.00215191475,0.6829546658169784,0.03396333333333333,0.032675
Organic Garlic,Large Lemon,0.004778333333333333,0.14069094121111003,2.9363630418347717,0.003151036822222222,0.6826269418743669,0.03396333333333333,0.047913333333333336
Large Lemon,Organic Garlic,0.004778333333333333,0.09972867677751496,2.9363630418347717,0.003151036822222222,0.6926288105829026,0.047913333333333336,0.03396333333333333
Banana + Organic Grape Tomatoes,Organic Baby Spinach,0.0012916666666666667,0.22123893805309736,2.9340088595331526,0.0008514271416666667,0.663040451167399,0.005838333333333333,0.075405
Bag of Organic Bananas + Organic Large Extra Fancy Fuji Apple,Organic Strawberries,0.0017816666666666666,0.24180049762497172,2.933226149390086,0.0011742581083333333,0.6639708100763808,0.0073683333333333335,0.082435
Yellow Onions,Limes,0.0029983333333333333,0.12911792148137513,2.9330539086368486,0.0019760768638888886,0.6747267102935723,0.023221666666666668,0.04402166666666667
Limes,Yellow Onions,0.0029983333333333333,0.06811040018172869,2.9330539086368486,0.0019760768638888886,0.6894072894288452,0.04402166666666667,0.023221666666666668
Organic Roasted Turkey Breast,Organic Raspberries,0.0011083333333333333,0.12492955100507233,2.9312423980542546,0.0007302229000000001,0.6647451265039424,0.008871666666666667,0.04262
Organic Romaine Lettuce,Organic Yellow Onion,0.0011483333333333332,0.10384325546345138,2.9299766413388584,0.0007564075694444442,0.6660659298238477,0.011058333333333333,0.03544166666666667
Organic Zucchini,Organic Tomato Cluster,0.0019233333333333333,0.0588625350675848,2.929942014314823,0.0012668925833333334,0.6809462353993874,0.032675,0.02009
Organic Tomato Cluster,Organic Zucchini,0.0019233333333333333,0.09573585531773685,2.9299420143148227,0.0012668925833333334,0.6722008318699803,0.02009,0.032675
Clementines,Strawberries,0.0012466666666666668,0.13051823416506717,2.927074101033128,0.0008207578500000002,0.6647110097595931,0.009551666666666667,0.04459
Organic Yellow Peaches,Organic Hass Avocado,0.00128,0.19472616632860046,2.926306161327463,0.000842588488888889,0.6626279312122799,0.006573333333333333,0.06654333333333333
Organic Fuji Apple + Large Lemon,Banana,0.0011016666666666666,0.42977893368010406,2.9247605136622825,0.00072499765,0.6597829076652163,0.0025633333333333333,0.146945
Organic Black Beans,Organic Garlic,0.0011816666666666666,0.09931362935985433,2.9241425859217096,0.0007775596055555555,0.6659430244031757,0.011898333333333334,0.03396333333333333
Organic Garnet Sweet Potato (Yam),Organic Hass Avocado,0.0031866666666666666,0.19436820168750635,2.9209267397811907,0.0020956887166666666,0.668604676389064,0.016395,0.06654333333333333
Yellow Onions,Organic Italian Parsley Bunch,0.001275,0.054905619751668695,2.9205116889185474,0.0008384326666666667,0.6732277180247443,0.023221666666666668,0.0188
Organic Italian Parsley Bunch,Yellow Onions,0.001275,0.0678191489361702,2.9205116889185474,0.0008384326666666667,0.6701938935650358,0.0188,0.023221666666666668
Banana + Honeycrisp Apple,Large Lemon,0.0012483333333333333,0.13989540530444527,2.919759398311784,0.0008207866888888889,0.6634259971265533,0.008923333333333333,0.047913333333333336
Limes + Organic Cilantro,Organic Hass Avocado,0.0010766666666666667,0.19428571428571428,2.919687135486364,0.0007079056944444445,0.6611614855855612,0.005541666666666667,0.06654333333333333
Red Peppers,Organic Red Onion,0.0010816666666666668,0.06166270783847981,2.9168735969006536,0.0007108358333333335,0.6689008154144109,0.017541666666666667,0.02114
Organic Red Onion,Red Peppers,0.0010816666666666668,0.05116682434563229,2.916873596900653,0.0007108358333333335,0.6713597248609096,0.02114,0.017541666666666667
Yellow Bell Pepper,Organic Avocado,0.001275,0.16031014249790443,2.9168512099327586,0.0008378848000000002,0.6624331002771455,0.007953333333333333,0.05496
Organic Red Bell Pepper,Organic Hass Avocado,0.0035166666666666666,0.1940408313408129,2.9160070832161438,0.0023106796555555555,0.6691933184724298,0.018123333333333335,0.06654333333333333
Organic Hass Avocado,Organic Red Bell Pepper,0.0035166666666666666,0.052847768371487254,2.9160070832161438,0.0023106796555555555,0.7039055248741927,0.06654333333333333,0.018123333333333335
Apple Honeycrisp Organic,Organic Raspberries,0.0032166666666666667,0.12414769072430207,2.9128974829728316,0.0021123824666666666,0.6741668761975106,0.02591,0.04262
Organic Raspberries,Apple Honeycrisp Organic,0.0032166666666666667,0.07547317378382606,2.9128974829728316,0.0021123824666666666,0.6859337070288006,0.04262,0.02591
Small Hass Avocado,Yellow Onions,0.0010516666666666667,0.06759507230851633,2.9108622253003515,0.0006903762361111111,0.6668340042689802,0.015558333333333334,0.023221666666666668
Original Hummus,Organic Strawberries + Banana,0.001125,0.05065666041275797,2.9096301213531293,0.0007383529166666667,0.6712203898618865,0.022208333333333333,0.01741
Organic Strawberries + Banana,Original Hummus,0.001125,0.06461803561171742,2.9096301213531293,0.0007383529166666667,0.6679425840927588,0.01741,0.022208333333333333
Organic Hothouse Cucumbers,Organic Hass Avocado,0.00145,0.1934192974655402,2.9066667955548797,0.000951146811111111,0.6609179999472675,0.007496666666666666,0.06654333333333333
Organic Yellow Onion + Organic Garlic,Organic Baby Spinach,0.0014866666666666667,0.21916461916461916,2.9064998231499124,0.0009751694166666668,0.66042342605171,0.006783333333333333,0.075405
Organic Strawberries + Organic Baby Spinach,Organic Zucchini,0.0011416666666666667,0.09496741993622626,2.9064244815983553,0.0007488587083333333,0.6639160120277567,0.012021666666666667,0.032675
Bag of Organic Bananas + Organic Baby Spinach,Organic Gala Apples,0.0010316666666666666,0.065302247072476,2.90511961470198,0.0006765464638888888,0.6663066284565848,0.015798333333333334,0.022478333333333333
Organic Baby Arugula,Organic Red Onion,0.0013733333333333334,0.06140546985617408,2.9047052912097486,0.0009005372333333334,0.6707319144114431,0.022365,0.02114
Organic Red Onion,Organic Baby Arugula,0.0013733333333333334,0.06496373383790602,2.904705291209748,0.0009005372333333334,0.6698925230836188,0.02114,0.022365
Organic Bartlett Pear,Organic Raspberries,0.001445,0.12364517969195667,2.901106984794854,0.0009469142666666668,0.6630528686308456,0.011686666666666666,0.04262
Organic Navel Orange,Organic Raspberries,0.0016466666666666667,0.12343828085957022,2.8962524838003336,0.0010781158666666668,0.6635783702773131,0.01334,0.04262
Fresh Cauliflower,Organic Cucumber,0.0016466666666666667,0.07374234960441857,2.895263039042739,0.0010779215666666666,0.6695595025585286,0.02233,0.02547
Organic Cucumber,Fresh Cauliflower,0.0016466666666666667,0.06465122366182437,2.895263039042739,0.0010779215666666666,0.6717168674811415,0.02547,0.02233
Organic Avocado,Large Lemon,0.0076233333333333335,0.13870693837942746,2.894954884780036,0.004990016533333333,0.6926389079257282,0.05496,0.047913333333333336
Large Lemon,Organic Avocado,0.0076233333333333335,0.1591067204675108,2.894954884780036,0.004990016533333333,0.6875124885824088,0.047913333333333336,0.05496
Organic Small Bunch Celery,Organic Tomato Cluster,0.001225,0.05813493632840307,2.8937250536785997,0.0008016702166666666,0.6685113142432967,0.021071666666666666,0.02009
Organic Tomato Cluster,Organic Small Bunch Celery,0.001225,0.06097560975609756,2.8937250536785997,0.0008016702166666666,0.6678416045010936,0.02009,0.021071666666666666
Organic Baby Spinach + Limes,Organic Hass Avocado,0.0012416666666666667,0.1925064599483204,2.892948854605827,0.0008124621666666667,0.6585797859279601,0.00645,0.06654333333333333
Organic Bosc Pear,Organic Hass Avocado,0.0012733333333333333,0.1924433249370277,2.8920000741926724,0.0008330382777777778,0.6585761214275293,0.0066166666666666665,0.06654333333333333
Bag of Organic Bananas + Organic Baby Spinach,Apple Honeycrisp Organic,0.0011833333333333333,0.0749024158666526,2.8908690029584174,0.0007739985166666666,0.6645825501763292,0.015798333333333334,0.02591
Organic Whole String Cheese,Apple Honeycrisp Organic,0.0013883333333333334,0.07489660133069592,2.890644590146504,0.0009080483000000002,0.6664094076118555,0.018536666666666667,0.02591
Apple Honeycrisp Organic,Organic Whole String Cheese,0.0013883333333333334,0.053582915219349034,2.890644590146504,0.0009080483000000002,0.6714537656268146,0.02591,0.018536666666666667
Organic Kiwi,Organic Zucchini,0.0014666666666666667,0.09423859498822018,2.884119203924106,0.00095813475,0.6636015452307595,0.015563333333333334,0.032675
Fresh Cauliflower,Red Peppers,0.0011283333333333334,0.05052992984027467,2.880566071654613,0.0007366279166666667,0.6677570262121564,0.02233,0.017541666666666667
Red Peppers,Fresh Cauliflower,0.0011283333333333334,0.0643230403800475,2.880566071654613,0.0007366279166666667,0.6645024930490749,0.017541666666666667,0.02233
Organic Cilantro,Organic Zucchini,0.0020566666666666667,0.09411226357535082,2.880252902076536,0.001342609,0.6673930281098973,0.021853333333333332,0.032675
Organic Zucchini,Organic Cilantro,0.0020566666666666667,0.06294312675337924,2.880252902076536,0.001342609,0.674859293207835,0.032675,0.021853333333333332
Organic Hass Avocado + Organic Lemon,Organic Strawberries,0.0015516666666666667,0.23737888832228454,2.8795886252475835,0.0010128165500000001,0.6570229137862275,0.006536666666666666,0.082435
Strawberries + Large Lemon,Banana,0.00154,0.4230769230769231,2.8791515402152035,0.0010051202,0.6550598724812864,0.00364,0.146945
Organic Avocado,Cucumber Kirby,0.004688333333333333,0.08530446385249879,2.878018348599824,0.0030593189333333335,0.6904879146892975,0.05496,0.02964
Cucumber Kirby,Organic Avocado,0.004688333333333333,0.15817588843904634,2.878018348599824,0.0030593189333333335,0.6724707313759571,0.02964,0.05496
Bag of Organic Bananas + Organic Baby Spinach,Organic Garlic,0.0015433333333333334,0.09768962970777509,2.8763263237150385,0.0010067692722222224,0.6628055242633549,0.015798333333333334,0.03396333333333333
Cantaloupe,Organic Strawberries,0.00176,0.23709025594970812,2.876087292408663,0.0011480575166666668,0.6571839023655298,0.007423333333333333,0.082435
Organic D'Anjou Pears,Organic Zucchini,0.001395,0.09396048495734172,2.875607802826066,0.0009098851666666666,0.6620770688511467,0.014846666666666666,0.032675
Organic Grape Tomatoes + Organic Hass Avocado,Bag of Organic Bananas,0.0014016666666666667,0.3414535119772635,2.8752365788076193,0.00091417055,0.6548908596781465,0.004105,0.11875666666666666
Organic Large Green Asparagus,Organic Strawberries,0.0014033333333333333,0.23698283141007595,2.8747841500585425,0.0009151807416666666,0.6560326033113896,0.005921666666666667,0.082435
Organic Baby Spinach + Organic Lemon,Bag of Organic Bananas,0.00147,0.3413312693498452,2.8742072249965913,0.0009585546222222221,0.6548984034249147,0.004306666666666667,0.11875666666666666
Organic Avocado,Limes,0.006953333333333333,0.12651625424551188,2.8739542099461297,0.0045339025333333335,0.6899679846349623,0.05496,0.04402166666666667
Limes,Organic Avocado,0.006953333333333333,0.1579525233786393,2.8739542099461297,0.0045339025333333335,0.6820733498486801,0.04402166666666667,0.05496
Organic Granny Smith Apple,Organic Lemon,0.0014233333333333333,0.077941042256092,2.872696440423564,0.0009278638805555556,0.6640211305949477,0.018261666666666666,0.027131666666666665
Organic Lemon,Organic Granny Smith Apple,0.0014233333333333333,0.05246022482953499,2.872696440423564,0.0009278638805555556,0.6700752565507149,0.027131666666666665,0.018261666666666666
Organic Baby Spinach + Organic Whole Milk,Organic Strawberries,0.0013333333333333333,0.23675643681562591,2.8720378093725474,0.0008690868916666666,0.6555067643445337,0.005631666666666667,0.082435
Organic Romaine,Organic Avocado,0.0011683333333333333,0.15781179648806845,2.871393677002701,0.0007614461333333333,0.6565980757618316,0.007403333333333333,0.05496
Bag of Organic Bananas + Organic Avocado,Large Lemon,0.0010066666666666666,0.13752276867030963,2.87024005851488,0.0006559410666666665,0.6564019483546714,0.00732,0.047913333333333336
Bag of Organic Bananas + Organic Raspberries,Organic Zucchini,0.001195,0.09377452262620979,2.869916530258907,0.0007786115833333334,0.6599680025668242,0.012743333333333334,0.032675
Organic Strawberries + Organic Zucchini,Bag of Organic Bananas,0.0016766666666666666,0.3402096719648292,2.8647627246034966,0.0010913942277777778,0.6541548440841628,0.004928333333333333,0.11875666666666666
Honeycrisp Apple + Organic Avocado,Banana,0.0014616666666666667,0.4208253358925144,2.8638288876281224,0.0009512777,0.6530855102400788,0.0034733333333333335,0.146945
Organic Red Onion,Bag of Organic Bananas + Organic Hass Avocado,0.0011716666666666666,0.05542415641753389,2.860601621550136,0.0007620791666666665,0.6644700839182711,0.02114,0.019375
Bag of Organic Bananas + Organic Hass Avocado,Organic Red Onion,0.0011716666666666666,0.06047311827956988,2.860601621550136,0.0007620791666666665,0.6632741224670378,0.019375,0.02114
Organic Beef Hot Dogs,Organic Strawberries,0.0012216666666666667,0.2357671276937922,2.8600367282561074,0.000794515975,0.6537416116360448,0.005181666666666667,0.082435
Banana + Organic Avocado,Organic Grape Tomatoes,0.0012283333333333332,0.0745724982292826,2.8586441948357755,0.0007986424555555555,0.6610727878816406,0.016471666666666666,0.026086666666666668
Green Beans,Large Lemon,0.00123,0.13694562998701057,2.858194587178459,0.000799658411111111,0.6560209510297272,0.008981666666666667,0.047913333333333336
Organic Kiwi,Organic Hass Avocado,0.00296,0.19019061897622616,2.8581468563275987,0.0019243639222222223,0.6604009873972222,0.015563333333333334,0.06654333333333333
Large Yellow Flesh Nectarine,Organic Strawberries,0.0010966666666666666,0.23558897243107768,2.857875567793749,0.0007129317416666666,0.6531300544459994,0.004655,0.082435
Limes,Red Peppers,0.0022066666666666667,0.05012683148449627,2.857586592940405,0.0014344532638888889,0.6799885797910628,0.04402166666666667,0.017541666666666667
Red Peppers,Limes,0.0022066666666666667,0.1257957244655582,2.857586592940405,0.0014344532638888889,0.6616609856509883,0.017541666666666667,0.04402166666666667
Banana + Asparagus,Organic Baby Spinach,0.00101,0.21535181236673773,2.8559354468103937,0.0006563505500000001,0.6529141972882523,0.00469,0.075405
Organic Italian Parsley Bunch,Organic Tomato Cluster,0.0010783333333333333,0.057358156028368794,2.85506003127769,0.0007006413333333333,0.6621939132664731,0.0188,0.02009
Organic Tomato Cluster,Organic Italian Parsley Bunch,0.0010783333333333333,0.05367512858802057,2.8550600312776897,0.0007006413333333333,0.6630656567409898,0.02009,0.0188
Organic Strawberries,Organic Blueberries,0.007313333333333333,0.08871636238652676,2.854451814238313,0.004751253533333333,0.7080370725377287,0.082435,0.03108
Organic Blueberries,Organic Strawberries,0.007313333333333333,0.2353067353067353,2.854451814238313,0.004751253533333333,0.6705094708160437,0.03108,0.082435
Organic Baby Broccoli,Organic Hass Avocado,0.001885,0.18992443324937028,2.8541466700802025,0.0012245574166666667,0.656144819115754,0.009925,0.06654333333333333
Bag of Organic Bananas + Organic Zucchini,Organic Strawberries,0.0016766666666666666,0.235266604303087,2.8539649942753322,0.0010891798999999999,0.6542730643687544,0.007126666666666667,0.082435
Carrots + Banana,Organic Baby Spinach,0.0010333333333333334,0.21505376344086022,2.851982805395666,0.0006710123083333334,0.6525020222167515,0.004805,0.075405
Red Vine Tomato,Organic Red Onion,0.00102,0.06024214981789546,2.849675961111422,0.0006620645666666667,0.6602622488061007,0.016931666666666668,0.02114
Organic Italian Parsley Bunch,Limes,0.0023583333333333334,0.1254432624113475,2.8495800343319013,0.001530726,0.6615074351878928,0.0188,0.04402166666666667
Limes,Organic Italian Parsley Bunch,0.0023583333333333334,0.053572104645439746,2.8495800343319013,0.001530726,0.6789600483341084,0.04402166666666667,0.0188
Organic Granny Smith Apple,Michigan Organic Kale,0.0010916666666666666,0.05977913662498858,2.8493392099613244,0.0007085368999999999,0.6611144875139885,0.018261666666666666,0.02098
Michigan Organic Kale,Organic Granny Smith Apple,0.0010916666666666666,0.05203368287257705,2.8493392099613244,0.0007085368999999999,0.6629501288170863,0.02098,0.018261666666666666
Bag of Organic Bananas + Organic Baby Spinach,Fresh Cauliflower,0.001005,0.06361430530646693,2.8488269281892937,0.0006522232166666668,0.6593956777572274,0.015798333333333334,0.02233
Organic Strawberries + Organic Grape Tomatoes,Organic Baby Spinach,0.00105,0.21465076660988075,2.8466383742441583,0.0006811438749999999,0.6518973167554142,0.0048916666666666666,0.075405
Apple Honeycrisp Organic,Organic Red Bell Pepper,0.0013366666666666666,0.05158883314035764,2.8465422001300884,0.0008670910999999999,0.6659513838979428,0.02591,0.018123333333333335
Organic Red Bell Pepper,Apple Honeycrisp Organic,0.0013366666666666666,0.07375390840537059,2.8465422001300884,0.0008670910999999999,0.6606701285033902,0.018123333333333335,0.02591
Organic Navel Orange,Organic Hass Avocado,0.0025266666666666666,0.18940529735132433,2.8463451988878075,0.0016389786,0.6574425527834185,0.01334,0.06654333333333333
Bag of Organic Bananas + Apple Honeycrisp Organic,Organic Strawberries,0.00171,0.2346215412760119,2.846139883253617,0.0011091862416666666,0.6534091889232023,0.007288333333333333,0.082435
Apple Honeycrisp Organic,Organic Hass Avocado,0.004905,0.189309147047472,2.844900271213826,0.003180862233333333,0.6657432366883511,0.02591,0.06654333333333333
Organic Hass Avocado,Apple Honeycrisp Organic,0.004905,0.07371136602715023,2.844900271213826,0.003180862233333333,0.6947230145578149,0.06654333333333333,0.02591
Red Vine Tomato,Limes,0.00212,0.12520917413131213,2.844262464649501,0.0013746398138888888,0.6595828433947751,0.016931666666666668,0.04402166666666667
Fresh Cauliflower + Organic Hass Avocado,Bag of Organic Bananas,0.001145,0.3377581120943953,2.8441191688415697,0.0007424148999999999,0.650602836191107,0.00339,0.11875666666666666
Banana + Yellow Onions,Organic Avocado,0.00106,0.15630376013762595,2.843954878777765,0.0006872795999999999,0.6528040808067466,0.006781666666666667,0.05496
Strawberries + Organic Avocado,Banana,0.00165,0.4178978471929084,2.84390654457728,0.0010698121583333333,0.650941137642296,0.003948333333333333,0.146945
Jalapeno Peppers,Organic Avocado,0.00208,0.15623435152729093,2.842691985576618,0.0013482992,0.6569671924529595,0.013313333333333333,0.05496
Organic Navel Orange,Bag of Organic Bananas,0.004498333333333333,0.3372063968015992,2.8394734061380347,0.0029141194,0.6565808109900786,0.01334,0.11875666666666666
Ground Turkey Breast,Organic Avocado,0.001295,0.15602409638554218,2.838866382560811,0.0008388319999999999,0.6531680126517274,0.0083,0.05496
Large Lemon,Organic Red Onion,0.002873333333333333,0.05996938917489912,2.8367733762960796,0.0018604454666666665,0.6800713044460669,0.047913333333333336,0.02114
Organic Red Onion,Large Lemon,0.002873333333333333,0.1359192683695995,2.8367733762960796,0.0018604454666666665,0.6614703035630302,0.02114,0.047913333333333336
Red Peppers,Asparagus,0.0010516666666666667,0.05995249406175772,2.8361977794728874,0.0006808650694444445,0.658974796195465,0.017541666666666667,0.021138333333333332
Organic D'Anjou Pears,Organic Hass Avocado,0.0028016666666666667,0.1887067804220925,2.8358480251779667,0.001813719977777778,0.6571279542609876,0.014846666666666666,0.06654333333333333
Organic Sour Cream,Limes,0.001025,0.12479707792207792,2.8349012514007024,0.0006634353777777779,0.6526141647736116,0.008213333333333333,0.04402166666666667
Carrots,Organic Cilantro,0.0014083333333333333,0.061922907811812984,2.8335680816875985,0.0009113156888888889,0.6621475045276787,0.022743333333333334,0.021853333333333332
Organic Cilantro,Carrots,0.0014083333333333333,0.06444478340451495,2.8335680816875985,0.0009113156888888889,0.6615450271087882,0.021853333333333332,0.022743333333333334
Organic Avocado + Cucumber Kirby,Banana,0.0019516666666666667,0.41628154994667615,2.832907209817797,0.001262739525,0.6500534014454734,0.004688333333333333,0.146945
Organic Baby Spinach + Organic Zucchini,Organic Hass Avocado,0.0011883333333333333,0.18842494714587738,2.8316126906658927,0.0007686667111111111,0.6509496798236719,0.006306666666666667,0.06654333333333333
Organic Baby Spinach + Banana,Organic Garlic,0.0015466666666666667,0.09615583877318412,2.8311661234620904,0.00100036645,0.6573623260314575,0.016085,0.03396333333333333
Organic Baby Spinach + Organic Hass Avocado,Organic Strawberries,0.002555,0.2333688537068047,2.8309438188488474,0.0016524741416666668,0.6539202534113531,0.010948333333333332,0.082435
Bag of Organic Bananas + Organic Gala Apples,Organic Strawberries,0.0013683333333333334,0.23330491616936627,2.8301682073071666,0.0008848520583333334,0.6504791711794057,0.005865,0.082435
Organic Hass Avocado + Organic Red Onion,Bag of Organic Bananas,0.0011716666666666666,0.3358815097945532,2.8283170892403504,0.0007574038277777777,0.6486957213413264,0.0034883333333333333,0.11875666666666666
Organic Hass Avocado + Apple Honeycrisp Organic,Organic Strawberries,0.0011433333333333334,0.23309548080190287,2.827627595097991,0.0007389896583333335,0.6495325973316026,0.004905,0.082435
Organic Baby Spinach + Banana,Carrots,0.0010333333333333334,0.06424204745622215,2.82465399924764,0.0006675068166666667,0.6565346993487012,0.016085,0.022743333333333334
Original Hummus + Organic Hass Avocado,Bag of Organic Bananas,0.0010683333333333332,0.33542647828362115,2.824485460046772,0.0006900933499999999,0.6480171483460312,0.003185,0.11875666666666666
Organic Strawberries + Cucumber Kirby,Banana,0.0014533333333333334,0.4150404569252737,2.824461240091692,0.000938780925,0.6482200282177695,0.003501666666666667,0.146945
Organic Strawberries + Organic Yellow Onion,Organic Baby Spinach,0.0011283333333333334,0.21296005033029253,2.824216568268583,0.0007288125083333334,0.649360031067808,0.005298333333333334,0.075405
Organic Garnet Sweet Potato (Yam),Organic Cilantro,0.0010116666666666666,0.06170580461522822,2.8236335241867705,0.0006533812666666666,0.6566115382620635,0.016395,0.021853333333333332
Organic Yellow Onion + Organic Lemon,Bag of Organic Bananas,0.0010933333333333333,0.33520694941236584,2.8226368996466094,0.0007059886722222222,0.6478343663028063,0.0032616666666666666,0.11875666666666666
Organic Granny Smith Apple,Organic Large Extra Fancy Fuji Apple,0.0012083333333333334,0.06616774664597974,2.8216523089970043,0.0007800972500000001,0.6576067188350573,0.018261666666666666,0.02345
Organic Large Extra Fancy Fuji Apple,Organic Granny Smith Apple,0.0012083333333333334,0.05152807391613362,2.8216523089970043,0.0007800972500000001,0.6611005316040459,0.02345,0.018261666666666666
Organic Yellow Onion + Banana,Organic Baby Spinach,0.0011016666666666666,0.21274541358223367,2.8213701158044384,0.0007111944416666666,0.6489226144584567,0.005178333333333333,0.075405
Bag of Organic Bananas + Fresh Cauliflower,Organic Strawberries,0.0010233333333333333,0.23257575757575757,2.821322952335265,0.0006606193333333334,0.6484093529444868,0.0044,0.082435
Bunched Cilantro,Cucumber Kirby,0.0011966666666666666,0.08359529630923274,2.8203541264923326,0.0007723700666666666,0.6548081751272248,0.014315,0.02964
Organic Whole String Cheese,Organic Large Extra Fancy Fuji Apple,0.001225,0.0660852364682611,2.818133751311774,0.0007903151666666667,0.6573401330277967,0.018536666666666667,0.02345
Organic Large Extra Fancy Fuji Apple,Organic Whole String Cheese,0.001225,0.05223880597014925,2.818133751311774,0.0007903151666666667,0.6606474200965011,0.02345,0.018536666666666667
Organic Strawberries + Banana,Cucumber Kirby,0.0014533333333333334,0.08347692896802605,2.816360626451621,0.0009373009333333334,0.6563590458506452,0.01741,0.02964
Organic Garlic,Organic Tomato Cluster,0.0019216666666666666,0.05658062616547257,2.8163576986297945,0.0012393433,0.6676055764704003,0.03396333333333333,0.02009
Organic Tomato Cluster,Organic Garlic,0.0019216666666666666,0.09565289530446325,2.8163576986297945,0.0012393433,0.6581537750829606,0.02009,0.03396333333333333
Organic Whole String Cheese,Organic Baby Carrots,0.0012283333333333332,0.06626506024096385,2.815795760947472,0.0007921037777777777,0.657039936347365,0.018536666666666667,0.023533333333333333
Organic Baby Carrots,Organic Whole String Cheese,0.0012283333333333332,0.05219546742209631,2.815795760947472,0.0007921037777777777,0.6604020680623397,0.023533333333333333,0.018536666666666667
Organic Small Bunch Celery,Organic Large Extra Fancy Fuji Apple,0.0013883333333333334,0.06588626117219015,2.809648664059282,0.0008942027500000001,0.6579476673764455,0.021071666666666666,0.02345
Organic Large Extra Fancy Fuji Apple,Organic Small Bunch Celery,0.0013883333333333334,0.05920398009950249,2.8096486640592815,0.0008942027500000001,0.659550062408866,0.02345,0.021071666666666666
Honeycrisp Apple + Large Lemon,Banana,0.0012483333333333333,0.4126721763085399,2.808344457508183,0.0008038247083333333,0.645872087497256,0.003025,0.146945
Organic Lemon,Organic Cilantro,0.001665,0.061367405860310836,2.808148529300374,0.0010720826444444447,0.6618505897305188,0.027131666666666665,0.021853333333333332
Organic Cilantro,Organic Lemon,0.001665,0.07618974984746797,2.808148529300374,0.0010720826444444447,0.6582790721365714,0.021853333333333332,0.027131666666666665
Organic Shredded Carrots,Organic Baby Spinach,0.0013466666666666666,0.2116845690332722,2.807301492384752,0.0008669651916666666,0.6479078069141606,0.0063616666666666665,0.075405
Organic Strawberries + Banana,Organic Avocado,0.002685,0.15422171165996557,2.8060719006543953,0.0017281464,0.6550340875991799,0.01741,0.05496
Organic Zucchini,Organic Grape Tomatoes,0.0023916666666666665,0.07319561336393778,2.8058630218734133,0.001539284833333333,0.6653435139525457,0.032675,0.026086666666666668
Organic Grape Tomatoes,Organic Zucchini,0.0023916666666666665,0.09168157423971378,2.805863021873413,0.001539284833333333,0.6608425951325029,0.026086666666666668,0.032675
Apple Honeycrisp Organic,Organic Cucumber,0.0018516666666666666,0.0714653287019169,2.8058629250850764,0.0011917389666666668,0.6607227282286381,0.02591,0.02547
Organic Cucumber,Apple Honeycrisp Organic,0.0018516666666666666,0.07269990838895432,2.805862925085076,0.0011917389666666668,0.6604244121168502,0.02547,0.02591
Organic Whole String Cheese + Banana,Organic Strawberries,0.001025,0.231203007518797,2.8046704375422697,0.0006595381666666668,0.646317209547694,0.004433333333333333,0.082435
Bag of Organic Bananas + Organic Whole Milk,Organic Strawberries,0.002128333333333333,0.23117306299782767,2.8043071874546937,0.0013693817666666666,0.649384350452856,0.009206666666666667,0.082435
Organic Basil,Limes,0.0010583333333333334,0.12337283854672627,2.8025481061611996,0.0006807008027777779,0.6487470291575114,0.008578333333333334,0.04402166666666667
Organic Raspberries + Organic Blueberries,Bag of Organic Bananas,0.0013616666666666666,0.3326547231270358,2.801145674295078,0.0008755560444444444,0.6456460595513768,0.004093333333333333,0.11875666666666666
Organic Strawberries + Organic Baby Spinach,Organic Garlic,0.0011433333333333334,0.09510605850547624,2.8002568997588453,0.0007350374611111112,0.6507125571350486,0.012021666666666667,0.03396333333333333
Organic Strawberries + Organic Kiwi,Bag of Organic Bananas,0.00132,0.33235417540914813,2.798614888223663,0.0008483381055555555,0.645243073403166,0.003971666666666667,0.11875666666666666
Banana + Organic Avocado,Organic Fuji Apple,0.0012716666666666666,0.07720327835677426,2.7985721975631077,0.0008172682888888888,0.6534381476400516,0.016471666666666666,0.027586666666666666
Michigan Organic Kale,Organic Baby Spinach,0.004426666666666666,0.21099459802986972,2.7981512900983985,0.0028446697666666665,0.6563922925261135,0.02098,0.075405
Organic Baby Spinach,Michigan Organic Kale,0.004426666666666666,0.058705214066264395,2.7981512900983985,0.0028446697666666665,0.6950299128038931,0.075405,0.02098
Organic Raspberries,Organic Hass Avocado,0.007933333333333334,0.18614109181917723,2.797291366315342,0.005097256466666668,0.6711142068225063,0.04262,0.06654333333333333
Organic Hass Avocado,Organic Raspberries,0.007933333333333334,0.11922055803235987,2.797291366315342,0.005097256466666668,0.6883140292115661,0.06654333333333333,0.04262
Bag of Organic Bananas + Organic Lemon,Organic Baby Spinach,0.00147,0.2109038737446198,2.7969481300261227,0.00094442715,0.6469768778179832,0.00697,0.075405
Organic Bartlett Pear,Organic Hass Avocado,0.0021733333333333335,0.18596691386195097,2.7946738545602012,0.001395663577777778,0.6497701398772344,0.011686666666666666,0.06654333333333333
"Organic Red Radish, Bunch",Organic Hass Avocado,0.0015633333333333332,0.18592666005946482,2.79406892840953,0.0010038148055555554,0.6475437867503516,0.008408333333333334,0.06654333333333333
Organic Ginger Root,Organic Zucchini,0.0014816666666666667,0.0912637306231393,2.7930751529652427,0.0009511880416666667,0.6525660921711912,0.016235,0.032675
Feta Cheese Crumbles,Large Lemon,0.00133,0.13371313672922253,2.7907291650735186,0.0008534220444444445,0.6481173170219161,0.009946666666666666,0.047913333333333336
Feta Cheese Crumbles,Organic Avocado,0.001525,0.15331769436997322,2.7896232600067905,0.0009783312,0.6479738354880258,0.009946666666666666,0.05496
Organic Zucchini,Michigan Organic Kale,0.0019116666666666668,0.058505483295077786,2.7886312342744417,0.0012261451666666667,0.6630668424691349,0.032675,0.02098
Michigan Organic Kale,Organic Zucchini,0.0019116666666666668,0.09111852557991738,2.7886312342744417,0.0012261451666666667,0.6551460985387999,0.02098,0.032675
Cucumber Kirby,Organic Grape Tomatoes,0.002155,0.07270580296896086,2.787086748107367,0.0013817912,0.6607881744847679,0.02964,0.026086666666666668
Organic Grape Tomatoes,Cucumber Kirby,0.002155,0.08260925121390236,2.787086748107367,0.0013817912,0.658377281681162,0.026086666666666668,0.02964
Organic Roma Tomato,Limes,0.0011033333333333333,0.1225018504811251,2.7827626656826205,0.0007068448555555555,0.6464674005771905,0.009006666666666666,0.04402166666666667
Red Vine Tomato,Organic Avocado,0.0025833333333333333,0.15257407225120584,2.7760930176711396,0.0016527689333333331,0.6508006624639303,0.016931666666666668,0.05496
Green Onions,Large Lemon,0.001135,0.13295587661069894,2.774924376179886,0.0007259798444444444,0.6451371396089116,0.008536666666666666,0.047913333333333336
Organic Jalapeno Pepper,Organic Hass Avocado,0.0011383333333333334,0.18464449851311165,2.774800859286355,0.0007280936833333335,0.6435814571356572,0.006165,0.06654333333333333
Bag of Organic Bananas + Organic Hass Avocado,Organic Grape Tomatoes,0.0014016666666666667,0.07234408602150538,2.773220777721903,0.0008962375000000001,0.6520417512612455,0.019375,0.026086666666666668
Organic Grape Tomatoes,Bag of Organic Bananas + Organic Hass Avocado,0.0014016666666666667,0.05373115256836187,2.773220777721903,0.0008962375000000001,0.6565352587813005,0.026086666666666668,0.019375
Boneless Skinless Chicken Breasts,Organic Avocado,0.0023583333333333334,0.1523471145564169,2.7719635108518355,0.0015075525333333333,0.6492959924220575,0.01548,0.05496
Bag of Organic Bananas + Large Lemon,Organic Baby Spinach,0.0013,0.2090032154340836,2.7717421316104183,0.0008309808999999999,0.643216885953709,0.00622,0.075405
Grated Parmesan,Organic Yellow Onion,0.0014066666666666667,0.09821948097288491,2.7712997217837265,0.0008990829305555556,0.6484452988594306,0.014321666666666667,0.03544166666666667
Banana + Organic Avocado,Yellow Onions,0.00106,0.0643529292724881,2.7712450702284404,0.0006775004472222222,0.6498555696283786,0.016471666666666666,0.023221666666666668
Large Lemon,Asparagus,0.002805,0.058543203005426474,2.7695278564421577,0.001792191988888889,0.6710813706794877,0.047913333333333336,0.021138333333333332
Asparagus,Large Lemon,0.002805,0.13269731136166524,2.7695278564421573,0.001792191988888889,0.6527251470047669,0.021138333333333332,0.047913333333333336
Organic Tomato Cluster,Organic Red Bell Pepper,0.0010083333333333333,0.050190808030529284,2.7694026869889248,0.0006442355666666667,0.6520101905125206,0.02009,0.018123333333333335
Organic Red Bell Pepper,Organic Tomato Cluster,0.0010083333333333333,0.0556372999816075,2.7694026869889248,0.0006442355666666667,0.6507042355473608,0.018123333333333335,0.02009
Organic Black Beans,Organic Zucchini,0.0010766666666666667,0.09048886398655274,2.769360795303833,0.0006878886250000001,0.6465992976295464,0.011898333333333334,0.032675
Organic Garnet Sweet Potato (Yam),Organic Lemon,0.0012316666666666667,0.07512452983633222,2.768887394913652,0.0007868429916666668,0.6494925370460887,0.016395,0.027131666666666665
Organic Extra Firm Tofu,Limes,0.0011,0.12188365650969529,2.76871971778356,0.0007027044583333334,0.6446401118580033,0.009025,0.04402166666666667
Organic Kiwi,Organic Lemon,0.0011683333333333333,0.0750696080531163,2.766863126228256,0.0007460741611111111,0.6486754331128867,0.015563333333333334,0.027131666666666665
Organic Snipped Green Beans,Organic Strawberries,0.0012333333333333332,0.2280431432973806,2.7663388523974115,0.0007874973749999999,0.6419834456034403,0.005408333333333334,0.082435
Organic Gala Apples,Organic Cucumber,0.0015833333333333333,0.0704381997479054,2.7655359147194893,0.0010108101833333333,0.6530867328556544,0.022478333333333333,0.02547
Organic Cucumber,Organic Gala Apples,0.0015833333333333333,0.062164638136369584,2.7655359147194893,0.0010108101833333333,0.655091615013337,0.02547,0.022478333333333333
Organic Hass Avocado + Organic Lemon,Organic Baby Spinach,0.0013616666666666666,0.20831208567057624,2.7625765621719545,0.0008687693166666667,0.6422170407302507,0.006536666666666666,0.075405
Organic Ginger Root,Organic Baby Spinach,0.0033816666666666665,0.20829483625911097,2.7623478053061596,0.002157466491666667,0.6485177918208874,0.016235,0.075405
Bag of Organic Bananas + Organic Baby Carrots,Organic Baby Spinach,0.0010116666666666666,0.2080191912268677,2.75869227805673,0.0006449470166666666,0.640624979737398,0.004863333333333333,0.075405
Organic Strawberries,Organic Whole String Cheese,0.0042116666666666665,0.05109075837528558,2.7561998763865625,0.00268359655,0.6944266734296328,0.082435,0.018536666666666667
Organic Whole String Cheese,Organic Strawberries,0.0042116666666666665,0.22720733680992627,2.7561998763865625,0.00268359655,0.6492159095148343,0.018536666666666667,0.082435
Orange Bell Pepper,Large Lemon,0.0016083333333333334,0.1320470717022441,2.7559566933820254,0.0010247489333333334,0.6450057660858479,0.01218,0.047913333333333336
Organic D'Anjou Pears,Organic Lemon,0.00111,0.07476425684777728,2.755608704998241,0.000707185188888889,0.6467051901637382,0.014846666666666666,0.027131666666666665
Organic Strawberries + Organic Gala Apples,Bag of Organic Bananas,0.0013683333333333334,0.32696136997212266,2.7532043391707637,0.0008713366833333334,0.6394630101885037,0.004185,0.11875666666666666
Asparagus,Organic Red Onion,0.00123,0.058188125837735555,2.752513048142647,0.0007831356333333334,0.6504449592193333,0.021138333333333332,0.02114
Organic Red Onion,Asparagus,0.00123,0.058183538315988645,2.7525130481426467,0.0007831356333333334,0.650446066706545,0.02114,0.021138333333333332
Organic Strawberries + Organic Tomato Cluster,Bag of Organic Bananas,0.0012166666666666667,0.3267681289167413,2.7515771374244924,0.0007744960111111111,0.6389510918255042,0.0037233333333333333,0.11875666666666666
Organic Blackberries,Strawberries,0.0023566666666666666,0.12254094808908918,2.7481710717445433,0.00149912665,0.6485952003582561,0.019231666666666668,0.04459
Strawberries,Organic Blackberries,0.0023566666666666666,0.05285190999476714,2.748171071744543,0.00149912665,0.6658101063034365,0.04459,0.019231666666666668
Organic Broccoli,Organic Garlic,0.00112,0.09330741460705358,2.7472984966253877,0.0007123267888888888,0.6437330033245083,0.012003333333333333,0.03396333333333333
Organic Broccoli,Organic Hass Avocado,0.002193333333333333,0.18272702027214663,2.7459853770297045,0.0013945915222222222,0.6435568281402818,0.012003333333333333,0.06654333333333333
Organic Reduced Fat 2% Milk,Organic Raspberries,0.00172,0.11699353814760231,2.7450384361239397,0.0010934149666666667,0.6451917703121988,0.014701666666666667,0.04262
Organic Garlic + Organic Hass Avocado,Bag of Organic Bananas,0.00178,0.32590784253890753,2.744333027245411,0.0011313906722222222,0.6391033064287741,0.005461666666666667,0.11875666666666666
Organic Red Bell Pepper,Michigan Organic Kale,0.0010433333333333334,0.05756851204708478,2.743971022263336,0.0006631058,0.6472958224930572,0.018123333333333335,0.02098
Organic Kiwi,Organic Grape Tomatoes,0.0011133333333333334,0.07153566074105805,2.74223079763831,0.0007073378444444444,0.6453776202432927,0.015563333333333334,0.026086666666666668
Red Onion,Organic Avocado,0.0019816666666666667,0.15069708491761724,2.7419411375112306,0.0012589426666666666,0.6437603178176537,0.01315,0.05496
Organic Roasted Turkey Breast,Organic Strawberries,0.002005,0.22600037572797294,2.7415585094677377,0.0012736641583333333,0.6409300873350318,0.008871666666666667,0.082435
Organic Whole Milk + Organic Avocado,Banana,0.0016866666666666666,0.4027059291683247,2.7405214819716543,0.001071212025,0.6377771670438581,0.004188333333333333,0.146945
Large Alfresco Eggs,Organic Yellow Onion,0.0012266666666666667,0.09711043673307825,2.7400076200257204,0.0007789793472222223,0.6431617157283052,0.012631666666666666,0.03544166666666667
Organic Strawberries + Organic Yellow Onion,Bag of Organic Bananas,0.0017233333333333332,0.3252595155709342,2.7388737382120376,0.0010941209277777776,0.6382681759921816,0.005298333333333334,0.11875666666666666
Bag of Organic Bananas + Limes,Organic Baby Spinach,0.0013516666666666666,0.2065189712248536,2.7387967803839746,0.0008581409416666666,0.6390587989016969,0.006545,0.075405
Organic Cucumber,Organic Yellow Onion,0.0024716666666666667,0.09704227195393274,2.7380843250580598,0.0015689674166666666,0.6513715873991618,0.02547,0.03544166666666667
Organic Yellow Onion,Organic Cucumber,0.0024716666666666667,0.06973900775922877,2.7380843250580593,0.0015689674166666666,0.6581055091550763,0.03544166666666667,0.02547
Organic Baby Arugula,Organic Cilantro,0.0013366666666666666,0.05976600342797525,2.7348689793155243,0.0008479168666666666,0.6488636051016647,0.022365,0.021853333333333332
Organic Cilantro,Organic Baby Arugula,0.0013366666666666666,0.06116534472239169,2.734868979315524,0.0008479168666666666,0.6485241857801481,0.021853333333333332,0.022365
Organic Peeled Whole Baby Carrots,Organic Grape Tomatoes,0.0012516666666666668,0.07122534142640365,2.7303350917353812,0.0007932369777777779,0.6450808095290986,0.017573333333333333,0.026086666666666668
Large Lemon,Michigan Organic Kale,0.0027433333333333333,0.0572561569500487,2.72908279075542,0.0017381116,0.6654609785967,0.047913333333333336,0.02098
Michigan Organic Kale,Large Lemon,0.0027433333333333333,0.130759453447728,2.7290827907554194,0.0017381116,0.6471538118821577,0.02098,0.047913333333333336
Cucumber Kirby,Michigan Organic Kale,0.0016966666666666666,0.05724246513720198,2.7284301781316485,0.0010748194666666665,0.6528390289760201,0.02964,0.02098
Michigan Organic Kale,Cucumber Kirby,0.0016966666666666666,0.08087067047982205,2.728430178131648,0.0010748194666666665,0.6470642889391135,0.02098,0.02964
Organic D'Anjou Pears,Organic Grape Tomatoes,0.0010566666666666667,0.07117198024247867,2.7282895569567596,0.0006693666222222223,0.6430166432481775,0.014846666666666666,0.026086666666666668
Unsalted Butter,Organic Whole Milk,0.0013816666666666667,0.12397188574846718,2.72715422361431,0.0008750335416666666,0.6404552745170009,0.011145,0.04545833333333334
Organic Baby Spinach + Organic Cucumber,Bag of Organic Bananas,0.0016116666666666666,0.3238446081714668,2.7269593974075854,0.0010206543222222222,0.6364586455595045,0.0049766666666666666,0.11875666666666666
Organic Red Bell Pepper,Carrots,0.0011233333333333334,0.06198271105389,2.725313398236406,0.0007111483222222222,0.6447548297442196,0.018123333333333335,0.022743333333333334
Seedless Red Grapes,Strawberries,0.0031533333333333335,0.12144553565697414,2.7236047467363567,0.0019955539833333338,0.6497092297487347,0.025965,0.04459
Strawberries,Seedless Red Grapes,0.0031533333333333335,0.0707183972490095,2.7236047467363567,0.0019955539833333338,0.6623748229538197,0.04459,0.025965
Orange Bell Pepper,Organic Zucchini,0.0010833333333333333,0.08894362342638204,2.722069576935946,0.0006853518333333333,0.6404329346828992,0.01218,0.032675
Banana + Cucumber Kirby,Strawberries,0.0011833333333333333,0.12136752136752137,2.72185515513616,0.0007485808333333333,0.6388321344375264,0.00975,0.04459
Red Vine Tomato,Yellow Onions,0.00107,0.06319519637759621,2.7213893509335914,0.0006768184805555555,0.6434350640595308,0.016931666666666668,0.023221666666666668
Bag of Organic Bananas + Organic Baby Spinach,Organic Baby Carrots,0.0010116666666666666,0.0640362907479692,2.721088841981694,0.0006398792222222221,0.6426528996410443,0.015798333333333334,0.023533333333333333
Limes + Organic Avocado,Organic Baby Spinach,0.0014266666666666666,0.20517737296260785,2.7210048798170923,0.0009023505666666666,0.6369174140388881,0.006953333333333333,0.075405
Bartlett Pears,Strawberries,0.0013333333333333333,0.12132241431604489,2.7208435594537987,0.0008432892333333333,0.6394949747727526,0.01099,0.04459
Organic Baby Spinach + Organic Fuji Apple,Banana,0.0011566666666666667,0.39976958525345624,2.7205388768141567,0.0007315058000000001,0.6342608918692357,0.0028933333333333333,0.146945
Red Vine Tomato,Large Lemon,0.0022066666666666667,0.1303277881681268,2.720073497317242,0.0013954140777777777,0.6432542415253071,0.016931666666666668,0.047913333333333336
Organic Bartlett Pear,Organic Zucchini,0.0010383333333333334,0.08884768967484312,2.71913357841907,0.0006564715,0.6397118942129043,0.011686666666666666,0.032675
Organic Gala Apples,Organic Whole String Cheese,0.0011316666666666667,0.05034477645139764,2.715956291210087,0.0007149932944444444,0.6463340748809958,0.022478333333333333,0.018536666666666667
Organic Whole String Cheese,Organic Gala Apples,0.0011316666666666667,0.061050170832584065,2.7159562912100865,0.0007149932944444444,0.6437383248494212,0.018536666666666667,0.022478333333333333
Organic Baby Spinach + Apple Honeycrisp Organic,Bag of Organic Bananas,0.0011833333333333333,0.32228778937812075,2.7138500803726453,0.0007472984388888889,0.6338470827171133,0.003671666666666667,0.11875666666666666
Ground Turkey Breast,Organic Baby Spinach,0.0016983333333333334,0.20461847389558233,2.713592916856738,0.0010724718333333335,0.636770078798285,0.0083,0.075405
Organic Strawberries + Organic Fuji Apple,Banana,0.0011516666666666667,0.3982708933717579,2.710339877993521,0.0007267507083333334,0.6328726399298656,0.0028916666666666665,0.146945
100% Raw Coconut Water,Organic Raspberries,0.0013566666666666666,0.11542824730572887,2.7083117622179462,0.0008557396,0.6382680672770191,0.011753333333333333,0.04262
Extra Virgin Olive Oil,Organic Garlic,0.0014483333333333334,0.09195767195767196,2.707557325282323,0.0009134108333333334,0.6407553022240682,0.01575,0.03396333333333333
Red Peppers,Organic Garlic,0.0016116666666666666,0.09187648456057007,2.7051668827334403,0.0010158931944444444,0.6415916253806375,0.017541666666666667,0.03396333333333333
Bag of Organic Bananas + Organic Hass Avocado,Organic Garlic,0.00178,0.09187096774193548,2.7050044481873243,0.0011219604166666666,0.6427684801264195,0.019375,0.03396333333333333
Organic Garlic,Bag of Organic Bananas + Organic Hass Avocado,0.00178,0.0524094611836294,2.705004448187324,0.0011219604166666666,0.6524750690870638,0.03396333333333333,0.019375
Organic Strawberries + Organic Small Bunch Celery,Bag of Organic Bananas,0.0010466666666666667,0.32122762148337597,2.7049228519104274,0.0006597178611111112,0.6323641421227437,0.003258333333333333,0.11875666666666666
Organic Large Extra Fancy Fuji Apple,Organic Raspberries,0.0027016666666666665,0.1152096659559346,2.7031831524151713,0.0017022276666666665,0.6451955986640576,0.02345,0.04262
Organic Raspberries,Organic Large Extra Fancy Fuji Apple,0.0027016666666666665,0.06338964492413576,2.7031831524151713,0.0017022276666666665,0.6581146064001603,0.04262,0.02345
Organic Garbanzo Beans,Organic Baby Spinach,0.0019066666666666668,0.20381257794405844,2.702905350362157,0.0012012528916666666,0.6359773081019087,0.009355,0.075405
Organic Grape Tomatoes,Bag of Organic Bananas + Organic Strawberries,0.0013766666666666667,0.052772808586762074,2.7023713537643803,0.0008672375444444444,0.6468282250662567,0.026086666666666668,0.019528333333333335
Bag of Organic Bananas + Organic Strawberries,Organic Grape Tomatoes,0.0013766666666666667,0.07049586071520013,2.70237135376438,0.0008672375444444444,0.642501618542465,0.019528333333333335,0.026086666666666668
Organic Romaine Lettuce,Organic Hass Avocado,0.0019883333333333333,0.17980406932931425,2.7020598506634412,0.0012524749722222222,0.6369556404082307,0.011058333333333333,0.06654333333333333
Bag of Organic Bananas + Organic Yellow Onion,Organic Strawberries,0.0017233333333333332,0.2225570383125269,2.6997881762907374,0.0010850116499999999,0.6345138226328669,0.007743333333333333,0.082435
Organic Baby Spinach + Honeycrisp Apple,Banana,0.00125,0.3964059196617336,2.6976482334324654,0.0007866334333333333,0.6312974379209105,0.0031533333333333335,0.146945
Hass Avocados,Strawberries,0.001895,0.12021569042080778,2.6960235573179587,0.0011921129666666668,0.6391586302602265,0.015763333333333334,0.04459
Banana + Large Lemon,Strawberries,0.00154,0.12014042387205826,2.6943355880703805,0.0009684305166666666,0.6370164743555997,0.012818333333333333,0.04459
Organic Large Extra Fancy Fuji Apple,Organic Hass Avocado,0.004201666666666667,0.17917555081734185,2.6926145992687753,0.0026412255000000003,0.6437087341961135,0.02345,0.06654333333333333
Organic Hass Avocado,Organic Large Extra Fancy Fuji Apple,0.004201666666666667,0.06314181235285278,2.6926145992687753,0.0026412255000000003,0.6734257591452715,0.06654333333333333,0.02345
Organic Garnet Sweet Potato (Yam),Organic Large Extra Fancy Fuji Apple,0.001035,0.06312900274473923,2.6920683473236346,0.0006505372499999999,0.6390150576675611,0.016395,0.02345
Organic Lacinato (Dinosaur) Kale,Organic Hass Avocado,0.002405,0.17903225806451614,2.6904612242325725,0.0015111012222222223,0.6368718280736391,0.013433333333333334,0.06654333333333333
Organic Grape Tomatoes,Organic Baby Carrots,0.0016516666666666667,0.06331459238435982,2.6904217727065083,0.0010377604444444443,0.6451406349603667,0.026086666666666668,0.023533333333333333
Organic Baby Carrots,Organic Grape Tomatoes,0.0016516666666666667,0.07018413597733711,2.690421772706508,0.0010377604444444443,0.6434536761074287,0.023533333333333333,0.026086666666666668
Organic Baby Spinach + Banana,Organic Baby Carrots,0.0010183333333333333,0.06330950160605119,2.6902054506820616,0.0006397996666666667,0.6385522920131028,0.016085,0.023533333333333333
Whipped Cream Cheese,Organic Whole Milk,0.001155,0.12220067007582437,2.6881907257743216,0.0007253429861111111,0.6339948937819814,0.009451666666666667,0.04545833333333334
Organic Lemon,Organic Raspberries,0.003106666666666667,0.1145033478714909,2.6866106961870226,0.0019503150333333337,0.6452916468787749,0.027131666666666665,0.04262
Organic Raspberries,Organic Lemon,0.003106666666666667,0.07289222587204756,2.6866106961870226,0.0019503150333333337,0.6557310670923516,0.04262,0.027131666666666665
Organic Italian Parsley Bunch,Organic Grape Tomatoes,0.0013166666666666667,0.0700354609929078,2.6847225016448175,0.0008262373333333333,0.6395454803469789,0.0188,0.026086666666666668
Organic Grape Tomatoes,Organic Italian Parsley Bunch,0.0013166666666666667,0.05047278303092256,2.684722501644817,0.0008262373333333333,0.6443304592295575,0.026086666666666668,0.0188
Organic Strawberries + Organic Hass Avocado,Organic Garlic,0.0011566666666666667,0.09117183394640042,2.6844194900304377,0.0007257851777777778,0.6355429017343742,0.012686666666666667,0.03396333333333333
Organic Broccoli,Organic Baby Spinach,0.002428333333333333,0.20230491530130515,2.6829111504715226,0.0015232219833333331,0.6348913617186008,0.012003333333333333,0.075405
Organic Cilantro,Yellow Onions,0.00136,0.06223306894447835,2.679957034858753,0.0008525291777777778,0.6408647198877642,0.021853333333333332,0.023221666666666668
Yellow Onions,Organic Cilantro,0.00136,0.058565994401779946,2.679957034858753,0.0008525291777777778,0.6417624840257005,0.023221666666666668,0.021853333333333332
Organic Strawberries + Banana,Organic Raspberries,0.0019883333333333333,0.114206394792265,2.6796432377349837,0.0012463191333333334,0.6379222191292567,0.01741,0.04262
Organic Baby Arugula,Organic Garlic,0.002035,0.09099038676503465,2.6790770467671408,0.00127541005,0.641074762367474,0.022365,0.03396333333333333
Organic Garlic,Organic Baby Arugula,0.002035,0.0599175581509471,2.6790770467671408,0.00127541005,0.6487715704101555,0.03396333333333333,0.022365
Organic Carrot Bunch,Organic Raspberries,0.0012966666666666667,0.11412644858442128,2.6777674468423576,0.0008124324333333333,0.6337550899153976,0.011361666666666667,0.04262
Organic Baby Spinach + Cucumber Kirby,Banana,0.0018716666666666667,0.39348283111422566,2.6777558345927095,0.0011726982833333334,0.6295475039942069,0.004756666666666667,0.146945
Organic Strawberries + Organic Hass Avocado,Organic Zucchini,0.00111,0.08749343142406726,2.6776872662300613,0.0006954631666666667,0.6345942794858033,0.012686666666666667,0.032675
Organic Baby Spinach + Banana,Limes,0.001895,0.11781162573826547,2.6762191134274516,0.0011869114916666667,0.6365778731190228,0.016085,0.04402166666666667
Organic Lacinato (Dinosaur) Kale,Organic Baby Spinach,0.00271,0.20173697270471463,2.6753792547538575,0.0016970595,0.6347479991676627,0.013433333333333334,0.075405
Green Bell Pepper,Fresh Cauliflower,0.001055,0.05972825061332327,2.6747985048510197,0.0006605777666666666,0.6373986479765795,0.017663333333333333,0.02233
Organic Unsweetened Vanilla Almond Milk,Organic Baby Spinach,0.0010016666666666668,0.20167785234899333,2.6745952171473153,0.0006271551666666667,0.6292368569775642,0.004966666666666667,0.075405
Organic Strawberries + Banana,Organic Whole Milk,0.002116666666666667,0.12157763737315723,2.674485148447088,0.0013252370833333337,0.6371897330957162,0.01741,0.04545833333333334
Organic Hass Avocado,Organic Yellow Onion,0.006305,0.0947502880328608,2.6734151337745815,0.0039465933611111115,0.6705684687708713,0.06654333333333333,0.03544166666666667
Organic Yellow Onion,Organic Hass Avocado,0.006305,0.17789795438513986,2.673415133774581,0.0039465933611111115,0.6489463477729479,0.03544166666666667,0.06654333333333333
Honeycrisp Apple,Cucumber Kirby,0.002001666666666667,0.07923208866605093,2.6731473908924066,0.0012528614666666668,0.6421315251449269,0.025263333333333332,0.02964
Cucumber Kirby,Honeycrisp Apple,0.002001666666666667,0.06753261358524516,2.6731473908924066,0.0012528614666666668,0.6450277653462105,0.02964,0.025263333333333332
White Corn,Organic Strawberries,0.0013166666666666667,0.22023975466964035,2.671677742095474,0.0008238427583333334,0.629466521446877,0.005978333333333334,0.082435
Organic Strawberries + Limes,Organic Baby Spinach,0.0012016666666666666,0.20139664804469273,2.6708659643882067,0.0007517501666666666,0.6293446877511082,0.005966666666666667,0.075405
Organic Strawberries + Organic Hass Avocado,Organic Baby Spinach,0.002555,0.2013925380977404,2.670811459422325,0.0015983618999999998,0.6336204888827887,0.012686666666666667,0.075405
Frozen Organic Wild Blueberries,Organic Hass Avocado,0.001645,0.17767776777677768,2.6701062131459854,0.001028919638888889,0.6313281092323156,0.009258333333333334,0.06654333333333333
Banana + Organic Avocado,Organic Baby Spinach,0.00331,0.2009511281999393,2.664957604932555,0.002067953975,0.6352226853963984,0.016471666666666666,0.075405
Bag of Organic Bananas + Organic Baby Spinach,Organic Strawberries,0.0034683333333333333,0.21953792594155502,2.663164019428095,0.002165997725,0.6345313298671814,0.015798333333333334,0.082435
Organic Strawberries + Organic Whole String Cheese,Bag of Organic Bananas,0.0013316666666666668,0.31618519984170956,2.6624627376010572,0.0008315031722222223,0.6270488095977073,0.0042116666666666665,0.11875666666666666
Organic Avocado,Organic Grape Tomatoes,0.0038166666666666666,0.06944444444444445,2.6620666155549877,0.0023829434666666665,0.6606619825615846,0.05496,0.026086666666666668
Organic Grape Tomatoes,Organic Avocado,0.0038166666666666666,0.1463071811909021,2.6620666155549872,0.0023829434666666665,0.6410755234894275,0.026086666666666668,0.05496
Broccoli Crown,Organic Garlic,0.00122,0.09038152858377578,2.6611501202407237,0.0007615516055555555,0.6327638853503074,0.013498333333333333,0.03396333333333333
Organic Baby Spinach + Organic Tomato Cluster,Bag of Organic Bananas,0.0010883333333333333,0.31591678761490083,2.6602025509998106,0.0006792166166666666,0.6262461930200998,0.003445,0.11875666666666666
Bag of Organic Bananas + Organic Baby Spinach,Organic Blueberries,0.001305,0.082603650174069,2.6577751021257723,0.0008139877999999999,0.633757756909265,0.015798333333333334,0.03108
Banana + Organic Hass Avocado,Organic Strawberries,0.002155,0.21907827854964415,2.6575881427748427,0.0013441143833333332,0.6299152376049515,0.009836666666666667,0.082435
Organic Grade A Free Range Large Brown Eggs,Organic Hass Avocado,0.0022166666666666667,0.17679117373388276,2.6567826539179897,0.0013823241722222223,0.6315231373278397,0.012538333333333334,0.06654333333333333
Organic Red Bell Pepper,Limes,0.002118333333333333,0.11688431120102996,2.655154155931472,0.001320513994444444,0.6348801786742067,0.018123333333333335,0.04402166666666667
Bag of Organic Bananas + Limes,Organic Strawberries,0.00143,0.21848739495798322,2.6504202700064687,0.0008904629250000002,0.6268037768734832,0.006545,0.082435
Organic Whole String Cheese,Organic Raspberries,0.0020933333333333333,0.11292932925732782,2.649679241138616,0.0013033006,0.6343546486968211,0.018536666666666667,0.04262
Limes,Carrots,0.0026516666666666668,0.06023549009957218,2.6484899648060463,0.0016504672277777778,0.6510883531365936,0.04402166666666667,0.022743333333333334
Carrots,Limes,0.0026516666666666668,0.1165909424007035,2.6484899648060463,0.0016504672277777778,0.6369118573601602,0.022743333333333334,0.04402166666666667
Organic Bread with 21 Whole Grains,Organic Hass Avocado,0.0012683333333333333,0.1762389995368226,2.6484846897283365,0.0007894431444444445,0.6269374666260585,0.007196666666666666,0.06654333333333333
Organic Strawberries + Organic Baby Spinach,Organic Yellow Onion,0.0011283333333333334,0.09385831138222654,2.6482476759621876,0.0007022654305555556,0.6299650441495723,0.012021666666666667,0.03544166666666667
Bag of Organic Bananas + Organic Hass Avocado,Fresh Cauliflower,0.001145,0.05909677419354839,2.6465192204903,0.00071235625,0.6344374215490634,0.019375,0.02233
Fresh Cauliflower,Bag of Organic Bananas + Organic Hass Avocado,0.001145,0.05127630989699955,2.6465192204902994,0.00071235625,0.6363550037400658,0.02233,0.019375
Organic Unsweetened Almond Milk,Michigan Organic Kale,0.00101,0.05551484060095273,2.646083918062571,0.0006283038666666668,0.6336105237660133,0.018193333333333332,0.02098
Bag of Organic Bananas,Organic Large Extra Fancy Fuji Apple,0.0073683333333333335,0.0620456395430432,2.6458694901084523,0.0045834895,0.7058804139877175,0.11875666666666666,0.02345
Organic Large Extra Fancy Fuji Apple,Bag of Organic Bananas,0.0073683333333333335,0.3142146410803127,2.645869490108452,0.0045834895,0.6369898202419225,0.02345,0.11875666666666666
Banana + Organic Baby Carrots,Organic Baby Spinach,0.0010183333333333333,0.19947763630427684,2.6454165679235704,0.0006333908083333334,0.6251792405138215,0.005105,0.075405
Organic Garnet Sweet Potato (Yam),Apple Honeycrisp Organic,0.0011233333333333334,0.068516824235031,2.644416219028599,0.0006985388833333334,0.6322097826506524,0.016395,0.02591
Organic Coconut Milk,Organic Baby Spinach,0.0016983333333333334,0.19937389943259637,2.644040838572991,0.0010560084083333335,0.6271331448740874,0.008518333333333333,0.075405
Organic Lemon,Organic Large Extra Fancy Fuji Apple,0.0016816666666666666,0.06198169420726089,2.6431426101177355,0.0010454290833333334,0.6389996120867639,0.027131666666666665,0.02345
Organic Large Extra Fancy Fuji Apple,Organic Lemon,0.0016816666666666666,0.07171286425017769,2.6431426101177355,0.0010454290833333334,0.636590535673029,0.02345,0.027131666666666665
Organic Strawberries + Banana,Organic Grape Tomatoes,0.0011983333333333334,0.0688301742293701,2.6385193290072873,0.0007441644666666667,0.6320027223332347,0.01741,0.026086666666666668
Organic Baby Spinach + Organic Gala Apples,Bag of Organic Bananas,0.0010316666666666666,0.3132591093117409,2.637823358506814,0.0006405613777777778,0.6229511441957896,0.0032933333333333334,0.11875666666666666
Organic Large Brown Grade AA Cage Free Eggs,Organic Hass Avocado,0.0017266666666666667,0.17547425474254744,2.636992256813316,0.001071880266666667,0.6269492579179903,0.00984,0.06654333333333333
Organic Strawberries + Banana,Organic Blueberries,0.0014266666666666666,0.08194524219797053,2.636590804310506,0.0008855638666666666,0.6317205919545265,0.01741,0.03108
Organic Avocado,Michigan Organic Kale,0.0030383333333333334,0.05528262979136342,2.6350157193214216,0.0018852725333333336,0.6565813326421207,0.05496,0.02098
Michigan Organic Kale,Organic Avocado,0.0030383333333333334,0.1448204639339053,2.6350157193214208,0.0018852725333333336,0.6337925911627033,0.02098,0.05496
Large Lemon,Organic Baby Arugula,0.00282,0.05885626826213997,2.6316238883138823,0.0017484183,0.6512080371132553,0.047913333333333336,0.022365
Organic Baby Arugula,Large Lemon,0.00282,0.12608987256874582,2.6316238883138823,0.0017484183,0.6341901521137255,0.022365,0.047913333333333336
Organic D'Anjou Pears,Organic Strawberries,0.0032183333333333335,0.21677144140098786,2.6296044325952312,0.001994448366666667,0.629054021346435,0.014846666666666666,0.082435
Organic Cucumber,Organic Garlic,0.0022733333333333334,0.08925533307158749,2.6279909629479095,0.0014082872333333334,0.6356717470814489,0.02547,0.03396333333333333
Organic Garlic,Organic Cucumber,0.0022733333333333334,0.06693492982628324,2.627990962947909,0.0014082872333333334,0.6412605329162294,0.03396333333333333,0.02547
Organic Zucchini,Bag of Organic Bananas + Organic Strawberries,0.0016766666666666666,0.051313440448865086,2.6276405453033242,0.0010385783749999999,0.6403540096099288,0.032675,0.019528333333333335
Bag of Organic Bananas + Organic Strawberries,Organic Zucchini,0.0016766666666666666,0.08585815481778611,2.627640545303324,0.0010385783749999999,0.6317678148230608,0.019528333333333335,0.032675
Limes + Organic Hass Avocado,Organic Baby Spinach,0.0012416666666666667,0.1980329611908559,2.6262576910132736,0.0007688773166666667,0.6231371234553401,0.00627,0.075405
Organic Yellow Onion + Organic Hass Avocado,Organic Strawberries,0.001365,0.21649484536082472,2.6262491097328167,0.0008452473249999999,0.6231578195762377,0.006305,0.082435
Organic Yellow Onion,Michigan Organic Kale,0.0019516666666666667,0.05506701152127909,2.6247383947225496,0.0012081004999999999,0.6417544989038897,0.03544166666666667,0.02098
Michigan Organic Kale,Organic Yellow Onion,0.0019516666666666667,0.09302510327295838,2.6247383947225496,0.0012081004999999999,0.6322747746439341,0.02098,0.03544166666666667
Organic Strawberries + Organic Whole Milk,Organic Hass Avocado,0.0013633333333333334,0.17463706233988044,2.624411095625113,0.0008438517111111111,0.6238321852152372,0.007806666666666667,0.06654333333333333
Red Peppers,Organic Grape Tomatoes,0.0012,0.0684085510688836,2.6223569282730743,0.0007423963888888887,0.6297098171159836,0.017541666666666667,0.026086666666666668
Organic Red Bell Pepper,Organic Raspberries,0.002025,0.1117344123597572,2.6216427113974006,0.001252583533333333,0.6299770536835838,0.018123333333333335,0.04262
Organic Bosc Pear,Bag of Organic Bananas,0.00206,0.3113350125944585,2.621621348368865,0.0012742267222222224,0.622676705474144,0.0066166666666666665,0.11875666666666666
Bartlett Pears,Banana,0.004233333333333334,0.3851986654534426,2.621379873105193,0.0026184077833333336,0.6253946103902359,0.01099,0.146945
Yellow Onions,Organic Red Onion,0.0012866666666666666,0.05540802411540945,2.621003978969227,0.0007957606333333333,0.6331700779653207,0.023221666666666668,0.02114
Organic Red Onion,Yellow Onions,0.0012866666666666666,0.0608640807316304,2.621003978969227,0.0007957606333333333,0.6318235636061363,0.02114,0.023221666666666668
Organic Extra Firm Tofu,Organic Baby Spinach,0.0017833333333333334,0.19759926131117267,2.6205060846253256,0.0011028032083333335,0.6240261585104635,0.009025,0.075405
Orange Bell Pepper,Limes,0.001405,0.11535303776683087,2.620369615723262,0.0008688161,0.6259991176515727,0.01218,0.04402166666666667
Banana + Cucumber Kirby,Limes,0.0011233333333333334,0.11521367521367522,2.61720384387253,0.0006941220833333334,0.6239968026537674,0.00975,0.04402166666666667
100% Raw Coconut Water,Organic Hass Avocado,0.0020466666666666667,0.17413499716392514,2.616866159854608,0.0012645606888888892,0.6252118520744545,0.011753333333333333,0.06654333333333333
Organic Raspberries,Organic Cucumber,0.00284,0.0666353824495542,2.616230170771661,0.0017544686000000001,0.6452721320717134,0.04262,0.02547
Organic Cucumber,Organic Raspberries,0.00284,0.11150372987828819,2.616230170771661,0.0017544686000000001,0.6339164867195642,0.02547,0.04262
Organic Baby Spinach,Bag of Organic Bananas + Organic Hass Avocado,0.003821666666666667,0.05068187343898504,2.615838629108905,0.002360694791666667,0.6680908087131805,0.075405,0.019375
Bag of Organic Bananas + Organic Hass Avocado,Organic Baby Spinach,0.003821666666666667,0.197247311827957,2.615838629108905,0.002360694791666667,0.6299180841628178,0.019375,0.075405
Banana + Original Hummus,Organic Baby Spinach,0.0011116666666666666,0.19722057953873448,2.6154841129730717,0.0006866338166666667,0.6211628923678814,0.0056366666666666666,0.075405
Bag of Organic Bananas + Organic Small Bunch Celery,Organic Strawberries,0.0010466666666666667,0.2155853072433917,2.6152157122992867,0.0006464447416666667,0.6206355502461266,0.004855,0.082435
Organic Baby Spinach,Organic Small Bunch Celery,0.004155,0.05510244678734832,2.615001824915684,0.002566090975,0.6679584997207838,0.075405,0.021071666666666666
Organic Small Bunch Celery,Organic Baby Spinach,0.004155,0.19718421260776714,2.6150018249156837,0.002566090975,0.6308848850521964,0.021071666666666666,0.075405
Organic White Onions,Organic Hass Avocado,0.0012333333333333332,0.17391304347826086,2.6135306839392007,0.0007614301944444444,0.6217853276150032,0.007091666666666666,0.06654333333333333
Roma Tomato,Limes,0.00146,0.11496062992125984,2.6114556450519024,0.0009009248333333333,0.6250094233292496,0.0127,0.04402166666666667
Organic Garnet Sweet Potato (Yam),Organic Grape Tomatoes,0.0011166666666666666,0.06811019619802786,2.6109198644784506,0.0006889757666666667,0.627277437467883,0.016395,0.026086666666666668
Organic Hothouse Cucumbers,Organic Strawberries,0.0016133333333333334,0.21520675855935972,2.610623625394065,0.0009953456166666669,0.6216097635910822,0.007496666666666666,0.082435
Organic Red Bell Pepper,Organic Gala Apples,0.0010633333333333332,0.058672061798786077,2.6101606791185326,0.0006559510055555555,0.6282681362626792,0.018123333333333335,0.022478333333333333
Organic Baby Spinach + Banana,Organic Fuji Apple,0.0011566666666666667,0.07190964666873899,2.6066812470543375,0.0007129351333333335,0.6264468295296414,0.016085,0.027586666666666666
Organic Baby Spinach + Banana,Organic Zucchini,0.00137,0.08517252098228163,2.606657107338382,0.0008444226249999999,0.6264432187354028,0.016085,0.032675
Fresh Cauliflower,Organic Lemon,0.0015766666666666668,0.07060755336617405,2.6024038343697056,0.0009708165500000002,0.6298033934977346,0.02233,0.027131666666666665
Organic Lemon,Fresh Cauliflower,0.0015766666666666668,0.058111677621475524,2.6024038343697056,0.0009708165500000002,0.6329118367037646,0.027131666666666665,0.02233
Organic D'Anjou Pears,Bag of Organic Bananas,0.004588333333333333,0.30904804669959585,2.602363769328845,0.002825192688888889,0.6250133324010926,0.014846666666666666,0.11875666666666666
Organic Zucchini + Organic Hass Avocado,Organic Strawberries,0.00111,0.2144927536231884,2.6019621959506085,0.0006833988750000002,0.6188773524611487,0.005175,0.082435
Organic Lacinato (Dinosaur) Kale,Limes,0.0015383333333333334,0.11451612903225807,2.601358324285573,0.0009469756111111111,0.6239674081927793,0.013433333333333334,0.04402166666666667
Green Beans,Organic Avocado,0.0012833333333333334,0.14288365188346633,2.599775325390581,0.0007897009333333333,0.6209283480696219,0.008981666666666667,0.05496
Organic Peeled Whole Baby Carrots,Organic Cucumber,0.0011633333333333333,0.06619878603945371,2.599088576342902,0.0007157405333333333,0.6262551323121764,0.017573333333333333,0.02547
Organic Red Bell Pepper,Organic Strawberries,0.00388,0.2140886518300533,2.5970601301638054,0.0023860030166666666,0.6262998724547784,0.018123333333333335,0.082435
Feta Cheese Crumbles,Limes,0.0011366666666666667,0.11427613941018767,2.5959066992054143,0.0006987978222222223,0.6209545708488744,0.009946666666666666,0.04402166666666667
Organic Baby Carrots,Bag of Organic Bananas + Organic Strawberries,0.0011916666666666666,0.05063739376770538,2.593021785493149,0.0007320998888888889,0.6291556876249987,0.023533333333333333,0.019528333333333335
Bag of Organic Bananas + Organic Strawberries,Organic Baby Carrots,0.0011916666666666666,0.06102244601860544,2.593021785493149,0.0007320998888888889,0.626585732148871,0.019528333333333335,0.023533333333333333
Organic Lemon,Michigan Organic Kale,0.001475,0.05436451870508017,2.5912544664003896,0.0009057776333333333,0.6312123748230195,0.027131666666666665,0.02098
Michigan Organic Kale,Organic Lemon,0.001475,0.07030505243088656,2.591254466400389,0.0009057776333333333,0.6272461554140327,0.02098,0.027131666666666665
Organic Cucumber,Organic Baby Spinach,0.0049766666666666666,0.19539327313178903,2.591250886967562,0.0030561013166666663,0.630135550460861,0.02547,0.075405
Organic Baby Spinach,Organic Cucumber,0.0049766666666666666,0.06599916009106381,2.591250886967562,0.0030561013166666663,0.6641675522695049,0.075405,0.02547
Banana + Organic Hass Avocado,Organic Baby Spinach,0.0019216666666666666,0.19535750593019316,2.5907765523532014,0.0011799328166666664,0.6201152091923171,0.009836666666666667,0.075405
Globe Eggplant,Organic Baby Spinach,0.0010433333333333334,0.19507634777189156,2.5870479115694125,0.0006400422583333334,0.6167576590930419,0.005348333333333333,0.075405
Organic Lemon,Organic Zucchini,0.0022933333333333334,0.08452607654032804,2.586873038724653,0.001406806125,0.6305405185110934,0.027131666666666665,0.032675
Organic Zucchini,Organic Lemon,0.0022933333333333334,0.07018617699566437,2.586873038724653,0.001406806125,0.6341538814183685,0.032675,0.027131666666666665
Fresh Cauliflower,Organic Grape Tomatoes,0.0015066666666666666,0.06747275712792954,2.586484428619839,0.0009241513999999999,0.6273843147573819,0.02233,0.026086666666666668
Organic Grape Tomatoes,Fresh Cauliflower,0.0015066666666666666,0.057756197291081,2.5864844286198387,0.0009241513999999999,0.6298043183262537,0.026086666666666668,0.02233
Roma Tomato,Organic Avocado,0.001805,0.1421259842519685,2.585989524235235,0.001107008,0.6211899433049031,0.0127,0.05496
Green Bell Pepper,Limes,0.00201,0.1137950556708813,2.584978359237072,0.0012324306277777777,0.6241745695385451,0.017663333333333333,0.04402166666666667
Organic Whole String Cheese,Organic Hass Avocado,0.0031866666666666666,0.17191152670383025,2.5834522872889383,0.001953175077777778,0.6244971449215508,0.018536666666666667,0.06654333333333333
Organic Garbanzo Beans,Limes,0.0010633333333333332,0.11366470693034027,2.582017345935871,0.0006515106416666665,0.6184919245561031,0.009355,0.04402166666666667
Organic Lemon,Apple Honeycrisp Organic,0.001815,0.06689600098286136,2.5818603235376827,0.0011120185166666667,0.6297690626125241,0.027131666666666665,0.02591
Apple Honeycrisp Organic,Organic Lemon,0.001815,0.07005017367811656,2.5818603235376827,0.0011120185166666667,0.6289792301827777,0.02591,0.027131666666666665
Organic Shredded Mozzarella,Organic Strawberries,0.0012366666666666667,0.2124248496993988,2.5768769296948966,0.0007567575750000001,0.6155166820070214,0.005821666666666667,0.082435
Organic Baby Spinach + Organic Hass Avocado,Limes,0.0012416666666666667,0.11341147815497032,2.576264979100526,0.0007597027861111112,0.6186139618817063,0.010948333333333332,0.04402166666666667
Organic Butternut Squash,Organic Baby Spinach,0.0012016666666666666,0.19423491379310345,2.5758890497062987,0.0007351610666666666,0.6155929901301916,0.006186666666666667,0.075405
Organic Old Fashioned Rolled Oats,Organic Baby Spinach,0.001215,0.19403779611392072,2.5732749302290396,0.000742839025,0.6152425880383553,0.006261666666666666,0.075405
Strawberries + Seedless Red Grapes,Banana,0.0011916666666666666,0.37790697674418605,2.5717579825389505,0.0007283000999999999,0.6130942134968163,0.0031533333333333335,0.146945
Organic Lemon,Carrots,0.0015866666666666666,0.058480250629645555,2.571313965835214,0.0009696021277777777,0.6281361588956414,0.027131666666666665,0.022743333333333334
Carrots,Organic Lemon,0.0015866666666666666,0.06976403341638575,2.571313965835214,0.0009696021277777777,0.625315537724178,0.022743333333333334,0.027131666666666665
Organic Shredded Mozzarella,Organic Baby Spinach,0.0011283333333333334,0.19381620383624393,2.570336235478336,0.0006893505583333334,0.6145233922986102,0.005821666666666667,0.075405
Bag of Organic Bananas + Organic Garlic,Organic Strawberries,0.00141,0.21187077385424494,2.5701555632224777,0.0008613950750000001,0.6150113937330952,0.006655,0.082435
Organic Baby Spinach + Organic Blueberries,Bag of Organic Bananas,0.001305,0.30514419329696024,2.5694910598447267,0.0007971173222222222,0.6134413556322402,0.0042766666666666665,0.11875666666666666
Limes,Organic Yellow Onion,0.004008333333333333,0.09105364782493469,2.569113035267379,0.002448132097222222,0.6388854067915831,0.04402166666666667,0.03544166666666667
Organic Yellow Onion,Limes,0.004008333333333333,0.11309663766752878,2.5691130352673786,0.002448132097222222,0.6332023531069726,0.03544166666666667,0.04402166666666667
Organic Garlic + Organic Hass Avocado,Organic Strawberries,0.0011566666666666667,0.21177906621910284,2.5690430790210814,0.0007064341750000001,0.6141040387629882,0.005461666666666667,0.082435
Green Bell Pepper,Cucumber Kirby,0.0013433333333333333,0.07605208529911305,2.5658598279052987,0.0008197921333333334,0.6212402707566588,0.017663333333333333,0.02964
Organic Lemon,Organic Baby Arugula,0.0015566666666666667,0.057374531605135455,2.5653714109159607,0.0009498669416666668,0.6272101529452705,0.027131666666666665,0.022365
Organic Baby Arugula,Organic Lemon,0.0015566666666666667,0.0696028019971682,2.5653714109159607,0.0009498669416666668,0.6241520568981372,0.022365,0.027131666666666665
Organic Baby Arugula + Organic Hass Avocado,Bag of Organic Bananas,0.0010583333333333334,0.3045563549160672,2.5645411197917354,0.0006456539166666668,0.6121940672972438,0.003475,0.11875666666666666
Green Bell Pepper,Organic Grape Tomatoes,0.0011816666666666666,0.06689941498395924,2.5645060688969807,0.0007208891777777777,0.6210308381267736,0.017663333333333333,0.026086666666666668
Organic Unsweetened Almond Milk,Organic Cucumber,0.0011883333333333333,0.065316965921583,2.564466663587868,0.0007249491333333334,0.6213599809219101,0.018193333333333332,0.02547
Limes + Organic Hass Avocado,Organic Strawberries,0.001325,0.21132376395534289,2.563519912116733,0.00080813255,0.6137596313793143,0.00627,0.082435
Organic Fuji Apple,Banana,0.010386666666666667,0.3765103914934751,2.5622538466329248,0.006332943933333334,0.6270158854143335,0.027586666666666666,0.146945
Banana,Organic Fuji Apple,0.010386666666666667,0.07068404278244694,2.5622538466329248,0.006332943933333334,0.7147471232085898,0.146945,0.027586666666666666
Asparagus,Organic Grape Tomatoes,0.0014116666666666668,0.06678230702515178,2.5600168805961583,0.0008602380111111112,0.6225369697361824,0.021138333333333332,0.026086666666666668
Organic Grape Tomatoes,Asparagus,0.0014116666666666668,0.05411449016100179,2.5600168805961583,0.0008602380111111112,0.6257000031737003,0.026086666666666668,0.021138333333333332
Organic Zucchini,Organic Baby Spinach,0.006306666666666667,0.193011986738077,2.559670933466972,0.003842808291666667,0.6299069929721078,0.032675,0.075405
Organic Baby Spinach,Organic Zucchini,0.006306666666666667,0.0836372477510333,2.5596709334669714,0.003842808291666667,0.6590180370613556,0.075405,0.032675
Banana + Organic Hass Avocado,Limes,0.0011083333333333333,0.1126736699423924,2.5595048637199653,0.0006753068722222223,0.615352450522264,0.009836666666666667,0.04402166666666667
Organic Baby Spinach + Organic Grape Tomatoes,Organic Strawberries,0.00105,0.21098459477561957,2.5594055289090747,0.0006397484833333333,0.6123316403045186,0.0049766666666666666,0.082435
Red Peppers,Organic Cucumber,0.0011433333333333334,0.06517814726840856,2.559016382740815,0.0006965470833333334,0.6201024853241327,0.017541666666666667,0.02547
Organic Granny Smith Apple,Organic Raspberries,0.0019916666666666668,0.10906269964406315,2.558955880902467,0.0012133544333333334,0.6205478531069156,0.018261666666666666,0.04262
Organic Bell Pepper,Organic Strawberries,0.0015383333333333334,0.2109232175502742,2.5586609759237486,0.0009371074000000001,0.613646099768832,0.007293333333333333,0.082435
Organic Broccoli,Organic Strawberries,0.002531666666666667,0.21091363510136077,2.5585447334428433,0.0015421718833333337,0.6165535150015888,0.012003333333333333,0.082435
Organic Baby Carrots,Apple Honeycrisp Organic,0.00156,0.06628895184135977,2.558431178747965,0.0009502513333333333,0.6238159385049533,0.023533333333333333,0.02591
Apple Honeycrisp Organic,Organic Baby Carrots,0.00156,0.06020841373986878,2.558431178747965,0.0009502513333333333,0.6253379770713898,0.02591,0.023533333333333333
Organic Small Bunch Celery,Organic Hass Avocado,0.0035833333333333333,0.17005457565451237,2.5555463956496376,0.0021811543944444444,0.6217965390170576,0.021071666666666666,0.06654333333333333
Organic Hass Avocado,Organic Small Bunch Celery,0.0035833333333333333,0.053849621800330615,2.5555463956496376,0.0021811543944444444,0.6520862417599136,0.06654333333333333,0.021071666666666666
Organic Large Green Asparagus,Organic Baby Spinach,0.00114,0.19251336898395718,2.5530584044023232,0.0006934767249999999,0.6119366012403449,0.005921666666666667,0.075405
Organic Carrot Bunch,Organic Hass Avocado,0.00193,0.16986944403696638,2.552764274462251,0.0011739568277777778,0.6152581443635672,0.011361666666666667,0.06654333333333333
Organic Strawberries + Organic Blueberries,Organic Hass Avocado,0.0012416666666666667,0.16978122151321787,2.551438483893471,0.000755013088888889,0.6125439709027277,0.007313333333333333,0.06654333333333333
Grated Parmesan,Organic Zucchini,0.0011933333333333334,0.0833236355172815,2.550073007414889,0.0007253728749999999,0.6166863407350331,0.014321666666666667,0.032675
Organic Tomato Cluster,Fresh Cauliflower,0.0011433333333333334,0.05691056910569107,2.548614827841069,0.0006947236333333334,0.6200875590615466,0.02009,0.02233
Fresh Cauliflower,Organic Tomato Cluster,0.0011433333333333334,0.05120167189132707,2.5486148278410687,0.0006947236333333334,0.6215082798899424,0.02233,0.02009
Small Hass Avocado,Limes,0.001745,0.11215854311730049,2.5478031980608145,0.001060096236111111,0.6171061495440552,0.015558333333333334,0.04402166666666667
Organic Red Bell Pepper,Organic Blueberries,0.001435,0.07917969468456869,2.5476092240852215,0.0008717268,0.6186878073124115,0.018123333333333335,0.03108
Organic Baby Carrots,Cucumber Kirby,0.0017766666666666666,0.07549575070821529,2.547090104865563,0.0010791386666666666,0.6220336471132855,0.023533333333333333,0.02964
Cucumber Kirby,Organic Baby Carrots,0.0017766666666666666,0.059941520467836254,2.547090104865563,0.0010791386666666666,0.6259482274117024,0.02964,0.023533333333333333
Banana + Cucumber Kirby,Organic Baby Spinach,0.0018716666666666667,0.19196581196581197,2.5457968565189573,0.0011364679166666666,0.6131741289684846,0.00975,0.075405
Bag of Organic Bananas + Organic Strawberries,Organic Small Bunch Celery,0.0010466666666666667,0.053597337202355544,2.5435737025558276,0.0006351721361111111,0.6189392105586861,0.019528333333333335,0.021071666666666666
Green Bell Pepper,Carrots,0.0010216666666666666,0.05784110209473486,2.543211289523737,0.0006199435888888888,0.617707101399033,0.017663333333333333,0.022743333333333334
Banana + Organic Whole Milk,Organic Strawberries,0.002116666666666667,0.2094327176781003,2.5405800652404964,0.0012835236000000002,0.6125802467224126,0.010106666666666667,0.082435
Organic Strawberries + Organic Baby Spinach,Organic Avocado,0.0016783333333333333,0.1396090392347151,2.540193581417669,0.0010176225333333334,0.6137069964336861,0.012021666666666667,0.05496
Organic Garbanzo Beans,Large Lemon,0.0011383333333333334,0.12168181008373419,2.5396231407485916,0.0006901041,0.6119657300340439,0.009355,0.047913333333333336
Organic Unsweetened Almond Milk,Organic Baby Spinach,0.0034783333333333333,0.1911872480762184,2.535471760177951,0.0021064650333333336,0.6168180570156273,0.018193333333333332,0.075405
Bag of Organic Bananas + Organic Hass Avocado,Organic Blueberries,0.0015266666666666666,0.07879569892473118,2.5352541481573736,0.0009244916666666666,0.6175268089985834,0.019375,0.03108
Bag of Organic Bananas + Organic Hass Avocado,Organic Baby Carrots,0.001155,0.05961290322580645,2.533126199396875,0.0006990416666666666,0.6171889154680742,0.019375,0.023533333333333333
Organic Garlic,Organic Baby Spinach,0.006486666666666667,0.19099028363921877,2.5328596729556234,0.0039256615166666665,0.6264662207484742,0.03396333333333333,0.075405
Organic Baby Spinach,Organic Garlic,0.006486666666666667,0.08602435735914948,2.5328596729556234,0.0039256615166666665,0.6545453303025867,0.075405,0.03396333333333333
Organic Ginger Root,Large Lemon,0.00197,0.12134277794887588,2.5325471952596885,0.0011921270333333333,0.6151272164160441,0.016235,0.047913333333333336
Organic Black Beans,Organic Hass Avocado,0.0020033333333333335,0.16837092029696038,2.5302447572553284,0.0012115785722222223,0.6120638570413935,0.011898333333333334,0.06654333333333333
Organic Grape Tomatoes,Organic Baby Spinach,0.0049766666666666666,0.19077434193713264,2.5299959145564967,0.0030096015666666665,0.6209407182796518,0.026086666666666668,0.075405
Organic Baby Spinach,Organic Grape Tomatoes,0.0049766666666666666,0.06599916009106381,2.5299959145564967,0.0030096015666666665,0.6540619890245242,0.075405,0.026086666666666668
Organic Garnet Sweet Potato (Yam),Large Lemon,0.0019866666666666665,0.12117515502693911,2.5290487343872083,0.0012011275666666665,0.6146719595281417,0.016395,0.047913333333333336
Asparagus,Organic Baby Arugula,0.001195,0.056532366159426015,2.527715902500604,0.0007222411750000002,0.6174375206255825,0.021138333333333332,0.022365
Organic Baby Arugula,Asparagus,0.001195,0.05343170131902527,2.527715902500604,0.0007222411750000002,0.6182122371867743,0.022365,0.021138333333333332
Bag of Organic Bananas + Organic Avocado,Organic Strawberries,0.0015233333333333334,0.20810564663023678,2.52448167198686,0.0009199091333333334,0.6083320717278488,0.00732,0.082435
Organic Strawberries + Honeycrisp Apple,Banana,0.0013416666666666666,0.37079686780285576,2.5233717908255184,0.0008099706749999999,0.6058971889269442,0.003618333333333333,0.146945
Organic Baby Spinach + Organic Garnet Sweet Potato (Yam),Bag of Organic Bananas,0.0010966666666666666,0.2996357012750455,2.5231063626607253,0.0006620172666666666,0.6058806843991257,0.00366,0.11875666666666666
Organic Cilantro,Organic Hass Avocado,0.0036666666666666666,0.16778523489932887,2.521443193397719,0.0022124730222222223,0.6168826760812967,0.021853333333333332,0.06654333333333333
Organic Hass Avocado,Organic Cilantro,0.0036666666666666666,0.05510193858638481,2.521443193397719,0.0022124730222222223,0.6464164378278585,0.06654333333333333,0.021853333333333332
Organic Raspberries,Bag of Organic Bananas,0.012743333333333334,0.29899890505240106,2.5177441691896685,0.007681924200000001,0.6296549524025502,0.04262,0.11875666666666666
Bag of Organic Bananas,Organic Raspberries,0.012743333333333334,0.10730625649086367,2.5177441691896685,0.007681924200000001,0.6840551701548421,0.11875666666666666,0.04262
Organic Snipped Green Beans,Organic Baby Spinach,0.0010266666666666666,0.18983050847457628,2.5174790594068863,0.0006188512916666666,0.606054979490267,0.005408333333333334,0.075405
Organic Cucumber,Organic Strawberries,0.005285,0.20749901845308205,2.5171228052778805,0.0031853805499999998,0.6184735331892905,0.02547,0.082435
Organic Strawberries,Organic Cucumber,0.005285,0.06411111785042761,2.5171228052778805,0.0031853805499999998,0.6568700989019408,0.082435,0.02547
Organic Strawberries + Organic Baby Carrots,Bag of Organic Bananas,0.0011916666666666666,0.29866332497911446,2.5149183903706276,0.0007178275666666666,0.6047858788734884,0.00399,0.11875666666666666
Organic Celery Hearts,Organic Baby Spinach,0.0014083333333333333,0.18963195691202872,2.5148459241698657,0.0008483255333333333,0.6068683342729877,0.0074266666666666665,0.075405
Organic Cucumber,Carrots,0.0014566666666666667,0.05719146708546002,2.5146475341694274,0.0008773939666666666,0.6180722545569758,0.02547,0.022743333333333334
Carrots,Organic Cucumber,0.0014566666666666667,0.06404807269529532,2.5146475341694274,0.0008773939666666666,0.6163477567135992,0.022743333333333334,0.02547
Organic Romaine,Organic Baby Spinach,0.0014033333333333333,0.18955425484016208,2.513815461045847,0.0008450849833333332,0.6066898526246078,0.007403333333333333,0.075405
Organic Strawberries + Fresh Cauliflower,Bag of Organic Bananas,0.0010233333333333333,0.298492950899368,2.5134837418196985,0.0006161958944444444,0.604217283443416,0.003428333333333333,0.11875666666666666
Apple Honeycrisp Organic,Organic Yellow Onion,0.0023066666666666665,0.08902611604271195,2.511905460880657,0.0013883730833333331,0.617905784245524,0.02591,0.03544166666666667
Organic Yellow Onion,Apple Honeycrisp Organic,0.0023066666666666665,0.06508347049141781,2.511905460880657,0.0013883730833333331,0.62401186592384,0.03544166666666667,0.02591
Gala Apples,Banana,0.00278,0.36910820978092496,2.5118800216470447,0.0016732592416666666,0.6064594640794524,0.0075316666666666665,0.146945
Organic American Cheese Singles,Organic Strawberries,0.00117,0.2070185785903863,2.511294699950098,0.0007041048583333333,0.6052195232219335,0.005651666666666667,0.082435
Yellow Onions,Michigan Organic Kale,0.0012233333333333334,0.052680686140816765,2.510995526254374,0.0007361427666666667,0.6160574613975583,0.023221666666666668,0.02098
Michigan Organic Kale,Yellow Onions,0.0012233333333333334,0.05830950111217033,2.510995526254374,0.0007361427666666667,0.6146468717508032,0.02098,0.023221666666666668
Banana + Limes,Organic Baby Spinach,0.001895,0.18924766977363514,2.5097496157235613,0.0011399446,0.6076383641139628,0.010013333333333334,0.075405
Strawberries + Banana,Large Lemon,0.00154,0.12020294002861975,2.50875761851857,0.0009261503444444443,0.6092012104019268,0.012811666666666667,0.047913333333333336
Organic Fuji Apple,Cucumber Kirby,0.00205,0.07431126147897535,2.5071275802623263,0.0012323312000000002,0.6181909997789425,0.027586666666666666,0.02964
Cucumber Kirby,Organic Fuji Apple,0.00205,0.06916329284750337,2.5071275802623263,0.0012323312000000002,0.6194991247904976,0.02964,0.027586666666666666
Organic Low Sodium Chicken Broth,Organic Baby Spinach,0.0010233333333333333,0.18898122499230532,2.5062160996260903,0.0006150152583333334,0.6042641997622336,0.005415,0.075405
Organic Baby Spinach + Banana,Seedless Red Grapes,0.0010466666666666667,0.06507097710081856,2.506103489344062,0.0006290196416666667,0.610798879919816,0.016085,0.025965
Whipped Cream Cheese,Organic Strawberries,0.0019516666666666667,0.2064891553517898,2.504872388570265,0.001172518525,0.606510601793718,0.009451666666666667,0.082435
Boneless Skinless Chicken Breasts,Limes,0.0017066666666666667,0.11024978466838932,2.5044436755019723,0.0010252112666666667,0.610154924798379,0.01548,0.04402166666666667
Organic Avocado,Organic Baby Arugula,0.003076666666666667,0.05598010674429888,2.503022881479941,0.0018474862666666668,0.6354049319849709,0.05496,0.022365
Organic Baby Arugula,Organic Avocado,0.003076666666666667,0.13756613756613756,2.503022881479941,0.0018474862666666668,0.6142201096759803,0.022365,0.05496
Organic Bartlett Pear,Organic Yellow Onion,0.0010366666666666666,0.08870507701083856,2.5028472234424233,0.0006224717222222222,0.6075553341855798,0.011686666666666666,0.03544166666666667
Organic Gala Apples,Organic Baby Carrots,0.0013233333333333333,0.058871505894565135,2.5016220635084334,0.0007943432222222222,0.6140624626026422,0.022478333333333333,0.023533333333333333
Organic Baby Carrots,Organic Gala Apples,0.0013233333333333333,0.05623229461756374,2.5016220635084334,0.0007943432222222222,0.6147259116687094,0.023533333333333333,0.022478333333333333
Organic Avocado,Honeycrisp Apple,0.0034733333333333335,0.06319747695293547,2.5015494241826945,0.0020848605333333332,0.6351559238959388,0.05496,0.025263333333333332
Honeycrisp Apple,Organic Avocado,0.0034733333333333335,0.1374851563530809,2.5015494241826945,0.0020848605333333332,0.6158050423724198,0.025263333333333332,0.05496
Air Chilled Organic Boneless Skinless Chicken Breasts,Organic Baby Spinach,0.0010016666666666668,0.1884603323925996,2.499308167795234,0.0006008890916666667,0.6030947246679328,0.005315,0.075405
Asparagus,Michigan Organic Kale,0.0011083333333333333,0.052432389813135694,2.499160620263856,0.0006648511000000001,0.6128196399579836,0.021138333333333332,0.02098
Michigan Organic Kale,Asparagus,0.0011083333333333333,0.052828090244677474,2.499160620263856,0.0006648511000000001,0.6127205308730551,0.02098,0.021138333333333332
Large Lemon,Honeycrisp Apple,0.003025,0.06313482677055796,2.4990695383516806,0.0018145494888888887,0.6300383060790026,0.047913333333333336,0.025263333333333332
Honeycrisp Apple,Large Lemon,0.003025,0.11973875181422351,2.49906953835168,0.0018145494888888887,0.6153980774709108,0.025263333333333332,0.047913333333333336
Organic Baby Arugula,Limes,0.00246,0.10999329309188464,2.4986171905929195,0.001475455425,0.6134995453812317,0.022365,0.04402166666666667
Limes,Organic Baby Arugula,0.00246,0.05588157346761065,2.4986171905929195,0.001475455425,0.627397721408031,0.04402166666666667,0.022365
Ezekiel 4:9 Bread Organic Sprouted Whole Grain,Organic Baby Spinach,0.00105,0.1880597014925373,2.493995112957195,0.0006289887499999999,0.6024003064730459,0.005583333333333333,0.075405
Bag of Organic Bananas + Organic Strawberries,Organic Yellow Onion,0.0017233333333333332,0.0882478450115217,2.4899462500311786,0.0010312166527777775,0.6103031074160542,0.019528333333333335,0.03544166666666667
Banana + Organic Grape Tomatoes,Organic Strawberries,0.0011983333333333334,0.20525264059377676,2.4898725128134505,0.0007170503250000001,0.6018870282263596,0.005838333333333333,0.082435
Small Hass Avocado,Organic Fuji Apple,0.0010683333333333332,0.06866630958757365,2.4891122373455894,0.0006391307777777776,0.6077052183693163,0.015558333333333334,0.027586666666666666
Organic Grape Tomatoes,Organic Garlic,0.002205,0.08452593917710197,2.4887409709618797,0.0013190098444444444,0.6142131801362261,0.026086666666666668,0.03396333333333333
Organic Garlic,Organic Grape Tomatoes,0.002205,0.0649229561291589,2.4887409709618793,0.0013190098444444444,0.61922122242814,0.03396333333333333,0.026086666666666668
Organic D'Anjou Pears,Organic Blueberries,0.0011483333333333332,0.07734620565783563,2.488616655657517,0.0006868989333333333,0.6071850072243843,0.014846666666666666,0.03108
Organic Gala Apples,Organic Lemon,0.001515,0.06739823533773263,2.4841170343780075,0.0009051253527777779,0.61118080289546,0.022478333333333333,0.027131666666666665
Organic Lemon,Organic Gala Apples,0.001515,0.055838810737760314,2.4841170343780075,0.0009051253527777779,0.6141041460708538,0.027131666666666665,0.022478333333333333
Bag of Organic Bananas + Organic Hass Avocado,Original Hummus,0.0010683333333333332,0.05513978494623656,2.482842098892453,0.0006380468749999999,0.609035833708683,0.019375,0.022208333333333333
Michigan Organic Kale,Limes,0.0022916666666666667,0.1092310136638068,2.481301184957562,0.0013680921,0.60977880292166,0.02098,0.04402166666666667
Limes,Michigan Organic Kale,0.0022916666666666667,0.052057698860409646,2.481301184957562,0.0013680921,0.6244761233811404,0.04402166666666667,0.02098
Bag of Organic Bananas + Organic Blueberries,Organic Baby Spinach,0.001305,0.1870967741935484,2.4812250406942296,0.0007790501249999999,0.6011664115828593,0.006975,0.075405
Seedless Red Grapes,Organic Fuji Apple,0.0017766666666666666,0.06842544450863342,2.4803810237542323,0.0010603788666666667,0.6127460872396041,0.025965,0.027586666666666666
Organic Fuji Apple,Seedless Red Grapes,0.0017766666666666666,0.06440309328177864,2.4803810237542323,0.0010603788666666667,0.6137679468447174,0.027586666666666666,0.025965
Organic Black Beans,Organic Avocado,0.0016216666666666667,0.13629359854321332,2.47986896912688,0.0009677342666666667,0.6039387525662853,0.011898333333333334,0.05496
Organic Hass Avocado,Organic Red Onion,0.0034883333333333333,0.052421980664228825,2.479753106160304,0.0020816072666666667,0.6392734318922955,0.06654333333333333,0.02114
Organic Red Onion,Organic Hass Avocado,0.0034883333333333333,0.16501103752759383,2.479753106160304,0.0020816072666666667,0.6096214441521183,0.02114,0.06654333333333333
Roma Tomato,Large Lemon,0.0015083333333333333,0.11876640419947507,2.4787756546432806,0.000899834,0.6042489897947021,0.0127,0.047913333333333336
Asparation/Broccolini/Baby Broccoli,Banana,0.0018633333333333334,0.36405079778573757,2.4774629812905347,0.0011112198416666668,0.5994293538402345,0.005118333333333333,0.146945
Red Peppers,Organic Fuji Apple,0.0011983333333333334,0.06831353919239905,2.4763245236490716,0.0007144172222222222,0.6068203472586253,0.017541666666666667,0.027586666666666666
Organic Blackberries,Organic Strawberries,0.003925,0.20409047577779704,2.475774559080452,0.002339637558333333,0.607774519082633,0.019231666666666668,0.082435
Original Veggie Straws,Organic Strawberries,0.0011,0.20389249304911955,2.473372876194815,0.0006552631750000001,0.5989249958069239,0.005395,0.082435
Organic Grape Tomatoes,Organic Cilantro,0.00141,0.05405060056222847,2.4733343759409,0.0008399193777777778,0.6116432351647187,0.026086666666666668,0.021853333333333332
Organic Cilantro,Organic Grape Tomatoes,0.00141,0.06452104942037828,2.4733343759409,0.0008399193777777778,0.6089960966692675,0.021853333333333332,0.026086666666666668
Organic Sticks Low Moisture Part Skim Mozzarella String Cheese,Organic Strawberries,0.00217,0.20362840162652487,2.4701692439682765,0.0012915176833333333,0.6015802798396075,0.010656666666666667,0.082435
Organic Baby Carrots,Organic Cucumber,0.00148,0.06288951841359773,2.469160518790645,0.000880606,0.609343948304145,0.023533333333333333,0.02547
Organic Cucumber,Organic Baby Carrots,0.00148,0.058107577542206516,2.469160518790645,0.000880606,0.6105548870266221,0.02547,0.023533333333333333
Organic Baby Spinach + Organic Small Bunch Celery,Bag of Organic Bananas,0.0012183333333333334,0.2932210188527878,2.4690910168084974,0.0007248993833333335,0.5974751632018727,0.004155,0.11875666666666666
Organic Whole String Cheese,Organic Cucumber,0.001165,0.06284840855961157,2.4675464687715576,0.0006928711000000001,0.605971839631538,0.018536666666666667,0.02547
Organic Baby Spinach + Organic Unsweetened Almond Milk,Bag of Organic Bananas,0.0010183333333333333,0.29276473406804027,2.465248834322623,0.0006052580611111112,0.5964360381590584,0.0034783333333333333,0.11875666666666666
Banana + Organic Hass Avocado,Organic Raspberries,0.0010333333333333334,0.10504913588614029,2.4647849809042772,0.0006140946,0.6001889554661287,0.009836666666666667,0.04262
Organic Garnet Sweet Potato (Yam),Organic Avocado,0.00222,0.1354071363220494,2.4637397438509714,0.0013189308000000001,0.6040158122142252,0.016395,0.05496
Organic Granny Smith Apple,Organic Baby Carrots,0.0010583333333333334,0.05795381947613399,2.462626889920708,0.0006285754444444445,0.6049774503448212,0.018261666666666666,0.023533333333333333
Organic Cilantro,Asparagus,0.0011366666666666667,0.05201342281879195,2.460620806692042,0.0006747236222222222,0.6068604176166381,0.021853333333333332,0.021138333333333332
Asparagus,Organic Cilantro,0.0011366666666666667,0.053772766695576756,2.460620806692042,0.0006747236222222222,0.6064171423170002,0.021138333333333332,0.021853333333333332
Organic Baby Spinach + Yellow Onions,Banana,0.00117,0.36148300720906285,2.459988480105229,0.0006943880166666667,0.5954212113263577,0.0032366666666666668,0.146945
Organic Roma Tomato,Organic Baby Spinach,0.00167,0.18541820873427092,2.4589643754959343,0.0009908523,0.5987171765759496,0.009006666666666666,0.075405
Organic Red Bell Pepper,Organic Large Extra Fancy Fuji Apple,0.001045,0.057660474526393224,2.4588688497395834,0.0006200078333333332,0.6042601393448509,0.018123333333333335,0.02345
XL Emerald White Seedless Grapes,Banana,0.0017416666666666668,0.3612167300380228,2.458176392786572,0.0010331468583333334,0.5960684116123769,0.004821666666666667,0.146945
Watermelon Chunks,Organic Strawberries,0.00155,0.20257024613373992,2.45733300338133,0.0009192348583333333,0.5976275944554026,0.007651666666666667,0.082435
Organic Navel Orange,Organic Yellow Onion,0.0011616666666666668,0.08708145927036481,2.4570362361730016,0.0006888748333333335,0.6010232455039176,0.01334,0.03544166666666667
Limes + Organic Cilantro,Organic Baby Spinach,0.0010266666666666666,0.18526315789473685,2.4569081346692774,0.0006087972916666666,0.5962888088155194,0.005541666666666667,0.075405
Limes + Large Lemon,Organic Baby Spinach,0.0015933333333333333,0.18519953506392872,2.456064386498624,0.0009445989833333333,0.5979892510658751,0.008603333333333333,0.075405
Organic Strawberries + Organic Garlic,Bag of Organic Bananas,0.00141,0.2914226662073717,2.453947844674306,0.0008354156611111111,0.5953739945180232,0.004838333333333333,0.11875666666666666
Organic Reduced Fat Milk,Organic Strawberries,0.0022283333333333335,0.20223869308727876,2.4533110097322592,0.0013200370250000004,0.5989874386239913,0.011018333333333333,0.082435
Unsalted Butter,Large Lemon,0.00131,0.11754149842978914,2.4532106253608417,0.0007760059,0.5990472981686237,0.011145,0.047913333333333336
Grated Parmesan,Organic Whole Milk,0.0015966666666666666,0.11148609333178168,2.452489679159267,0.0009456275694444443,0.6008563517185881,0.014321666666666667,0.04545833333333334
Organic Avocado,Organic Cilantro,0.002945,0.053584425036390104,2.4520023659116887,0.0017439408,0.626608451424052,0.05496,0.021853333333333332
Organic Cilantro,Organic Avocado,0.002945,0.1347620500305064,2.4520023659116883,0.0017439408,0.6054000602504594,0.021853333333333332,0.05496
Organic Hass Avocado,Bag of Organic Bananas,0.019375,0.2911636527576016,2.45176680122605,0.011472535544444445,0.6343421049468847,0.06654333333333333,0.11875666666666666
Bag of Organic Bananas,Organic Hass Avocado,0.019375,0.16314873550958542,2.4517668012260496,0.011472535544444445,0.6719266341230412,0.11875666666666666,0.06654333333333333
Organic Red Bell Pepper,Organic Baby Carrots,0.001045,0.057660474526393224,2.4501618070705335,0.0006184975555555554,0.6027882213925517,0.018123333333333335,0.023533333333333333
Organic Strawberries + Organic Avocado,Banana,0.002685,0.36,2.4498962196740277,0.0015890352083333334,0.5962665994990415,0.007458333333333333,0.146945
Organic Raspberries + Organic Hass Avocado,Organic Baby Spinach,0.001465,0.1846638655462185,2.4489604873180624,0.0008667869999999999,0.5963948806148803,0.007933333333333334,0.075405
Organic White Onions,Organic Baby Spinach,0.0013083333333333334,0.18448883666274973,2.446639303265695,0.0007735862083333335,0.5954991643765851,0.007091666666666666,0.075405
Half & Half,Sparkling Water Grapefruit,0.00124,0.05811138014527845,2.4452505846950747,0.0007328945083333333,0.6039308358183029,0.021338333333333334,0.023765
Sparkling Water Grapefruit,Half & Half,0.00124,0.05217757205975174,2.4452505846950747,0.0007328945083333333,0.6054320510259654,0.023765,0.021338333333333334
Organic Red Bell Pepper + Organic Strawberries,Bag of Organic Bananas,0.0011266666666666667,0.29037800687285226,2.4451512072825574,0.0006658908,0.5933294555657014,0.00388,0.11875666666666666
Organic Navel Orange,Organic Garlic,0.0011066666666666666,0.08295852073963018,2.4425906587387436,0.0006535957999999999,0.598583721299973,0.01334,0.03396333333333333
Bag of Organic Bananas + Organic Hass Avocado,Organic Baby Arugula,0.0010583333333333334,0.054623655913978504,2.442372274266868,0.0006250114583333335,0.602230218354637,0.019375,0.022365
Organic Russet Potato,Organic Hass Avocado,0.001625,0.16241879060469766,2.4407973341386215,0.00095923395,0.5962634310118894,0.010005,0.06654333333333333
Organic Strawberries + Organic Baby Spinach,Organic Whole Milk,0.0013333333333333333,0.11091085539997227,2.4398354991744586,0.0007868484027777776,0.5973170485351399,0.012021666666666667,0.04545833333333334
Organic Small Bunch Celery,Yellow Onions,0.0011933333333333334,0.05663212845052598,2.4387624395546967,0.0007040141138888889,0.6026549046246873,0.021071666666666666,0.023221666666666668
Yellow Onions,Organic Small Bunch Celery,0.0011933333333333334,0.05138878920548338,2.4387624395546963,0.0007040141138888889,0.6039814164859008,0.023221666666666668,0.021071666666666666
Russet Potato,Large Lemon,0.0010616666666666667,0.11673080447132124,2.4362906178792523,0.0006258949,0.5949510167025612,0.009095,0.047913333333333336
Organic Gala Apples,Organic Raspberries,0.0023333333333333335,0.1038036627863869,2.435562242758961,0.001375306766666667,0.602970968126148,0.022478333333333333,0.04262
Organic Raspberries,Organic Gala Apples,0.0023333333333333335,0.05474737994681684,2.435562242758961,0.001375306766666667,0.615656464219313,0.04262,0.022478333333333333
No Salt Added Black Beans,Large Lemon,0.0010233333333333333,0.11666349990499715,2.434885903123636,0.0006030535444444445,0.5945180520737005,0.008771666666666667,0.047913333333333336
Organic Frozen Peas,Organic Hass Avocado,0.0010233333333333333,0.16200527704485487,2.4345831344715956,0.0006030012777777778,0.5929978326177291,0.006316666666666667,0.06654333333333333
Cucumber Kirby,Limes,0.003175,0.1071187584345479,2.4333190118778156,0.0018701978,0.6070310783269656,0.02964,0.04402166666666667
Limes,Cucumber Kirby,0.003175,0.07212357551205846,2.4333190118778156,0.0018701978,0.6161632085441486,0.04402166666666667,0.02964
Organic Large Extra Fancy Fuji Apple,Organic Strawberries,0.0047,0.20042643923240938,2.4313269755857267,0.0027668992500000005,0.6028385316523541,0.02345,0.082435
Organic Strawberries,Organic Large Extra Fancy Fuji Apple,0.0047,0.05701461757748529,2.4313269755857267,0.0027668992500000005,0.6415915690824154,0.082435,0.02345
Organic Kiwi,Bag of Organic Bananas,0.004491666666666666,0.2886056971514243,2.4302273316705674,0.0026434170777777776,0.5978199323523723,0.015563333333333334,0.11875666666666666
Organic Strawberries + Organic Baby Spinach,Bag of Organic Bananas,0.0034683333333333333,0.28850686260917785,2.429395087510971,0.002040680272222222,0.5955342120722085,0.012021666666666667,0.11875666666666666
Organic Baby Spinach,Fresh Cauliflower,0.00409,0.05424043498441748,2.429038736427115,0.00240620635,0.6362942812825562,0.075405,0.02233
Fresh Cauliflower,Organic Baby Spinach,0.00409,0.1831616659202866,2.429038736427115,0.00240620635,0.6017516247838688,0.02233,0.075405
Large Lemon + Cucumber Kirby,Banana,0.0015766666666666668,0.35684647302904565,2.428435625771858,0.0009274146750000001,0.590822719155998,0.004418333333333333,0.146945
Yellow Onions + Organic Avocado,Banana,0.00106,0.35650224215246634,2.4260930426517837,0.0006230835333333333,0.5895676351900153,0.0029733333333333335,0.146945
Organic Baby Arugula,Michigan Organic Kale,0.0011383333333333334,0.05089798047544526,2.4260238548829967,0.0006691156333333334,0.6012498519131473,0.022365,0.02098
Michigan Organic Kale,Organic Baby Arugula,0.0011383333333333334,0.054258023514458215,2.4260238548829967,0.0006691156333333334,0.6003992757809952,0.02098,0.022365
Banana + Organic Fuji Apple,Strawberries,0.0011233333333333334,0.10815147625160462,2.4254648183809064,0.0006601918666666667,0.5938762882220741,0.010386666666666667,0.04459
Organic Tomato Cluster,Organic Large Extra Fancy Fuji Apple,0.0011416666666666667,0.05682760909241746,2.42335220010309,0.0006705561666666667,0.5993902166048767,0.02009,0.02345
Large Alfresco Eggs,Organic Zucchini,0.001,0.07916611690196595,2.422834488200947,0.0005872602916666667,0.5947732693473053,0.012631666666666666,0.032675
Banana + Original Hummus,Organic Strawberries,0.001125,0.1995860437610881,2.421132331668443,0.0006603413833333332,0.5902974283563537,0.0056366666666666666,0.082435
Unsweetened Almondmilk,Organic Lemon,0.0010233333333333333,0.06568249893025246,2.420879621484826,0.0006006219666666667,0.596216049305509,0.01558,0.027131666666666665
Cucumber Kirby,Carrots,0.0016316666666666667,0.05504948268106163,2.420466774779201,0.0009575542666666666,0.6047822947127317,0.02964,0.022743333333333334
Carrots,Cucumber Kirby,0.0016316666666666667,0.07174263520445552,2.420466774779201,0.0009575542666666666,0.6005142430996766,0.022743333333333334,0.02964
Organic Baby Arugula,Fresh Cauliflower,0.0012083333333333334,0.05402787092927938,2.4195195221352166,0.0007089228833333334,0.6001164033611726,0.022365,0.02233
Fresh Cauliflower,Organic Baby Arugula,0.0012083333333333334,0.05411255411255411,2.419519522135216,0.0007089228833333334,0.6000949195536327,0.02233,0.022365
Organic Garlic,Asparagus,0.0017366666666666667,0.05113357542447738,2.4189974970185624,0.0010187384055555557,0.6072291332684083,0.03396333333333333,0.021138333333333332
Asparagus,Organic Garlic,0.0017366666666666667,0.08215721832374044,2.4189974970185624,0.0010187384055555557,0.5992732454250455,0.021138333333333332,0.03396333333333333
Organic Hass Avocado,Organic Garlic,0.005461666666666667,0.08207684215799228,2.4166309399742554,0.003201633255555556,0.6279892790966246,0.06654333333333333,0.03396333333333333
Organic Garlic,Organic Hass Avocado,0.005461666666666667,0.1608106781823535,2.416630939974255,0.003201633255555556,0.60681007191025,0.03396333333333333,0.06654333333333333
Banana + Large Lemon,Organic Zucchini,0.0010116666666666666,0.07892341698088676,2.4154067936002064,0.0005928276249999999,0.5936000255977525,0.012818333333333333,0.032675
Organic Grape Tomatoes,Organic Small Bunch Celery,0.0013266666666666667,0.050856120623562484,2.413483538253381,0.0007769771222222223,0.6013483205935695,0.026086666666666668,0.021071666666666666
Organic Small Bunch Celery,Organic Grape Tomatoes,0.0013266666666666667,0.06295974056790318,2.4134835382533804,0.0007769771222222223,0.5982676437706729,0.021071666666666666,0.026086666666666668
Fresh Cauliflower,Yellow Onions,0.00125,0.055978504254366325,2.410615269692083,0.0007314601833333334,0.5985333974313077,0.02233,0.023221666666666668
Yellow Onions,Fresh Cauliflower,0.00125,0.05382903897222421,2.410615269692083,0.0007314601833333334,0.5990797775680938,0.023221666666666668,0.02233
Organic Black Beans,Organic Baby Spinach,0.0021616666666666668,0.18167810617733576,2.4093641824459353,0.001264472841666667,0.591996512781882,0.011898333333333334,0.075405
Limes + Cucumber Kirby,Banana,0.0011233333333333334,0.35380577427821525,2.4077428580640055,0.0006567829583333334,0.5865355069110004,0.003175,0.146945
Shredded Mozzarella,Organic Baby Spinach,0.0012933333333333334,0.18143558569090484,2.4061479436496898,0.0007558213583333333,0.5885936492036333,0.007128333333333334,0.075405
Banana + Large Lemon,Organic Baby Spinach,0.002325,0.18138083474190608,2.405421851891865,0.001358433575,0.5918591532895945,0.012818333333333333,0.075405
Honeycrisp Apple,Organic Baby Carrots,0.00143,0.05660377358490566,2.405259500775028,0.0008354695555555557,0.5993869569330976,0.025263333333333332,0.023533333333333333
Organic Baby Carrots,Honeycrisp Apple,0.00143,0.06076487252124646,2.405259500775028,0.0008354695555555557,0.598325026740402,0.023533333333333333,0.025263333333333332
Organic Grape Tomatoes,Original Hummus,0.0013933333333333332,0.05341170457449527,2.40502984950823,0.0008139919444444443,0.5998529076679515,0.026086666666666668,0.022208333333333333
Original Hummus,Organic Grape Tomatoes,0.0013933333333333332,0.06273921200750468,2.4050298495082294,0.0008139919444444443,0.5974736385391437,0.022208333333333333,0.026086666666666668
Organic Baby Arugula,Organic Small Bunch Celery,0.0011333333333333334,0.05067441687159997,2.404860406783199,0.0006620655083333334,0.5975394176041281,0.022365,0.021071666666666666
Organic Small Bunch Celery,Organic Baby Arugula,0.0011333333333333334,0.05378470299770624,2.404860406783199,0.0006620655083333334,0.5967499648725513,0.021071666666666666,0.022365
Honeycrisp Apple,Banana,0.008923333333333333,0.35321282491093814,2.4037076791380323,0.0052110128166666676,0.5991115905564728,0.025263333333333332,0.146945
Banana,Honeycrisp Apple,0.008923333333333333,0.06072566833395715,2.4037076791380323,0.0052110128166666676,0.68457020325815,0.146945,0.025263333333333332
Seedless Red Grapes,Organic Baby Carrots,0.0014683333333333334,0.05655048462674113,2.402995097453589,0.0008572903333333335,0.5994165172949458,0.025965,0.023533333333333333
Organic Baby Carrots,Seedless Red Grapes,0.0014683333333333334,0.062393767705382436,2.402995097453589,0.0008572903333333335,0.5979238076978726,0.023533333333333333,0.025965
Organic Whole String Cheese,Organic Grape Tomatoes,0.0011616666666666668,0.06266858478690883,2.4023224426364234,0.0006781068222222223,0.5947610323886952,0.018536666666666667,0.026086666666666668
Banana + Organic Avocado,Organic Garlic,0.0013433333333333333,0.08155418395224122,2.4012420439368305,0.0007839006277777778,0.5933218542341381,0.016471666666666666,0.03396333333333333
Organic Whole String Cheese,Sparkling Water Grapefruit,0.0010566666666666667,0.057004135946772165,2.3986592024730555,0.0006161427833333334,0.5941133061865186,0.018536666666666667,0.023765
Organic Strawberries + Banana,Organic Fuji Apple,0.0011516666666666667,0.06614972238177294,2.397887471548077,0.0006713828000000002,0.5932955269328739,0.01741,0.027586666666666666
Bag of Organic Bananas + Organic Strawberries,Organic Whole Milk,0.002128333333333333,0.10898694205001279,2.397512932355918,0.001240607847222222,0.5945109100673078,0.019528333333333335,0.04545833333333334
Apple Honeycrisp Organic,Organic Small Bunch Celery,0.0013083333333333334,0.050495304258330126,2.3963602432174387,0.0007623664500000002,0.5981998289044952,0.02591,0.021071666666666666
Organic Small Bunch Celery,Apple Honeycrisp Organic,0.0013083333333333334,0.06208969390176383,2.3963602432174387,0.0007623664500000002,0.5952432384436516,0.021071666666666666,0.02591
Organic Whole Grassmilk Milk,Bag of Organic Bananas,0.0013466666666666666,0.28450704225352114,2.3957142806314407,0.0007845517777777777,0.5853586514120633,0.004733333333333333,0.11875666666666666
Limes + Organic Hass Avocado,Bag of Organic Bananas,0.0017833333333333334,0.28442317916002124,2.395008104752193,0.0010387290333333334,0.5861399761551659,0.00627,0.11875666666666666
Organic Whole Strawberries,Organic Hass Avocado,0.0015416666666666667,0.15931794695142956,2.394198471443614,0.0008977490111111111,0.5880136954087887,0.009676666666666667,0.06654333333333333
Organic Extra Firm Tofu,Organic Avocado,0.0011866666666666666,0.1314866112650046,2.392405590702413,0.0006906526666666666,0.5873111573524088,0.009025,0.05496
Organic Baby Spinach,Organic Red Onion,0.0038133333333333335,0.05057135910527595,2.392211878206053,0.002219271633333334,0.6294397297444578,0.075405,0.02114
Organic Red Onion,Organic Baby Spinach,0.0038133333333333335,0.1803847366761274,2.3922118782060524,0.002219271633333334,0.5945455191989427,0.02114,0.075405
Organic Green Seedless Grapes,Organic Hass Avocado,0.0010533333333333334,0.15915386552505667,2.3917326883492964,0.0006129273722222223,0.5857698953183634,0.006618333333333334,0.06654333333333333
Organic Baby Spinach + Seedless Red Grapes,Banana,0.0010466666666666667,0.3514269725797426,2.391554476707221,0.000609015475,0.5836000743445652,0.0029783333333333333,0.146945
Organic D'Anjou Pears,Organic Whole Milk,0.0016133333333333334,0.1086663673102829,2.390460875753244,0.0009384286111111111,0.5904366427443745,0.014846666666666666,0.04545833333333334
Organic Spring Mix Salad,Organic Baby Spinach,0.001165,0.18024755028365136,2.3903925506750396,0.00067763235,0.5854425800704187,0.006463333333333333,0.075405
Orange Bell Pepper,Organic Avocado,0.0016,0.13136288998357964,2.3901544756837634,0.0009305872,0.5887884432386468,0.01218,0.05496
Organic Baby Spinach + Organic Yellow Onion,Bag of Organic Bananas,0.0017366666666666667,0.28384636338872243,2.3901509814639663,0.0010100737944444445,0.5851968175511097,0.006118333333333333,0.11875666666666666
Organic Small Bunch Celery,Organic Baby Carrots,0.001185,0.056236652693189906,2.389659462883424,0.0006891134444444446,0.5940479124598943,0.021071666666666666,0.023533333333333333
Organic Baby Carrots,Organic Small Bunch Celery,0.001185,0.050354107648725215,2.389659462883424,0.0006891134444444446,0.5955455037186899,0.023533333333333333,0.021071666666666666
Organic Tomato Cluster,Organic Baby Arugula,0.0010733333333333333,0.053426248548199766,2.388832933073989,0.0006240204833333333,0.5933050417673673,0.02009,0.022365
Organic Zucchini,Organic Hass Avocado,0.005175,0.15837796480489671,2.380072606395282,0.003000696583333333,0.5994311636756793,0.032675,0.06654333333333333
Organic Hass Avocado,Organic Zucchini,0.005175,0.07776887241396584,2.3800726063952817,0.003000696583333333,0.6211801480546247,0.06654333333333333,0.032675
Michigan Organic Kale,Organic Grape Tomatoes,0.0013016666666666667,0.06204321576104226,2.3783496969476974,0.0007543684000000001,0.5919596985995377,0.02098,0.026086666666666668
Organic Strawberries + Organic Raspberries,Organic Whole Milk,0.00114,0.10810810810810811,2.3781801966953204,0.0006606418749999999,0.5856864806046426,0.010545,0.04545833333333334
Michigan Organic Kale + Organic Avocado,Banana,0.0010616666666666667,0.3494240263302249,2.3779238921380443,0.0006151987750000001,0.5812310679195517,0.0030383333333333334,0.146945
Organic Baby Arugula,Organic Baby Spinach,0.00401,0.17929801028392578,2.3778000170270643,0.0023235671749999996,0.5926988966081781,0.022365,0.075405
Organic Baby Spinach,Organic Baby Arugula,0.00401,0.05317949738081029,2.3778000170270643,0.0023235671749999996,0.6266994584499549,0.075405,0.022365
Large Alfresco Eggs,Organic Garlic,0.00102,0.08074943924000527,2.377547528903875,0.0005909864944444445,0.586810923952873,0.012631666666666666,0.03396333333333333
Organic Grape Tomatoes,Apple Honeycrisp Organic,0.0016066666666666666,0.061589573217480195,2.3770580168846083,0.0009307611333333333,0.5948290149503648,0.026086666666666668,0.02591
Apple Honeycrisp Organic,Organic Grape Tomatoes,0.0016066666666666666,0.06200952013379647,2.377058016884608,0.0009307611333333333,0.5947211332768974,0.02591,0.026086666666666668
Organic Jalapeno Pepper,Organic Baby Spinach,0.001105,0.1792376317923763,2.3769992943753904,0.0006401281750000001,0.582895063906085,0.006165,0.075405
Unsweetened Almondmilk,Organic Raspberries,0.0015783333333333333,0.10130509199828841,2.3769378695046552,0.0009143137333333333,0.58845883275369,0.01558,0.04262
Organic Hass Avocado,Organic Gala Apples,0.0035516666666666665,0.05337374142163002,2.374452795505154,0.002055883438888889,0.6201148434754583,0.06654333333333333,0.022478333333333333
Organic Gala Apples,Organic Hass Avocado,0.0035516666666666665,0.15800400385556462,2.374452795505154,0.002055883438888889,0.5921611300084975,0.022478333333333333,0.06654333333333333
Organic Strawberries + Organic Hass Avocado,Limes,0.001325,0.10444035733053074,2.3724762199794966,0.0007665117888888889,0.5859329999720139,0.012686666666666667,0.04402166666666667
Shredded Parmesan,Organic Baby Spinach,0.0020533333333333332,0.178706121264868,2.369950550558557,0.0011869298833333333,0.5847692667318923,0.01149,0.075405
Organic Strawberries + Organic Grape Tomatoes,Bag of Organic Bananas,0.0013766666666666667,0.28143100511073255,2.3698122641036226,0.0007957486388888889,0.5808670536862838,0.0048916666666666666,0.11875666666666666
Organic Romaine Lettuce,Limes,0.0011533333333333333,0.10429540316503391,2.3691834285776077,0.0006665270694444444,0.5843758671579634,0.011058333333333333,0.04402166666666667
Apple Honeycrisp Organic,Bag of Organic Bananas,0.007288333333333333,0.28129422359449374,2.3686604844176644,0.0042113481,0.5931900105246254,0.02591,0.11875666666666666
Bag of Organic Bananas,Apple Honeycrisp Organic,0.007288333333333333,0.06137199315126168,2.3686604844176644,0.0042113481,0.655687748770032,0.11875666666666666,0.02591
Creamy Almond Butter,Organic Baby Spinach,0.00118,0.178562421185372,2.368044840333824,0.0006816986250000001,0.5815538005176297,0.006608333333333333,0.075405
Asparagus,Cucumber Kirby,0.0014833333333333332,0.07017267208073799,2.3674990580545883,0.0008567931333333333,0.5900867997840418,0.021138333333333332,0.02964
Cucumber Kirby,Asparagus,0.0014833333333333332,0.05004498425551057,2.3674990580545883,0.0008567931333333333,0.5952567586407177,0.02964,0.021138333333333332
Organic Unsweetened Almond Milk,Organic Lemon,0.0011683333333333333,0.0642176621473067,2.3668896915279825,0.0006747178777777778,0.588206031345108,0.018193333333333332,0.027131666666666665
Carrots,Original Hummus,0.001195,0.05254286970540819,2.365907829136579,0.0006899084722222223,0.5907652361453251,0.022743333333333334,0.022208333333333333
Original Hummus,Carrots,0.001195,0.053808630393996255,2.3659078291365785,0.0006899084722222223,0.5904419981672238,0.022208333333333333,0.022743333333333334
Organic Granny Smith Apple,Organic Hass Avocado,0.002875,0.1574336040887104,2.3658809410716386,0.0016598078277777779,0.5880634811065564,0.018261666666666666,0.06654333333333333
"Milk, Organic, Vitamin D",Bag of Organic Bananas,0.0017433333333333333,0.2809562181036799,2.3658142821765504,0.0010064482166666667,0.580917143456409,0.006205,0.11875666666666666
Grated Parmesan,Large Lemon,0.0016233333333333334,0.1133480740137321,2.365689592606069,0.0009371345444444444,0.585678161183495,0.014321666666666667,0.047913333333333336
Organic Bartlett Pear,Organic Whole Milk,0.0012566666666666666,0.10752994865944095,2.3654617486953096,0.0007254102777777777,0.5840754530412261,0.011686666666666666,0.04545833333333334
Organic Hass Avocado,Organic Grape Tomatoes,0.004105,0.06168912488102991,2.3647760623957286,0.002369106244444445,0.6182686337235952,0.06654333333333333,0.026086666666666668
Organic Grape Tomatoes,Organic Hass Avocado,0.004105,0.15736008177868643,2.3647760623957286,0.002369106244444445,0.5925855599131149,0.026086666666666668,0.06654333333333333
Organic Strawberries + Organic Hass Avocado,Organic Whole Milk,0.0013633333333333334,0.10746190225959013,2.363964852639929,0.000786618611111111,0.5843959023552147,0.012686666666666667,0.04545833333333334
Yellow Bell Pepper,Organic Baby Spinach,0.0014166666666666668,0.17812238055322718,2.362209144661855,0.0008169455666666667,0.5812906571836636,0.007953333333333333,0.075405
Boneless Skinless Chicken Breasts,Large Lemon,0.0017516666666666666,0.11315676141257537,2.361696704033158,0.0010099682666666666,0.585641332005941,0.01548,0.047913333333333336
Organic Ginger Root,Organic Hass Avocado,0.00255,0.15706806282722513,2.3603876595785973,0.0014696689833333335,0.5858520864004898,0.016235,0.06654333333333333
Banana + Organic Hass Avocado,Large Lemon,0.0011116666666666666,0.11301253812267029,2.3586866172812777,0.0006403591777777777,0.5817577999375294,0.009836666666666667,0.047913333333333336
Organic Zucchini,Organic Baby Arugula,0.0017233333333333332,0.05274164753889314,2.3582225593066464,0.0009925569583333332,0.5954067281898309,0.032675,0.022365
Organic Baby Arugula,Organic Zucchini,0.0017233333333333332,0.07705492212534466,2.358222559306646,0.0009925569583333332,0.5891276533125637,0.022365,0.032675
Small Hass Avocado,Organic Zucchini,0.0011983333333333334,0.07702196036422068,2.3572137831437083,0.0006899647916666666,0.5848699422695197,0.015558333333333334,0.032675
Organic Sticks Low Moisture Part Skim Mozzarella String Cheese,Organic Raspberries,0.00107,0.10040663121676571,2.355857137887511,0.0006158128666666667,0.5817252961867372,0.010656666666666667,0.04262
Bag of Organic Bananas + Organic Strawberries,Organic Baby Spinach,0.0034683333333333333,0.1776051890415635,2.3553502956244743,0.001995799358333333,0.5868957988583531,0.019528333333333335,0.075405
Organic Zucchini,Yellow Onions,0.0017866666666666667,0.0546799285896455,2.354694405640372,0.0010278987083333331,0.5947498940183942,0.032675,0.023221666666666668
Yellow Onions,Organic Zucchini,0.0017866666666666667,0.07693963970429914,2.3546944056403714,0.0010278987083333331,0.5889938603245123,0.023221666666666668,0.032675
Broccoli Crown,Organic Zucchini,0.0010383333333333334,0.07692307692307693,2.3541875110352537,0.0005972752916666667,0.5830958217674915,0.013498333333333333,0.032675
Organic Broccoli Crowns,Organic Strawberries,0.00111,0.1939429237041351,2.3526769418831215,0.0006381970166666668,0.578261852603669,0.005723333333333334,0.082435
Organic Bartlett Pear,Bag of Organic Bananas,0.0032616666666666666,0.27909298345693095,2.3501247659662416,0.0018737970888888888,0.581283947943374,0.011686666666666666,0.11875666666666666
Organic Unsweetened Almond Milk,Organic Hass Avocado,0.002845,0.1563759618908025,2.3499869041346866,0.0016343549555555557,0.5851108300966799,0.018193333333333332,0.06654333333333333
Yellow Onions,Cucumber Kirby,0.0016166666666666666,0.06961889040407665,2.3488154657245834,0.0009283764666666666,0.5879056331812736,0.023221666666666668,0.02964
Cucumber Kirby,Yellow Onions,0.0016166666666666666,0.0545434098065677,2.3488154657245834,0.0009283764666666666,0.5917942665980487,0.02964,0.023221666666666668
Organic Large Green Asparagus,Bag of Organic Bananas,0.0016516666666666667,0.27891922319166895,2.3486616037696324,0.0009484292722222223,0.5776462220546884,0.005921666666666667,0.11875666666666666
Organic Baby Spinach + Organic Cilantro,Bag of Organic Bananas,0.0010433333333333334,0.27871772039180764,2.346964833343877,0.0005987875444444445,0.5760742120282611,0.0037433333333333333,0.11875666666666666
Bag of Organic Bananas + Organic Strawberries,Fresh Cauliflower,0.0010233333333333333,0.052402492105487745,2.346730501813155,0.00058726565,0.5853052643163539,0.019528333333333335,0.02233
Organic Diced Tomatoes,Organic Baby Spinach,0.0012466666666666668,0.1768321513002364,2.345098485514706,0.0007150614166666668,0.5776511168443409,0.00705,0.075405
Organic Baby Broccoli,Organic Baby Spinach,0.001755,0.17682619647355163,2.3450195142702954,0.001006605375,0.5793140077663977,0.009925,0.075405
Organic Granny Smith Apple,Organic Grape Tomatoes,0.0011166666666666666,0.061148124486629554,2.3440374835150606,0.0006402806555555556,0.5840514139289074,0.018261666666666666,0.026086666666666668
Strawberries + Banana,Organic Avocado,0.00165,0.1287888643163783,2.343319947532356,0.0009458708,0.5806946971986402,0.012811666666666667,0.05496
Organic Strawberries + Organic Blueberries,Bag of Organic Bananas,0.002033333333333333,0.2780309936189608,2.341182195685526,0.0011648262444444444,0.5770857868413182,0.007313333333333333,0.11875666666666666
Organic Navel Orange,Organic Zucchini,0.00102,0.07646176911544228,2.340069445002059,0.0005841155,0.5804048556766878,0.01334,0.032675
Organic Kiwi,Organic Whole Milk,0.001655,0.10633968729920754,2.339278180734171,0.0009475168055555554,0.5815688572662439,0.015563333333333334,0.04545833333333334
Organic Baby Spinach + Organic Avocado,Banana,0.00331,0.343598615916955,2.3382804172782676,0.0018944298333333333,0.5779024237617956,0.009633333333333334,0.146945
Broccoli Crown,Limes,0.0013883333333333334,0.1028522039757995,2.3363995905606973,0.0007941142027777779,0.579817593559359,0.013498333333333333,0.04402166666666667
Organic Hass Avocado + Large Lemon,Bag of Organic Bananas,0.0013066666666666667,0.2774239207360226,2.3360702899712797,0.0007473227666666667,0.5746372301294197,0.00471,0.11875666666666666
Organic Baby Arugula,Organic Hass Avocado,0.003475,0.15537670467247933,2.3349702650775837,0.00198675835,0.5848082582791468,0.022365,0.06654333333333333
Organic Hass Avocado,Organic Baby Arugula,0.003475,0.05222160997846015,2.334970265077583,0.00198675835,0.6124858732053984,0.06654333333333333,0.022365
Organic Broccoli Florets,Organic Baby Spinach,0.0018116666666666667,0.17591843340346333,2.332981014567513,0.0010351208416666668,0.5773091723391374,0.010298333333333333,0.075405
Bag of Organic Bananas + Organic Gala Apples,Organic Baby Spinach,0.0010316666666666666,0.17590224495595339,2.3327663279086717,0.0005894163416666666,0.5746949883684935,0.005865,0.075405
Organic Mint,Organic Baby Spinach,0.001075,0.17584514721919303,2.3320091137085477,0.0006140240999999999,0.5746985330007367,0.0061133333333333335,0.075405
Large Lemon + Organic Avocado,Banana,0.0026116666666666667,0.3425885439440315,2.3314066075336455,0.00149145595,0.5754613240488669,0.0076233333333333335,0.146945
Organic D'Anjou Pears,Organic Yellow Onion,0.0012266666666666667,0.08262236192186799,2.331221121708008,0.0007004760555555556,0.5796460747374278,0.014846666666666666,0.03544166666666667
Organic Small Bunch Celery,Limes,0.0021616666666666668,0.10258641145297794,2.3303618245480164,0.0012340567805555558,0.5831704617316005,0.021071666666666666,0.04402166666666667
Yellow Onions,Organic Avocado,0.0029733333333333335,0.12804134070193066,2.329718717284037,0.0016970705333333334,0.584332814118859,0.023221666666666668,0.05496
Organic Avocado,Yellow Onions,0.0029733333333333335,0.05409995147986414,2.329718717284037,0.0016970705333333334,0.6039571153464356,0.05496,0.023221666666666668
Large Alfresco Eggs,Organic Hass Avocado,0.001955,0.15476975854334346,2.325849199168614,0.0011144467944444445,0.5773423067968014,0.012631666666666666,0.06654333333333333
Organic Granny Smith Apple,Organic Yellow Onion,0.001505,0.0824130692707858,2.3253158505747225,0.0008577760972222222,0.5805527560781816,0.018261666666666666,0.03544166666666667
Organic Baby Spinach,Organic Avocado,0.009633333333333334,0.12775456976769886,2.324500905525816,0.005489074533333334,0.6162699609747772,0.075405,0.05496
Organic Avocado,Organic Baby Spinach,0.009633333333333334,0.17527899078117418,2.324500905525816,0.005489074533333334,0.6029375736132588,0.05496,0.075405
Organic Raspberries,Original Hummus,0.0021983333333333334,0.05157985296417957,2.3225449739968287,0.0012518141666666668,0.5947876827285663,0.04262,0.022208333333333333
Original Hummus,Organic Raspberries,0.0021983333333333334,0.09898686679174484,2.3225449739968287,0.0012518141666666668,0.5823713282727317,0.022208333333333333,0.04262
Organic Red Onion,Organic Avocado,0.002693333333333333,0.12740460422579628,2.3181332646615043,0.001531478933333333,0.5808986125100466,0.02114,0.05496
Frozen Organic Wild Blueberries,Bag of Organic Bananas,0.0025483333333333334,0.27524752475247527,2.3177437737037243,0.0014488445277777778,0.57385890024617,0.009258333333333334,0.11875666666666666
Organic Grape Tomatoes,Large Lemon,0.0028966666666666667,0.11104012266802965,2.3175203005710934,0.001646767511111111,0.5837319396737303,0.026086666666666668,0.047913333333333336
Large Lemon,Organic Grape Tomatoes,0.0028966666666666667,0.06045637957423125,2.317520300571093,0.001646767511111111,0.5971140433372047,0.047913333333333336,0.026086666666666668
Organic Peeled Whole Baby Carrots,Cucumber Kirby,0.0012066666666666667,0.06866464339908952,2.3166208974051794,0.0006857930666666666,0.5785030220204159,0.017573333333333333,0.02964
Large Lemon,Organic Cilantro,0.002425,0.05061221650201753,2.3159952639727366,0.0013779339555555557,0.5968156132753613,0.047913333333333336,0.021853333333333332
Organic Cilantro,Large Lemon,0.002425,0.11096705308114704,2.315995263972736,0.0013779339555555557,0.5809151196050638,0.021853333333333332,0.047913333333333336
Organic Carrot Bunch,Limes,0.0011583333333333333,0.10195100484083906,2.3159278728089743,0.0006581738305555554,0.5747376005393267,0.011361666666666667,0.04402166666666667
Bag of Organic Bananas + Organic Large Extra Fancy Fuji Apple,Organic Baby Spinach,0.0012866666666666666,0.17462112644198144,2.315776492831794,0.0007310574916666666,0.5723970096343831,0.0073683333333333335,0.075405
Organic Baby Arugula,Cucumber Kirby,0.001535,0.06863402638050525,2.3155879345649546,0.0008721013999999999,0.5811414633556361,0.022365,0.02964
Cucumber Kirby,Organic Baby Arugula,0.001535,0.05178812415654521,2.3155879345649546,0.0008721013999999999,0.585498407320672,0.02964,0.022365
Organic Broccoli Crowns,Bag of Organic Bananas,0.0015733333333333333,0.2748980780430984,2.3148012297675784,0.0008936493444444444,0.5712670162455777,0.005723333333333334,0.11875666666666666
Organic Large Extra Fancy Fuji Apple,Organic Baby Carrots,0.0012766666666666666,0.05444207533759773,2.313402634742113,0.00072481,0.5813694049748589,0.02345,0.023533333333333333
Organic Baby Carrots,Organic Large Extra Fancy Fuji Apple,0.0012766666666666666,0.05424929178470255,2.313402634742113,0.00072481,0.5814190200329744,0.023533333333333333,0.02345
Organic Hass Avocado,Organic Strawberries,0.012686666666666667,0.19065270750889146,2.3127640869641715,0.007201166983333335,0.6080806596401812,0.06654333333333333,0.082435
Organic Strawberries,Organic Hass Avocado,0.012686666666666667,0.15389903156021917,2.3127640869641715,0.007201166983333335,0.6186122461211919,0.082435,0.06654333333333333
Organic Zucchini,Apple Honeycrisp Organic,0.0019566666666666665,0.059882682989033396,2.311180354652003,0.0011100574166666665,0.5864840212724187,0.032675,0.02591
Apple Honeycrisp Organic,Organic Zucchini,0.0019566666666666665,0.0755178180882542,2.3111803546520027,0.0011100574166666665,0.5824109228894069,0.02591,0.032675
Asparagus,Organic Avocado,0.002685,0.12702042103603248,2.3111430319511004,0.0015232371999999998,0.5795647003531627,0.021138333333333332,0.05496
Organic Grape Tomatoes,Organic Large Extra Fancy Fuji Apple,0.0014133333333333333,0.05417837975977511,2.310378667794248,0.000801601,0.5823624130154543,0.026086666666666668,0.02345
Organic Large Extra Fancy Fuji Apple,Organic Grape Tomatoes,0.0014133333333333333,0.06027007818052594,2.3103786677942475,0.000801601,0.5807900454333362,0.02345,0.026086666666666668
"Milk, Organic, Vitamin D",Organic Strawberries,0.0011816666666666666,0.19043781896320175,2.310157323505814,0.0006701574916666667,0.5706700556501754,0.006205,0.082435
Red Onion,Organic Garlic,0.0010316666666666666,0.07845373891001267,2.30995403601961,0.0005850488333333332,0.5746475686783628,0.01315,0.03396333333333333
Granny Smith Apples,Large Lemon,0.0012216666666666667,0.11064150943396227,2.3092008369409127,0.0006926236111111111,0.5732797133883079,0.011041666666666667,0.047913333333333336
Organic Red Bell Pepper,Organic Baby Spinach,0.0031533333333333335,0.17399301085157254,2.307446599715835,0.0017867433833333333,0.5770791205166439,0.018123333333333335,0.075405
Organic Whole Strawberries,Bag of Organic Bananas,0.00265,0.27385463313813296,2.306014818576919,0.0015008313222222222,0.5718853866057299,0.009676666666666667,0.11875666666666666
Organic Baby Spinach + Large Lemon,Organic Hass Avocado,0.0011183333333333334,0.1533363802559415,2.304308674887665,0.0006330106222222224,0.5701889406499622,0.007293333333333333,0.06654333333333333
Organic Yellow Onion,Organic Large Extra Fancy Fuji Apple,0.001915,0.05403244768398777,2.3041555515559815,0.0010838929166666665,0.5867986450415477,0.03544166666666667,0.02345
Organic Large Extra Fancy Fuji Apple,Organic Yellow Onion,0.001915,0.08166311300639659,2.3041555515559815,0.0010838929166666665,0.5795929784071818,0.02345,0.03544166666666667
Organic Small Bunch Celery,Organic Gala Apples,0.00109,0.05172822905955865,2.3012484196437453,0.0006163440527777778,0.577624776171038,0.021071666666666666,0.022478333333333333
Organic Gala Apples,Fresh Cauliflower,0.001155,0.05138281307926151,2.301066416447,0.0006530588166666667,0.5784208250001848,0.022478333333333333,0.02233
Fresh Cauliflower,Organic Gala Apples,0.001155,0.05172413793103448,2.301066416447,0.0006530588166666667,0.5783330662584398,0.02233,0.022478333333333333
Organic Avocado,Organic Garlic,0.004295,0.07814774381368268,2.300944464040122,0.0024283752,0.598277168845869,0.05496,0.03396333333333333
Organic Garlic,Organic Avocado,0.004295,0.1264599077436451,2.3009444640401218,0.0024283752,0.5852737014600207,0.03396333333333333,0.05496
Grape White/Green Seedless,Organic Strawberries,0.0022583333333333335,0.18961656870976773,2.300194925817526,0.0012765324833333336,0.5720675608116281,0.01191,0.082435
Organic Gala Apples,Organic Grape Tomatoes,0.0013466666666666666,0.059909542522429006,2.296557980670675,0.0007602818777777777,0.5775480688323184,0.022478333333333333,0.026086666666666668
Organic Grape Tomatoes,Organic Gala Apples,0.0013466666666666666,0.05162279580884232,2.296557980670675,0.0007602818777777777,0.5796878751960295,0.026086666666666668,0.022478333333333333
Organic Strawberries + Organic Whole Milk,Bag of Organic Bananas,0.002128333333333333,0.27263023057216057,2.2957046389437274,0.001201239622222222,0.5688446753097568,0.007806666666666667,0.11875666666666666
Organic Red Onion,Cucumber Kirby,0.0014383333333333333,0.06803847366761274,2.2954950630098767,0.0008117437333333334,0.5765524438069219,0.02114,0.02964
Organic Grade A Free Range Large Brown Eggs,Organic Yellow Onion,0.00102,0.08135052505649341,2.295335764584813,0.0005756205694444445,0.5714995433870349,0.012538333333333334,0.03544166666666667
Organic Yellow Onion + Organic Zucchini,Bag of Organic Bananas,0.0010266666666666666,0.27256637168141595,2.2951669100520613,0.0005793498888888888,0.5664354132166223,0.003766666666666667,0.11875666666666666
Original Hummus,Cucumber Kirby,0.00151,0.06799249530956848,2.293943836355212,0.0008517450000000001,0.5768811042814245,0.022208333333333333,0.02964
Cucumber Kirby,Original Hummus,0.00151,0.050944669365722,2.293943836355212,0.0008517450000000001,0.5812992460775807,0.02964,0.022208333333333333
Organic Garnet Sweet Potato (Yam),Limes,0.001655,0.10094541018603233,2.293084697369454,0.000933264775,0.5733055530006603,0.016395,0.04402166666666667
Sparkling Water Grapefruit,Original Hummus,0.00121,0.050915211445402904,2.292617400918705,0.0006822189583333332,0.5775426213326086,0.023765,0.022208333333333333
Original Hummus,Sparkling Water Grapefruit,0.00121,0.05448405253283302,2.292617400918705,0.0006822189583333332,0.5766231602880358,0.022208333333333333,0.023765
Grape White/Green Seedless,Strawberries,0.0012166666666666667,0.10215505177721802,2.2909856868629297,0.0006855997666666667,0.5702989176433793,0.01191,0.04459
Organic Roma Tomato,Organic Avocado,0.0011333333333333334,0.12583271650629163,2.289532687523501,0.0006383269333333334,0.5683485732081853,0.009006666666666666,0.05496
Organic Baby Spinach,Organic Yellow Onion,0.006118333333333333,0.08113962380920806,2.289385106302602,0.003445854458333333,0.6091331787639255,0.075405,0.03544166666666667
Organic Yellow Onion,Organic Baby Spinach,0.006118333333333333,0.17263108394074766,2.2893851063026016,0.003445854458333333,0.5838957292224232,0.03544166666666667,0.075405
Bartlett Pears,Large Lemon,0.001205,0.10964513193812557,2.2884054251730674,0.0006784324666666665,0.5692707810427189,0.01099,0.047913333333333336
Banana + Yellow Onions,Organic Baby Spinach,0.00117,0.17252396166134185,2.2879644806225294,0.000658628425,0.5667739497805394,0.006781666666666667,0.075405
Bag of Organic Bananas + Organic Raspberries,Organic Yellow Onion,0.0010333333333333334,0.08108815066701543,2.287932772170668,0.0005816883611111111,0.5701903460735717,0.012743333333333334,0.03544166666666667
Organic Frozen Peas,Organic Baby Spinach,0.0010883333333333333,0.17229551451187336,2.2849348784811796,0.0006120250833333333,0.5659255286192288,0.006316666666666667,0.075405
Carrots,Organic Baby Spinach,0.0039183333333333336,0.17228491865748205,2.284794359226604,0.0022033722833333337,0.5754106046099554,0.022743333333333334,0.075405
Organic Baby Spinach,Carrots,0.0039183333333333336,0.05196383971001039,2.2847943592266033,0.0022033722833333337,0.6081839610053875,0.075405,0.022743333333333334
Air Chilled Organic Boneless Skinless Chicken Breasts,Organic Strawberries,0.001,0.18814675446848542,2.2823649477586634,0.000561857975,0.564860207000206,0.005315,0.082435
Organic Hass Avocado,Fresh Cauliflower,0.00339,0.05094424685668486,2.2814261915219376,0.0019040873666666667,0.6017180114936982,0.06654333333333333,0.02233
Fresh Cauliflower,Organic Hass Avocado,0.00339,0.15181370353784146,2.2814261915219376,0.0019040873666666667,0.5745064175869184,0.02233,0.06654333333333333
Organic Strawberries + Large Lemon,Banana,0.001715,0.33507000976880497,2.28024097294093,0.0009628865083333334,0.5643383307761812,0.005118333333333333,0.146945
Uncured Genoa Salami,Organic Raspberries,0.0012666666666666666,0.09717427438946426,2.280015823309814,0.0007111149666666666,0.5688211361411792,0.013035,0.04262
Organic Yellow Onion,Organic Baby Arugula,0.0018066666666666667,0.05097578180108158,2.27926589765623,0.0010140137916666667,0.5818852286210059,0.03544166666666667,0.022365
Organic Baby Arugula,Organic Yellow Onion,0.0018066666666666667,0.08078098218943289,2.27926589765623,0.0010140137916666667,0.5741020383987512,0.022365,0.03544166666666667
Original Hummus,Honeycrisp Apple,0.0012783333333333334,0.0575609756097561,2.2784394620565815,0.0007172768055555556,0.5738472994533254,0.022208333333333333,0.025263333333333332
Honeycrisp Apple,Original Hummus,0.0012783333333333334,0.05060034305317324,2.278439462056581,0.0007172768055555556,0.5756458400846377,0.025263333333333332,0.022208333333333333
Bag of Organic Bananas,Organic Cucumber,0.00689,0.058017795492182896,2.277887534047228,0.0038652677000000006,0.6365968878349008,0.11875666666666666,0.02547
Organic Cucumber,Bag of Organic Bananas,0.00689,0.27051433058500196,2.277887534047228,0.0038652677000000006,0.5756587928799053,0.02547,0.11875666666666666
Organic Basil,Organic Baby Spinach,0.0014733333333333334,0.1717505342918205,2.2777075033727274,0.0008264841083333335,0.5658158211991582,0.008578333333333334,0.075405
Organic Whole Milk + Large Lemon,Banana,0.0010683333333333332,0.3345511482254697,2.2767099814588434,0.0005990889666666666,0.5625661648746433,0.003193333333333333,0.146945
Organic Grape Tomatoes,Organic Strawberries,0.0048916666666666666,0.18751597239969334,2.274713075752937,0.0027412123,0.5753942334122176,0.026086666666666668,0.082435
Organic Strawberries,Organic Grape Tomatoes,0.0048916666666666666,0.05933968176947494,2.2747130757529366,0.0027412123,0.6107296113553491,0.082435,0.026086666666666668
Organic Tomato Cluster,Organic Baby Spinach,0.003445,0.1714783474365356,2.2740978374979854,0.0019301135500000002,0.5717516725233454,0.02009,0.075405
Organic Gala Apples,Original Hummus,0.001135,0.050493067398235336,2.2736090385696963,0.0006357936805555555,0.5730518951784009,0.022478333333333333,0.022208333333333333
Original Hummus,Organic Gala Apples,0.001135,0.05110694183864915,2.2736090385696963,0.0006357936805555555,0.5728936569595935,0.022208333333333333,0.022478333333333333
Bag of Organic Bananas + Large Lemon,Organic Strawberries,0.001165,0.1872990353697749,2.272081462604172,0.0006522543000000001,0.5633791539599485,0.00622,0.082435
Organic Cilantro,Organic Baby Spinach,0.0037433333333333333,0.1712934716290421,2.271646066295897,0.0020954827333333334,0.5722971798436167,0.021853333333333332,0.075405
Organic Raspberries,Organic Grape Tomatoes,0.002525,0.05924448615673393,2.2710638700511345,0.0014131862666666665,0.5845930867293417,0.04262,0.026086666666666668
Organic Grape Tomatoes,Organic Raspberries,0.002525,0.09679274214157935,2.2710638700511345,0.0014131862666666665,0.5746689260915796,0.026086666666666668,0.04262
Organic Strawberries + Organic Baby Spinach,Limes,0.0012016666666666666,0.09995840842922502,2.2706638798142964,0.0006724528638888888,0.5664093485085556,0.012021666666666667,0.04402166666666667
Limes + Yellow Onions,Banana,0.001,0.33351862145636463,2.269683360824558,0.0005594099083333333,0.5610922499293716,0.0029983333333333333,0.146945
Organic Frozen Peas,Bag of Organic Bananas,0.0017016666666666666,0.26939313984168867,2.26844645781308,0.0009515203888888889,0.5627242115273985,0.006316666666666667,0.11875666666666666
Organic Kiwi,Organic Blueberries,0.0010966666666666666,0.0704647676161919,2.26720616525714,0.0006129582666666666,0.5677648238467664,0.015563333333333334,0.03108
Large Yellow Flesh Nectarine,Banana,0.00155,0.33297529538131043,2.26598588166532,0.0008659710249999999,0.5613038533081169,0.004655,0.146945
Michigan Organic Kale,Organic Hass Avocado,0.0031633333333333335,0.15077851922465843,2.2658696472172286,0.0017672542000000003,0.5706403808165061,0.02098,0.06654333333333333
Organic Strawberries + Organic Whole Milk,Organic Baby Spinach,0.0013333333333333333,0.1707941929974381,2.2650247728590687,0.0007446716333333333,0.5628980826989364,0.007806666666666667,0.075405
Apple Honeycrisp Organic,Organic Strawberries,0.004836666666666667,0.18667181268493507,2.2644727686654345,0.0027007758166666673,0.573248983859604,0.02591,0.082435
Organic Strawberries,Apple Honeycrisp Organic,0.004836666666666667,0.0586724894361214,2.264472768665434,0.0027007758166666673,0.6085629930171722,0.082435,0.02591
Organic Lacinato (Dinosaur) Kale,Large Lemon,0.0014566666666666667,0.10843672456575683,2.2631847342233926,0.0008130308888888889,0.565744610920969,0.013433333333333334,0.047913333333333336
Fresh Cauliflower,Organic Large Extra Fancy Fuji Apple,0.001185,0.05306762203313928,2.2630116005603105,0.0006613615000000001,0.5708582348482976,0.02233,0.02345
Organic Large Extra Fancy Fuji Apple,Fresh Cauliflower,0.001185,0.05053304904051173,2.2630116005603105,0.0006613615000000001,0.5715129491210231,0.02345,0.02233
Organic Grade A Free Range Large Brown Eggs,Organic Strawberries,0.0023383333333333333,0.1864947494350658,2.262324855159408,0.001304735825,0.5650617645468332,0.012538333333333334,0.082435
Organic Baby Spinach + Limes,Organic Strawberries,0.0012016666666666666,0.18630490956072351,2.2600219513643904,0.0006699609166666667,0.561145812124821,0.00645,0.082435
Organic Garbanzo Beans,Organic Avocado,0.0011616666666666668,0.12417601995367895,2.259389009346415,0.0006475158666666667,0.5626662101144152,0.009355,0.05496
Organic Broccoli,Organic Avocado,0.00149,0.12413218550402666,2.258591439301795,0.0008302968,0.5640162495453537,0.012003333333333333,0.05496
Organic Strawberries,Organic Gala Apples,0.004185,0.05076727118335658,2.2584980136438015,0.002331998591666667,0.6072897935498395,0.082435,0.022478333333333333
Organic Gala Apples,Organic Strawberries,0.004185,0.18617928375472678,2.2584980136438015,0.002331998591666667,0.5700414409418633,0.022478333333333333,0.082435
Organic Strawberries + Banana,Organic Baby Spinach,0.0029633333333333334,0.17020869232242009,2.257260026820769,0.0016505322833333335,0.566853949762554,0.01741,0.075405
Organic Frozen Peas,Organic Strawberries,0.001175,0.18601583113456466,2.2565152075521886,0.0006542855833333335,0.5603785186356228,0.006316666666666667,0.082435
Fresh Cauliflower,Apple Honeycrisp Organic,0.001305,0.05844155844155844,2.2555599552897894,0.0007264297,0.5693650322819674,0.02233,0.02591
Apple Honeycrisp Organic,Fresh Cauliflower,0.001305,0.050366653801620996,2.2555599552897894,0.0007264297,0.5714575769293506,0.02591,0.02233
Organic Italian Parsley Bunch,Organic Baby Spinach,0.003195,0.1699468085106383,2.253786997024578,0.001777386,0.5669612183222996,0.0188,0.075405
Banana + Organic Avocado,Organic Whole Milk,0.0016866666666666666,0.1023980572700597,2.2525695458124955,0.0009378921527777777,0.5653752132264572,0.016471666666666666,0.04545833333333334
Organic Baby Spinach + Organic Zucchini,Bag of Organic Bananas,0.0016866666666666666,0.26744186046511625,2.252015553920759,0.0009377079555555554,0.55948179854281,0.006306666666666667,0.11875666666666666
Organic Grade A Free Range Large Brown Eggs,Organic Whole Milk,0.0012833333333333334,0.10235278479330054,2.2515736343164185,0.0007133615972222222,0.5629243123230231,0.012538333333333334,0.04545833333333334
Broccoli Crown,Organic Baby Spinach,0.0022916666666666667,0.16977404617854056,2.2514958713419606,0.0012738248416666667,0.5634565645268381,0.013498333333333333,0.075405
Organic Broccoli,Organic Raspberries,0.0011516666666666667,0.09594557067481255,2.25118654797777,0.0006400846000000001,0.5625421933274333,0.012003333333333333,0.04262
Organic Large Grade AA Brown Eggs,Organic Hass Avocado,0.001195,0.14971810398830657,2.2499339376091756,0.0006638732944444446,0.560012337619349,0.007981666666666666,0.06654333333333333
Organic Grape Tomatoes,Organic Yellow Onion,0.00208,0.07973421926910298,2.249731086831027,0.0011554450555555551,0.5703817901889512,0.026086666666666668,0.03544166666666667
Organic Yellow Onion,Organic Grape Tomatoes,0.00208,0.05868798495179872,2.249731086831027,0.0011554450555555551,0.5759137745830704,0.03544166666666667,0.026086666666666668
Organic Zucchini,Organic Gala Apples,0.0016516666666666667,0.05054832950777863,2.2487578931316956,0.000917187125,0.5740677286230716,0.032675,0.022478333333333333
Organic Gala Apples,Organic Zucchini,0.0016516666666666667,0.07347816415807815,2.248757893131695,0.000917187125,0.5680795470078032,0.022478333333333333,0.032675
Organic Reduced Fat Milk,Organic Avocado,0.0013616666666666666,0.12358190893964605,2.2485791291784216,0.0007560990666666666,0.5614610776697591,0.011018333333333333,0.05496
Organic Tomato Cluster,Organic Strawberries,0.0037233333333333333,0.18533266965322714,2.2482279329559915,0.0020672141833333333,0.5665879945289771,0.02009,0.082435
Organic D'Anjou Pears,Organic Baby Spinach,0.0025166666666666666,0.16951055231252807,2.248001489457305,0.0013971537666666667,0.5635269336273467,0.014846666666666666,0.075405
Banana + Organic Avocado,Strawberries,0.00165,0.10017201254679753,2.2465129523838874,0.0009155283833333334,0.5641583145735712,0.016471666666666666,0.04459
Granny Smith Apples,Banana,0.003645,0.33011320754716983,2.246508608984109,0.0020224822916666664,0.5610598622247305,0.011041666666666667,0.146945
Organic Broccoli,Organic Whole Milk,0.001225,0.10205498472646488,2.2450225787673297,0.0006793484722222221,0.5613077453762283,0.012003333333333333,0.04545833333333334
Organic Tomato Cluster,Cucumber Kirby,0.0013366666666666666,0.0665339306454289,2.2447345022074527,0.0007411990666666665,0.5658815783657265,0.02009,0.02964
Asparagus,Organic Cucumber,0.0012083333333333334,0.05716313175116297,2.244331831612209,0.0006699399833333334,0.5664059678046157,0.021138333333333332,0.02547
Organic Bosc Pear,Organic Strawberries,0.0012233333333333334,0.18488664987405545,2.2428173697344023,0.0006778884166666669,0.5578231505546167,0.0066166666666666665,0.082435
Organic Zucchini,Organic Large Extra Fancy Fuji Apple,0.0017183333333333334,0.05258862535067585,2.242585302800676,0.0009521045833333334,0.5728023998907263,0.032675,0.02345
Organic Large Extra Fancy Fuji Apple,Organic Zucchini,0.0017183333333333334,0.07327647476901208,2.2425853028006757,0.0009521045833333334,0.5673914100397284,0.02345,0.032675
Red Peppers,Large Lemon,0.0018833333333333334,0.10736342042755344,2.2407837851861716,0.0010428536111111112,0.5636143155732921,0.017541666666666667,0.047913333333333336
Organic Roasted Turkey Breast,Bag of Organic Bananas,0.00236,0.26601540484689085,2.240003970417584,0.0013064304388888891,0.5585272877896807,0.008871666666666667,0.11875666666666666
Organic Tomato Cluster,Carrots,0.0010233333333333333,0.0509374481499917,2.2396650219840994,0.0005664197666666666,0.564852545622002,0.02009,0.022743333333333334
Asparagus,Organic Baby Spinach,0.0035683333333333335,0.1688086414886068,2.2386929446138426,0.001974397308333334,0.5652594244791472,0.021138333333333332,0.075405
Banana,Cucumber Kirby,0.00975,0.06635135594950492,2.238574762129046,0.005394550200000001,0.6485949909443119,0.146945,0.02964
Cucumber Kirby,Banana,0.00975,0.32894736842105265,2.238574762129046,0.005394550200000001,0.5701875592563584,0.02964,0.146945
Organic Baby Spinach + Organic Yellow Onion,Organic Strawberries,0.0011283333333333334,0.18441841460092617,2.237137315471901,0.0006239685250000001,0.5564044376849631,0.006118333333333333,0.082435
Original Hummus,Apple Honeycrisp Organic,0.0012866666666666666,0.057936210131332086,2.2360559680174483,0.00071124875,0.5653392449898226,0.022208333333333333,0.02591
Bag of Organic Bananas + Organic Strawberries,Seedless Red Grapes,0.0011333333333333334,0.05803533327643594,2.235137041264623,0.0006262801583333334,0.5636064340182012,0.019528333333333335,0.025965
Organic Baby Spinach + Banana,Organic Strawberries,0.0029633333333333334,0.1842296135115532,2.2348470129381113,0.0016373663583333336,0.5615750122497652,0.016085,0.082435
Asparagus,Yellow Onions,0.0010966666666666666,0.051880469920365845,2.234140669792543,0.000605799336111111,0.5643295975791577,0.021138333333333332,0.023221666666666668
Green Bell Pepper,Organic Baby Spinach,0.002975,0.16842800528401589,2.2336450538295325,0.0016430963500000003,0.5622321886769781,0.017663333333333333,0.075405
Fresh Cauliflower,Limes,0.002195,0.09829825347066726,2.232951655715002,0.0012119961833333332,0.564773666279331,0.02233,0.04402166666666667
Organic Baby Spinach + Organic Whole Milk,Bag of Organic Bananas,0.0014933333333333333,0.265167209233501,2.2328616714865217,0.0008245353722222222,0.5552713254849274,0.005631666666666667,0.11875666666666666
Yellow Onions + Large Lemon,Banana,0.0011333333333333334,0.3280270139893874,2.23231150423211,0.0006256383583333335,0.5539477350127043,0.003455,0.146945
Banana + Seedless Red Grapes,Organic Strawberries,0.0014183333333333333,0.184,2.2320616243100626,0.000782896875,0.5562716227441602,0.0077083333333333335,0.082435
Organic Strawberries + Banana,Limes,0.00171,0.09821941412981047,2.2311607344067803,0.0009435827833333333,0.5615799033889569,0.01741,0.04402166666666667
Large Lemon,Organic Zucchini,0.003491666666666667,0.0728746347572005,2.2302872152165416,0.0019260985,0.5793876489219416,0.047913333333333336,0.032675
Organic Zucchini,Large Lemon,0.003491666666666667,0.1068604947717419,2.2302872152165416,0.0019260985,0.5702605177886733,0.032675,0.047913333333333336
Banana + Organic Fuji Apple,Organic Avocado,0.0012716666666666666,0.12243260590500642,2.227667501910597,0.0007008154666666665,0.5568841437608765,0.010386666666666667,0.05496
Chicken & Maple Breakfast Sausage,Organic Strawberries,0.0010466666666666667,0.18362573099415205,2.2275214531952696,0.0005767871666666666,0.554229650408603,0.0057,0.082435
Organic Lacinato (Dinosaur) Kale,Organic Raspberries,0.001275,0.09491315136476426,2.2269627255927795,0.0007024713333333335,0.5584598863027321,0.013433333333333334,0.04262
Organic Grape Tomatoes,Organic Blueberries,0.001805,0.06919243547150523,2.2262688375645183,0.0009942263999999999,0.5655718340494063,0.026086666666666668,0.03108
Organic Blueberries,Organic Grape Tomatoes,0.001805,0.058075933075933076,2.2262688375645183,0.0009942263999999999,0.5684865108971887,0.03108,0.026086666666666668
Boneless Skinless Chicken Breasts,Organic Baby Spinach,0.002598333333333333,0.1678509905254091,2.2259928456390043,0.0014310639333333331,0.5594221121537409,0.01548,0.075405
Grape White/Green Seedless,Organic Avocado,0.0014566666666666667,0.12230618527847748,2.2253672721702595,0.0008020930666666666,0.557273095102719,0.01191,0.05496
Organic Large Brown Grade AA Cage Free Eggs,Organic Strawberries,0.001805,0.1834349593495935,2.225207246310348,0.0009938396,0.5560754388277604,0.00984,0.082435
Broccoli Crown,Banana,0.004413333333333333,0.326953944931473,2.225008982486461,0.002429820741666667,0.5580969913821272,0.013498333333333333,0.146945
Limes,Organic Zucchini,0.003195,0.07257789724756748,2.2212057306065027,0.0017565920416666664,0.5751114299131758,0.04402166666666667,0.032675
Organic Zucchini,Limes,0.003195,0.09778117827084927,2.2212057306065027,0.0017565920416666664,0.5683654058866957,0.032675,0.04402166666666667
Organic Celery Hearts,Organic Hass Avocado,0.0010966666666666666,0.14766606822262118,2.219096351589759,0.000602471511111111,0.5534766058133787,0.0074266666666666665,0.06654333333333333
Organic Basil,Organic Hass Avocado,0.0012666666666666666,0.147658830386633,2.2189875828277263,0.0006958357722222222,0.5540972617118055,0.008578333333333334,0.06654333333333333
"Clementines, Bag",Strawberries,0.001215,0.09890109890109888,2.2180107401008944,0.0006672118499999999,0.5559757172418719,0.012285,0.04459
Banana + Organic Fuji Apple,Large Lemon,0.0011016666666666666,0.10606546854942234,2.2136942093242453,0.0006040068444444443,0.5540208545517892,0.010386666666666667,0.047913333333333336
Organic Bell Pepper,Organic Baby Spinach,0.0012166666666666667,0.16681901279707495,2.212307045913069,0.0006667128666666667,0.552009164925045,0.007293333333333333,0.075405
Organic Creamy Peanut Butter,Organic Strawberries,0.0010166666666666666,0.18236173393124067,2.212188195926981,0.0005570915416666666,0.5510308906580415,0.005575,0.082435
Limes + Organic Avocado,Banana,0.00226,0.32502396931927136,2.2118749826075836,0.0012382424333333333,0.551731253320656,0.006953333333333333,0.146945
Organic Baby Spinach + Original Hummus,Banana,0.0011116666666666666,0.32489040428641014,2.210966036860119,0.0006088698583333333,0.549589530166725,0.0034216666666666666,0.146945
Organic Milk,Organic Hass Avocado,0.00129,0.14695272451110686,2.208376363939892,0.0007058604388888888,0.5520244897770141,0.008778333333333334,0.06654333333333333
Organic Grape Tomatoes,Organic Lemon,0.0015616666666666667,0.05986455405060056,2.2064458769187505,0.0008538919222222223,0.5614282388517496,0.026086666666666668,0.027131666666666665
Organic Lemon,Organic Grape Tomatoes,0.0015616666666666667,0.05755881810922048,2.2064458769187505,0.0008538919222222223,0.5620312932317703,0.027131666666666665,0.026086666666666668
Banana + Organic Whole Milk,Large Lemon,0.0010683333333333332,0.10570580474934037,2.2061876599973638,0.0005840892444444444,0.5523114294901259,0.010106666666666667,0.047913333333333336
Seedless Red Grapes,Cucumber Kirby,0.0016966666666666666,0.06534437383657488,2.204601006632081,0.0009270640666666667,0.5609687359398773,0.025965,0.02964
Cucumber Kirby,Seedless Red Grapes,0.0016966666666666666,0.05724246513720198,2.204601006632081,0.0009270640666666667,0.5630932671495099,0.02964,0.025965
Organic Leek,Organic Baby Spinach,0.0010116666666666666,0.1661647960580345,2.203631006671103,0.0005525758916666665,0.549549356966519,0.006088333333333334,0.075405
Boneless Skinless Chicken Breasts,Organic Garlic,0.0011583333333333333,0.07482773471145564,2.2031917178758165,0.0006325809333333332,0.5546997887003038,0.01548,0.03396333333333333
Blueberries,Seedless Red Grapes,0.0010033333333333333,0.057202584568605094,2.20306507100347,0.0005479072333333334,0.5558363124418243,0.01754,0.025965
Organic Roma Tomato,Organic Hass Avocado,0.0013183333333333332,0.14637305699481865,2.1996652356081547,0.0007189997111111111,0.5503421167295746,0.009006666666666666,0.06654333333333333
Organic Granny Smith Apple,Organic Baby Spinach,0.0030283333333333334,0.16583006297344163,2.1991918702134026,0.0016513123583333335,0.5554306036756274,0.018261666666666666,0.075405
Organic Baby Spinach + Organic Baby Carrots,Bag of Organic Bananas,0.0010116666666666666,0.2610752688172043,2.198405160276231,0.0005514845833333333,0.547245369877468,0.003875,0.11875666666666666
Boneless Skinless Chicken Breasts,Organic Zucchini,0.0011116666666666666,0.07181309216192937,2.197799301053691,0.0006058576666666665,0.5535686428918153,0.01548,0.032675
Unsweetened Almondmilk,Organic Hass Avocado,0.002278333333333333,0.1462344886606761,2.1975828581978076,0.0012415882,0.5535793530060078,0.01558,0.06654333333333333
Organic Gala Apples,Bag of Organic Bananas,0.005865,0.26091792096092536,2.1970802000807703,0.0031955480611111117,0.5573794401517091,0.022478333333333333,0.11875666666666666
Organic Baby Spinach + Organic Zucchini,Organic Strawberries,0.0011416666666666667,0.18102536997885835,2.1959770725888075,0.0006217766000000001,0.5480783871107704,0.006306666666666667,0.082435
Asparagus,Limes,0.0020416666666666665,0.09658598123472363,2.1940555310201106,0.0011111220027777776,0.5559754154251016,0.021138333333333332,0.04402166666666667
Red Vine Tomato,Organic Garlic,0.0012616666666666666,0.07451520818978245,2.1939898377598133,0.0006866108277777777,0.5535824482104067,0.016931666666666668,0.03396333333333333
Organic Yellow Peaches,Organic Baby Spinach,0.0010866666666666668,0.1653144016227181,2.1923533137420343,0.0005910044666666668,0.5474678296377802,0.006573333333333333,0.075405
Organic Grape Tomatoes + Organic Avocado,Banana,0.0012283333333333332,0.3218340611353711,2.1901668048274603,0.00066749325,0.5454957474850815,0.0038166666666666666,0.146945
Organic Strawberries + Organic Blueberries,Organic Baby Spinach,0.0012066666666666667,0.1649954421148587,2.188123362043083,0.0006552047666666666,0.5469876789157448,0.007313333333333333,0.075405
Organic Strawberries + Seedless Red Grapes,Banana,0.0014183333333333333,0.32137462235649544,2.1870402011398515,0.0007698160666666666,0.5451670379383237,0.004413333333333333,0.146945
Organic AppleApple,Bag of Organic Bananas,0.00133,0.25968109339407747,2.186665394734983,0.000721767938888889,0.5454764091609662,0.005121666666666667,0.11875666666666666
Banana + Organic Raspberries,Organic Hass Avocado,0.0010333333333333334,0.14540337711069418,2.1850930788562968,0.0005604320444444445,0.546235505053765,0.0071066666666666665,0.06654333333333333
Organic Baby Carrots,Organic Baby Spinach,0.003875,0.1646600566572238,2.183675573996735,0.0021004689999999998,0.5551203483263113,0.023533333333333333,0.075405
Organic Baby Spinach,Organic Baby Carrots,0.003875,0.05138916517472316,2.183675573996735,0.0021004689999999998,0.5862637329090382,0.075405,0.023533333333333333
Original Hummus,Organic Cucumber,0.001235,0.055609756097560976,2.1833433882042,0.00066935375,0.5542968513455625,0.022208333333333333,0.02547
Organic Baby Spinach,Organic Hass Avocado,0.010948333333333332,0.145193731626992,2.1819425681559688,0.005930633283333333,0.5858703485806848,0.075405,0.06654333333333333
Organic Hass Avocado,Organic Baby Spinach,0.010948333333333332,0.16452937935180081,2.1819425681559688,0.005930633283333333,0.5803084538249855,0.06654333333333333,0.075405
Organic Carrot Bunch,Bag of Organic Bananas,0.00294,0.2587648525744462,2.178950115708139,0.0015907263388888887,0.547281409522308,0.011361666666666667,0.11875666666666666
Organic Red Onion,Apple Honeycrisp Organic,0.0011933333333333334,0.05644906969410281,2.1786595790854038,0.0006455959333333334,0.5526859599646015,0.02114,0.02591
Organic Granny Smith Apple,Organic Zucchini,0.0013,0.07118736880532993,2.178649389604588,0.0007033000416666666,0.5510633675822804,0.018261666666666666,0.032675
Organic Zucchini,Organic Raspberries,0.0030316666666666665,0.09278245345575108,2.176969813602794,0.0016390581666666665,0.5589082307839098,0.032675,0.04262
Organic Raspberries,Organic Zucchini,0.0030316666666666665,0.07113248865947129,2.1769698136027937,0.0016390581666666665,0.5647140156918314,0.04262,0.032675
Organic Italian Parsley Bunch,Organic Hass Avocado,0.0027216666666666665,0.1447695035460993,2.175567352794159,0.0014706519999999998,0.550703002110217,0.0188,0.06654333333333333
Organic Gala Apples,Organic Yellow Onion,0.0017316666666666667,0.07703714688218284,2.173632171611084,0.0009349970694444445,0.5523566159657225,0.022478333333333333,0.03544166666666667
Organic Grade A Free Range Large Brown Eggs,Organic Raspberries,0.00116,0.09251628339758075,2.1707246221863152,0.0006256162333333334,0.5461724310788029,0.012538333333333334,0.04262
Honeycrisp Apple,Yellow Onions,0.0012733333333333333,0.05040242776091833,2.1704913985897507,0.0006866766277777778,0.5532518238111511,0.025263333333333332,0.023221666666666668
Yellow Onions,Honeycrisp Apple,0.0012733333333333333,0.05483384769970573,2.1704913985897507,0.0006866766277777778,0.5520954142467691,0.023221666666666668,0.025263333333333332
Organic Baby Spinach + Large Lemon,Banana,0.002325,0.3187842778793418,2.169412214633651,0.0012532811333333333,0.5430059723035201,0.007293333333333333,0.146945
Organic Baby Spinach + Banana,Organic Whole Milk,0.0015833333333333333,0.09843539529582426,2.1653982466542456,0.0008521360416666666,0.546989510486705,0.016085,0.04545833333333334
Organic Lacinato (Dinosaur) Kale,Organic Avocado,0.0015983333333333333,0.11898263027295285,2.1648950195224317,0.0008600373333333333,0.5454105186308267,0.013433333333333334,0.05496
Organic Lemon,Bag of Organic Bananas,0.00697,0.25689538669451445,2.1632081289009553,0.0037479337055555556,0.5527198411288073,0.027131666666666665,0.11875666666666666
Bag of Organic Bananas,Organic Lemon,0.00697,0.058691441883964406,2.163208128900955,0.0037479337055555556,0.6101874593539215,0.11875666666666666,0.027131666666666665
Organic Strawberries + Seedless Red Grapes,Bag of Organic Bananas,0.0011333333333333334,0.256797583081571,2.1623845657639236,0.0006092205777777778,0.5399304617318944,0.004413333333333333,0.11875666666666666
Organic Peeled Whole Baby Carrots,Organic Avocado,0.0020883333333333335,0.11883535660091049,2.1622153675565956,0.0011225029333333334,0.5471262119849686,0.017573333333333333,0.05496
Organic Baby Arugula,Organic Cucumber,0.0012316666666666667,0.055071167747224085,2.16219739879168,0.0006620301166666668,0.549803901468799,0.022365,0.02547
Organic Granny Smith Apple,Large Lemon,0.0018916666666666667,0.10358674819749931,2.1619607944378596,0.0010166893444444446,0.5474543510473171,0.018261666666666666,0.047913333333333336
Organic Kiwi,Organic Baby Spinach,0.0025366666666666667,0.16298993360462627,2.1615268696323358,0.0013631135166666667,0.545859459742204,0.015563333333333334,0.075405
Organic Blueberries,Strawberries,0.002995,0.09636422136422136,2.161117321467176,0.0016091427999999999,0.5545105829067243,0.03108,0.04459
Strawberries,Organic Blueberries,0.002995,0.06716752635119982,2.161117321467176,0.0016091427999999999,0.5623516542531304,0.04459,0.03108
Fresh Cauliflower,Organic Raspberries,0.0020566666666666667,0.09210329899985073,2.1610347020143297,0.0011049620666666667,0.549529701641214,0.02233,0.04262
Organic Coconut Milk,Organic Hass Avocado,0.0012233333333333334,0.14361181764820977,2.158169878999295,0.0006564950388888891,0.5412550367798563,0.008518333333333333,0.06654333333333333
Original Hummus,Organic Hass Avocado,0.003185,0.14341463414634145,2.1552066444874236,0.0017071834722222222,0.5481815686175608,0.022208333333333333,0.06654333333333333
Berry Medley,Banana,0.001365,0.3165829145728643,2.154431348959572,0.0007314221416666666,0.5381607666643312,0.004311666666666667,0.146945
Bag of Organic Bananas + Apple Honeycrisp Organic,Organic Baby Spinach,0.0011833333333333333,0.16235993597072948,2.1531720173825275,0.0006337565583333333,0.5395009855515729,0.007288333333333333,0.075405
Organic Bartlett Pear,Organic Baby Spinach,0.0018966666666666667,0.16229321163719337,2.1522871379509763,0.0010154335666666668,0.5417087484843225,0.011686666666666666,0.075405
Bag of Organic Bananas + Organic Whole Milk,Organic Baby Spinach,0.0014933333333333333,0.16220130340333092,2.1510682766836537,0.0007991046333333333,0.5400871118310195,0.009206666666666667,0.075405
Organic Broccoli,Bag of Organic Bananas,0.003065,0.2553457372951958,2.1501591823212376,0.0016395241444444445,0.541416963074375,0.012003333333333333,0.11875666666666666
Organic Peeled Whole Baby Carrots,Organic Strawberries,0.0031133333333333334,0.17716236722306525,2.149115875818102,0.0016646756000000002,0.544256782735602,0.017573333333333333,0.082435
Organic Yams,Organic Baby Spinach,0.00101,0.16203208556149734,2.148824157038623,0.0005399755,0.5379826329998243,0.006233333333333333,0.075405
Bag of Organic Bananas + Organic Raspberries,Organic Whole Milk,0.0012433333333333333,0.09756735547998954,2.146302961979605,0.0006640426388888887,0.540976393898073,0.012743333333333334,0.04545833333333334
Limes,Organic Cucumber,0.002405,0.054632188694960816,2.1449622573600635,0.00128376815,0.5583717872559844,0.04402166666666667,0.02547
Organic Cucumber,Limes,0.002405,0.09442481350608559,2.144962257360063,0.00128376815,0.5477423276464866,0.02547,0.04402166666666667
Red Vine Tomato,Organic Zucchini,0.0011866666666666666,0.07008563835023132,2.1449315485916243,0.0006334244583333331,0.5429781814748819,0.016931666666666668,0.032675
Organic Sticks Low Moisture Part Skim Mozzarella String Cheese,Organic Hass Avocado,0.00152,0.1426337191116672,2.143471208410568,0.0008108698777777779,0.5392132406213561,0.010656666666666667,0.06654333333333333
Organic Peeled Whole Baby Carrots,Organic Baby Spinach,0.00284,0.16160849772382396,2.143206653720893,0.0015148828,0.5429508936575944,0.017573333333333333,0.075405
Fresh Cauliflower,Organic Baby Carrots,0.001125,0.05038065382892969,2.14082098423214,0.0005995006666666666,0.5450606866135623,0.02233,0.023533333333333333
Limes,Organic Hass Avocado,0.00627,0.1424298640820808,2.1404077155048964,0.0033406515611111116,0.5573340665425536,0.04402166666666667,0.06654333333333333
Organic Hass Avocado,Limes,0.00627,0.09422431498271804,2.140407715504896,0.0033406515611111116,0.570780959705224,0.06654333333333333,0.04402166666666667
Organic Grape Tomatoes,Limes,0.0024566666666666665,0.09417326859187324,2.139248141260892,0.001308288122222222,0.5468105105562503,0.026086666666666668,0.04402166666666667
Limes,Organic Grape Tomatoes,0.0024566666666666665,0.055805853178359136,2.1392481412608917,0.001308288122222222,0.5570691599051647,0.04402166666666667,0.026086666666666668
Organic Baby Spinach + Organic Garlic,Organic Strawberries,0.0011433333333333334,0.17625899280575544,2.138157248811251,0.0006086049666666669,0.5357829967258365,0.006486666666666667,0.082435
Organic Zucchini,Organic Baby Carrots,0.0016433333333333332,0.05029329252741647,2.1371087476239294,0.0008743816666666666,0.5500510100599985,0.032675,0.023533333333333333
Organic Baby Carrots,Organic Zucchini,0.0016433333333333332,0.06983002832861189,2.137108747623929,0.0008743816666666666,0.5449014405403373,0.023533333333333333,0.032675
Organic Baby Spinach + Organic Hass Avocado,Large Lemon,0.0011183333333333334,0.10214644542548335,2.1319002106334355,0.000593762188888889,0.536812090902805,0.010948333333333332,0.047913333333333336
Organic Kiwi,Organic Garlic,0.0011266666666666667,0.07239237524095095,2.1314861686412097,0.0005980839888888889,0.5392360881048541,0.015563333333333334,0.03396333333333333
Bartlett Pears,Organic Avocado,0.0012866666666666666,0.11707612981498332,2.1302061465608317,0.0006826562666666666,0.5364575335790074,0.01099,0.05496
Organic Garlic + Organic Avocado,Banana,0.0013433333333333333,0.31276678308110206,2.1284615541944407,0.0007122045583333334,0.532464023551875,0.004295,0.146945
Organic Baby Spinach,Cucumber Kirby,0.004756666666666667,0.06308158168114404,2.128258491266668,0.0025216624666666667,0.5733670022981292,0.075405,0.02964
Cucumber Kirby,Organic Baby Spinach,0.004756666666666667,0.1604813315339631,2.128258491266668,0.0025216624666666667,0.5463253467680436,0.02964,0.075405
Bag of Organic Bananas + Organic Strawberries,Organic Garlic,0.00141,0.07220278228215413,2.125903885037417,0.0007467527055555555,0.5401602778714409,0.019528333333333335,0.03396333333333333
Organic Sour Cream,Organic Hass Avocado,0.0011616666666666668,0.14143668831168832,2.1254824672397183,0.0006151240888888891,0.533903713576885,0.008213333333333333,0.06654333333333333
Banana + Organic Garlic,Organic Strawberries,0.0010583333333333334,0.17493112947658404,2.122049244575533,0.0005596015833333335,0.5319758555005818,0.00605,0.082435
Organic Russet Potato,Bag of Organic Bananas,0.00252,0.2518740629685157,2.120925671276131,0.0013318395500000002,0.533848916344535,0.010005,0.11875666666666666
Carrots,Large Lemon,0.00231,0.10156822512091455,2.119832164760983,0.0012202910888888887,0.5405586461194506,0.022743333333333334,0.047913333333333336
Organic Unsweetened Almond Milk,Organic Yellow Onion,0.0013666666666666666,0.07511909124221326,2.119513507892215,0.0007218646111111111,0.537981290837482,0.018193333333333332,0.03544166666666667
Apple Honeycrisp Organic,Organic Garlic,0.001865,0.07197993052875337,2.1193423455320457,0.0009850100333333332,0.5422040200101153,0.02591,0.03396333333333333
Organic Garlic,Apple Honeycrisp Organic,0.001865,0.0549121601727353,2.1193423455320457,0.0009850100333333332,0.5467240862337729,0.03396333333333333,0.02591
Organic Fat Free Milk,Organic Strawberries,0.0014366666666666666,0.17470612079448727,2.1193197160731154,0.0007587761833333334,0.5325296444139485,0.008223333333333332,0.082435
Grated Parmesan,Organic Baby Spinach,0.002288333333333333,0.15978121726987082,2.118973771896702,0.0012084080583333332,0.535746220152211,0.014321666666666667,0.075405
Large Alfresco Eggs,Organic Baby Spinach,0.0020166666666666666,0.15965166908563136,2.1172557401449685,0.0010641758416666666,0.5344413854336696,0.012631666666666666,0.075405
Organic Unsweetened Almond Milk,Organic Zucchini,0.0012583333333333333,0.06916452913155002,2.1167415189456777,0.0006638661666666666,0.5373519853766905,0.018193333333333332,0.032675
Strawberries + Organic Baby Spinach,Banana,0.0013416666666666666,0.3109308613364233,2.1159676160224796,0.0007075989916666666,0.5296885813839513,0.004315,0.146945
Uncured Genoa Salami,Organic Strawberries,0.0022733333333333334,0.17440225035161744,2.115633533712834,0.0011987931083333335,0.5342928541277489,0.013035,0.082435
Shredded Parmesan,Organic Whole Milk,0.001105,0.09617058311575283,2.1155765305023535,0.00058268375,0.5334448926765823,0.01149,0.04545833333333334
Organic Tomato Cluster,Organic Raspberries,0.00181,0.09009457441513191,2.11390366999371,0.0009537642,0.5377448408132646,0.02009,0.04262
Organic Baby Spinach + Organic Avocado,Organic Strawberries,0.0016783333333333333,0.17422145328719724,2.1134403261623977,0.0008842095,0.5319624063349493,0.009633333333333334,0.082435
Bag of Organic Bananas + Organic Hass Avocado,Organic Whole Milk,0.00186,0.096,2.1118240146654443,0.0009792447916666667,0.5368776998796119,0.019375,0.04545833333333334
Carrots,Organic Grape Tomatoes,0.0012516666666666668,0.05503444232742196,2.1096770634074353,0.0006583689111111111,0.5382350632728345,0.022743333333333334,0.026086666666666668
Banana + Organic Raspberries,Organic Baby Spinach,0.00113,0.15900562851782363,2.1086881309969314,0.0005941217999999999,0.5295347312481825,0.0071066666666666665,0.075405
Organic Yams,Organic Strawberries,0.0010833333333333333,0.1737967914438503,2.108288851141509,0.0005694885,0.5289789947080391,0.006233333333333333,0.082435
Organic Unsalted Butter,Organic Strawberries,0.0011716666666666666,0.1736660079051383,2.1067023461531913,0.0006155052,0.5288927581630775,0.0067466666666666664,0.082435
Ground Turkey Breast,Organic Hass Avocado,0.0011633333333333333,0.14016064257028113,2.106306305218872,0.0006110236666666667,0.5296311823666519,0.0083,0.06654333333333333
Small Hass Avocado,Large Lemon,0.00157,0.10091055168719872,2.106105851270322,0.0008245483888888888,0.5334902761637746,0.015558333333333334,0.047913333333333336
Organic Lemon,Organic Baby Spinach,0.004306666666666667,0.1587321088518951,2.105060789760561,0.002260803341666667,0.5395944325802666,0.027131666666666665,0.075405
Organic Baby Spinach,Organic Lemon,0.004306666666666667,0.05711380766085361,2.105060789760561,0.002260803341666667,0.567766791189991,0.075405,0.027131666666666665
Organic Small Bunch Celery,Large Lemon,0.002125,0.1008463181206992,2.1047652314046026,0.0011153862111111113,0.536185960591092,0.021071666666666666,0.047913333333333336
Organic Salted Butter,Bag of Organic Bananas,0.0011816666666666666,0.24982381959126146,2.103661433109115,0.0006199476333333333,0.5271316684759534,0.00473,0.11875666666666666
Organic Kiwi,Organic Yellow Onion,0.00116,0.07453416149068323,2.103009494211612,0.0006084095277777777,0.5327828493001637,0.015563333333333334,0.03544166666666667
Organic Small Bunch Celery,Organic Raspberries,0.0018883333333333332,0.08961480661235466,2.102646799914469,0.0009902589,0.535696977842524,0.021071666666666666,0.04262
Asparagus,Organic Lemon,0.001205,0.05700544035322873,2.1010666633047017,0.0006314817861111111,0.535368063360337,0.021138333333333332,0.027131666666666665
Shredded Parmesan,Large Lemon,0.0011566666666666667,0.1006672468813461,2.101027832503397,0.0006061424666666667,0.5301337147688614,0.01149,0.047913333333333336
Organic Creamy Peanut Butter,Bag of Organic Bananas,0.0013883333333333334,0.24902840059790735,2.0969635439237715,0.0007262649166666667,0.5260527319759641,0.005575,0.11875666666666666
Honeycrisp Apple,Strawberries,0.002361666666666667,0.09348198970840482,2.096478800367904,0.0012351746333333336,0.5365651489844869,0.025263333333333332,0.04459
Strawberries,Honeycrisp Apple,0.002361666666666667,0.05296404275996114,2.096478800367904,0.0012351746333333336,0.5474191444203456,0.04459,0.025263333333333332
Granny Smith Apples,Strawberries,0.0010316666666666666,0.09343396226415095,2.0954017103420264,0.0005393187499999999,0.5286011775824404,0.011041666666666667,0.04459
Lightly Salted Baked Snap Pea Crisps,Organic Hass Avocado,0.0010783333333333333,0.13937957776820337,2.094568618467215,0.0005635097444444444,0.5266492339421477,0.007736666666666667,0.06654333333333333
Organic Half & Half,Organic Whole Milk,0.0022383333333333335,0.09513352695331871,2.0927631960400084,0.0011687745138888892,0.5347444973654515,0.02352833333333333,0.04545833333333334
Organic Unsweetened Vanilla Almond Milk,Bag of Organic Bananas,0.0012333333333333332,0.2483221476510067,2.091016484556713,0.0006435085555555554,0.5243680550336943,0.004966666666666667,0.11875666666666666
Bag of Organic Bananas + Organic Hass Avocado,Limes,0.0017833333333333334,0.09204301075268817,2.0908570193318785,0.0009304135416666668,0.5320354056098593,0.019375,0.04402166666666667
Organic Kiwi,Organic Avocado,0.0017883333333333334,0.11490683229813664,2.090735667724466,0.0009329725333333333,0.5299472044514049,0.015563333333333334,0.05496
Organic Strawberries + Organic Baby Spinach,Large Lemon,0.0012033333333333334,0.10009704699847498,2.0891271809894594,0.0006273352111111111,0.5276747300828234,0.012021666666666667,0.047913333333333336
Organic Sticks Low Moisture Part Skim Mozzarella String Cheese,Organic Whole Milk,0.0010116666666666666,0.09493274945261182,2.0883464590858694,0.0005272323611111109,0.5267658192573786,0.010656666666666667,0.04545833333333334
Organic Strawberries + Organic Raspberries,Organic Baby Spinach,0.00166,0.15742057847321006,2.087667641047809,0.000864854275,0.5265490105207606,0.010545,0.075405
Feta Cheese Crumbles,Organic Hass Avocado,0.0013816666666666667,0.13890750670241286,2.0874744282284157,0.0007197823111111112,0.5261860123906198,0.009946666666666666,0.06654333333333333
Organic Reduced Fat Milk,Banana,0.0033783333333333334,0.3066101951293299,2.0865643276690595,0.0017592443416666668,0.5265449157738802,0.011018333333333333,0.146945
Mango Chunks,Banana,0.0017466666666666668,0.3065223749634396,2.0859666879678764,0.0009093250750000002,0.52358954673662,0.005698333333333333,0.146945
Bag of Organic Bananas + Organic Raspberries,Organic Baby Spinach,0.0020033333333333335,0.15720638242218157,2.0848270329843057,0.0010424222833333335,0.5270604083000532,0.012743333333333334,0.075405
Organic Lemon,Organic Strawberries,0.00466,0.17175502180723634,2.0835206139047293,0.0024234010583333338,0.5345462769697438,0.027131666666666665,0.082435
Organic Strawberries,Organic Lemon,0.00466,0.0565293867895918,2.083520613904729,0.0024234010583333338,0.5667643660831583,0.082435,0.027131666666666665
Organic Whole Milk,Organic Strawberries,0.007806666666666667,0.17173235563703024,2.0832456558140384,0.004059308958333334,0.544742902701324,0.04545833333333334,0.082435
Organic Strawberries,Organic Whole Milk,0.007806666666666667,0.09470087543721316,2.083245655814038,0.004059308958333334,0.5666953275782747,0.082435,0.04545833333333334
Red Peppers,Organic Avocado,0.0020083333333333333,0.11448931116389549,2.0831388494158567,0.0010442433333333334,0.529238919433725,0.017541666666666667,0.05496
Organic Green Seedless Grapes,Bag of Organic Bananas,0.0016366666666666667,0.2472928733316545,2.0823493979144008,0.0008506954611111112,0.5232361453837733,0.006618333333333334,0.11875666666666666
"Organic Red Radish, Bunch",Organic Strawberries,0.0014416666666666666,0.17145688800792863,2.0799040214463353,0.0007485257083333333,0.5236112820112737,0.008408333333333334,0.082435
Bag of Organic Bananas + Organic Baby Spinach,Organic Whole Milk,0.0014933333333333333,0.09452473889650807,2.07937097480861,0.0007751674305555554,0.5274176528468686,0.015798333333333334,0.04545833333333334
"Organic Red Radish, Bunch",Organic Baby Spinach,0.0013183333333333332,0.15678889990089198,2.079290496663245,0.0006843029583333332,0.5234682145801994,0.008408333333333334,0.075405
Banana + Organic Whole Milk,Organic Baby Spinach,0.0015833333333333333,0.1566622691292876,2.077611154821134,0.0008212401333333333,0.5239736055204957,0.010106666666666667,0.075405
Shredded Parmesan,Organic Strawberries,0.001965,0.17101827676240208,2.0745833294401903,0.0010178218500000002,0.5239962126667471,0.01149,0.082435
Organic Yellow Onion + Organic Garlic,Bag of Organic Bananas,0.00167,0.24619164619164619,2.0730764267969195,0.0008644339444444446,0.5211603206085941,0.006783333333333333,0.11875666666666666
Organic Baby Spinach + Organic Grape Tomatoes,Bag of Organic Bananas,0.001225,0.24614869390488947,2.0727147436345144,0.0006339876555555555,0.5201294542278648,0.0049766666666666666,0.11875666666666666
Shredded Parmesan,Organic Avocado,0.0013083333333333334,0.11386713083841023,2.071818246695965,0.0006768429333333335,0.5233454171874327,0.01149,0.05496
Banana + Limes,Organic Strawberries,0.00171,0.17077230359520637,2.0715994855972144,0.0008845508666666666,0.5225133085061732,0.010013333333333334,0.082435
Organic Garnet Sweet Potato (Yam),Bag of Organic Bananas,0.004033333333333333,0.2460099623869066,2.0715465438030702,0.0020863177833333334,0.5258908524263566,0.016395,0.11875666666666666
Original Hummus,Organic Avocado,0.0025283333333333334,0.11384615384615385,2.071436569253163,0.0013077633333333334,0.5289912574184105,0.022208333333333333,0.05496
Ground Turkey Breast,Organic Strawberries,0.0014166666666666668,0.1706827309236948,2.0705129001479325,0.0007324561666666668,0.5213551299313717,0.0083,0.082435
Green Bell Pepper,Organic Hass Avocado,0.0024333333333333334,0.13776184185695414,2.070257604422494,0.0012579562555555556,0.5262638988679169,0.017663333333333333,0.06654333333333333
Organic Blackberries,Seedless Red Grapes,0.0010333333333333334,0.05373082589479158,2.069355898124074,0.0005339831083333333,0.5268908356960208,0.019231666666666668,0.025965
Extra Virgin Olive Oil,Organic Yellow Onion,0.001155,0.07333333333333333,2.0691276745826475,0.0005967937499999999,0.5249728681275543,0.01575,0.03544166666666667
Organic Baby Spinach + Fresh Cauliflower,Bag of Organic Bananas,0.001005,0.24572127139364303,2.0691155982286724,0.0005192852333333334,0.5188237136988126,0.00409,0.11875666666666666
Organic Mexican Blend Finely Shredded Cheese,Bag of Organic Bananas,0.0013866666666666667,0.24571766095688127,2.069085196257456,0.0007164832111111111,0.5196270520612347,0.0056433333333333335,0.11875666666666666
Green Bell Pepper,Organic Avocado,0.0020083333333333333,0.11370069824495188,2.0687899971788917,0.0010375565333333335,0.5259150729902892,0.017663333333333333,0.05496
Organic Granny Smith Apple,Bag of Organic Bananas,0.004485,0.24559642237838825,2.0680642971206242,0.0023163053388888894,0.5260628238203731,0.018261666666666666,0.11875666666666666
Organic Whole String Cheese,Bag of Organic Bananas,0.0045516666666666665,0.2455493616256069,2.067668018291803,0.0023503139222222223,0.5261157994915363,0.018536666666666667,0.11875666666666666
No Salt Added Black Beans,Banana,0.002665,0.3038191145734372,2.067570278494928,0.0013760474416666666,0.5209097501312174,0.008771666666666667,0.146945
Red Vine Tomato,Organic Yellow Onion,0.00124,0.0732355546805788,2.0663688129954045,0.0006399135138888888,0.5249475218517518,0.016931666666666668,0.03544166666666667
Organic Bunch Beets,Bag of Organic Bananas,0.0010883333333333333,0.24521216672925272,2.0648286417261015,0.0005612516611111111,0.5179973552909963,0.004438333333333333,0.11875666666666666
Organic Romaine Lettuce,Organic Strawberries,0.0018816666666666667,0.17015825169555387,2.0641505634203177,0.0009700729583333335,0.5213039691796388,0.011058333333333333,0.082435
Shredded Parmesan,Organic Hass Avocado,0.0015766666666666668,0.13722077168552366,2.062126509325106,0.0008120837666666668,0.5210505708476227,0.01149,0.06654333333333333
Organic Strawberries,Seedless Red Grapes,0.004413333333333333,0.0535371302642486,2.0618960240419257,0.0022729085583333337,0.561278483888865,0.082435,0.025965
Seedless Red Grapes,Organic Strawberries,0.004413333333333333,0.16997239874189615,2.0618960240419257,0.0022729085583333337,0.5287381788842151,0.025965,0.082435
Cucumber Kirby,Strawberries,0.002725,0.09193657219973009,2.061820412642523,0.0014033524,0.5307223158642342,0.02964,0.04459
Strawberries,Cucumber Kirby,0.002725,0.06111235703072438,2.061820412642523,0.0014033524,0.5390269166347624,0.04459,0.02964
Grated Parmesan,Organic Strawberries,0.00243,0.16967298964273245,2.0582639612146836,0.0012493934083333332,0.5216241938098084,0.014321666666666667,0.082435
Green Bell Pepper,Large Lemon,0.0017416666666666668,0.09860351009624457,2.0579555467422685,0.000895357488888889,0.5233245101283339,0.017663333333333333,0.047913333333333336
"Clementines, Bag",Banana,0.003715,0.30240130240130236,2.057921687715148,0.001909780675,0.5204667945985613,0.012285,0.146945
Organic Baby Carrots,Organic Strawberries,0.00399,0.16954674220963173,2.056732482678859,0.0020500296666666664,0.5261745371827191,0.023533333333333333,0.082435
Organic Strawberries + Banana,Large Lemon,0.001715,0.09850660539919588,2.055933047151716,0.0008808288666666667,0.5227030986540787,0.01741,0.047913333333333336
Organic Reduced Fat 2% Milk,Organic Hass Avocado,0.00201,0.13671919283527945,2.0545888819608193,0.0010317020944444445,0.5209433597286578,0.014701666666666667,0.06654333333333333
Frozen Broccoli Florets,Banana,0.0014516666666666666,0.3015927977839335,2.0524195976993673,0.0007443714,0.5152502664605197,0.0048133333333333335,0.146945
Marinara Sauce,Organic Strawberries,0.0010616666666666667,0.1691899070385126,2.052403797398103,0.0005443870416666668,0.5160043717024486,0.006275,0.082435
Green Beans,Banana,0.0027083333333333334,0.3015401744293932,2.0520614817067147,0.0013885223250000001,0.5173316667406216,0.008981666666666667,0.146945
Organic Grade A Free Range Large Brown Eggs,Organic Baby Spinach,0.00194,0.1547255084407816,2.051926376775832,0.0009945469750000002,0.5191625125332197,0.012538333333333334,0.075405
Russet Potato,Organic Avocado,0.001025,0.11269928532160528,2.0505692380204743,0.0005251388,0.5170329512772323,0.009095,0.05496
Organic Granny Smith Apple,Limes,0.0016483333333333332,0.09026193301086063,2.050397902794699,0.0008444243305555555,0.5218190719310171,0.018261666666666666,0.04402166666666667
Hass Avocados,Organic Blueberries,0.0010033333333333333,0.06364982025798266,2.047935014735607,0.0005134089333333333,0.5198985905970652,0.015763333333333334,0.03108
Organic Russet Potato,Organic Strawberries,0.0016883333333333334,0.16874895885390637,2.0470547565221855,0.0008635711583333334,0.5166624905476429,0.010005,0.082435
Asparagus,Organic Yellow Onion,0.0015333333333333334,0.07253804304975163,2.0466882591042075,0.0007841555694444444,0.5224495182255106,0.021138333333333332,0.03544166666666667
Original Hummus,Organic Strawberries,0.003745,0.16863039399624766,2.0456164735397304,0.001914256041666667,0.5227594264547728,0.022208333333333333,0.082435
Organic Granny Smith Apple,Organic Garlic,0.0012683333333333333,0.06945331751391805,2.044949970966279,0.0006481062611111112,0.5204955989516865,0.018261666666666666,0.03396333333333333
Organic Strawberries + Original Hummus,Banana,0.001125,0.30040053404539385,2.0443059242940818,0.0005746909749999999,0.5127566960489254,0.003745,0.146945
Organic Baby Carrots,Organic Blueberries,0.001495,0.06352691218130312,2.0439804434138713,0.000763584,0.5230680635230016,0.023533333333333333,0.03108
Original Hummus,Organic Baby Spinach,0.0034216666666666666,0.15407129455909943,2.0432503754273514,0.0017470472916666666,0.5221804770421932,0.022208333333333333,0.075405
Unsalted Butter,Limes,0.0010016666666666668,0.08987587857036042,2.0416282566242474,0.0005110451916666667,0.5159450747465696,0.011145,0.04402166666666667
Shredded Mild Cheddar Cheese,Organic Strawberries,0.0013983333333333332,0.16813627254509017,2.039622400013225,0.0007127489166666666,0.5139878359432627,0.008316666666666667,0.082435
Organic Avocado,Banana,0.016471666666666666,0.2997028141678797,2.0395577540432113,0.008395569466666666,0.5393397425232881,0.05496,0.146945
Banana,Organic Avocado,0.016471666666666666,0.11209409416221489,2.0395577540432113,0.008395569466666666,0.5974967971282136,0.146945,0.05496
Organic Baby Broccoli,Organic Strawberries,0.0016683333333333333,0.16809403862300587,2.039110070031005,0.0008501659583333333,0.5146983663005177,0.009925,0.082435
Organic Russet Potato,Organic Baby Spinach,0.0015383333333333334,0.15375645510578045,2.039075062738286,0.0007839063083333334,0.5147314537418158,0.010005,0.075405
Organic Red Bell Pepper,Organic Avocado,0.00203,0.11201029979768252,2.0380331113115453,0.0010339416,0.5187319902076197,0.018123333333333335,0.05496
Shredded Parmesan,Limes,0.00103,0.08964316797214972,2.036341982481726,0.00052419105,0.514838847876666,0.01149,0.04402166666666667
Yellow Onions,Organic Grape Tomatoes,0.0012333333333333332,0.05311131845259455,2.035956495754966,0.0006275574555555554,0.5209271663847675,0.023221666666666668,0.026086666666666668
Organic Romaine Lettuce,Organic Baby Spinach,0.0016966666666666666,0.15342878673700075,2.034729616563898,0.0008628130416666667,0.5142206323936785,0.011058333333333333,0.075405
Large Lemon,Organic Yellow Onion,0.0034533333333333334,0.07207457910115486,2.0336114488922132,0.0017552049444444443,0.5338421362741627,0.047913333333333336,0.03544166666666667
Organic Yellow Onion,Large Lemon,0.0034533333333333334,0.09743710322125557,2.033611448892213,0.0017552049444444443,0.5269395976239349,0.03544166666666667,0.047913333333333336
Organic Old Fashioned Rolled Oats,Organic Strawberries,0.0010483333333333334,0.16742081447963802,2.0309433429931225,0.0005321528416666668,0.5108165358482765,0.006261666666666666,0.082435
Organic Whole Strawberries,Organic Strawberries,0.00162,0.16741302101274544,2.0308488022411044,0.0008223039833333333,0.5125548741054227,0.009676666666666667,0.082435
Clementines,Bag of Organic Bananas,0.0023033333333333334,0.24114465189321235,2.030577808065897,0.001169009238888889,0.5124238384065958,0.009551666666666667,0.11875666666666666
Organic Snipped Green Beans,Bag of Organic Bananas,0.0013033333333333334,0.24098613251155623,2.029242982947396,0.0006610576944444445,0.5099634444522755,0.005408333333333334,0.11875666666666666
Banana + Organic Zucchini,Organic Strawberries,0.0010166666666666666,0.16721491228070176,2.0284455908376513,0.0005154618666666666,0.5101131601448281,0.00608,0.082435
Carrots,Apple Honeycrisp Organic,0.001195,0.05254286970540819,2.0278992553225854,0.0006057202333333335,0.5186752606915471,0.022743333333333334,0.02591
Organic Shredded Mozzarella,Bag of Organic Bananas,0.0014016666666666667,0.24076724878328085,2.027399855025241,0.000710304938888889,0.5097248361177216,0.005821666666666667,0.11875666666666666
Organic Tomato Cluster,Apple Honeycrisp Organic,0.001055,0.052513688402190145,2.026772998926675,0.0005344681,0.5169911870714891,0.02009,0.02591
Fresh Cauliflower,Large Lemon,0.0021683333333333333,0.09710404537990745,2.0266601929854065,0.0010984286,0.5181476073244371,0.02233,0.047913333333333336
Original Hummus,Organic Whole Milk,0.002043333333333333,0.09200750469043152,2.0239964368197585,0.0010337795138888888,0.5174189975287917,0.022208333333333333,0.04545833333333334
Seedless Red Grapes,Banana,0.0077083333333333335,0.29687399704730727,2.020306897460324,0.003892906408333334,0.5184882434575927,0.025965,0.146945
Banana,Seedless Red Grapes,0.0077083333333333335,0.0524572685925573,2.0203068974603235,0.003892906408333334,0.5920200880555372,0.146945,0.025965
Total Greek Strained Yogurt,Organic Hass Avocado,0.0010966666666666666,0.13434054716210697,2.0188430671057502,0.0005534512555555555,0.5088204694780989,0.008163333333333333,0.06654333333333333
Large Lemon,Organic Baby Spinach,0.007293333333333333,0.15221928481981356,2.0186895407441625,0.003680428433333333,0.530024360937036,0.047913333333333336,0.075405
Organic Baby Spinach,Large Lemon,0.007293333333333333,0.09672214486218862,2.018689540744162,0.003680428433333333,0.5457839670955097,0.075405,0.047913333333333336
Organic Black Beans,Organic Whole Milk,0.0010916666666666666,0.09174954475416723,2.0183217911090865,0.0005507882638888887,0.510614327153729,0.011898333333333334,0.04545833333333334
Organic Strawberries + Limes,Bag of Organic Bananas,0.00143,0.23966480446927374,2.018116634596854,0.0007214185555555556,0.5075166832653167,0.005966666666666667,0.11875666666666666
Asparagus,Honeycrisp Apple,0.0010766666666666667,0.05093432153276039,2.0161362263924154,0.0005426419055555557,0.5148855931626443,0.021138333333333332,0.025263333333333332
Total 2% with Strawberry Lowfat Greek Strained Yogurt,Banana,0.0026783333333333333,0.29616660523405824,2.015492907101693,0.0013494607166666668,0.5084414592366874,0.009043333333333334,0.146945
Organic Navel Orange,Limes,0.0011833333333333333,0.0887056471764118,2.015045178731953,0.0005960843,0.5105438664459951,0.01334,0.04402166666666667
Organic Bosc Pear,Organic Baby Spinach,0.001005,0.15188916876574307,2.0143116340526896,0.00050607025,0.5069065190297695,0.0066166666666666665,0.075405
Organic Hothouse Cucumbers,Organic Baby Spinach,0.0011383333333333334,0.15184526456202757,2.013729388794212,0.0005730471833333335,0.5072113401740712,0.007496666666666666,0.075405
Carrots,Organic Hass Avocado,0.0030466666666666667,0.13395866920709365,2.0131042810263033,0.0015332494555555557,0.5149668064465042,0.022743333333333334,0.06654333333333333
100% Recycled Paper Towels,Organic Hass Avocado,0.0011666666666666668,0.13386880856760378,2.0117538731794387,0.0005867415166666668,0.5073427924360806,0.008715,0.06654333333333333
Small Hass Avocado,Banana,0.004595,0.2953401178361007,2.009868439457625,0.0023087807083333337,0.51039590601055,0.015558333333333334,0.146945
Organic D'Anjou Pears,Organic Garlic,0.0010133333333333333,0.06825325550067356,2.0096159240555567,0.0005090910444444445,0.5099637397259738,0.014846666666666666,0.03396333333333333
Organic Peeled Whole Baby Carrots,Organic Raspberries,0.001505,0.08564112291350531,2.009411612236164,0.0007560245333333334,0.5113276132028621,0.017573333333333333,0.04262
Organic Milk,Bag of Organic Bananas,0.0020933333333333333,0.23846591987848867,2.008021331112544,0.0010508477277777776,0.5064430480772075,0.008778333333333334,0.11875666666666666
Organic Navel Orange,Organic Strawberries,0.0022066666666666667,0.16541729135432284,2.006639065376634,0.0011069837666666668,0.5084368221317083,0.01334,0.082435
Organic Tomato Cluster,Bag of Organic Bananas,0.004785,0.2381781981085117,2.0055985469602695,0.002399178566666667,0.5116752862108787,0.02009,0.11875666666666666
Organic Granny Smith Apple,Organic Strawberries,0.0030183333333333334,0.16528246782878525,2.0050035522385548,0.001512932841666667,0.5105716558153359,0.018261666666666666,0.082435
Fresh Cauliflower,Cucumber Kirby,0.0013266666666666667,0.05941185251530079,2.0044484654285015,0.0006648054666666668,0.5125550014229813,0.02233,0.02964
Blueberries,Cucumber Kirby,0.0010416666666666667,0.05938806537438236,2.0036459303097964,0.0005217810666666667,0.5098526392932028,0.01754,0.02964
Organic Baby Spinach + Organic Garlic,Bag of Organic Bananas,0.0015433333333333334,0.23792394655704008,2.003457601457098,0.0007729984222222224,0.5041330516288807,0.006486666666666667,0.11875666666666666
Watermelon Chunks,Organic Hass Avocado,0.00102,0.13330429100413854,2.0032704153304395,0.0005108325944444445,0.5046778960981586,0.007651666666666667,0.06654333333333333
Organic Baby Spinach + Large Lemon,Organic Strawberries,0.0012033333333333334,0.1649908592321755,2.001466115511318,0.0006021074000000001,0.5040424096958601,0.007293333333333333,0.082435
Organic Tomato Cluster,Limes,0.0017683333333333333,0.08802057408329185,1.9994829989011134,0.00088393805,0.5101190071592007,0.02009,0.04402166666666667
Organic Baby Spinach + Limes,Banana,0.001895,0.2937984496124031,1.9993769751431019,0.00094720475,0.5030891200751443,0.00645,0.146945
Blueberries,Banana,0.00515,0.2936145952109464,1.9981257968011596,0.0025725847000000004,0.508449208831645,0.01754,0.146945
Original Hummus,Organic Lemon,0.0012033333333333334,0.054183864915572234,1.997071008621128,0.0006007842361111112,0.5106063952362173,0.022208333333333333,0.027131666666666665
Orange Juice,Banana,0.0015683333333333333,0.2934206423448706,1.9968058957083983,0.0007829123083333333,0.5018827599513022,0.005345,0.146945
Organic Gala Apples,Organic Blueberries,0.001395,0.06205976125157559,1.9967748150442597,0.0006963733999999999,0.5106714443843786,0.022478333333333333,0.03108
100% Raw Coconut Water,Bag of Organic Bananas,0.0027866666666666665,0.2370958593306863,1.9964846268056782,0.0013908799777777776,0.505055697211626,0.011753333333333333,0.11875666666666666
Bag of Organic Bananas,Organic Strawberries,0.019528333333333335,0.16443989109383336,1.994782447914519,0.00973862751666667,0.5658961394188134,0.11875666666666666,0.082435
Organic Strawberries,Bag of Organic Bananas,0.019528333333333335,0.23689371423950187,1.9947824479145189,0.00973862751666667,0.5434952294626538,0.082435,0.11875666666666666
Organic Milk,Organic Strawberries,0.0014433333333333334,0.16441997341940381,1.9945408311931077,0.000719691425,0.5030473899578878,0.008778333333333334,0.082435
Organic Whole String Cheese,Organic Lemon,0.0010016666666666668,0.054037043697176775,1.9916595748084076,0.0004987360055555556,0.5073099982872191,0.018536666666666667,0.027131666666666665
Total 2% Lowfat Greek Strained Yogurt With Blueberry,Banana,0.001815,0.29258463191832346,1.991116621309493,0.0009034511833333334,0.5008763499732782,0.006203333333333333,0.146945
Organic Roasted Turkey Breast,Organic Baby Spinach,0.0013316666666666668,0.15010332519256062,1.9906282765408212,0.0006626986416666667,0.502100507130928,0.008871666666666667,0.075405
Yellow Onions,Banana,0.006781666666666667,0.2920404794373071,1.9874135182368036,0.0033693588583333335,0.5086450372138712,0.023221666666666668,0.146945
Limes,Honeycrisp Apple,0.0022083333333333334,0.05016469162912202,1.9856719209310736,0.0010961992944444445,0.5192504014212317,0.04402166666666667,0.025263333333333332
Honeycrisp Apple,Limes,0.0022083333333333334,0.08741258741258741,1.9856719209310736,0.0010961992944444445,0.5092576798519942,0.025263333333333332,0.04402166666666667
Red Raspberries,Banana,0.002405,0.2916329830234438,1.984640396226097,0.0011931935666666669,0.500255824180456,0.008246666666666666,0.146945
Super Greens Salad,Bag of Organic Bananas,0.001115,0.23548046462513203,1.9828820666219331,0.0005526871833333335,0.49804180042125784,0.004735,0.11875666666666666
Organic Large Brown Grade AA Cage Free Eggs,Bag of Organic Bananas,0.0023166666666666665,0.23543360433604335,1.9824874758136528,0.0011481010666666667,0.5005081948822456,0.00984,0.11875666666666666
Asparagus,Organic Hass Avocado,0.0027866666666666665,0.13183000867302685,1.9811151932028281,0.0013800515055555555,0.5059282743659549,0.021138333333333332,0.06654333333333333
Organic Broccoli Florets,Organic Strawberries,0.00168,0.16313319307331284,1.978931195163618,0.0008310568916666669,0.4998240761746306,0.010298333333333333,0.082435
Organic Grape Tomatoes,Seedless Red Grapes,0.00134,0.051367237413749045,1.9783261087521298,0.0006626597,0.5077681424552881,0.026086666666666668,0.025965
Seedless Red Grapes,Organic Grape Tomatoes,0.00134,0.05160793375698055,1.9783261087521293,0.0006626597,0.5077047171601683,0.025965,0.026086666666666668
Banana + Organic Avocado,Organic Strawberries,0.002685,0.16300718405342507,1.9774026087635723,0.0013271581583333334,0.5025641618416049,0.016471666666666666,0.082435
Organic Large Extra Fancy Fuji Apple,Organic Baby Spinach,0.003495,0.14904051172707888,1.9765335419014507,0.00172675275,0.5059277393943775,0.02345,0.075405
Organic Unsweetened Almond Milk,Bag of Organic Bananas,0.00427,0.2347013558079883,1.9763215185785075,0.0021094203777777785,0.5031636807185866,0.018193333333333332,0.11875666666666666
Whipped Cream Cheese,Organic Hass Avocado,0.0012416666666666667,0.13137012872509257,1.974204208662414,0.0006127212611111112,0.49817537505863174,0.009451666666666667,0.06654333333333333
Organic Italian Parsley Bunch,Cucumber Kirby,0.0011,0.05851063829787234,1.974043127458581,0.000542768,0.5028795908535004,0.0188,0.02964
Total 2% All Natural Greek Strained Yogurt with Honey,Banana,0.00203,0.29,1.9735275102929668,0.0010013850000000003,0.49677049692676334,0.007,0.146945
"YoKids Squeezers Organic Low-Fat Yogurt, Strawberry",Banana,0.00179,0.28987854251012146,1.9727009596115654,0.000882614625,0.49614448830466684,0.006175,0.146945
Organic Zucchini + Large Lemon,Banana,0.0010116666666666666,0.2897374701670644,1.9717409246116875,0.0004985837083333332,0.49456082011342534,0.003491666666666667,0.146945
Organic Unsweetened Almond Milk,Organic Garlic,0.0012183333333333334,0.06696592158299744,1.971712285297795,0.000600427088888889,0.5019589178593591,0.018193333333333332,0.03396333333333333
Organic Baby Carrots,Organic Hass Avocado,0.003085,0.13109065155807365,1.970004281291494,0.0015190135555555558,0.5042536594210958,0.023533333333333333,0.06654333333333333
Organic Blackberries,Organic Fuji Apple,0.001045,0.05433746425166826,1.9697002507854613,0.0005144624222222222,0.5019621059118914,0.019231666666666668,0.027586666666666666
Organic Blueberries,Organic Cucumber,0.0015583333333333332,0.05013942513942513,1.968567928520814,0.0007667257333333332,0.5077989032830202,0.03108,0.02547
Organic Cucumber,Organic Blueberries,0.0015583333333333332,0.0611830912184269,1.968567928520814,0.0007667257333333332,0.5048756973812852,0.02547,0.03108
Organic Garbanzo Beans,Organic Hass Avocado,0.001225,0.13094601817210047,1.9678307594865574,0.0006024871166666666,0.4964707010958263,0.009355,0.06654333333333333
Organic Cheese Frozen Pizza,Bag of Organic Bananas,0.0010516666666666667,0.23361717882265828,1.967192119650756,0.0005170637388888889,0.49388454500919193,0.004501666666666667,0.11875666666666666
Extra Virgin Olive Oil,Limes,0.0013633333333333334,0.08656084656084656,1.9663237018327315,0.0006699920833333334,0.4993007223178261,0.01575,0.04402166666666667
Organic Bread with 21 Whole Grains,Bag of Organic Bananas,0.00168,0.2334414080592867,1.9657120278941818,0.0008253478555555557,0.4948396816923145,0.007196666666666666,0.11875666666666666
Half & Half,Organic Fuji Apple,0.0011566666666666667,0.05420604545809576,1.9649363989159894,0.0005680131777777779,0.5017849293973231,0.021338333333333334,0.027586666666666666
Total 2% Lowfat Greek Strained Yogurt with Peach,Banana,0.0017816666666666666,0.2886069114470842,1.9640471703500237,0.0008745262,0.4938962452748369,0.006173333333333334,0.146945
100% Whole Wheat Bread,Organic Fuji Apple,0.0010133333333333333,0.05417446315601889,1.963791559546359,0.0004973247333333333,0.5001360313077161,0.018705,0.027586666666666666
Grated Parmesan,Limes,0.001235,0.08623298033282904,1.9588758641463455,0.0006045363638888889,0.4966154901666407,0.014321666666666667,0.04402166666666667
Frozen Organic Wild Blueberries,Organic Strawberries,0.0014933333333333333,0.1612961296129613,1.9566462014067,0.0007301226249999999,0.49349029834851954,0.009258333333333334,0.082435
Total 2% Greek Strained Yogurt with Cherry 5.3 oz,Banana,0.0015933333333333333,0.28743235117257965,1.9560539737492235,0.0007787682166666667,0.4914911625241754,0.005543333333333333,0.146945
Banana,Strawberries,0.012811666666666667,0.08718681592886228,1.9552997517125428,0.006259389116666668,0.5727291488006997,0.146945,0.04459
Strawberries,Banana,0.012811666666666667,0.28732152201539957,1.9552997517125426,0.006259389116666668,0.5113715201119738,0.04459,0.146945
Organic Old Fashioned Rolled Oats,Bag of Organic Bananas,0.0014533333333333334,0.23210007985094494,1.9544172665473794,0.0007097186722222224,0.4914156167194132,0.006261666666666666,0.11875666666666666
Red Peppers,Organic Baby Spinach,0.002585,0.14736342042755343,1.9542924265970882,0.0012622706250000001,0.49702448897459245,0.017541666666666667,0.075405
Organic Unsalted Butter,Bag of Organic Bananas,0.0015633333333333332,0.2317193675889328,1.951211448527236,0.0007621216888888888,0.4908092081427488,0.0067466666666666664,0.11875666666666666
Organic Sticks Low Moisture Part Skim Mozzarella String Cheese,Bag of Organic Bananas,0.0024683333333333332,0.23162339693462622,1.9504033199648545,0.0012027831222222222,0.4925343062212951,0.010656666666666667,0.11875666666666666
Organic Strawberries + Limes,Banana,0.00171,0.2865921787709497,1.9503363759974803,0.0008332281666666666,0.49019275046765387,0.005966666666666667,0.146945
Uncured Genoa Salami,Organic Hass Avocado,0.0016916666666666666,0.12977880066487663,1.9502900465592843,0.0008242743166666667,0.4936910160893054,0.013035,0.06654333333333333
Organic Large Grade AA Brown Eggs,Bag of Organic Bananas,0.0018483333333333333,0.231572353309668,1.9499735030426475,0.0009004572055555557,0.49109225345535573,0.007981666666666666,0.11875666666666666
Organic Whole String Cheese,Organic Baby Spinach,0.002725,0.1470059341844992,1.949551544121732,0.00132724265,0.4962605391294425,0.018536666666666667,0.075405
Organic Unsweetened Almond Milk,Organic Raspberries,0.0015116666666666666,0.08308904360571638,1.949531759871337,0.0007362668,0.4960816972081942,0.018193333333333332,0.04262
Organic Spring Mix,Organic Baby Spinach,0.00148,0.14697120158887783,1.9490909301621622,0.0007206716499999999,0.4918936733446345,0.01007,0.075405
Original Hummus,Limes,0.001905,0.08577861163227017,1.9485543853164011,0.0009273521527777778,0.4978555728430994,0.022208333333333333,0.04402166666666667
Asparagus,Organic Raspberries,0.001755,0.08302452101237877,1.9480178557573622,0.0008540842333333335,0.4971669638144473,0.021138333333333332,0.04262
Italian Sparkling Mineral Water,Organic Hass Avocado,0.0012433333333333333,0.12962641181581233,1.9479999771949958,0.0006050718611111111,0.4913659901922996,0.009591666666666667,0.06654333333333333
Organic Romaine Lettuce,Large Lemon,0.0010316666666666666,0.093293142426526,1.9471227722246973,0.0005018250555555555,0.49186086304654886,0.011058333333333333,0.047913333333333336
Fresh Cauliflower,Organic Avocado,0.0023883333333333335,0.10695626212867593,1.946074638440246,0.0011610765333333335,0.4972486567123419,0.02233,0.05496
Extra Virgin Olive Oil,Large Lemon,0.0014683333333333334,0.09322751322751323,1.9457530240889083,0.0007136983333333334,0.49383810912911275,0.01575,0.047913333333333336
Organic Small Bunch Celery,Cucumber Kirby,0.001215,0.05766036541959978,1.9453564581511396,0.0005904358,0.4964156970426866,0.021071666666666666,0.02964
Bag of Organic Bananas + Organic Baby Spinach,Limes,0.0013516666666666666,0.08555754826458487,1.9435326906731882,0.0006561977027777777,0.4932658005559683,0.015798333333333334,0.04402166666666667
Limes,Organic Baby Spinach,0.00645,0.14651875970166206,1.9430907725172344,0.003130546225,0.5077060713119046,0.04402166666666667,0.075405
Organic Baby Spinach,Limes,0.00645,0.08553809429082952,1.9430907725172344,0.003130546225,0.5249390315499964,0.075405,0.04402166666666667
Organic Tomato Cluster,Organic Grape Tomatoes,0.0010183333333333333,0.050688568110170897,1.943083367371744,0.0004942522,0.49530471426272976,0.02009,0.026086666666666668
Organic Gala Apples,Organic Baby Spinach,0.0032933333333333334,0.1465114554756432,1.9429939059166264,0.0015983546083333335,0.4964906285043153,0.022478333333333333,0.075405
Organic Baby Broccoli,Bag of Organic Bananas,0.00229,0.23073047858942067,1.942884429697314,0.0011113400833333332,0.49016624642958356,0.009925,0.11875666666666666
Grated Parmesan,Organic Avocado,0.0015283333333333334,0.10671476783428371,1.941680637450577,0.0007412145333333334,0.4920289206477106,0.014321666666666667,0.05496
Vine Ripe Tomatoes,Banana,0.00137,0.28521859819569745,1.9409887930565686,0.0006641741833333333,0.4871385628628882,0.004803333333333333,0.146945
Organic Small Bunch Celery,Bag of Organic Bananas,0.004855,0.23040417622399748,1.9401367745586,0.0023525991055555555,0.49500295867386096,0.021071666666666666,0.11875666666666666
Large Lemon,Organic Fuji Apple,0.0025633333333333333,0.053499373869486576,1.939319980769209,0.0012415641777777776,0.5087303003936409,0.047913333333333336,0.027586666666666666
Organic Fuji Apple,Large Lemon,0.0025633333333333333,0.09291928467858869,1.9393199807692088,0.0012415641777777776,0.49809614834649896,0.027586666666666666,0.047913333333333336
Organic Bread with 21 Whole Grains,Organic Strawberries,0.00115,0.15979620194534508,1.9384509243081833,0.0005567427833333334,0.48763349514031634,0.007196666666666666,0.082435
Grape White/Green Seedless,Organic Whole Milk,0.0010483333333333334,0.088021270640918,1.9363065952172611,0.0005069245833333333,0.4893813940888123,0.01191,0.04545833333333334
Organic Baby Spinach,Organic Strawberries,0.012021666666666667,0.15942797780872178,1.9339840821098053,0.005805655491666667,0.5223180555310406,0.075405,0.082435
Organic Strawberries,Organic Baby Spinach,0.012021666666666667,0.14583206971148985,1.933984082109805,0.005805655491666667,0.5263198384351218,0.082435,0.075405
Organic Baby Spinach + Banana,Organic Yellow Onion,0.0011016666666666666,0.06849031188477878,1.9324799967489894,0.0005315874583333332,0.4904186025872144,0.016085,0.03544166666666667
Limes + Large Lemon,Banana,0.0024416666666666666,0.28380472685005814,1.931367020654382,0.0011774498500000002,0.4864168265757895,0.008603333333333333,0.146945
Boneless Skinless Chicken Breasts,Banana,0.00439,0.2835917312661499,1.9299175287770929,0.0021152913999999997,0.48941935512531254,0.01548,0.146945
Organic Roma Tomato,Bag of Organic Bananas,0.0020633333333333333,0.22908956328645447,1.9290669712840358,0.0009937316222222222,0.48599184615174446,0.009006666666666666,0.11875666666666666
Cucumber Kirby,Organic Zucchini,0.0018666666666666666,0.06297795771479982,1.9274049797949446,0.0008981796666666666,0.49586512075047257,0.02964,0.032675
Organic Zucchini,Cucumber Kirby,0.0018666666666666666,0.05712828360112216,1.9274049797949446,0.0008981796666666666,0.49742090669777844,0.032675,0.02964
Organic Baby Spinach + Asparagus,Banana,0.00101,0.28304530593180754,1.926198958330039,0.0004856512583333334,0.48256478203021447,0.0035683333333333335,0.146945
Organic Yellow Onion + Organic Garlic,Organic Strawberries,0.0010766666666666667,0.15872235872235874,1.9254243794790895,0.0005174825833333334,0.4839165455622373,0.006783333333333333,0.082435
Organic Broccoli Florets,Organic Avocado,0.0010883333333333333,0.10568053083023143,1.9228626424714599,0.0005223369333333333,0.484936085521443,0.010298333333333333,0.05496
Whole Milk Plain Yogurt,Bag of Organic Bananas,0.00109,0.2281130101151029,1.9208438272807387,0.0005225410611111111,0.4816971785943262,0.004778333333333333,0.11875666666666666
Organic Hothouse Cucumbers,Bag of Organic Bananas,0.00171,0.22810137839039574,1.9207458814134988,0.0008197208555555556,0.4829897344198857,0.007496666666666666,0.11875666666666666
Honeycrisp Apple,Organic Grape Tomatoes,0.001265,0.050072568940493466,1.9194698034945106,0.0006059638444444445,0.491438168188024,0.025263333333333332,0.026086666666666668
Half & Half,Organic Whole Milk,0.0018616666666666666,0.08724517691166132,1.9192339558935578,0.0008916615972222221,0.48940179969677006,0.021338333333333334,0.04545833333333334
Organic Large Extra Fancy Fuji Apple,Organic Garlic,0.0015283333333333334,0.06517412935323383,1.918955619390534,0.0007318931666666667,0.4903826799517385,0.02345,0.03396333333333333
Organic Baby Carrots,Organic Avocado,0.00248,0.10538243626062323,1.91743879659067,0.001186608,0.4900023565323296,0.023533333333333333,0.05496
Organic Kiwi,Limes,0.0013133333333333332,0.08438637823945169,1.9169282907534553,0.000628209461111111,0.4858942105517087,0.015563333333333334,0.04402166666666667
Grated Parmesan,Organic Hass Avocado,0.0018266666666666668,0.1275456767136041,1.916731103245065,0.000873655227777778,0.48522767843538883,0.014321666666666667,0.06654333333333333
Organic Strawberries + Large Lemon,Bag of Organic Bananas,0.001165,0.2276131553239987,1.916634760075213,0.0005571637944444445,0.48071263155834404,0.005118333333333333,0.11875666666666666
Organic Black Beans,Bag of Organic Bananas,0.0027066666666666667,0.22748284073399636,1.9155374356583184,0.0012936602611111111,0.483708624895278,0.011898333333333334,0.11875666666666666
Organic Grade A Free Range Large Brown Eggs,Large Lemon,0.00115,0.09171872923036023,1.9142631674626456,0.0005492466555555555,0.4836702057021084,0.012538333333333334,0.047913333333333336
Organic Navel Orange,Large Lemon,0.0012233333333333334,0.091704147926037,1.9139588408105674,0.0005841694666666667,0.4839790047185863,0.01334,0.047913333333333336
Organic Turkey Bacon,Bag of Organic Bananas,0.0010533333333333334,0.2272563825961884,1.9136305268155198,0.0005028961833333334,0.47965629235811785,0.004635,0.11875666666666666
Shredded Mild Cheddar Cheese,Organic Baby Spinach,0.0012,0.1442885771543086,1.9135147159247874,0.00057288175,0.48140514445135374,0.008316666666666667,0.075405
Organic Baby Spinach + Organic Whole Milk,Banana,0.0015833333333333333,0.2811482687185558,1.9132891130596879,0.000755788075,0.4800432805839271,0.005631666666666667,0.146945
Organic Bell Pepper,Bag of Organic Bananas,0.0016566666666666667,0.22714808043875687,1.912718559845821,0.0007905347111111113,0.48068976090435145,0.007293333333333333,0.11875666666666666
Organic Cilantro,Organic Raspberries,0.00178,0.08145210494203783,1.911124001455604,0.0008486109333333333,0.48739900835164995,0.021853333333333332,0.04262
Total 0% Greek Yogurt,Banana,0.002286666666666667,0.28068739770867435,1.9101527626572823,0.0010895547333333337,0.480395282038588,0.008146666666666667,0.146945
Organic Baby Carrots,Organic Fuji Apple,0.00124,0.052691218130311614,1.910024823476738,0.0005907937777777778,0.487929195380022,0.023533333333333333,0.027586666666666666
Small Hass Avocado,Organic Raspberries,0.001265,0.08130690948044993,1.9077172566975582,0.0006019038333333334,0.4833331654825042,0.015558333333333334,0.04262
Organic Reduced Fat 2% Milk,Organic Strawberries,0.0023116666666666667,0.1572384083437252,1.9074229191936098,0.0010997347750000002,0.48283083691033346,0.014701666666666667,0.082435
Organic Large Extra Fancy Fuji Apple,Organic Blueberries,0.0013883333333333334,0.05920398009950249,1.9048899645914572,0.0006595073333333335,0.48644236763877646,0.02345,0.03108
Organic American Cheese Singles,Bag of Organic Bananas,0.0012783333333333334,0.22618696549690356,1.9046254146874861,0.000607160238888889,0.47766196342391,0.005651666666666667,0.11875666666666666
Spinach,Banana,0.0014683333333333334,0.2797713559860273,1.9039188538979028,0.0006971169916666669,0.4772724159442096,0.005248333333333333,0.146945
Organic Romaine,Organic Strawberries,0.0011616666666666668,0.15691130121566862,1.9034548579567978,0.0005513728833333335,0.4781796209752062,0.007403333333333333,0.082435
Unsweetened Almondmilk,Organic Baby Spinach,0.002235,0.14345314505776638,1.902435449343762,0.0010601901,0.48186545029274214,0.01558,0.075405
Organic Roma Tomato,Organic Strawberries,0.0014116666666666668,0.1567357512953368,1.9013253023028664,0.0006692021000000002,0.4783594989338967,0.009006666666666666,0.082435
Organic Garnet Sweet Potato (Yam),Organic Whole Milk,0.0014166666666666668,0.08640845786316968,1.9008276706838425,0.0006713772916666667,0.4818127015956011,0.016395,0.04545833333333334
Grape White/Green Seedless,Organic Baby Spinach,0.0017066666666666667,0.1432969493422894,1.9003640254928638,0.0008085931166666666,0.4794958245674735,0.01191,0.075405
Organic Large Grade AA Brown Eggs,Organic Strawberries,0.00125,0.15660889538525788,1.8997864424729531,0.0005920313083333334,0.47743577991670183,0.007981666666666666,0.082435
Organic Red Bell Pepper,Bag of Organic Bananas,0.004085,0.22540003678499168,1.8979990185953772,0.0019327333444444446,0.48186228856166446,0.018123333333333335,0.11875666666666666
Organic D'Anjou Pears,Limes,0.00124,0.08352043107319264,1.8972573597817584,0.000586424988888889,0.4800505283132244,0.014846666666666666,0.04402166666666667
Broccoli Crown,Strawberries,0.0011416666666666667,0.0845783430053093,1.8968006953422134,0.0005397759833333334,0.4792657708824532,0.013498333333333333,0.04459
Bag of Organic Bananas + Organic Baby Spinach,Organic Avocado,0.0016466666666666667,0.10423040405106024,1.8964775118460742,0.0007783902666666666,0.4802944921614439,0.015798333333333334,0.05496
Uncured Hickory Smoked Sunday Bacon,Organic Strawberries,0.0010133333333333333,0.1562982005141388,1.8960174745452638,0.00047887975,0.47566257971638937,0.006483333333333333,0.082435
Organic Yellow Peaches,Bag of Organic Bananas,0.00148,0.22515212981744426,1.8959114981680545,0.0006993728444444445,0.4756759961002516,0.006573333333333333,0.11875666666666666
Shredded Mild Cheddar Cheese,Organic Hass Avocado,0.0010483333333333334,0.12605210420841684,1.8942859922118447,0.0004949146111111112,0.47605580582485574,0.008316666666666667,0.06654333333333333
Vanilla Almond Breeze Almond Milk,Banana,0.002675,0.2782111284451378,1.8933010884694124,0.001262123825,0.4764026016692556,0.009615,0.146945
Red Vine Tomato,Organic Baby Spinach,0.002415,0.1426321488335466,1.8915476272600837,0.001138267675,0.4794502626305199,0.016931666666666668,0.075405
Large Alfresco Eggs,Organic Raspberries,0.0010183333333333333,0.08061749571183534,1.8915414291843111,0.00047997170000000007,0.47736049697550126,0.012631666666666666,0.04262
Original Hummus,Organic Fuji Apple,0.0011583333333333333,0.052157598499061916,1.8906814342337572,0.0005456794444444444,0.48178991898312434,0.022208333333333333,0.027586666666666666
Bag of Organic Bananas,Organic Blueberries,0.006975,0.058733544783450754,1.889753693161221,0.0032840428000000003,0.534279796681855,0.11875666666666666,0.03108
Organic Blueberries,Bag of Organic Bananas,0.006975,0.22442084942084942,1.889753693161221,0.0032840428000000003,0.4859333164353853,0.03108,0.11875666666666666
Organic Broccoli Florets,Organic Hass Avocado,0.001295,0.12574850299401197,1.8897235334470568,0.0006097145722222222,0.47572119897281856,0.010298333333333333,0.06654333333333333
Red Vine Tomato,Banana,0.0047016666666666665,0.2776848114971946,1.8897193609663112,0.002213642908333333,0.47892997781368457,0.016931666666666668,0.146945
Total 2% with Strawberry Lowfat Greek Strained Yogurt,Organic Strawberries,0.0014066666666666667,0.1555473645410984,1.8869092562758345,0.0006611794833333334,0.4743222623830225,0.009043333333333334,0.082435
Cantaloupe,Bag of Organic Bananas,0.0016633333333333333,0.22406825325550067,1.8867846289794314,0.0007817630111111112,0.47351284596441834,0.007423333333333333,0.11875666666666666
Grape White/Green Seedless,Banana,0.0033,0.2770780856423174,1.8855904293600831,0.00154988505,0.47532323610565475,0.01191,0.146945
Large Alfresco Eggs,Bag of Organic Bananas,0.0028216666666666668,0.22338039319171393,1.8809924483541747,0.001321572038888889,0.4743576832049124,0.012631666666666666,0.11875666666666666
Grape White/Green Seedless,Large Lemon,0.0010733333333333333,0.09012034704729918,1.8809033055648916,0.0005026855333333332,0.47398572903906644,0.01191,0.047913333333333336
Apple Honeycrisp Organic,Organic Baby Spinach,0.003671666666666667,0.14170847806509712,1.8792981641150734,0.0017179231166666669,0.4803318578094237,0.02591,0.075405
Organic Small Bunch Celery,Organic Strawberries,0.003258333333333333,0.15463102111840543,1.8757933052514761,0.0015212904916666666,0.47694218933942445,0.021071666666666666,0.082435
Organic Gala Apples,Organic Whole Milk,0.0019166666666666666,0.08526729443167495,1.8757241671495863,0.0008948390972222222,0.4776084135871854,0.022478333333333333,0.04545833333333334
"Clementines, Bag",Organic Strawberries,0.0018983333333333333,0.15452448785782116,1.874500974802222,0.0008856193583333333,0.4723272238786237,0.012285,0.082435
Strawberries,Organic Fuji Apple,0.002305,0.051693204754429255,1.873847441557368,0.0010749105333333335,0.48810314542969196,0.04459,0.027586666666666666
Organic Fuji Apple,Strawberries,0.002305,0.08355485741904303,1.873847441557368,0.0010749105333333335,0.47956831749357126,0.027586666666666666,0.04459
Organic Avocado,Organic Zucchini,0.003363333333333333,0.06119602134885978,1.872869819398922,0.001567515333333333,0.4931643734284438,0.05496,0.032675
Organic Zucchini,Organic Avocado,0.003363333333333333,0.10293292527416475,1.872869819398922,0.001567515333333333,0.4818029715605578,0.032675,0.05496
Organic Whole String Cheese,Organic Zucchini,0.0011333333333333334,0.061140082718935444,1.8711578490875422,0.00052764775,0.474364684146102,0.018536666666666667,0.032675
Organic Broccoli Florets,Bag of Organic Bananas,0.002288333333333333,0.22220424016831203,1.8710885578492045,0.0010653375944444444,0.4703960481552193,0.010298333333333333,0.11875666666666666
Organic Baby Spinach + Banana,Strawberries,0.0013416666666666666,0.08341104548751424,1.8706222356473254,0.0006244365166666667,0.47302716366670955,0.016085,0.04459
Organic Butternut Squash,Bag of Organic Bananas,0.0013733333333333334,0.22198275862068967,1.8692235547816798,0.0006386254222222223,0.46791333516038647,0.006186666666666667,0.11875666666666666
Lightly Salted Baked Snap Pea Crisps,Organic Strawberries,0.0011916666666666666,0.15402843601895735,1.8684834841870246,0.00055389455,0.4684307076259481,0.007736666666666667,0.082435
Organic Baby Spinach + Michigan Organic Kale,Banana,0.001215,0.2744728915662651,1.8678613873644228,0.0005645234666666667,0.466694267584728,0.004426666666666666,0.146945
Apple Honeycrisp Organic,Organic Whole Milk,0.0022,0.08490930142802007,1.8678489773349969,0.0010221745833333335,0.4769834518433211,0.02591,0.04545833333333334
Organic Romaine Lettuce,Organic Avocado,0.001135,0.10263752825923135,1.8674950556628702,0.0005272339999999999,0.46971764227848395,0.011058333333333333,0.05496
Organic Avocado,Organic Fuji Apple,0.00283,0.0514919941775837,1.866553679709414,0.0013138368000000001,0.49125252499267896,0.05496,0.027586666666666666
Organic Fuji Apple,Organic Avocado,0.00283,0.10258579023682939,1.8665536797094138,0.0013138368000000001,0.4774238179434136,0.027586666666666666,0.05496
Hass Avocados,Bag of Organic Bananas,0.00349,0.22139987312328188,1.864315320879798,0.0016179990777777779,0.4710351347804472,0.015763333333333334,0.11875666666666666
Organic Cucumber,Large Lemon,0.002275,0.08932076953278367,1.8642153095752818,0.0010546474,0.47569728456309684,0.02547,0.047913333333333336
Fresh Cauliflower,Organic Strawberries,0.003428333333333333,0.1535303776683087,1.86244165303947,0.0015875597833333334,0.47364696452533744,0.02233,0.082435
Organic Strawberries + Banana,Organic Hass Avocado,0.002155,0.12377943710511201,1.8601328022608627,0.0009964805666666666,0.4705970702443069,0.01741,0.06654333333333333
Organic Whole String Cheese,Organic Yellow Onion,0.0012216666666666667,0.06590541269555836,1.8595460906341412,0.0005646963055555555,0.4709644678786032,0.018536666666666667,0.03544166666666667
Grated Parmesan,Organic Raspberries,0.001135,0.07925055277551496,1.8594686244841614,0.0005246105666666666,0.46892778037149946,0.014321666666666667,0.04262
Seedless Red Grapes,Large Lemon,0.0023116666666666667,0.08903010462802491,1.8581488373735544,0.0010675969666666667,0.4741410507533959,0.025965,0.047913333333333336
Organic Carrot Bunch,Organic Baby Spinach,0.0015916666666666666,0.14009094909784361,1.8578469477865343,0.0007349401916666665,0.4670489836652212,0.011361666666666667,0.075405
Banana + Honeycrisp Apple,Organic Baby Spinach,0.00125,0.14008218154650728,1.857730674975231,0.00057713605,0.46586591686482376,0.008923333333333333,0.075405
Unsalted Butter,Organic Avocado,0.0011366666666666667,0.10198893375205623,1.8556938455614305,0.0005241374666666666,0.4663150875154624,0.011145,0.05496
Unsweetened Original Almond Breeze Almond Milk,Banana,0.0029866666666666665,0.2726719415702982,1.8556054412895862,0.0013771291,0.46619876304045554,0.010953333333333334,0.146945
Organic Garnet Sweet Potato (Yam),Organic Strawberries,0.0025066666666666666,0.15289214191318493,1.8546993620814574,0.0011551448416666668,0.468510285303076,0.016395,0.082435
Limes + Bunched Cilantro,Banana,0.0010583333333333334,0.2725321888412018,1.8546543866154126,0.00048769691666666686,0.46261246264858735,0.0038833333333333333,0.146945
Organic D'Anjou Pears,Large Lemon,0.0013183333333333332,0.08879658733722497,1.8532750940007994,0.0006069800444444443,0.4673533379172481,0.014846666666666666,0.047913333333333336
Organic Garlic + Large Lemon,Banana,0.0013,0.27206138821067316,1.8514504624905452,0.0005978478083333333,0.46209095409616907,0.004778333333333333,0.146945
Roma Tomato,Banana,0.0034516666666666667,0.27178477690288716,1.8495680486092563,0.0015854651666666669,0.4652417914173451,0.0127,0.146945
Original Hummus,Organic Garlic,0.001395,0.06281425891181988,1.8494727327064446,0.0006407309722222223,0.46973744212557267,0.022208333333333333,0.03396333333333333
Yellow Onions,Organic Baby Spinach,0.0032366666666666668,0.13938132491207922,1.848436110497702,0.0014856368916666667,0.46991432301924296,0.023221666666666668,0.075405
Carrots,Organic Avocado,0.00231,0.10156822512091455,1.848039030584326,0.0010600263999999999,0.4695653691584477,0.022743333333333334,0.05496
Sparkling Natural Mineral Water,Organic Raspberries,0.0010366666666666666,0.0787441448284593,1.8475866923617856,0.00047557436666666663,0.4648734675605634,0.013165,0.04262
Unsweetened Vanilla Almond Milk,Organic Hass Avocado,0.0010166666666666666,0.1229095305258916,1.8470600189233823,0.0004662423944444444,0.46242409447083016,0.008271666666666667,0.06654333333333333
Organic Strawberries + Organic Whole Milk,Banana,0.002116666666666667,0.271135781383433,1.8451514606378785,0.0009695160333333336,0.46164296360199475,0.007806666666666667,0.146945
Asparagus,Organic Strawberries,0.003215,0.15209335330757706,1.8450094414699711,0.0014724614916666668,0.4678877201419977,0.021138333333333332,0.082435
Feta Cheese Crumbles,Organic Strawberries,0.0015116666666666666,0.15197721179624665,1.8436005555437214,0.0006917132,0.46218030670315474,0.009946666666666666,0.082435
Red Peppers,Banana,0.004748333333333334,0.27068883610451305,1.8421098785566918,0.0021706731250000005,0.46530646823280103,0.017541666666666667,0.146945
Original Hummus,Organic Zucchini,0.0013366666666666666,0.06018761726078799,1.8420081793661203,0.0006110093749999998,0.4674965651877889,0.022208333333333333,0.032675
Organic Large Extra Fancy Fuji Apple,Organic Whole Milk,0.0019616666666666667,0.08365316275764037,1.840216229315645,0.0008956687499999999,0.467549637991356,0.02345,0.04545833333333334
Organic Grade A Free Range Large Brown Eggs,Bag of Organic Bananas,0.00274,0.2185298418184235,1.840147992969575,0.0012509893277777777,0.4623627058205596,0.012538333333333334,0.11875666666666666
Organic Yellow Onion,Bag of Organic Bananas,0.007743333333333333,0.21848107218434043,1.839737324369218,0.003534399138888888,0.47321569483185705,0.03544166666666667,0.11875666666666666
Bag of Organic Bananas,Organic Yellow Onion,0.007743333333333333,0.06520335700451904,1.839737324369218,0.003534399138888888,0.5179547176688141,0.11875666666666666,0.03544166666666667
Organic Zucchini,Bag of Organic Bananas,0.007126666666666667,0.21810762560571284,1.8365926876165226,0.003246292583333333,0.4709001202698549,0.032675,0.11875666666666666
Bag of Organic Bananas,Organic Zucchini,0.007126666666666667,0.060010666067869874,1.8365926876165224,0.003246292583333333,0.5168986154108446,0.11875666666666666,0.032675
Organic Unsweetened Almond Milk,Organic Strawberries,0.0027533333333333333,0.15133748625870283,1.835840192378272,0.0012535659000000002,0.4637270186768236,0.018193333333333332,0.082435
Organic Blueberries,Organic Hass Avocado,0.003795,0.12210424710424711,1.8349583795659037,0.0017268332000000002,0.4696244387554659,0.03108,0.06654333333333333
Organic Hass Avocado,Organic Blueberries,0.003795,0.05703050643690828,1.8349583795659035,0.0017268332000000002,0.4874661325456415,0.06654333333333333,0.03108
Organic Baby Carrots,Organic Raspberries,0.00184,0.07818696883852691,1.8345135813826117,0.0008370093333333335,0.46585960621109535,0.023533333333333333,0.04262
Organic Peeled Whole Baby Carrots,Organic Hass Avocado,0.002145,0.1220599393019727,1.8342925307114069,0.0009756118222222225,0.46296655188921965,0.017573333333333333,0.06654333333333333
Banana + Large Lemon,Organic Whole Milk,0.0010683333333333332,0.08334416850864647,1.8334189222800321,0.0004856332638888888,0.4604734196205495,0.012818333333333333,0.04545833333333334
Red Vine Tomato,Strawberries,0.0013816666666666667,0.08160251993306428,1.830063241378432,0.00062668365,0.4613827755004426,0.016931666666666668,0.04459
Organic Zucchini,Organic Strawberries,0.004928333333333333,0.150828870186177,1.8296702879380968,0.002234769708333333,0.46877051765175853,0.032675,0.082435
Organic Strawberries,Organic Zucchini,0.004928333333333333,0.05978447665837731,1.8296702879380964,0.002234769708333333,0.4941921727479659,0.082435,0.032675
Yellow Bell Pepper,Banana,0.0021383333333333332,0.26886001676445936,1.8296642741465132,0.0009696307666666668,0.4570870099353612,0.007953333333333333,0.146945
Organic Reduced Fat 2% Milk,Bag of Organic Bananas,0.003193333333333333,0.2172089332275252,1.829025176642927,0.0014474124055555554,0.4600237861610686,0.014701666666666667,0.11875666666666666
Jalapeno Peppers,Organic Hass Avocado,0.00162,0.12168252378567852,1.8286208052749366,0.0007340864222222221,0.4592539679640016,0.013313333333333333,0.06654333333333333
Total 0% Nonfat Greek Yogurt,Banana,0.0022583333333333335,0.2686892722585763,1.8285023121479214,0.0010232606083333338,0.4569449507241205,0.008405,0.146945
Limes + Large Lemon,Organic Hass Avocado,0.0010466666666666667,0.12165827198760171,1.8282563540690535,0.00047417218888888893,0.4569621514249247,0.008603333333333333,0.06654333333333333
Icelandic Style Skyr Blueberry Non-fat Yogurt,Banana,0.0015766666666666668,0.2683687943262411,1.826321374162041,0.0007133647916666668,0.4551251020464042,0.005875,0.146945
Organic Peeled Whole Baby Carrots,Organic Zucchini,0.0010483333333333334,0.05965477996965099,1.825700993715409,0.00047412466666666667,0.46035515746371775,0.017573333333333333,0.032675
Organic Blueberries,Organic Baby Spinach,0.0042766666666666665,0.1376018876018876,1.824837711052153,0.0019330792666666665,0.4665050405737363,0.03108,0.075405
Organic Baby Spinach,Organic Blueberries,0.0042766666666666665,0.056715956059500916,1.824837711052153,0.0019330792666666665,0.48886924968521844,0.075405,0.03108
Banana + Honeycrisp Apple,Organic Strawberries,0.0013416666666666666,0.1503548748599178,1.8239203597976323,0.0006060716833333333,0.45579768185270114,0.008923333333333333,0.082435
Organic Grape Tomatoes,Organic Whole Milk,0.0021616666666666668,0.08286480960899566,1.8228739052391343,0.0009758102777777777,0.46350705699768396,0.026086666666666668,0.04545833333333334
Total Greek Strained Yogurt,Organic Strawberries,0.0012266666666666667,0.15026541445487954,1.8228351362270825,0.0005537222833333334,0.4551193260914132,0.008163333333333333,0.082435
Organic Peeled Whole Baby Carrots,Banana,0.004705,0.2677352048558422,1.8220096284721643,0.0021226865333333336,0.4592256046108589,0.017573333333333333,0.146945
Organic Black Beans,Organic Strawberries,0.0017866666666666667,0.15016108698697297,1.8215695637408016,0.0008058275583333334,0.456453928114886,0.011898333333333334,0.082435
Banana,Large Lemon,0.012818333333333333,0.08723218437737476,1.8206244130522073,0.005777708566666666,0.5283808120718114,0.146945,0.047913333333333336
Large Lemon,Banana,0.012818333333333333,0.2675316543759566,1.8206244130522073,0.005777708566666666,0.47342107543632495,0.047913333333333336,0.146945
Total 0% Nonfat Plain Greek Yogurt,Banana,0.0012033333333333334,0.2674074074074074,1.819778879222889,0.0005420808333333335,0.4525190225822295,0.0045,0.146945
Large Alfresco Eggs,Organic Avocado,0.0012633333333333333,0.100013194352817,1.8197451665359714,0.0005690969333333333,0.456235521626991,0.012631666666666666,0.05496
Organic Navel Orange,Organic Baby Spinach,0.0018283333333333333,0.13705647176411795,1.8176045589034937,0.0008224306333333333,0.45590712465271227,0.01334,0.075405
Uncured Genoa Salami,Organic Whole Milk,0.0010766666666666667,0.08259813323104462,1.8170075137901656,0.0004841172916666667,0.45558306864342024,0.013035,0.04545833333333334
Organic Lacinato (Dinosaur) Kale,Bag of Organic Bananas,0.0028983333333333335,0.21575682382133995,1.8167975733685684,0.0013030354444444447,0.45570255117513725,0.013433333333333334,0.11875666666666666
Organic Peeled Whole Baby Carrots,Organic Garlic,0.0010833333333333333,0.0616464339908953,1.815087859188202,0.0004864843555555555,0.4570951678000889,0.017573333333333333,0.03396333333333333
Russet Potato,Banana,0.002425,0.26663001649257834,1.8144885262688648,0.001088535225,0.45300054511243676,0.009095,0.146945
Limes + Organic Avocado,Organic Strawberries,0.00104,0.14956855225311602,1.8143816613467099,0.0004668019666666666,0.45199088818094646,0.006953333333333333,0.082435
Honey Nut Cheerios,Banana,0.0022216666666666665,0.26654669066186765,1.8139214717198113,0.0009968800916666666,0.4524796360712298,0.008335,0.146945
Organic Sour Cream,Organic Baby Spinach,0.0011233333333333334,0.1367694805194805,1.8137985613617202,0.0005040069333333335,0.452386461336569,0.008213333333333333,0.075405
Organic Strawberries,Organic Yellow Onion,0.005298333333333334,0.06427286144639212,1.8134830410456275,0.002376699541666667,0.48887537895095645,0.082435,0.03544166666666667
Organic Yellow Onion,Organic Strawberries,0.005298333333333334,0.1494944744885963,1.8134830410456275,0.002376699541666667,0.465057344470752,0.03544166666666667,0.082435
Red Raspberries,Organic Strawberries,0.0012316666666666667,0.14935327405012125,1.8117701710453238,0.0005518527000000002,0.4517792861704804,0.008246666666666666,0.082435
Organic Ketchup,Bag of Organic Bananas,0.001045,0.21502057613168724,1.810597940873668,0.0004678426,0.4498826978541549,0.00486,0.11875666666666666
Organic Lowfat 1% Milk,Banana,0.0012133333333333334,0.2658875091307524,1.8094355652165939,0.0005427743166666667,0.4493921961687365,0.004563333333333333,0.146945
Large Grapefruit,Banana,0.0017816666666666666,0.265788165091994,1.808759502480479,0.00079664535,0.45015242352304485,0.006703333333333334,0.146945
Original No Pulp 100% Florida Orange Juice,Banana,0.0016066666666666666,0.2657111356119074,1.8082352962802914,0.0007181392333333334,0.4496937749150026,0.006046666666666666,0.146945
Banana + Cucumber Kirby,Organic Strawberries,0.0014533333333333334,0.14905982905982906,1.808210457449252,0.0006495920833333334,0.4513678665150354,0.00975,0.082435
Unsweetened Almondmilk,Bag of Organic Bananas,0.003345,0.21469833119383824,1.8078844516280201,0.0014947711333333333,0.4539396847224552,0.01558,0.11875666666666666
Organic Raspberries,Organic Whole Milk,0.0035,0.08212106992022525,1.8065129954953307,0.0015625658333333332,0.466322025687168,0.04262,0.04545833333333334
Organic Whole Milk,Organic Raspberries,0.0035,0.07699358386801099,1.8065129954953305,0.0015625658333333332,0.46770863603200236,0.04545833333333334,0.04262
Organic Navel Orange,Organic Whole Milk,0.001095,0.0820839580209895,1.8056966017449567,0.0004885858333333334,0.45222985432364854,0.01334,0.04545833333333334
Orange Bell Pepper,Organic Baby Spinach,0.0016583333333333333,0.13615216201423097,1.8056118561664474,0.0007399004333333332,0.45167248646300884,0.01218,0.075405
Organic Italian Parsley Bunch,Organic Raspberries,0.0014466666666666666,0.07695035460992908,1.8054987003737466,0.0006454106666666667,0.4546844736342784,0.0188,0.04262
Green Beans,Organic Baby Spinach,0.0012216666666666667,0.13601781406568936,1.8038301712842564,0.0005444040916666666,0.4496628073965919,0.008981666666666667,0.075405
Total 0% Greek Yogurt,Organic Baby Spinach,0.0011066666666666666,0.13584288052373159,1.8015102516243164,0.0004923672666666666,0.4485644860694036,0.008146666666666667,0.075405
Organic Peeled Whole Baby Carrots,Limes,0.0013933333333333332,0.07928679817905918,1.8010857875832167,0.000619725911111111,0.452735432712332,0.017573333333333333,0.04402166666666667
Organic Baby Carrots,Organic Whole Milk,0.0019266666666666666,0.08186968838526912,1.800983062554041,0.0008568805555555553,0.45546633426120525,0.023533333333333333,0.04545833333333334
Orange Bell Pepper,Banana,0.0032233333333333333,0.2646414887794198,1.8009560636933533,0.0014335432333333334,0.4502230863750889,0.01218,0.146945
Banana + Seedless Red Grapes,Organic Baby Spinach,0.0010466666666666667,0.13578378378378378,1.8007265272035513,0.0004654197916666667,0.448122871230063,0.0077083333333333335,0.075405
Organic Baby Carrots,Large Lemon,0.0020266666666666666,0.08611898016997167,1.79739070898786,0.0008991062222222222,0.45432983402385246,0.023533333333333333,0.047913333333333336
Large Alfresco Eggs,Large Lemon,0.0010866666666666668,0.08602718036680303,1.7954747537248439,0.0004814414111111112,0.44871222662982907,0.012631666666666666,0.047913333333333336
Organic Baby Spinach + Banana,Organic Hass Avocado,0.0019216666666666666,0.1194694850274583,1.7953636982536438,0.0008513171500000001,0.45025209682478146,0.016085,0.06654333333333333
Carrots + Organic Baby Spinach,Banana,0.0010333333333333334,0.26371756699276905,1.7946685289922697,0.0004575538416666667,0.4445358800793583,0.0039183333333333336,0.146945
Apple Honeycrisp Organic,Organic Blueberries,0.0014433333333333334,0.055705647755049534,1.7923310088497275,0.0006380505333333334,0.453825975126379,0.02591,0.03108
Organic Gala Apples,Organic Garlic,0.0013683333333333334,0.06087343367687403,1.7923280109002069,0.0006048942055555557,0.45223182866982264,0.022478333333333333,0.03396333333333333
Organic Unsweetened Almond Milk,Organic Blueberries,0.0010133333333333333,0.055698057896665445,1.7920868049120156,0.0004478845333333334,0.4501816200638351,0.018193333333333332,0.03108
Organic Garnet Sweet Potato (Yam),Organic Raspberries,0.0012516666666666668,0.07634441394734168,1.7912814159395045,0.0005529117666666668,0.4491034776140172,0.016395,0.04262
Total 2% Lowfat Plain Greek Yogurt,Banana,0.0013116666666666667,0.2630347593582888,1.7900218405409425,0.0005789009333333334,0.4435594817575869,0.004986666666666667,0.146945
Organic Strawberries + Banana,Organic Garlic,0.0010583333333333334,0.060788818686578615,1.789836647951083,0.00046703170000000015,0.4491087791200711,0.01741,0.03396333333333333
"YoKids Squeezers Organic Low-Fat Yogurt, Strawberry",Bag of Organic Bananas,0.0013116666666666667,0.21241565452091768,1.7886629903240605,0.00057834425,0.44366280716077433,0.006175,0.11875666666666666
Organic Baby Carrots,Organic Yellow Onion,0.0014916666666666667,0.06338526912181303,1.78843928864744,0.0006576061111111111,0.4514780421029264,0.023533333333333333,0.03544166666666667
Organic Baby Spinach + Organic Baby Carrots,Banana,0.0010183333333333333,0.2627956989247312,1.7883949703952582,0.00044892145833333333,0.44255430053322414,0.003875,0.146945
Organic Strawberries + Banana,Organic Zucchini,0.0010166666666666666,0.05839555810836685,1.787163216782459,0.00044779491666666657,0.44825819150758967,0.01741,0.032675
Organic Sour Cream,Organic Strawberries,0.00121,0.14732142857142858,1.7871223214827268,0.0005329338666666667,0.44408866031795696,0.008213333333333333,0.082435
Jalapeno Peppers,Organic Baby Spinach,0.0017933333333333334,0.13470205307961944,1.786380917440746,0.0007894414333333335,0.4461487041092079,0.013313333333333333,0.075405
100% Recycled Paper Towels,Organic Baby Spinach,0.0011733333333333333,0.13463377318799005,1.7854754086332478,0.0005161787583333333,0.4437927317824843,0.008715,0.075405
Organic Red Onion,Organic Raspberries,0.0016066666666666666,0.076001261431725,1.7832299725885736,0.0007056798666666667,0.44870546761017543,0.02114,0.04262
Organic Garlic,Organic Whole Milk,0.0027516666666666666,0.0810187457061537,1.7822638835450857,0.0012077501388888887,0.4543469976039293,0.03396333333333333,0.04545833333333334
Organic Whole Milk,Organic Garlic,0.0027516666666666666,0.060531622364802924,1.7822638835450857,0.0012077501388888887,0.45981843894571517,0.04545833333333334,0.03396333333333333
Spaghetti,Banana,0.0012383333333333333,0.26171187037689325,1.7810192274449166,0.0005430385749999999,0.44060856115951763,0.004731666666666667,0.146945
Michigan Organic Kale,Organic Strawberries,0.0030783333333333335,0.1467270416269463,1.7799119503481085,0.0013488470333333337,0.44756435606462686,0.02098,0.082435
Whipped Cream Cheese,Organic Baby Spinach,0.0012683333333333333,0.1341915006171751,1.7796101136154778,0.0005556304083333333,0.44225925260751153,0.009451666666666667,0.075405
Broccoli Crown,Organic Whole Milk,0.0010916666666666666,0.08087418199777749,1.7790837469721903,0.00047805493055555546,0.44390488965486297,0.013498333333333333,0.04545833333333334
Organic Avocado,Organic Yellow Onion,0.003465,0.06304585152838428,1.7788624931592083,0.001517126,0.4633063166035315,0.05496,0.03544166666666667
Organic Yellow Onion,Organic Avocado,0.003465,0.09776628262403007,1.778862493159208,0.001517126,0.4539310753035514,0.03544166666666667,0.05496
Organic Carrot Bunch,Organic Strawberries,0.001665,0.14654540120287515,1.7777085121959746,0.0007284010083333333,0.4425056851761595,0.011361666666666667,0.082435
Organic Tomato Basil Pasta Sauce,Bag of Organic Bananas,0.001115,0.21110760492268862,1.7776484541725823,0.00048776687222222245,0.4397818594136783,0.005281666666666666,0.11875666666666666
Green Bell Pepper,Organic Strawberries,0.002586666666666667,0.14644272504246084,1.7764629713405817,0.0011305897833333335,0.4449428530514434,0.017663333333333333,0.082435
Apple Honeycrisp Organic,Limes,0.002025,0.0781551524507912,1.7753792250208125,0.0008843986166666665,0.4483569871502312,0.02591,0.04402166666666667
Original Veggie Straws,Bag of Organic Bananas,0.0011366666666666667,0.21068890948409022,1.7741227957792425,0.0004959744500000001,0.43870798795277655,0.005395,0.11875666666666666
Cantaloupe,Banana,0.0019333333333333333,0.2604400538841491,1.7723641762846583,0.0008425116166666667,0.4390410185171139,0.007423333333333333,0.146945
Total 2% All Natural Low Fat 2% Milkfat Greek Strained Yogurt,Banana,0.0011766666666666666,0.26013264554163595,1.770272180350716,0.00051198545,0.43709222715528,0.004523333333333333,0.146945
Fresh Cauliflower,Organic Whole Milk,0.0017966666666666667,0.08045977011494253,1.769967445241632,0.0007815820833333334,0.4449536726532032,0.02233,0.04545833333333334
Organic Ginger Root,Bag of Organic Bananas,0.00341,0.21004003695719126,1.768658912823347,0.0014819855166666666,0.44177202712031793,0.016235,0.11875666666666666
Organic Baby Spinach + Organic Grape Tomatoes,Banana,0.0012916666666666667,0.2595445411922304,1.7662699730663203,0.0005603703833333334,0.4360049869690202,0.0049766666666666666,0.146945
Organic Baby Spinach + Limes,Bag of Organic Bananas,0.0013516666666666666,0.2095607235142119,1.764622815680904,0.0005856861666666667,0.4361196300602511,0.00645,0.11875666666666666
Bag of Organic Bananas,Organic Baby Spinach,0.015798333333333334,0.13303112807702025,1.7642215778399344,0.006843486883333335,0.4915529669237324,0.11875666666666666,0.075405
Organic Baby Spinach,Bag of Organic Bananas,0.015798333333333334,0.20951307384567777,1.7642215778399342,0.006843486883333335,0.46850542678876667,0.075405,0.11875666666666666
Organic D'Anjou Pears,Organic Avocado,0.0014383333333333333,0.09687920969914683,1.7627221560980135,0.0006223605333333333,0.43921652121545385,0.014846666666666666,0.05496
Raisin Bran Cereal,Banana,0.0012283333333333332,0.2587780898876404,1.7610540670838777,0.0005308344,0.4342193577809081,0.004746666666666666,0.146945
Organic Kiwi,Large Lemon,0.0013116666666666667,0.0842792889269651,1.7589944815701632,0.0005659754888888889,0.4383150270299304,0.015563333333333334,0.047913333333333336
Organic Yellow Onion,Organic Raspberries,0.0026533333333333335,0.0748648013167176,1.756565023855411,0.0011428095,0.44653297069292486,0.03544166666666667,0.04262
Organic Raspberries,Organic Yellow Onion,0.0026533333333333335,0.06225559205380885,1.7565650238554107,0.0011428095,0.4498810273767467,0.04262,0.03544166666666667
Organic Baby Arugula,Organic Strawberries,0.0032366666666666668,0.14472017288918698,1.755567087877564,0.0013930078916666669,0.44022921506643353,0.022365,0.082435
Organic Cucumber,Organic Whole Milk,0.0020283333333333334,0.07963617327574925,1.7518498245811016,0.0008705095833333332,0.44039158888812596,0.02547,0.04545833333333334
Organic Spring Mix,Organic Hass Avocado,0.0011733333333333333,0.116517709367759,1.751004999765952,0.0005032419666666666,0.43326235532723617,0.01007,0.06654333333333333
Boneless Skinless Chicken Breasts,Strawberries,0.0012083333333333334,0.07805770887166236,1.7505653480973842,0.0005180801333333334,0.43549747330048466,0.01548,0.04459
Organic White Onions,Organic Strawberries,0.0010233333333333333,0.14430082256169213,1.7504800456322211,0.0004387317916666667,0.4317902476856573,0.007091666666666666,0.082435
Organic Gala Apples,Organic Avocado,0.0021616666666666668,0.09616667902424557,1.7497576241674957,0.0009262574666666667,0.43834555191059865,0.022478333333333333,0.05496
Organic White Onions,Bag of Organic Bananas,0.0014733333333333334,0.20775558166862518,1.7494224745442377,0.0006311506388888891,0.43144243249326714,0.007091666666666666,0.11875666666666666
Apple Honeycrisp Organic,Large Lemon,0.002171666666666667,0.08381577254599254,1.7493204232501574,0.0009302322000000001,0.4397431856957908,0.02591,0.047913333333333336
Garlic,Organic Avocado,0.0010966666666666666,0.09603035610040864,1.7472772216231556,0.0004690234666666666,0.43262151029191054,0.01142,0.05496
Organic Whole String Cheese,Organic Garlic,0.0010983333333333333,0.059251933105556556,1.7445853304217263,0.00046876634444444445,0.434858716765152,0.018536666666666667,0.03396333333333333
Total Greek Strained Yogurt,Organic Baby Spinach,0.0010733333333333333,0.1314822376480196,1.7436806265900089,0.00045777718333333325,0.4300108028873634,0.008163333333333333,0.075405
2% Reduced Fat Milk,Banana,0.0029733333333333335,0.25599081647295163,1.7420859265232,0.0012665671583333336,0.4309813500625914,0.011615,0.146945
No Salt Added Black Beans,Organic Hass Avocado,0.0010166666666666666,0.11590347710431313,1.7417744392773602,0.0004329707277777777,0.4296415191870041,0.008771666666666667,0.06654333333333333
Seedless Red Grapes,Organic Raspberries,0.0019266666666666666,0.07420245201874318,1.7410242144238193,0.0008200383666666668,0.4369714125539531,0.025965,0.04262
Organic Baby Carrots,Bag of Organic Bananas,0.004863333333333333,0.206657223796034,1.7401736643222891,0.0020685931111111113,0.4355957305140255,0.023533333333333333,0.11875666666666666
Organic Heavy Whipping Cream,Organic Strawberries,0.0010733333333333333,0.1432703003337041,1.7379790178165113,0.0004557577916666667,0.42782417668265377,0.0074916666666666664,0.082435
Honeycrisp Apple,Organic Strawberries,0.003618333333333333,0.1432246998284734,1.7374258485894756,0.0015357504500000002,0.43543644430133926,0.025263333333333332,0.082435
Red Onion,Banana,0.003353333333333333,0.2550063371356147,1.7353862815040644,0.0014210065833333333,0.42940610882004926,0.01315,0.146945
Vanilla Almond Breeze Almond Milk,Organic Baby Spinach,0.0012566666666666666,0.13069856127578436,1.7332877299354732,0.0005316475916666665,0.4271689737140912,0.009615,0.075405
Cucumber Kirby,Organic Garlic,0.0017433333333333333,0.058816914080071975,1.7317768401238192,0.0007366601333333334,0.43546559409028934,0.02964,0.03396333333333333
Organic Garlic,Cucumber Kirby,0.0017433333333333333,0.051329865541269996,1.7317768401238192,0.0007366601333333334,0.43741444653389955,0.03396333333333333,0.02964
Organic Grade A Free Range Large Brown Eggs,Organic Avocado,0.0011933333333333334,0.09517479728831583,1.7317102854497057,0.0005042265333333333,0.4279013711424934,0.012538333333333334,0.05496
Organic Baby Spinach,Organic Raspberries,0.005565,0.07380147205092501,1.7316159561455893,0.0023512388999999997,0.4569619605722613,0.075405,0.04262
Organic Raspberries,Organic Baby Spinach,0.005565,0.13057250117315813,1.731615956145589,0.0023512388999999997,0.44131352643183475,0.04262,0.075405
Honeycrisp Apple,Organic Whole Milk,0.0019883333333333333,0.07870431455337115,1.7313506409540858,0.0008399043055555555,0.4333644788389168,0.025263333333333332,0.04545833333333334
Sea Salt Pita Chips,Banana,0.00136,0.2543640897755612,1.7310156165610344,0.0005743340666666669,0.4245745192137098,0.005346666666666666,0.146945
Organic Granny Smith Apple,Organic Avocado,0.0017366666666666667,0.09509902345532537,1.7303315766980598,0.0007330054666666668,0.42992727300347355,0.018261666666666666,0.05496
Organic Garlic,Organic Strawberries,0.004838333333333333,0.1424575522622436,1.728119758139669,0.0020385659500000005,0.4361494908153008,0.03396333333333333,0.082435
Organic Strawberries,Organic Garlic,0.004838333333333333,0.05869270738561695,1.728119758139669,0.0020385659500000005,0.4591897034821262,0.082435,0.03396333333333333
Organic Peeled Whole Baby Carrots,Bag of Organic Bananas,0.003605,0.2051403641881639,1.727400826801279,0.0015180495111111114,0.42862798729876966,0.017573333333333333,0.11875666666666666
Original Hummus,Banana,0.0056366666666666666,0.25380863039399626,1.7272355670080388,0.002373263125,0.4306031543168551,0.022208333333333333,0.146945
Organic Reduced Fat Milk,Organic Baby Spinach,0.001435,0.13023748298290727,1.7271730386964694,0.0006041625750000001,0.42570982882514635,0.011018333333333333,0.075405
Fresh Ginger Root,Organic Baby Spinach,0.0010016666666666668,0.13022751895991336,1.7270408986130013,0.00042167654166666677,0.42423801419786306,0.007691666666666667,0.075405
100% Whole Wheat Bread,Organic Raspberries,0.0013766666666666667,0.07359885948498619,1.7268620245186812,0.0005794595666666668,0.4289382290415343,0.018705,0.04262
Italian Sparkling Mineral Water,Organic Baby Spinach,0.0012483333333333333,0.13014769765421372,1.725982330803179,0.0005250737083333333,0.4246933097198057,0.009591666666666667,0.075405
Organic Basil,Organic Strawberries,0.00122,0.1422187682144939,1.7252231238490192,0.0005128450916666666,0.42400206024174647,0.008578333333333334,0.082435
100% Raw Coconut Water,Organic Strawberries,0.00167,0.1420873511060692,1.7236289331724295,0.0007011139666666668,0.4248217947154458,0.011753333333333333,0.082435
Organic AppleApple,Banana,0.0012966666666666667,0.25317279531402537,1.7229085393448256,0.0005440633583333334,0.42174618088858473,0.005121666666666667,0.146945
Organic Italian Parsley Bunch,Organic Avocado,0.00178,0.09468085106382979,1.7227229087305274,0.0007467519999999998,0.4275617565283509,0.0188,0.05496
Ezekiel 4:9 Bread Organic Sprouted Whole Grain,Bag of Organic Bananas,0.0011416666666666667,0.2044776119402985,1.721820068546034,0.0004786086111111112,0.42157300401695363,0.005583333333333333,0.11875666666666666
Air Chilled Organic Boneless Skinless Chicken Breasts,Bag of Organic Bananas,0.0010866666666666668,0.20445280652242084,1.72161119254291,0.00045547498333333347,0.42138843721249614,0.005315,0.11875666666666666
Honeycrisp Apple,Organic Garlic,0.0014766666666666667,0.05845098297928487,1.7210025413470862,0.0006186396555555557,0.42980155324002045,0.025263333333333332,0.03396333333333333
Organic Strawberries + Organic Avocado,Bag of Organic Bananas,0.0015233333333333334,0.20424581005586592,1.719868162257832,0.0006376065277777778,0.42170530259557126,0.007458333333333333,0.11875666666666666
Organic Ginger Root,Organic Raspberries,0.00119,0.07329842931937172,1.7198129826225181,0.0004980643000000001,0.4254485863711645,0.016235,0.04262
Bag of Organic Bananas + Organic Baby Spinach,Large Lemon,0.0013,0.08228716109294229,1.7174167474525315,0.0005430491888888888,0.4244355191085281,0.015798333333333334,0.047913333333333336
Organic Baby Arugula,Organic Raspberries,0.0016366666666666667,0.0731798196586929,1.7170300248402839,0.0006834703666666668,0.4271522623848982,0.022365,0.04262
Organic Large Grade AA Brown Eggs,Organic Baby Spinach,0.0010333333333333334,0.12946335351847985,1.7169067504605775,0.00043147575833333337,0.4209168031006191,0.007981666666666666,0.075405
Bunched Cilantro,Banana,0.00361,0.2521830247991617,1.716172886448411,0.001506482325,0.42336864542799985,0.014315,0.146945
Small Hass Avocado,Organic Baby Spinach,0.002013333333333333,0.12940546331012318,1.7161390267239993,0.000840157208333333,0.4238916746266961,0.015558333333333334,0.075405
Shredded Mozzarella,Organic Strawberries,0.0010083333333333333,0.1414542903904606,1.7159494194269498,0.00042070917499999996,0.4202277632417296,0.007128333333333334,0.082435
Salted Butter,Banana,0.0015166666666666666,0.2517985611510791,1.7135565085649673,0.00063156795,0.41894185501144754,0.006023333333333334,0.146945
Shredded Mozzarella,Banana,0.0017933333333333334,0.25157820902501754,1.7120569534520913,0.0007458603916666666,0.4188932926194016,0.007128333333333334,0.146945
European Cucumber,Banana,0.0014416666666666666,0.25138041267073524,1.7107108963948092,0.0005989370916666667,0.4178440291487868,0.005735,0.146945
Strawberry Preserves,Banana,0.0011733333333333333,0.251249107780157,1.709817331519664,0.0004871001833333334,0.41709001206086976,0.00467,0.146945
2% Reduced Fat Organic Milk,Banana,0.0012583333333333333,0.2512479201331115,1.7098092492640886,0.0005223837916666666,0.417229059291377,0.005008333333333333,0.146945
Organic Red Bell Pepper,Large Lemon,0.0014833333333333332,0.08184660658451351,1.7082219267673613,0.0006149840222222221,0.4222485207281157,0.018123333333333335,0.047913333333333336
Organic Whole Milk,Organic Zucchini,0.0025366666666666667,0.05580201649862511,1.7077893343114035,0.0010513156249999998,0.43418501092335327,0.04545833333333334,0.032675
Organic Zucchini,Organic Whole Milk,0.0025366666666666667,0.07763325682223922,1.7077893343114035,0.0010513156249999998,0.4284471961010648,0.032675,0.04545833333333334
Bag of Organic Bananas,Organic Whole Milk,0.009206666666666667,0.07752547225418924,1.7054182714028796,0.003808186527777778,0.46937499338706967,0.11875666666666666,0.04545833333333334
Organic Whole Milk,Bag of Organic Bananas,0.009206666666666667,0.20252978918423462,1.7054182714028794,0.003808186527777778,0.4333321406494208,0.04545833333333334,0.11875666666666666
Unsweetened Original Almond Breeze Almond Milk,Organic Baby Spinach,0.0014083333333333333,0.12857577601947656,1.705135946150475,0.0005823972333333332,0.4181162638514732,0.010953333333333334,0.075405
Large Lemon,Strawberries,0.00364,0.07597050229581188,1.7037564991211458,0.0015035444666666666,0.43384880928206815,0.047913333333333336,0.04459
Strawberries,Large Lemon,0.00364,0.08163265306122448,1.7037564991211454,0.0015035444666666666,0.4323396936044909,0.04459,0.047913333333333336
Red Peppers,Organic Hass Avocado,0.0019883333333333333,0.11334916864608076,1.7033887989693046,0.0008210523611111111,0.42030786839284406,0.017541666666666667,0.06654333333333333
Organic Extra Firm Tofu,Banana,0.0022583333333333335,0.25023084025854114,1.7028877488757097,0.0009321547083333335,0.4165213375436563,0.009025,0.146945
Skim Milk,Banana,0.001105,0.25018867924528304,1.7026008319118244,0.00045599291666666673,0.4144939546344772,0.004416666666666667,0.146945
100% Whole Wheat Bread,Strawberries,0.00142,0.07591553060678963,1.7025236736216558,0.0005859440500000002,0.4205021476004439,0.018705,0.04459
Organic Spring Mix,Organic Strawberries,0.0014116666666666668,0.14018536908308504,1.7005564272831328,0.0005815462166666668,0.4161477864861851,0.01007,0.082435
Organic Red Onion,Bag of Organic Bananas,0.004265,0.20175023651844845,1.6988539858964982,0.0017544840666666667,0.4202520214417587,0.02114,0.11875666666666666
Organic Celery Hearts,Bag of Organic Bananas,0.0014966666666666668,0.2015260323159785,1.6969660564962963,0.000614700488888889,0.4137860727630447,0.0074266666666666665,0.11875666666666666
Organic Cucumber,Organic Avocado,0.002375,0.09324695720455438,1.6966331369096501,0.0009751687999999998,0.4213286296714151,0.02547,0.05496
Organic Peeled Whole Baby Carrots,Organic Yellow Onion,0.0010566666666666667,0.06012898330804249,1.6965619555525742,0.00043383844444444444,0.4179168525123352,0.017573333333333333,0.03544166666666667
Carrots,Organic Whole Milk,0.0017533333333333333,0.07709218818701451,1.6958868162129679,0.0007194593055555555,0.4198876517982473,0.022743333333333334,0.04545833333333334
Organic Green Cabbage,Bag of Organic Bananas,0.0013283333333333333,0.201313462995706,1.6951760995512335,0.000544737261111111,0.4128146751131789,0.006598333333333334,0.11875666666666666
Organic Lacinato (Dinosaur) Kale,Organic Strawberries,0.0018766666666666667,0.13970223325062034,1.694695617766972,0.0007692898333333334,0.4155051538695265,0.013433333333333334,0.082435
Seedless Red Grapes,Organic Avocado,0.0024183333333333335,0.09313819885743631,1.6946542732430185,0.0009912969333333336,0.42083614913751066,0.025965,0.05496
Organic Red Onion,Organic Whole Milk,0.0016283333333333334,0.07702617470829391,1.6944346406957413,0.0006673441666666667,0.4186836227574571,0.02114,0.04545833333333334
Michigan Organic Kale,Organic Raspberries,0.001515,0.07221163012392755,1.694313236131571,0.0006208324000000001,0.418572003673371,0.02098,0.04262
Organic Grape Tomatoes,Bag of Organic Bananas,0.005248333333333333,0.20118834653718376,1.6941225464157839,0.0021503677555555554,0.42069855218779384,0.026086666666666668,0.11875666666666666
Organic Extra Firm Tofu,Organic Hass Avocado,0.0010166666666666666,0.11265004616805172,1.6928825251923818,0.00041611308333333325,0.4130190543424901,0.009025,0.06654333333333333
Organic Peeled Whole Baby Carrots,Organic Whole Milk,0.00135,0.07682094081942337,1.6899198713713663,0.0005511455555555556,0.41555871896615454,0.017573333333333333,0.04545833333333334
Organic Red Bell Pepper,Organic Whole Milk,0.0013916666666666667,0.07678867022254919,1.6892099773979656,0.0005678101388888888,0.41553822316021527,0.018123333333333335,0.04545833333333334
Organic Zucchini,Organic Blueberries,0.001715,0.05248661055853099,1.688758383479118,0.000699461,0.4216255959391484,0.032675,0.03108
Organic Blueberries,Organic Zucchini,0.001715,0.05518018018018018,1.6887583834791178,0.000699461,0.4209315315937711,0.03108,0.032675
Lime Sparkling Water,Limes,0.00108,0.0743289745354439,1.6884634354774672,0.0004403651833333334,0.4137574356636497,0.01453,0.04402166666666667
Organic Cilantro,Bag of Organic Bananas,0.004378333333333333,0.20035082367297133,1.6870701182218935,0.001783104311111111,0.41635515711870896,0.021853333333333332,0.11875666666666666
Organic Gala Apples,Large Lemon,0.0018166666666666667,0.08081856602654408,1.6867656746878548,0.0007396547888888889,0.4165119188251097,0.022478333333333333,0.047913333333333336
Organic Lemon,Organic Blueberries,0.00142,0.052337367160144976,1.683956472334137,0.0005767478000000001,0.4174875557348919,0.027131666666666665,0.03108
Non Fat Raspberry Yogurt,Banana,0.001245,0.24743292480953957,1.6838471864271638,0.0005056217416666667,0.4081756848443355,0.005031666666666667,0.146945
Organic Red Onion,Organic Strawberries,0.0029333333333333334,0.13875748975086724,1.6832351519484108,0.0011906574333333335,0.4146721116214967,0.02114,0.082435
Organic Peeled Whole Baby Carrots,Large Lemon,0.0014166666666666668,0.0806145675265554,1.6825080185033128,0.000574669688888889,0.41290531489053917,0.017573333333333333,0.047913333333333336
Whole Milk,Banana,0.0027116666666666665,0.24688922610015174,1.6801471713916891,0.00109772075,0.4093096283378037,0.010983333333333333,0.146945
Grape White/Green Seedless,Organic Hass Avocado,0.00133,0.11167086481947942,1.6781675823194826,0.0005374689,0.40898294172314065,0.01191,0.06654333333333333
Organic Strawberries + Organic Baby Spinach,Banana,0.0029633333333333334,0.24649937612643838,1.677494138122688,0.0011968095250000001,0.40878703203293143,0.012021666666666667,0.146945
Asparagus,Organic Blueberries,0.0011016666666666666,0.05211700701726721,1.6768663776469501,0.00044468726666666665,0.41236629752328147,0.021138333333333332,0.03108
Organic Avocado,Organic Whole Milk,0.004188333333333333,0.07620693837942746,1.6764129432687984,0.001689943333333333,0.42695363269552455,0.05496,0.04545833333333334
Organic Whole Milk,Organic Avocado,0.004188333333333333,0.09213565536205315,1.6764129432687982,0.001689943333333333,0.42270366515438845,0.04545833333333334,0.05496
Original Veggie Straws,Banana,0.0013283333333333333,0.24621563175780042,1.6755631818557994,0.0005355650583333334,0.40537272613352554,0.005395,0.146945
Organic Fat Free Milk,Organic Baby Spinach,0.0010383333333333334,0.12626672071341713,1.6745139011128856,0.0004182528833333335,0.4061516863508388,0.008223333333333332,0.075405
Unsweetened Almondmilk,Limes,0.0011483333333333332,0.07370560547710739,1.6743029298551635,0.0004624757666666665,0.40911045762058496,0.01558,0.04402166666666667
Pretzel Crisps Original Deli Style Pretzel Crackers,Banana,0.0012116666666666667,0.2459404600811908,1.6736905650494458,0.0004877176333333333,0.40451088202568497,0.004926666666666667,0.146945
Large Lemon + Organic Avocado,Organic Strawberries,0.0010516666666666667,0.13795365107127242,1.6734839700524344,0.00042323718333333335,0.4055357656992781,0.0076233333333333335,0.082435
Whipped Cream Cheese,Bag of Organic Bananas,0.0018783333333333334,0.19873038264856285,1.6734250651070497,0.0007558849055555555,0.4062630603038837,0.009451666666666667,0.11875666666666666
Organic Ginger Root,Organic Whole Milk,0.001235,0.07607021866338158,1.6734053601477157,0.0004969839583333333,0.40905720430569503,0.016235,0.04545833333333334
100% Whole Wheat Bread,Organic Strawberries,0.0025783333333333335,0.13784193174730464,1.672128728662639,0.0010363866583333336,0.4096218967776751,0.018705,0.082435
Sweet Onion,Bag of Organic Bananas,0.0012283333333333332,0.19838492597577387,1.6705161195927853,0.0004930316388888888,0.4038833205720872,0.0061916666666666665,0.11875666666666666
100% Whole Wheat Bread,Banana,0.00459,0.2453889334402566,1.669937278847573,0.0018413937750000006,0.40882213236497184,0.018705,0.146945
Organic Ginger Root,Organic Avocado,0.00149,0.0917770249461041,1.6698876445797688,0.0005977244,0.40777758452093904,0.016235,0.05496
Roasted Turkey Breast,Banana,0.0013366666666666666,0.24525993883792047,1.6690594361014017,0.0005358164166666666,0.4030568217734283,0.00545,0.146945
Organic Strawberries + Organic Grape Tomatoes,Banana,0.0011983333333333334,0.24497444633730836,1.6671165833291937,0.0004795273750000001,0.4021290073474504,0.0048916666666666666,0.146945
Organic Small Bunch Celery,Organic Avocado,0.0019266666666666666,0.0914339950961006,1.6636461989829077,0.0007685678666666665,0.40749730481405316,0.021071666666666666,0.05496
Bag of Organic Bananas + Organic Strawberries,Limes,0.00143,0.07322693522232653,1.6634294148107338,0.0005703302194444445,0.406775978183787,0.019528333333333335,0.04402166666666667
Banana + Limes,Organic Hass Avocado,0.0011083333333333333,0.11068575233022634,1.6633635074421633,0.0004420127555555556,0.40284229543811995,0.010013333333333334,0.06654333333333333
Carrots,Organic Strawberries,0.0031166666666666665,0.13703649421075773,1.6623581514011978,0.0012418199833333333,0.4077177757175727,0.022743333333333334,0.082435
Sharp Cheddar Cheese,Organic Baby Spinach,0.0011816666666666666,0.12533144776383243,1.6621105730897476,0.0004707231916666665,0.4021468851786175,0.009428333333333334,0.075405
Organic Blueberries,Organic Avocado,0.0028383333333333333,0.09132346632346633,1.6616351223338124,0.0011301765333333333,0.4109556610772256,0.03108,0.05496
Organic Avocado,Organic Blueberries,0.0028383333333333333,0.051643619602134885,1.6616351223338122,0.0011301765333333333,0.4213400058526045,0.05496,0.03108
Organic Italian Parsley Bunch,Organic Strawberries,0.002575,0.13696808510638298,1.6615282963108264,0.0010252220000000001,0.4057729983891332,0.0188,0.082435
Organic Whole Milk,Organic Yellow Onion,0.0026766666666666666,0.058881759853345546,1.661371075100274,0.001065547569444444,0.4170457134342835,0.04545833333333334,0.03544166666666667
Organic Yellow Onion,Organic Whole Milk,0.0026766666666666666,0.07552316012226662,1.6613710751002737,0.001065547569444444,0.4127148111426646,0.03544166666666667,0.04545833333333334
Organic Hass Avocado,Organic Whole Milk,0.005025,0.07551470219906828,1.6611850162948107,0.002000050972222222,0.4263937557978819,0.06654333333333333,0.04545833333333334
Organic Whole Milk,Organic Hass Avocado,0.005025,0.11054078826764435,1.6611850162948107,0.002000050972222222,0.41697508644592596,0.04545833333333334,0.06654333333333333
White Onion,Banana,0.001205,0.24409182984469951,1.6611101421940149,0.00047958151666666667,0.39996746594623794,0.0049366666666666665,0.146945
Organic Whole String Cheese,Organic Avocado,0.0016916666666666666,0.09126056464664628,1.6604906231194738,0.0006728914666666666,0.40528091184911264,0.018536666666666667,0.05496
Organic Fat Free Milk,Banana,0.002005,0.24381840291852458,1.6592493988807009,0.0007966222833333334,0.4006122148289879,0.008223333333333332,0.146945
Fresh Cauliflower,Bag of Organic Bananas,0.0044,0.19704433497536947,1.6592275659643203,0.0017481636333333338,0.4063844821531465,0.02233,0.11875666666666666
Boneless Skinless Chicken Breast,Banana,0.00167,0.24367704280155641,1.6582874055024426,0.0006629369333333334,0.3997075526470353,0.006853333333333334,0.146945
Bing Cherries,Banana,0.00109,0.2435754189944134,1.6575958283331411,0.00043242112500000015,0.3984999155625093,0.004475,0.146945
Mini Original Babybel Cheese,Banana,0.001165,0.24338440111420612,1.6562959006036688,0.0004616232666666667,0.3981489536783021,0.0047866666666666665,0.146945
Organic Strawberries + Organic Whole String Cheese,Banana,0.001025,0.24337158686189156,1.656208696191715,0.00040611664166666684,0.39788712566784845,0.0042116666666666665,0.146945
Honeycrisp Apple,Organic Baby Spinach,0.0031533333333333335,0.12481857764876633,1.6553090332042482,0.0012483516833333337,0.4061437424204336,0.025263333333333332,0.075405
Organic Celery Hearts,Organic Strawberries,0.0010133333333333333,0.13644524236983843,1.655185811485879,0.00040111606666666673,0.39879997818889346,0.0074266666666666665,0.082435
Whipped Cream Cheese,Banana,0.0022983333333333332,0.24316698994886263,1.6548163595145302,0.0009094581749999999,0.39947908250449804,0.009451666666666667,0.146945
Pineapple Chunks,Organic Strawberries,0.00106,0.13639288012009437,1.6545506170933995,0.00041934265833333333,0.3987048828947714,0.007771666666666666,0.082435
Organic Tomato Cluster,Organic Avocado,0.0018266666666666668,0.09092417454786793,1.6543699881344236,0.0007225202666666668,0.4036496126897398,0.02009,0.05496
Organic Romaine Lettuce,Bag of Organic Bananas,0.002171666666666667,0.19638281838733987,1.6536572126814484,0.0008584158611111112,0.39969976509031807,0.011058333333333333,0.11875666666666666
Organic Tomato Cluster,Large Lemon,0.00159,0.07914385266301642,1.6518127034162324,0.0006274211333333333,0.4026946213153918,0.02009,0.047913333333333336
Organic Leek,Bag of Organic Bananas,0.0011933333333333334,0.1960032849712565,1.650461321227635,0.00047030316111111115,0.39652295817085165,0.006088333333333334,0.11875666666666666
Organic Bartlett Pear,Organic Avocado,0.00106,0.09070165430690245,1.650321221013509,0.00041770079999999996,0.39871703153240806,0.011686666666666666,0.05496
Bag of Organic Bananas,Organic Garlic,0.006655,0.0560389592163247,1.6499840774263825,0.002621627744444445,0.4470201707864261,0.11875666666666666,0.03396333333333333
Organic Garlic,Bag of Organic Bananas,0.006655,0.19594660908823242,1.6499840774263823,0.002621627744444445,0.40778322289809504,0.03396333333333333,0.11875666666666666
Organic Ginger Root,Organic Strawberries,0.0022066666666666667,0.13592033672107587,1.648818301947909,0.0008683344416666669,0.39999901804589055,0.016235,0.082435
Organic Baby Spinach + Banana,Organic Raspberries,0.00113,0.07025178737954615,1.6483291266904307,0.0004444573,0.3997551051135389,0.016085,0.04262
Organic Avocado,Organic Strawberries,0.007458333333333333,0.1357047549733139,1.6462031294148591,0.0029277057333333334,0.41537030267289093,0.05496,0.082435
Organic Strawberries,Organic Avocado,0.007458333333333333,0.09047532399264066,1.6462031294148591,0.0029277057333333334,0.42780789463197577,0.082435,0.05496
Large Alfresco Eggs,Organic Strawberries,0.0017133333333333334,0.13563794695870168,1.645392696775662,0.0006720418916666669,0.3972604103046212,0.012631666666666666,0.082435
Limes,Organic Strawberries,0.005966666666666667,0.13553931776019384,1.6441962486831303,0.0023377405750000003,0.4098420253967211,0.04402166666666667,0.082435
Organic Strawberries,Limes,0.005966666666666667,0.07238025919411253,1.6441962486831303,0.0023377405750000003,0.4269998271171144,0.082435,0.04402166666666667
Total 2% All Natural Plain Greek Yogurt,Banana,0.0012866666666666666,0.24147638411010322,1.6433113349219315,0.000503694725,0.3935696545059839,0.005328333333333333,0.146945
Organic Baby Spinach,Organic Whole Milk,0.005631666666666667,0.07468558672059766,1.6429459956868413,0.0022038810416666666,0.4232526316310195,0.075405,0.04545833333333334
Organic Whole Milk,Organic Baby Spinach,0.005631666666666667,0.12388634280476625,1.642945995686841,0.0022038810416666666,0.409974001773503,0.04545833333333334,0.075405
Sparkling Natural Mineral Water,Organic Hass Avocado,0.0014383333333333333,0.10925433599189771,1.6418524669423091,0.0005622903500000001,0.3961471544611344,0.013165,0.06654333333333333
Organic Beef Hot Dogs,Bag of Organic Bananas,0.00101,0.19491798005789643,1.641322424491788,0.000394642538888889,0.39277039226797045,0.005181666666666667,0.11875666666666666
"Organic Red Radish, Bunch",Bag of Organic Bananas,0.0016383333333333334,0.19484638255698714,1.6407195320149366,0.0006397876944444446,0.3938227014664411,0.008408333333333334,0.11875666666666666
Lightly Salted Baked Snap Pea Crisps,Bag of Organic Bananas,0.001505,0.1945282205945713,1.6380404237901423,0.0005862192555555556,0.39255149558951913,0.007736666666666667,0.11875666666666666
Original Hummus,Large Lemon,0.0017416666666666668,0.07842401500938086,1.6367889594277345,0.0006775913888888889,0.39788402853401184,0.022208333333333333,0.047913333333333336
Bunched Cilantro,Organic Baby Spinach,0.001765,0.12329724065665386,1.6351334879206134,0.0006855774250000002,0.3940702516294122,0.014315,0.075405
Sparkling Water Grapefruit,Limes,0.0017083333333333334,0.07188442387264184,1.632932810494268,0.000662158425,0.39704060160444676,0.023765,0.04402166666666667
Red Raspberries,Organic Baby Spinach,0.0010133333333333333,0.12287793047696038,1.6295727137054623,0.00039149343333333333,0.3895547319703506,0.008246666666666666,0.075405
Globe Eggplant,Bag of Organic Bananas,0.001035,0.19351822997818632,1.6295357171093805,0.00039984976111111107,0.3884055941912042,0.005348333333333333,0.11875666666666666
Organic Whole String Cheese,Banana,0.004433333333333333,0.23916561769465924,1.6275859518504152,0.0017094628500000002,0.39287573051818925,0.018536666666666667,0.146945
Organic Sour Cream,Bag of Organic Bananas,0.0015866666666666666,0.19318181818181815,1.6267029346996784,0.0006112785777777778,0.38845007781559604,0.008213333333333333,0.11875666666666666
Unsweetened Almondmilk,Organic Avocado,0.00139,0.08921694480102696,1.6233068559138821,0.0005337231999999999,0.3900505121592979,0.01558,0.05496
100% Recycled Paper Towels,Bag of Organic Bananas,0.00168,0.1927710843373494,1.623244317545817,0.00064503565,0.3873253319344756,0.008715,0.11875666666666666
Banana + Large Lemon,Organic Strawberries,0.001715,0.13379274476661032,1.6230089739383797,0.0006583206916666666,0.3888448039248602,0.012818333333333333,0.082435
Organic Baby Spinach + Organic Garlic,Banana,0.0015466666666666667,0.23843782117163412,1.6226331019880509,0.0005934834333333334,0.38622303717007544,0.006486666666666667,0.146945
Yellow Bell Pepper,Organic Strawberries,0.0010633333333333332,0.133696563285834,1.6218422185459334,0.0004077003,0.3864911026006989,0.007953333333333333,0.082435
Vanilla Skyr Nonfat Yogurt,Banana,0.0013633333333333334,0.23813682678311499,1.6205847547253394,0.0005220732083333334,0.3851437314813125,0.005725,0.146945
Organic Unsweetened Almond Milk,Organic Avocado,0.00162,0.08904360571637962,1.6201529424377659,0.0006200944,0.38986730685707405,0.018193333333333332,0.05496
Original Hummus,Organic Yellow Onion,0.001275,0.057410881801125704,1.6198696957759426,0.00048789965277777777,0.3913577987834954,0.022208333333333333,0.03544166666666667
Extra Virgin Olive Oil,Organic Avocado,0.0014016666666666667,0.088994708994709,1.6192632640958697,0.0005360466666666667,0.38855493644399897,0.01575,0.05496
Feta Cheese Crumbles,Banana,0.002365,0.23776809651474531,1.618075446696011,0.0009033870666666668,0.3858194639723284,0.009946666666666666,0.146945
Fat Free Milk,Banana,0.00216,0.23762376237623759,1.6170932143062888,0.00082426995,0.3851070817060413,0.00909,0.146945
Organic Baby Carrots,Strawberries,0.0016966666666666666,0.07209631728045325,1.6168718833920892,0.0006473153333333335,0.3907166731743213,0.023533333333333333,0.04459
Organic Blackberries,Banana,0.004568333333333333,0.23754224802842533,1.6165384873825264,0.0017423360749999998,0.38887292659779443,0.019231666666666668,0.146945
White Corn,Banana,0.0014183333333333333,0.23724560914413156,1.614519780490194,0.0005398471416666667,0.3829099447197907,0.005978333333333334,0.146945
Cherubs Heavenly Salad Tomatoes,Banana,0.001625,0.23722627737226276,1.6143882226156914,0.0006184267499999999,0.38319519477652686,0.00685,0.146945
Organic Blackberries,Organic Avocado,0.001705,0.0886558627264061,1.6130979389811881,0.0006480275999999998,0.38752764112797006,0.019231666666666668,0.05496
Organic Avocado,Strawberries,0.003948333333333333,0.07184012615235323,1.6111263994696845,0.0014976669333333333,0.40137585149642857,0.05496,0.04459
Strawberries,Organic Avocado,0.003948333333333333,0.08854750691485386,1.6111263994696845,0.0014976669333333333,0.3970193264652713,0.04459,0.05496
"Clementines, Bag",Organic Avocado,0.0010866666666666668,0.0884547551214218,1.609438775862842,0.0004114830666666667,0.3833751626461136,0.012285,0.05496
Shredded Mild Cheddar Cheese,Banana,0.0019666666666666665,0.23647294589178353,1.6092616005429483,0.0007445740833333333,0.38177206251198176,0.008316666666666667,0.146945
Organic Hass Avocado + Large Lemon,Banana,0.0011116666666666666,0.23602264685067234,1.6061971952136673,0.0004195557166666667,0.37919745931372756,0.00471,0.146945
Organic Egg Whites,Bag of Organic Bananas,0.0011516666666666667,0.19041058142739048,1.603367514194772,0.0004333867611111112,0.3786025871030403,0.0060483333333333335,0.11875666666666666
Michigan Organic Kale,Banana,0.00494,0.23546234509056244,1.6023841919804176,0.0018570939000000005,0.3839859648130326,0.02098,0.146945
Organic Granny Smith Apple,Organic Whole Milk,0.00133,0.07283015423929907,1.6021298824410428,0.0004998550694444444,0.38282184419290666,0.018261666666666666,0.04545833333333334
Red Peppers,Strawberries,0.0012516666666666668,0.071353919239905,1.6002224543598342,0.00046948375000000007,0.38178401203219214,0.017541666666666667,0.04459
Honeycrisp Apple,Organic Zucchini,0.00132,0.05224963715529753,1.5990707622126252,0.0004945205833333333,0.38434668394768723,0.025263333333333332,0.032675
Boneless Skinless Chicken Breasts,Organic Whole Milk,0.001125,0.07267441860465117,1.598703983970328,0.00042130499999999986,0.3803816411381518,0.01548,0.04545833333333334
Organic Coconut Milk,Bag of Organic Bananas,0.0016166666666666666,0.18978673449422814,1.5981143612504125,0.0006050577944444445,0.3774780370098672,0.008518333333333333,0.11875666666666666
Organic Gala Apples,Banana,0.005278333333333334,0.2348187143174909,1.5980041125420459,0.0019752546416666674,0.38282464262162136,0.022478333333333333,0.146945
Bunched Cilantro,Strawberries,0.00102,0.07125392944463849,1.597980027912951,0.0003816941500000001,0.37964456289828113,0.014315,0.04459
Green Onions,Banana,0.0020033333333333335,0.23467395548613826,1.5970189900040033,0.0007489128500000003,0.37705213780071833,0.008536666666666666,0.146945
"Super Spinach! Baby Spinach, Baby Bok Choy, Sweet Baby Kale",Banana,0.001075,0.23463077482720984,1.596725134078804,0.00040174699166666667,0.3754382647660154,0.004581666666666667,0.146945
Organic Garlic + Limes,Banana,0.0011533333333333333,0.23449678075228736,1.5958132685854391,0.00043060884166666656,0.3752056538150541,0.004918333333333334,0.146945
Half & Half,Limes,0.0014983333333333333,0.07021791767554479,1.595076311109184,0.0005589843361111111,0.381205027062233,0.021338333333333334,0.04402166666666667
Lightly Salted Baked Snap Pea Crisps,Banana,0.0018133333333333332,0.23438173201206378,1.5950303311583502,0.00067646885,0.37596136237257544,0.007736666666666667,0.146945
Orange Sparkling Water,Banana,0.0010533333333333334,0.23372781065088757,1.5905802215174902,0.0003911012000000001,0.3729795018834247,0.004506666666666667,0.146945
Roasted Red Pepper Hummus,Banana,0.001235,0.23353293413173654,1.5892540347186808,0.0004579058583333333,0.37274517509325916,0.005288333333333333,0.146945
Sourdough Bread,Banana,0.0011633333333333333,0.2334448160535117,1.5886543676444365,0.00043105741666666665,0.3723922158604227,0.0049833333333333335,0.146945
Lime Sparkling Water,Organic Avocado,0.0012683333333333333,0.08729066299610003,1.5882580603366088,0.00046976453333333335,0.3758403559034719,0.01453,0.05496
Pineapple Chunks,Banana,0.0018133333333333332,0.2333261848595325,1.5878470506620335,0.0006713257750000001,0.373116154416841,0.007771666666666666,0.146945
Organic Garbanzo Beans,Bag of Organic Bananas,0.0017633333333333333,0.1884910030286834,1.5872035509193876,0.0006523647166666667,0.37345475620078006,0.009355,0.11875666666666666
Unsweetened Almondmilk,Organic Strawberries,0.0020383333333333334,0.1308301240907146,1.587070104818519,0.0007539960333333335,0.375762490808763,0.01558,0.082435
Organic Blueberries,Organic Whole Milk,0.0022416666666666665,0.07212569712569712,1.5866331173388917,0.0008288216666666665,0.3815945304986028,0.03108,0.04545833333333334
Organic Tomato Cluster,Organic Whole Milk,0.0014483333333333334,0.07209225153476025,1.5858973756500878,0.0005350754166666666,0.3770164350947474,0.02009,0.04545833333333334
Green Bell Pepper,Organic Whole Milk,0.0012733333333333333,0.07208907341007738,1.585827462733141,0.0004703876388888889,0.37605679257018176,0.017663333333333333,0.04545833333333334
Chicken & Maple Breakfast Sausage,Bag of Organic Bananas,0.0010733333333333333,0.18830409356725147,1.5856296648658446,0.00039642033333333324,0.37145299636499474,0.0057,0.11875666666666666
Whole Milk Plain Yogurt,Banana,0.0011133333333333334,0.23299616323683292,1.5856011653124158,0.0004111811416666667,0.3710976068070413,0.004778333333333333,0.146945
Sustainably Soft Bath Tissue,Bag of Organic Bananas,0.00111,0.18824194460146976,1.585106334533947,0.00040973152222222237,0.3713170302525535,0.005896666666666666,0.11875666666666666
Organic Cilantro,Organic Strawberries,0.002855,0.13064368517388653,1.5848084572558565,0.0010535204666666667,0.3772531590593273,0.021853333333333332,0.082435
Organic Half & Half,Bag of Organic Bananas,0.004425,0.18807111992633,1.5836678917085076,0.0016308535611111114,0.3774348910146806,0.02352833333333333,0.11875666666666666
Organic Garlic,Organic Raspberries,0.0022916666666666667,0.06747472764746296,1.583170521995846,0.0008441494000000001,0.3813065430416877,0.03396333333333333,0.04262
Organic Raspberries,Organic Garlic,0.0022916666666666667,0.053769748162052246,1.583170521995846,0.0008441494000000001,0.3847543314234492,0.04262,0.03396333333333333
Apple Honeycrisp Organic,Organic Avocado,0.0022533333333333333,0.08696770873536601,1.5823818911092795,0.0008293197333333333,0.37783090040463196,0.02591,0.05496
Half & Half,Organic Yellow Onion,0.0011966666666666666,0.05608060610794345,1.5823354650724697,0.00044040056944444426,0.37604697569786266,0.021338333333333334,0.03544166666666667
Half & Half,Organic Garlic,0.0011466666666666667,0.05373740529563384,1.5822182342418445,0.00042194573888888894,0.3759991298431559,0.021338333333333334,0.03396333333333333
Organic Cilantro,Organic Whole Milk,0.0015716666666666667,0.07191885295912141,1.5820829248569328,0.0005782505555555555,0.3761418333888098,0.021853333333333332,0.04545833333333334
Carrots,Organic Raspberries,0.0015316666666666666,0.06734574234207827,1.5801441187723668,0.0005623458,0.37569079392717053,0.022743333333333334,0.04262
Seedless Red Grapes,Limes,0.001805,0.06951665703832081,1.5791464136217956,0.000661977425,0.3765229132884089,0.025965,0.04402166666666667
Organic Gala Apples,Limes,0.0015616666666666667,0.06947430859346036,1.5781844226735402,0.0005721329694444446,0.37478503566729643,0.022478333333333333,0.04402166666666667
Green Bell Pepper,Bag of Organic Bananas,0.0033083333333333333,0.1872994904699,1.5771703242195525,0.0012106947444444445,0.3725332503472311,0.017663333333333333,0.11875666666666666
Unsalted Butter,Organic Baby Spinach,0.001325,0.11888739344997756,1.576651328824051,0.000484611275,0.3698665208656133,0.011145,0.075405
Grape White/Green Seedless,Bag of Organic Bananas,0.00223,0.1872376154492024,1.5766493006641233,0.0008156081000000003,0.370152053558782,0.01191,0.11875666666666666
Hass Avocados,Organic Baby Spinach,0.0018733333333333334,0.11884119264115035,1.5760386266315278,0.0006846991833333333,0.37135152253100595,0.015763333333333334,0.075405
Sharp Cheddar Cheese,Organic Strawberries,0.0012233333333333334,0.12975075128159805,1.573976481853558,0.0004461086750000001,0.368137414078012,0.009428333333333334,0.082435
Watermelon Chunks,Bag of Organic Bananas,0.00143,0.18688738836854715,1.5737001855492785,0.0005213135722222223,0.3673659070755857,0.007651666666666667,0.11875666666666666
Sparkling Water Grapefruit,Large Lemon,0.0017916666666666667,0.07539098113472192,1.5734864575216763,0.0006530062999999999,0.3733410834052656,0.023765,0.047913333333333336
100% Raw Coconut Water,Organic Baby Spinach,0.0013933333333333332,0.11854792966534315,1.5721494551467827,0.0005070732333333333,0.36825639809366434,0.011753333333333333,0.075405
Red Peppers,Organic Raspberries,0.001175,0.0669833729216152,1.5716417860538527,0.0004273741666666667,0.37021691678404783,0.017541666666666667,0.04262
Honeycrisp Apple,Organic Hass Avocado,0.0026416666666666667,0.10456524607468004,1.5713857547665189,0.0009605602555555557,0.3730433424942823,0.025263333333333332,0.06654333333333333
Chicken & Maple Breakfast Sausage,Banana,0.001315,0.2307017543859649,1.5699870998398375,0.00047741349999999994,0.36513335135749053,0.0057,0.146945
Pineapple Chunks,Bag of Organic Bananas,0.0014483333333333334,0.18636071198799056,1.5692652650067973,0.0005253961055555556,0.3656004309348125,0.007771666666666666,0.11875666666666666
Sharp Cheddar Cheese,Banana,0.0021733333333333335,0.23051087148665375,1.5686880906914407,0.000787886891666667,0.3659751793879037,0.009428333333333334,0.146945
Organic Raspberries,Limes,0.002936666666666667,0.06890348819020804,1.5652176168600622,0.0010604632333333335,0.3771869092504613,0.04262,0.04402166666666667
Limes,Organic Raspberries,0.002936666666666667,0.06670957483057585,1.5652176168600622,0.0010604632333333335,0.37773994512937703,0.04402166666666667,0.04262
Total Greek Strained Yogurt,Banana,0.001875,0.2296855859534504,1.563071802058256,0.0006754389833333334,0.36319903926833835,0.008163333333333333,0.146945
Organic Raw Kombucha Gingerade,Bag of Organic Bananas,0.001225,0.1855123674911661,1.5621217123908786,0.0004408101444444444,0.36223698744678945,0.0066033333333333335,0.11875666666666666
Organic Italian Parsley Bunch,Organic Whole Milk,0.001335,0.07101063829787234,1.5621038672309222,0.0004803833333333333,0.366732269538739,0.0188,0.04545833333333334
Organic Baby Carrots,Organic Garlic,0.0012466666666666668,0.05297450424929179,1.5597557439186904,0.00044739622222222236,0.3675230167043388,0.023533333333333333,0.03396333333333333
Ground Turkey Breast,Banana,0.0019016666666666667,0.22911646586345383,1.5591987877331916,0.0006820231666666667,0.3616466275697403,0.0083,0.146945
Seedless Red Grapes,Organic Whole Milk,0.00184,0.07086462545734643,1.558891852407254,0.0006596743750000001,0.36807576941815995,0.025965,0.04545833333333334
Watermelon Chunks,Banana,0.00175,0.2287083424090612,1.5564213985440893,0.0006256258416666668,0.36025704779643675,0.007651666666666667,0.146945
Garlic,Banana,0.0026116666666666667,0.22869235259778167,1.5563125836046254,0.0009335547666666669,0.3615848574640713,0.01142,0.146945
Organic Blackberries,Organic Hass Avocado,0.0019916666666666668,0.10356183378109021,1.5563066740633704,0.0007119274611111111,0.36446233672190187,0.019231666666666668,0.06654333333333333
Organic Blackberries,Organic Baby Spinach,0.002256666666666667,0.11734119074443193,1.5561460214101444,0.0008065028416666667,0.36439470102943355,0.019231666666666668,0.075405
Sparkling Water Grapefruit,Organic Raspberries,0.001575,0.0662739322533137,1.5549960641321845,0.0005621357000000001,0.3656000405184772,0.023765,0.04262
Organic Navel Orange,Organic Avocado,0.00114,0.08545727136431784,1.5548994061921004,0.0004068336,0.36169661174808787,0.01334,0.05496
Lemon Hummus,Banana,0.0011583333333333333,0.22831800262812088,1.5537650320059948,0.00041283236666666667,0.35821940963702614,0.005073333333333333,0.146945
Organic Blackberries,Large Lemon,0.00143,0.07435653002859867,1.5518964107819395,0.0005085467444444444,0.3626005060832517,0.019231666666666668,0.047913333333333336
Sparkling Water Grapefruit,Organic Avocado,0.0020266666666666666,0.08527947261378778,1.5516643488680455,0.0007205422666666664,0.36418559433354714,0.023765,0.05496
Unsalted Butter,Banana,0.0025383333333333334,0.22775534619410798,1.549936004587485,0.0009006313083333335,0.3588110203915349,0.011145,0.146945
Limes + Organic Cilantro,Bag of Organic Bananas,0.00102,0.18406015037593984,1.5498932021439344,0.0003618901388888889,0.3567713617758105,0.005541666666666667,0.11875666666666666
Italian Sparkling Mineral Water,Bag of Organic Bananas,0.001765,0.1840139009556907,1.5495037552055242,0.0006259256388888889,0.3580665449658306,0.009591666666666667,0.11875666666666666
Italian Sparkling Mineral Water,Organic Strawberries,0.001225,0.12771503040834056,1.549281620772009,0.0004343109583333333,0.35797311663350556,0.009591666666666667,0.082435
Banana,Limes,0.010013333333333334,0.06814340966574797,1.5479516071422703,0.003544569525000001,0.4149614884580922,0.146945,0.04402166666666667
Limes,Banana,0.010013333333333334,0.22746374891152088,1.54795160714227,0.003544569525000001,0.3702855600318186,0.04402166666666667,0.146945
Oven Roasted Turkey Breast,Banana,0.0014416666666666666,0.22745201156981332,1.5478717313948303,0.0005102802750000001,0.3562094098140216,0.006338333333333333,0.146945
Organic Large Brown Grade AA Cage Free Eggs,Organic Baby Spinach,0.0011483333333333332,0.11670054200542003,1.5476499171861287,0.00040634813333333326,0.35737561817280583,0.00984,0.075405
Baby Spinach,Bag of Organic Bananas,0.00131,0.18377367313537527,1.5474808976510113,0.0004634628944444444,0.3563284973468145,0.007128333333333334,0.11875666666666666
Extra Virgin Olive Oil,Organic Hass Avocado,0.0016216666666666667,0.10296296296296296,1.5473069623247453,0.0005736091666666667,0.3593759993275383,0.01575,0.06654333333333333
Shredded Parmesan,Bag of Organic Bananas,0.00211,0.1836379460400348,1.5463379968004727,0.0007454858999999998,0.3574175810872613,0.01149,0.11875666666666666
Honey Nut Cheerios,Organic Strawberries,0.0010616666666666667,0.127374525094981,1.5451510292349246,0.0003745709416666667,0.35577949588153207,0.008335,0.082435
Pure Coconut Water,Banana,0.0012516666666666668,0.22695678452704748,1.5445015790060737,0.0004412649916666668,0.3544969883072924,0.005515,0.146945
Pure Irish Butter,Organic Hass Avocado,0.0010983333333333333,0.10266396634989874,1.5428137005945812,0.0003864305722222222,0.35563833891208174,0.010698333333333334,0.06654333333333333
Basil Pesto,Banana,0.0010883333333333333,0.2265787647467037,1.5419290533648895,0.00038250751666666673,0.3531580663869441,0.004803333333333333,0.146945
Original Nooks & Crannies English Muffins,Banana,0.0010666666666666667,0.22654867256637168,1.5417242680347865,0.0003748006250000001,0.35303780560555953,0.0047083333333333335,0.146945
Orange Bell Pepper,Organic Hass Avocado,0.0012433333333333333,0.10207991242474002,1.5340366541813357,0.00043283553333333335,0.35241753946445725,0.01218,0.06654333333333333
Shallot,Banana,0.0012066666666666667,0.2253345782757547,1.5334620318878132,0.00041977619166666666,0.3497537531714374,0.005355,0.146945
Organic Whole String Cheese,Limes,0.00125,0.06743391476353174,1.5318346593767858,0.00043398503888888887,0.35374528962988366,0.018536666666666667,0.04402166666666667
Bartlett Pears,Organic Baby Spinach,0.0012666666666666666,0.11525629360024264,1.5284966991610986,0.00043796571666666656,0.34960456203146256,0.01099,0.075405
Green Bell Pepper,Organic Raspberries,0.00115,0.06510662389130024,1.5276073179563643,0.00039718873333333333,0.3515917902345531,0.017663333333333333,0.04262
Extra Virgin Olive Oil,Organic Raspberries,0.001025,0.06507936507936508,1.5269677400132586,0.0003537350000000001,0.3506297354058123,0.01575,0.04262
Original Orange Juice,Banana,0.001715,0.2242318587927653,1.525957731074656,0.0005911156583333333,0.3473303515611112,0.007648333333333333,0.146945
Organic Low Sodium Chicken Broth,Banana,0.0012133333333333334,0.22406894429055094,1.5248490543438085,0.00041762615833333347,0.34607135965428626,0.005415,0.146945
Organic Baby Spinach Salad,Banana,0.0012116666666666667,0.2238989836772405,1.52369242694369,0.0004164493083333333,0.34556967460156934,0.005411666666666667,0.146945
Organic Extra Firm Tofu,Organic Strawberries,0.0011333333333333334,0.12557710064635272,1.5233468872002514,0.0003893574583333334,0.34667948084402916,0.009025,0.082435
Organic Grape Tomatoes,Banana,0.005838333333333333,0.22380526450293892,1.5230546429135998,0.0020050281000000003,0.35262351077986237,0.026086666666666668,0.146945
Macaroni & Cheese,Banana,0.0012133333333333334,0.22365591397849463,1.5220382726768154,0.0004161567083333334,0.34485714810539486,0.005425,0.146945
Total 0% Greek Yogurt,Organic Strawberries,0.0010216666666666666,0.12540916530278232,1.5213097022233557,0.0003500962,0.3454862086140935,0.008146666666666667,0.082435
Seedless Red Grapes,Organic Baby Spinach,0.0029783333333333333,0.11470569356184608,1.5211947955950678,0.0010204425083333332,0.35175532189667325,0.025965,0.075405
Honeycrisp Apple,Organic Yellow Onion,0.0013566666666666666,0.05370101596516691,1.5151944311827013,0.00046129202777777766,0.34883133601248917,0.025263333333333332,0.03544166666666667
Organic Unsweetened Almond Milk,Limes,0.0012133333333333334,0.06669109563942836,1.5149607156951885,0.00041243247777777786,0.34621569483066317,0.018193333333333332,0.04402166666666667
Asparagus,Organic Whole Milk,0.001455,0.06883229519829694,1.5141843123365044,0.0004940865972222221,0.34691154930117185,0.021138333333333332,0.04545833333333334
Organic Blackberries,Organic Whole Milk,0.0013233333333333333,0.0688101221942976,1.513696546895639,0.0004490938194444443,0.346020150833868,0.019231666666666668,0.04545833333333334
Organic Spring Mix Salad,Bag of Organic Bananas,0.0011616666666666668,0.17973182052604436,1.5134461548211555,0.0003941027444444446,0.3414632991098561,0.006463333333333333,0.11875666666666666
Banana,Organic Whole Milk,0.010106666666666667,0.06877856794492271,1.5130024112540283,0.0034267918749999998,0.3974685344010133,0.146945,0.04545833333333334
Organic Whole Milk,Banana,0.010106666666666667,0.22232813932172316,1.5130024112540281,0.0034267918749999998,0.35520976449094044,0.04545833333333334,0.146945
Organic Bread with 21 Whole Grains,Banana,0.0016,0.222325150532654,1.5129820717455784,0.0005424858166666669,0.34151137897401646,0.007196666666666666,0.146945
Uncured Genoa Salami,Bag of Organic Bananas,0.0023383333333333333,0.17938882495844521,1.5105579332397778,0.0007903401833333334,0.34245687620095155,0.013035,0.11875666666666666
Organic Fat Free Milk,Bag of Organic Bananas,0.001475,0.1793676530198622,1.5103796532393596,0.0004984243444444445,0.34071663626506343,0.008223333333333332,0.11875666666666666
Asparagus,Banana,0.00469,0.22187179689347947,1.5098968790600529,0.0015838276083333333,0.34499574994412907,0.021138333333333332,0.146945
Original Hummus,Bag of Organic Bananas,0.003981666666666666,0.17928705440900564,1.5097009661970329,0.0013442790277777773,0.3452853818235498,0.022208333333333333,0.11875666666666666
Shredded Parmesan,Banana,0.002545,0.22149695387293297,1.507345972118364,0.0008566019499999999,0.340494581364634,0.01149,0.146945
100% Whole Wheat Bread,Organic Hass Avocado,0.001875,0.10024057738572574,1.506395492446913,0.0006303069500000001,0.3425715066994805,0.018705,0.06654333333333333
Organic Sticks Low Moisture Part Skim Mozzarella String Cheese,Banana,0.0023566666666666666,0.22114482327181734,1.5049496292614064,0.0007907227833333333,0.3391400358371616,0.010656666666666667,0.146945
Extra Virgin Olive Oil,Organic Baby Spinach,0.0017866666666666667,0.11343915343915344,1.504398295062044,0.0005990379166666666,0.3406476159967245,0.01575,0.075405
Garlic,Organic Baby Spinach,0.001295,0.11339754816112084,1.5038465375123777,0.0004338749,0.3389088721383528,0.01142,0.075405
Organic D'Anjou Pears,Banana,0.00328,0.2209250112258644,1.5034537495380202,0.0010983565666666667,0.3399113575320618,0.014846666666666666,0.146945
Raspberries,Organic Strawberries,0.00226,0.12385823894775301,1.5024957717929643,0.0007558360333333332,0.3406565695869271,0.018246666666666668,0.082435
Orange Bell Pepper,Organic Strawberries,0.0015083333333333333,0.1238368910782704,1.502236805704742,0.0005042750333333335,0.3384482891116563,0.01218,0.082435
Organic Italian Parsley Bunch,Bag of Organic Bananas,0.003353333333333333,0.17836879432624114,1.5019686838036417,0.0011207079999999998,0.3406106370338912,0.0188,0.11875666666666666
Red Vine Tomato,Organic Hass Avocado,0.0016916666666666666,0.09991140860320898,1.5014488093454237,0.0005649771277777777,0.3397288020918854,0.016931666666666668,0.06654333333333333
Organic Baby Spinach + Large Lemon,Bag of Organic Bananas,0.0013,0.17824497257769653,1.5009260328770022,0.00043386804444444445,0.33619664376114755,0.007293333333333333,0.11875666666666666
Organic Shredded Carrots,Bag of Organic Bananas,0.0011333333333333334,0.1781503798794865,1.5001295075040266,0.0003778430055555557,0.3355253879311239,0.0063616666666666665,0.11875666666666666
Organic Baby Arugula,Organic Whole Milk,0.001525,0.06818689917281467,1.4999867829033475,0.0005083243750000001,0.34095286995288987,0.022365,0.04545833333333334
Spring Water,Bag of Organic Bananas,0.003086666666666667,0.17812830624218526,1.4999436346775081,0.0010288115611111113,0.3391858058430935,0.017328333333333334,0.11875666666666666
100% Whole Wheat Bread,Bag of Organic Bananas,0.003331666666666667,0.1781163681725029,1.4998431092079285,0.0011103232166666671,0.33961611625291,0.018705,0.11875666666666666
Russet Potato,Organic Baby Spinach,0.0010283333333333334,0.11306578706248854,1.4994468147004647,0.0003425248583333333,0.3361446177947917,0.009095,0.075405
Organic Yams,Bag of Organic Bananas,0.0011083333333333333,0.17780748663101606,1.4972421475090472,0.0003680834444444445,0.3341884715478362,0.006233333333333333,0.11875666666666666
Organic Mint,Bag of Organic Bananas,0.0010866666666666668,0.17775354416575795,1.4967879206704855,0.00036066757777777794,0.333944191091478,0.0061133333333333335,0.11875666666666666
100% Recycled Paper Towels,Organic Strawberries,0.001075,0.12335054503729202,1.4963370538884215,0.000356578975,0.3346175641647187,0.008715,0.082435
Half & Half,Organic Raspberries,0.00136,0.06373506209482153,1.4954261401882107,0.00045056023333333347,0.3385176925791716,0.021338333333333334,0.04262
Organic Coconut Milk,Organic Strawberries,0.00105,0.12326354920759147,1.4952817275136954,0.00034779119166666666,0.33407547258316056,0.008518333333333333,0.082435
Small Hass Avocado,Strawberries,0.0010366666666666666,0.06663095875736476,1.4943027305979988,0.0003429205833333333,0.3360194622862677,0.015558333333333334,0.04459
Pure Irish Butter,Organic Strawberries,0.0013166666666666667,0.12307212961520486,1.4929596605228952,0.00043474955833333335,0.3337602160190608,0.010698333333333334,0.082435
Organic Baby Carrots,Limes,0.0015466666666666667,0.06572237960339944,1.4929552781599842,0.000510690111111111,0.33814525688442726,0.023533333333333333,0.04402166666666667
Unsweetened Almondmilk,Large Lemon,0.0011133333333333334,0.07145913564398802,1.491424842994045,0.00036684360000000004,0.33471510079128636,0.01558,0.047913333333333336
Uncured Genoa Salami,Organic Baby Spinach,0.001465,0.11238971998465669,1.4904810023825568,0.00048209582500000005,0.3334218016486541,0.013035,0.075405
Organic Baby Rainbow Carrots,Bag of Organic Bananas,0.0010783333333333333,0.17692097347552638,1.4897771926532661,0.00035451145,0.3307747583966315,0.006095,0.11875666666666666
Organic Small Bunch Celery,Organic Whole Milk,0.0014266666666666666,0.0677054496559361,1.4893957761159178,0.00046878381944444433,0.3356596986128212,0.021071666666666666,0.04545833333333334
Lime Sparkling Water,Large Lemon,0.0010366666666666666,0.07134663913741685,1.4890769264801067,0.0003404859333333333,0.33328566319425107,0.01453,0.047913333333333336
Organic Strawberries + Organic Garlic,Banana,0.0010583333333333334,0.21873923527385467,1.488578959977234,0.00034736444166666685,0.32981412073288624,0.004838333333333333,0.146945
Marinara Sauce,Bag of Organic Bananas,0.0011083333333333333,0.17662682602921648,1.487300300580036,0.00036313525,0.32970975578522144,0.006275,0.11875666666666666
Organic Blackberries,Limes,0.0012583333333333333,0.06543027992027038,1.4863199164109426,0.00041172331388888885,0.3336132748381002,0.019231666666666668,0.04402166666666667
Organic Large Extra Fancy Fuji Apple,Limes,0.0015333333333333334,0.06538734896943853,1.4853446932064935,0.0005010252500000001,0.3346020150797061,0.02345,0.04402166666666667
Jalapeno Peppers,Banana,0.002905,0.21820230345518277,1.4849249954417147,0.0009486722333333334,0.3309716485604568,0.013313333333333333,0.146945
Michigan Organic Kale,Bag of Organic Bananas,0.0036983333333333334,0.17627899586908166,1.484371368925941,0.0012068184666666668,0.3333069207015,0.02098,0.11875666666666666
Organic Tomato Basil Pasta Sauce,Banana,0.0011516666666666667,0.2180498579993689,1.4838875633697568,0.00037555215833333345,0.32782596093805355,0.005281666666666666,0.146945
Corn Tortillas,Banana,0.0010233333333333333,0.21796237131700388,1.483292193113096,0.0003334265583333333,0.32736095806947163,0.004695,0.146945
Limes + Large Lemon,Organic Strawberries,0.0010516666666666667,0.12223944207671446,1.4828585197636255,0.00034245088333333346,0.32845261778288437,0.008603333333333333,0.082435
Organic Garbanzo Beans,Organic Strawberries,0.0011433333333333334,0.12221628362729381,1.482577589947156,0.0003721539083333334,0.3285728441464949,0.009355,0.082435
Half & Half,Banana,0.004648333333333333,0.21783956885105055,1.4824564895100245,0.0015127719416666665,0.3325397907605768,0.021338333333333334,0.146945
Yellow Onions,Strawberries,0.001535,0.06610205985789133,1.482441351376796,0.0004995458833333332,0.33317391105059196,0.023221666666666668,0.04459
Organic Reduced Fat Milk,Bag of Organic Bananas,0.0019383333333333334,0.17591892300710937,1.481339346622865,0.0006298327944444446,0.3285553661338046,0.011018333333333333,0.11875666666666666
Total 2% with Strawberry Lowfat Greek Strained Yogurt,Bag of Organic Bananas,0.00159,0.1758201253225212,1.480507412826125,0.0005160438777777779,0.32751775016073204,0.009043333333333334,0.11875666666666666
Organic Baby Spinach + Organic Zucchini,Banana,0.00137,0.21723044397463,1.478311231920991,0.0004432668666666666,0.32560594558441025,0.006306666666666667,0.146945
Honeycrisp Apple,Organic Raspberries,0.0015916666666666666,0.0630030347011479,1.4782504622512413,0.0005149434,0.33190979705424,0.025263333333333332,0.04262
Large Lemon,Organic Hass Avocado,0.00471,0.0983024906080423,1.4772703091926411,0.0015216870888888887,0.3393344601514423,0.047913333333333336,0.06654333333333333
Organic Hass Avocado,Large Lemon,0.00471,0.0707809447477834,1.477270309192641,0.0015216870888888887,0.3461069234251754,0.06654333333333333,0.047913333333333336
Boneless Skinless Chicken Breasts,Organic Strawberries,0.001885,0.12177002583979328,1.477164139501344,0.0006089062000000001,0.32810624649952624,0.01548,0.082435
Banana + Organic Fuji Apple,Organic Baby Spinach,0.0011566666666666667,0.1113607188703466,1.4768346776784909,0.0003734600666666667,0.32626494354212104,0.010386666666666667,0.075405
Organic Half & Half,Organic Strawberries,0.002863333333333333,0.12169724445703763,1.4762812453088814,0.0009237751750000001,0.3303959626151346,0.02352833333333333,0.082435
Organic Baby Carrots,Banana,0.005105,0.21692634560906515,1.4762417612648622,0.001646894333333334,0.33037910040578194,0.023533333333333333,0.146945
Organic Shredded Carrots,Banana,0.00138,0.21692428608855122,1.4762277456773025,0.00044518489166666666,0.32466314630025456,0.0063616666666666665,0.146945
Organic Blackberries,Bag of Organic Bananas,0.00337,0.17523182251494931,1.4755535620311784,0.0010861113722222225,0.32860791897729463,0.019231666666666668,0.11875666666666666
Seedless Red Grapes,Organic Hass Avocado,0.0025466666666666667,0.09808074972719687,1.4739380312657948,0.0008188690166666668,0.3301169109864329,0.025965,0.06654333333333333
Organic Garnet Sweet Potato (Yam),Banana,0.00355,0.2165294297041781,1.473540642445664,0.0011408367250000002,0.3267190160140289,0.016395,0.146945
Blueberries,Large Lemon,0.0012383333333333333,0.07060053211706575,1.4735049140893088,0.0003979334666666665,0.3270830391993465,0.01754,0.047913333333333336
Broccoli Crown,Organic Strawberries,0.0016383333333333334,0.12137300901345846,1.4723480198151084,0.0005255982250000001,0.3252024427533637,0.013498333333333333,0.082435
Organic Unsweetened Almond Milk,Organic Whole Milk,0.0012166666666666667,0.06687431293514108,1.4711122918821136,0.00038962805555555553,0.3261764747739769,0.018193333333333332,0.04545833333333334
Small Hass Avocado,Organic Strawberries,0.001885,0.1211569362613819,1.4697268910217978,0.0006024487916666667,0.32465253332119637,0.015558333333333334,0.082435
Unsweetened Vanilla Almond Milk,Bag of Organic Bananas,0.0014433333333333334,0.17449123514003625,1.4693173868698144,0.00046101777222222235,0.3220759563766682,0.008271666666666667,0.11875666666666666
Baby Spinach,Banana,0.0015383333333333334,0.21580547112462006,1.4686139108143867,0.0004908603916666666,0.32137672549532836,0.007128333333333334,0.146945
Total Greek Strained Yogurt,Bag of Organic Bananas,0.0014233333333333333,0.17435688035933034,1.4681860417043002,0.0004538830777777778,0.32151201804879026,0.008163333333333333,0.11875666666666666
Uncured Genoa Salami,Banana,0.00281,0.2155734560797852,1.46703498642203,0.0008945719250000002,0.32255753569847023,0.013035,0.146945
Ezekiel 4:9 Bread Organic Sprouted Whole Grain,Banana,0.0012033333333333334,0.2155223880597015,1.4666874548960598,0.00038289041666666676,0.31997802597280806,0.005583333333333333,0.146945
Organic Whole Milk,Large Lemon,0.003193333333333333,0.0702474793767186,1.4661363443032962,0.001015273055555555,0.33307628776503484,0.04545833333333334,0.047913333333333336
Large Lemon,Organic Whole Milk,0.003193333333333333,0.06664811465145401,1.4661363443032962,0.001015273055555555,0.3339351405513321,0.047913333333333336,0.04545833333333334
Organic Diced Tomatoes,Bag of Organic Bananas,0.0012266666666666667,0.1739952718676123,1.4651410885082574,0.0003894321666666668,0.31972594289742695,0.00705,0.11875666666666666
Organic Fuji Apple,Limes,0.0017783333333333334,0.06446350894151764,1.4643586629656073,0.0005639222888888891,0.3261032943837211,0.027586666666666666,0.04402166666666667
Hass Avocado,Banana,0.0012116666666666667,0.21515241195620005,1.4641696686256767,0.00038412140833333336,0.3188145010147208,0.005631666666666667,0.146945
Grated Parmesan,Bag of Organic Bananas,0.00249,0.1738624461771209,1.4640226191690648,0.0007892066055555555,0.32155565693157007,0.014321666666666667,0.11875666666666666
Half & Half,Organic Strawberries,0.002575,0.12067484183394517,1.4638787145501932,0.0008159744916666667,0.3237924898130895,0.021338333333333334,0.082435
Organic Spring Mix Salad,Banana,0.00139,0.2150593089221248,1.4635360775945068,0.00044024548333333334,0.31878377510431394,0.006463333333333333,0.146945
Unsalted Pure Irish Butter,Bag of Organic Bananas,0.0010666666666666667,0.17339474397182336,1.460084295381228,0.00033611523888888903,0.3170584745073444,0.006151666666666666,0.11875666666666666
Lemonade,Banana,0.001295,0.21446315208390837,1.4594790709715089,0.00040769710833333335,0.3167365829457091,0.006038333333333333,0.146945
Sparkling Natural Mineral Water,Bag of Organic Bananas,0.0022816666666666667,0.17331307760476009,1.459396617212452,0.0007182351500000001,0.3189847446083497,0.013165,0.11875666666666666
Organic Jalapeno Pepper,Bag of Organic Bananas,0.0010683333333333332,0.17329007839956745,1.4592029505675537,0.0003361984833333332,0.3166464938090598,0.006165,0.11875666666666666
Marinara Sauce,Banana,0.001345,0.21434262948207172,1.4586588824531066,0.00042292012500000007,0.3164243172375055,0.006275,0.146945
Fridge Pack Cola,Banana,0.0011866666666666666,0.2143287176399759,1.458564208649331,0.00037308118333333337,0.3161446431254153,0.005536666666666666,0.146945
Cucumber Kirby,Organic Whole Milk,0.001965,0.06629554655870445,1.4583804925837827,0.0006176150000000002,0.32390853707975653,0.02964,0.04545833333333334
Blueberries,Organic Raspberries,0.00109,0.062143671607753706,1.4580870860571025,0.0003424452000000001,0.3197788289160687,0.01754,0.04262
Carrots,Bag of Organic Bananas,0.003925,0.1725780448483072,1.4532072151596305,0.001224077544444444,0.3191248532159586,0.022743333333333334,0.11875666666666666
Organic Old Fashioned Rolled Oats,Banana,0.0013366666666666666,0.21346819270694703,1.4527081064816567,0.00041654605833333334,0.31359408923648324,0.006261666666666666,0.146945
Spring Water,Organic Hass Avocado,0.001675,0.09666249879773012,1.4526248379160966,0.000521914938888889,0.3170855727924119,0.017328333333333334,0.06654333333333333
Organic Baby Spinach,Banana,0.016085,0.2133147669252702,1.4516640030301828,0.005004612274999999,0.33650988874522936,0.075405,0.146945
Banana,Organic Baby Spinach,0.016085,0.10946272414849093,1.4516640030301826,0.005004612274999999,0.3647307155862111,0.146945,0.075405
Organic Bartlett Pear,Banana,0.0024916666666666668,0.21320593268682259,1.450923356948672,0.0007743694333333336,0.3144586929889427,0.011686666666666666,0.146945
Creamy Almond Butter,Bag of Organic Bananas,0.0011383333333333334,0.17225725094577554,1.4505059444728061,0.00035354969444444453,0.3126514883659994,0.006608333333333333,0.11875666666666666
Organic Beef Hot Dogs,Banana,0.0011016666666666666,0.21260855580572532,1.4468580476077808,0.00034024665833333326,0.31045587249195333,0.005181666666666667,0.146945
Red Vine Tomato,Organic Whole Milk,0.0011133333333333334,0.06575450339600354,1.4464785348341749,0.00034364798611111105,0.3139820959768037,0.016931666666666668,0.04545833333333334
Half & Half,Large Lemon,0.0014783333333333332,0.06928063735062094,1.4459573678298512,0.00045594265555555535,0.3151412673504364,0.021338333333333334,0.047913333333333336
Sparkling Water Grapefruit,Organic Hass Avocado,0.002278333333333333,0.09586927554526965,1.4407044363863597,0.0006969310166666666,0.31334167088015674,0.023765,0.06654333333333333
Cucumber Kirby,Organic Hass Avocado,0.00284,0.09581646423751687,1.4399107985400523,0.0008676556000000004,0.31484452699128956,0.02964,0.06654333333333333
Organic Spring Mix,Bag of Organic Bananas,0.0017216666666666667,0.17096987752399864,1.4396655137171133,0.0005257870333333333,0.3085008142351661,0.01007,0.11875666666666666
Organic Baby Spinach + Organic Avocado,Bag of Organic Bananas,0.0016466666666666667,0.17093425605536333,1.4393655602944115,0.0005026441111111112,0.3082186330203634,0.009633333333333334,0.11875666666666666
Organic Large Extra Fancy Fuji Apple,Organic Avocado,0.001855,0.0791044776119403,1.4393100002172543,0.000566188,0.31255198557107566,0.02345,0.05496
Blueberries,Organic Avocado,0.0013866666666666667,0.0790573926263778,1.4384532865061463,0.0004226682666666667,0.31025064242192674,0.01754,0.05496
Carrots,Banana,0.004805,0.21127070203722703,1.437753595135779,0.0014629808833333336,0.3115563573151182,0.022743333333333334,0.146945
Banana,Organic Strawberries,0.01741,0.11847970329034671,1.437249994424052,0.005296588925,0.35663212730327065,0.146945,0.082435
Organic Strawberries,Banana,0.01741,0.2111967004306423,1.4372499944240518,0.005296588925,0.3315588752368405,0.082435,0.146945
Organic Whole String Cheese,Large Lemon,0.001275,0.06878259305880237,1.4355626768916592,0.00038684651111111116,0.3091394431333214,0.018536666666666667,0.047913333333333336
Red Onion,Organic Baby Spinach,0.0014233333333333333,0.1082382762991128,1.4354257184419177,0.0004317575833333333,0.3073846728507983,0.01315,0.075405
Organic Romaine,Bag of Organic Bananas,0.0012616666666666666,0.1704187303016659,1.4350245344963026,0.00038247147777777774,0.3054088462216021,0.007403333333333333,0.11875666666666666
Organic Yams,Banana,0.0013133333333333332,0.2106951871657754,1.4338370626137358,0.00039737616666666664,0.30446853917336847,0.006233333333333333,0.146945
Cucumber Kirby,Organic Strawberries,0.003501666666666667,0.11813990103463788,1.4331279315174124,0.0010582932666666671,0.3114571785886951,0.02964,0.082435
Unsalted Butter,Organic Strawberries,0.0013166666666666667,0.11813967399431734,1.4331251773435718,0.0003979285916666667,0.3056304987439443,0.011145,0.082435
Sparkling Lemon Water,Banana,0.002125,0.20994566112300345,1.4287363375616962,0.0006376716916666669,0.30314917093693144,0.010121666666666666,0.146945
Pure Irish Butter,Organic Baby Spinach,0.0011516666666666667,0.10764916653684374,1.427613109698876,0.00034495884166666673,0.3027692347346195,0.010698333333333334,0.075405
Pure Irish Butter,Bag of Organic Bananas,0.0018116666666666667,0.1693410188502882,1.425949579113775,0.0005411682611111111,0.30194322084035913,0.010698333333333334,0.11875666666666666
Green Beans,Organic Strawberries,0.0010533333333333334,0.11727593245500093,1.4226473276521008,0.0003129296416666667,0.2997776053736994,0.008981666666666667,0.082435
Bag of Organic Bananas + Organic Strawberries,Organic Avocado,0.0015233333333333334,0.07800631560979772,1.419328886641152,0.0004500561333333332,0.3013260587367239,0.019528333333333335,0.05496
Red Peppers,Organic Strawberries,0.0020516666666666665,0.11695961995249406,1.4188102135318017,0.000605619375,0.3004545722489366,0.017541666666666667,0.082435
Organic Reduced Fat Milk,Organic Hass Avocado,0.00104,0.09438814097715928,1.4184462402017626,0.00030680337222222214,0.2982899000703088,0.011018333333333333,0.06654333333333333
Half & Half,Organic Hass Avocado,0.002013333333333333,0.09435288604233381,1.4179164360416845,0.0005934095055555554,0.3011662055223476,0.021338333333333334,0.06654333333333333
Sour Cream,Banana,0.00138,0.20824949698189135,1.417193487235982,0.0004062444666666666,0.29634382002319914,0.006626666666666667,0.146945
Red Vine Tomato,Organic Strawberries,0.0019766666666666665,0.1167437739935033,1.4161918359131838,0.0005809047249999998,0.2989425698061545,0.016931666666666668,0.082435
Lime Sparkling Water,Banana,0.003021666666666667,0.20796054140857997,1.4152270673284562,0.0008865558166666668,0.2977255607820575,0.01453,0.146945
Organic Grape Tomatoes,Strawberries,0.0016433333333333332,0.06299514439049322,1.4127639468601307,0.0004801288666666666,0.29999349771998796,0.026086666666666668,0.04459
Organic Baby Arugula,Banana,0.004635,0.20724346076458752,1.4103471418870157,0.0013485750750000004,0.29761077369147393,0.022365,0.146945
Extra Virgin Olive Oil,Organic Whole Milk,0.0010083333333333333,0.06402116402116402,1.4083482461117658,0.0002923645833333333,0.29458810983737665,0.01575,0.04545833333333334
Sparkling Water Berry,Banana,0.0011216666666666666,0.20694956949569496,1.4083471332518627,0.0003252247666666666,0.29152786707222084,0.00542,0.146945
Bag of Organic Bananas + Organic Hass Avocado,Large Lemon,0.0013066666666666667,0.06744086021505376,1.407559347747052,0.0003783458333333333,0.29527126338106946,0.019375,0.047913333333333336
Asparagus,Strawberries,0.0013266666666666667,0.06276117637782859,1.407516850814725,0.0003841083833333335,0.2957812549210775,0.021138333333333332,0.04459
Yellow Onions,Organic Whole Milk,0.001485,0.06394889829900235,1.4067585327003267,0.00042938173611111103,0.2960200286757375,0.023221666666666668,0.04545833333333334
No Salt Added Black Beans,Organic Strawberries,0.0010166666666666666,0.11590347710431313,1.4059983878730289,0.0002935743249999999,0.2913169664717758,0.008771666666666667,0.082435
Ground Turkey Breast,Bag of Organic Bananas,0.001385,0.16686746987951806,1.4051208623755977,0.0003993196666666667,0.2907305121072896,0.0083,0.11875666666666666
Seedless Red Grapes,Bag of Organic Bananas,0.00433,0.1667629501251685,1.4042407454332544,0.0012464831499999999,0.2955452291022781,0.025965,0.11875666666666666
Organic Sticks Low Moisture Part Skim Mozzarella String Cheese,Organic Baby Spinach,0.0011283333333333334,0.1058805129809196,1.4041577213834575,0.0003247673833333334,0.2909296310916604,0.010656666666666667,0.075405
Organic Strawberries + Organic Zucchini,Banana,0.0010166666666666666,0.20629015894487657,1.403859668208354,0.00029247272500000003,0.2891028855515611,0.004928333333333333,0.146945
Peach Pear Flavored Sparkling Water,Banana,0.0013666666666666666,0.20561685055165496,1.3992776246327194,0.00038997223333333327,0.28725482364653643,0.006646666666666667,0.146945
Fresh Ginger Root,Banana,0.00158,0.20541711809317442,1.3979183918688927,0.0004497480416666667,0.28685706823252227,0.007691666666666667,0.146945
Grated Parmesan,Banana,0.0029416666666666666,0.20539974397765623,1.397800156369092,0.0008371693583333335,0.2887251758687095,0.014321666666666667,0.146945
Organic Kiwi,Banana,0.003195,0.20529021203683873,1.3970547622364744,0.0009080459833333333,0.2887016047970663,0.015563333333333334,0.146945
Organic Romaine,Banana,0.001515,0.20463755065285907,1.3926132270771996,0.0004271171833333336,0.28402828965778865,0.007403333333333333,0.146945
Organic Unsweetened Almond Milk,Large Lemon,0.0012133333333333334,0.06669109563942836,1.391910998457528,0.000341630088888889,0.2867807579970871,0.018193333333333332,0.047913333333333336
Sparkling Water Grapefruit,Banana,0.00486,0.20450241952451084,1.3916936236313644,0.0013678520749999998,0.2883025544450702,0.023765,0.146945
Pure Sparkling Water,Banana,0.0018466666666666666,0.20442804428044278,1.3911874802166988,0.0005192634999999998,0.2837528550626944,0.009033333333333334,0.146945
Organic Fuji Apple,Organic Baby Spinach,0.0028933333333333333,0.10488158530691155,1.39091022222547,0.0008131607333333331,0.2890194187713694,0.027586666666666666,0.075405
Organic Baby Kale,Banana,0.00114,0.204240071663183,1.3899082763155126,0.0003198019916666666,0.28210266591239813,0.005581666666666667,0.146945
Romaine Hearts,Bag of Organic Bananas,0.0013033333333333334,0.16501371597383413,1.3895111795029118,0.0003653535944444445,0.28255415790423916,0.007898333333333334,0.11875666666666666
Strawberries + Banana,Organic Baby Spinach,0.0013416666666666666,0.10472225835826719,1.38879727283691,0.00037560294166666657,0.2835857086765849,0.012811666666666667,0.075405
Organic Baby Arugula,Bag of Organic Bananas,0.0036883333333333334,0.1649154184365452,1.3886834572364657,0.0010323404833333335,0.28629650992157635,0.022365,0.11875666666666666
Organic Granny Smith Apple,Banana,0.003725,0.20397919138450304,1.3881329162918306,0.0010415393916666672,0.2848089769816261,0.018261666666666666,0.146945
Uncured Hickory Smoked Sunday Bacon,Banana,0.0013216666666666667,0.2038560411311054,1.3872948459022452,0.00036897325000000017,0.2809944794882112,0.006483333333333333,0.146945
Organic Large Extra Fancy Fuji Apple,Large Lemon,0.0015583333333333332,0.06645344705046197,1.3869510306900368,0.0004347656666666667,0.2856935238289767,0.02345,0.047913333333333336
Organic Garbanzo Beans,Banana,0.0019016666666666667,0.20327810440049884,1.3833618319813459,0.0005269961916666668,0.27974029650358956,0.009355,0.146945
Organic Baby Spinach + Organic Raspberries,Banana,0.00113,0.20305480682839172,1.38184223232088,0.00031225107500000007,0.2778747579839329,0.005565,0.146945
Raspberries,Organic Baby Spinach,0.0019,0.1041286079649251,1.3809244475157496,0.0005241101,0.2809742648044297,0.018246666666666668,0.075405
Shredded Mild Cheddar Cheese,Bag of Organic Bananas,0.0013633333333333334,0.16392785571142285,1.3803676064060082,0.00037567372222222233,0.27786621818811047,0.008316666666666667,0.11875666666666666
Raspberries,Large Lemon,0.0012066666666666667,0.06613080014614542,1.3802170616281915,0.0003324080444444443,0.2805962257250651,0.018246666666666668,0.047913333333333336
Organic Yellow Peaches,Banana,0.0013316666666666668,0.20258620689655177,1.378653284538785,0.0003657482000000002,0.27647180944586397,0.006573333333333333,0.146945
Limes,Organic Whole Milk,0.0027516666666666666,0.06250709877711733,1.375041586297723,0.0007505150694444443,0.2853090479250726,0.04402166666666667,0.04545833333333334
Organic Whole Milk,Limes,0.0027516666666666666,0.060531622364802924,1.3750415862977228,0.0007505150694444443,0.2857384623898008,0.04545833333333334,0.04402166666666667
Uncured Hickory Smoked Sunday Bacon,Bag of Organic Bananas,0.0010583333333333334,0.16323907455012857,1.3745676696055962,0.00028839427777777797,0.2742767578303271,0.006483333333333333,0.11875666666666666
Organic Blueberries,Large Lemon,0.0020416666666666665,0.06569069069069068,1.3710315296512594,0.0005525202666666663,0.27930290573893746,0.03108,0.047913333333333336
Red Raspberries,Bag of Organic Bananas,0.0013416666666666666,0.16269199676637022,1.369960957417438,0.0003623200222222223,0.27229773916517264,0.008246666666666666,0.11875666666666666
Organic Half & Half,Organic Raspberries,0.0013733333333333334,0.05836934192817172,1.36952937419455,0.00037055576666666684,0.2763235938173747,0.02352833333333333,0.04262
"Clementines, Bag",Organic Baby Spinach,0.0012666666666666666,0.10310676977343643,1.367373115488846,0.0003403162416666665,0.2720123893079108,0.012285,0.075405
100% Whole Wheat Bread,Organic Avocado,0.001405,0.07511360598770382,1.3666958876947566,0.0003769731999999999,0.27342269898668103,0.018705,0.05496
Total 2% Lowfat Greek Strained Yogurt with Peach,Bag of Organic Bananas,0.0010016666666666668,0.16225701943844495,1.3662981960741427,0.00026854217777777783,0.2697606747562886,0.006173333333333334,0.11875666666666666
Organic Whole Strawberries,Banana,0.0019416666666666666,0.2006544953496383,1.3655074711602186,0.0005197288833333335,0.2702870051501655,0.009676666666666667,0.146945
Spring Water,Organic Baby Spinach,0.0017816666666666666,0.10281812061171491,1.3635451311148454,0.00047502369166666663,0.2713191085132934,0.017328333333333334,0.075405
Asparagus,Bag of Organic Bananas,0.003416666666666667,0.16163368288259874,1.3610493408027515,0.0009063486611111116,0.2710012945599621,0.021138333333333332,0.11875666666666666
Organic Heavy Whipping Cream,Bag of Organic Bananas,0.00121,0.16151279199110122,1.3600313693920445,0.0003203146388888889,0.2667210270848436,0.0074916666666666664,0.11875666666666666
Michigan Organic Kale,Organic Whole Milk,0.0012966666666666667,0.06180489354941214,1.3595943585571872,0.0003429508333333333,0.27015434195015536,0.02098,0.04545833333333334
Organic Grade A Free Range Large Brown Eggs,Banana,0.0025033333333333335,0.19965439319420447,1.3587015086883152,0.0006608879416666669,0.2673553630977247,0.012538333333333334,0.146945
Organic Tomato Paste,Banana,0.0011266666666666667,0.1994688698731189,1.357438972902235,0.000296672325,0.26481439161209375,0.005648333333333333,0.146945
Organic Creamy Peanut Butter,Banana,0.0011116666666666666,0.19940209267563527,1.3569845362253583,0.0002924482916666667,0.26454677480627664,0.005575,0.146945
Organic Baby Rainbow Carrots,Banana,0.001215,0.19934372436423298,1.356587324265766,0.000319370225,0.26446808524293014,0.006095,0.146945
Organic Half & Half,Organic Hass Avocado,0.0021233333333333334,0.09024580293263443,1.3561960066017298,0.0005576796055555557,0.2689719172315284,0.02352833333333333,0.06654333333333333
Extra Virgin Olive Oil,Organic Strawberries,0.00176,0.11174603174603175,1.3555653757024535,0.0004616487500000001,0.2664977659500774,0.01575,0.082435
Blueberries,Limes,0.0010466666666666667,0.0596731280881794,1.3555399558137144,0.00027452663333333335,0.26696923269821454,0.01754,0.04402166666666667
Apple Honeycrisp Organic,Banana,0.005136666666666667,0.19825035378875594,1.3491466452669771,0.0013293217166666675,0.26567435251919763,0.02591,0.146945
100% Whole Wheat Bread,Organic Whole Milk,0.0011466666666666667,0.06130268199233716,1.3485466249460052,0.0002963685416666667,0.2633876026067594,0.018705,0.04545833333333334
Organic Extra Firm Tofu,Bag of Organic Bananas,0.001445,0.16011080332409974,1.348225811806493,0.0003732210833333335,0.2606367332534836,0.009025,0.11875666666666666
Blackberries,Bag of Organic Bananas,0.0011316666666666667,0.1600282818760311,1.3475309333597927,0.0002918591055555555,0.2597387940264453,0.007071666666666667,0.11875666666666666
Organic 2% Reduced Fat Milk,Banana,0.001435,0.19793103448275862,1.346973592043,0.00036964875,0.2594761498213968,0.00725,0.146945
Sparkling Water Grapefruit,Organic Baby Spinach,0.0024133333333333333,0.1015498983098394,1.3467263219924328,0.0006213335083333333,0.2637260864952842,0.023765,0.075405
Blueberries,Organic Baby Spinach,0.00178,0.10148232611174458,1.345830198418468,0.0004573963,0.2615518326274312,0.01754,0.075405
"Clementines, Bag",Bag of Organic Bananas,0.0019633333333333334,0.15981549314882645,1.3457391288811278,0.0005044076833333334,0.2601093740507053,0.012285,0.11875666666666666
Banana + Organic Fuji Apple,Organic Strawberries,0.0011516666666666667,0.1108793324775353,1.3450516464794724,0.0002954418000000001,0.2592266250023325,0.010386666666666667,0.082435
Fresh Cauliflower,Banana,0.004411666666666667,0.19756680101507687,1.3444948859442436,0.0011303848166666674,0.2620784644728423,0.02233,0.146945
Oven Roasted Turkey Breast,Bag of Organic Bananas,0.0010116666666666666,0.1596108335524586,1.3440157763981693,0.0002589473277777777,0.2575938303333662,0.006338333333333333,0.11875666666666666
100% Whole Wheat Bread,Large Lemon,0.0011933333333333334,0.06379755858504856,1.3315199370748967,0.0002971144333333333,0.2537244920426522,0.018705,0.047913333333333336
Organic Reduced Fat 2% Milk,Organic Baby Spinach,0.001475,0.10032876091146128,1.3305319396785529,0.00036642082500000007,0.25212759415177277,0.014701666666666667,0.075405
Feta Cheese Crumbles,Bag of Organic Bananas,0.00157,0.15784182305630026,1.3291196821761608,0.00038876702222222226,0.2501100686305575,0.009946666666666666,0.11875666666666666
Organic Strawberries + Organic Blueberries,Banana,0.0014266666666666666,0.195077484047402,1.327554418642363,0.0003520089000000001,0.2485529609346762,0.007313333333333333,0.146945
Unsweetened Vanilla Almond Milk,Banana,0.0016133333333333334,0.19504332057223453,1.3273219270627414,0.0003978532750000001,0.24866010311436018,0.008271666666666667,0.146945
Organic Fuji Apple,Organic Raspberries,0.0015583333333333332,0.05648864185596906,1.325402202157885,0.0003825896,0.25247704280149935,0.027586666666666666,0.04262
Electrolyte Enhanced Water,Bag of Organic Bananas,0.00102,0.15704387990762125,1.3224005381392308,0.0002486754500000001,0.24539329020419004,0.006495,0.11875666666666666
Half & Half,Organic Avocado,0.00155,0.07263922518159806,1.3216744028675047,0.00037724519999999986,0.24869064385546924,0.021338333333333334,0.05496
Organic Half & Half,Limes,0.0013683333333333334,0.058156832188141966,1.3210956465712027,0.00033257688611111114,0.24890894822937168,0.02352833333333333,0.04402166666666667
Bunched Cilantro,Organic Hass Avocado,0.0012566666666666666,0.08778670392362323,1.319241154991082,0.00030409885,0.24550284807120026,0.014315,0.06654333333333333
Organic Half & Half,Large Lemon,0.0014816666666666667,0.06297371962881633,1.3143255801200013,0.00035434578888888894,0.24491597808180424,0.02352833333333333,0.047913333333333336
Hass Avocados,Organic Strawberries,0.0017066666666666667,0.10826813279763163,1.3133757845288,0.0004072162833333333,0.24242471256807305,0.015763333333333334,0.082435
Creamy Peanut Butter,Banana,0.0011866666666666666,0.19290165266865347,1.3127473045605735,0.0002827100083333333,0.23971340804926544,0.006151666666666666,0.146945
Organic American Cheese Singles,Banana,0.00109,0.1928634621055736,1.3124874075713606,0.0002595158416666667,0.2394411698126142,0.005651666666666667,0.146945
Limes + Organic Cilantro,Banana,0.0010666666666666667,0.1924812030075188,1.3098860322400818,0.0002523464583333334,0.23789312911132532,0.005541666666666667,0.146945
Sparkling Water Grapefruit,Organic Whole Milk,0.001415,0.05954134231011993,1.3098003807909058,0.00033468270833333317,0.24228273132429154,0.023765,0.04545833333333334
Organic Fuji Apple,Organic Whole Milk,0.0016416666666666667,0.05950942484291928,1.3090982550229722,0.00038762277777777774,0.2428138215893793,0.027586666666666666,0.04545833333333334
Banana + Large Lemon,Organic Hass Avocado,0.0011116666666666666,0.08672474320634507,1.303282220202551,0.0002586920388888889,0.23572812342117422,0.012818333333333333,0.06654333333333333
Raspberries,Organic Avocado,0.0013066666666666667,0.07161125319693094,1.302970400235279,0.00030382986666666664,0.2368444794105007,0.018246666666666668,0.05496
Large Grapefruit,Bag of Organic Bananas,0.0010316666666666666,0.1539035305818001,1.2959569757358191,0.00023560114444444436,0.2299106128165294,0.006703333333333334,0.11875666666666666
Large Lemon,Organic Strawberries,0.005118333333333333,0.10682482259635454,1.2958673208752902,0.0011685977000000002,0.2398059629536566,0.047913333333333336,0.082435
Organic Strawberries,Large Lemon,0.005118333333333333,0.062089322900871394,1.29586732087529,0.0011685977000000002,0.24882821371274738,0.082435,0.047913333333333336
Creamy Almond Butter,Banana,0.001255,0.18991172761664565,1.2924000654438441,0.0002839384583333335,0.22775083698024776,0.006608333333333333,0.146945
Sparkling Water Grapefruit,Organic Strawberries,0.0025266666666666666,0.10631881618626832,1.2897290736491578,0.0005675988916666666,0.23011197182844492,0.023765,0.082435
Organic Bosc Pear,Banana,0.00125,0.1889168765743073,1.2856298382000566,0.0002777139166666668,0.2236509571665857,0.0066166666666666665,0.146945
Organic Baby Spinach,Strawberries,0.004315,0.0572243219945627,1.2833442923203118,0.0009526910500000005,0.238791984442006,0.075405,0.04459
Strawberries,Organic Baby Spinach,0.004315,0.0967705763624131,1.2833442923203116,0.0009526910500000005,0.23109018626051278,0.04459,0.075405
Organic Strawberries + Organic Raspberries,Banana,0.0019883333333333333,0.18855697803066224,1.2831806324179948,0.00043879830833333327,0.22303843230554374,0.010545,0.146945
Lime Sparkling Water,Organic Hass Avocado,0.00124,0.08534067446662079,1.2824827100128358,0.0002731253666666668,0.22350999266656355,0.01453,0.06654333333333333
Organic Blueberries,Banana,0.005848333333333333,0.18817031317031316,1.2805492746967448,0.0012812827333333332,0.22611268924994177,0.03108,0.146945
Unsweetened Almondmilk,Banana,0.0029316666666666666,0.18816859221223792,1.2805375631170706,0.0006422635666666668,0.2225452192689101,0.01558,0.146945
Raspberries,Bag of Organic Bananas,0.002766666666666667,0.1516258677383997,1.2767777337839255,0.0005997533555555557,0.22080731882938068,0.018246666666666668,0.11875666666666666
Limes,Strawberries,0.0024983333333333333,0.05675235679400295,1.2727597397174917,0.0005354072166666667,0.2241742827206136,0.04402166666666667,0.04459
Strawberries,Limes,0.0024983333333333333,0.056029005008596845,1.2727597397174917,0.0005354072166666667,0.2243076345981805,0.04459,0.04402166666666667
Organic Fuji Apple,Organic Strawberries,0.0028916666666666665,0.10482116964717254,1.2715614683953727,0.0006175598,0.2196240439968978,0.027586666666666666,0.082435
Blueberries,Organic Strawberries,0.0018383333333333333,0.10480805777270999,1.271402411265967,0.00039242343333333344,0.21727801928694218,0.01754,0.082435
Green Bell Pepper,Banana,0.0032966666666666665,0.18663898848839403,1.2701282009486137,0.0007011281499999999,0.21650204979399368,0.017663333333333333,0.146945
Organic Blueberries,Limes,0.0017366666666666667,0.055877305877305876,1.2693137290873253,0.00036847326666666663,0.2189785599780922,0.03108,0.04402166666666667
Organic Roasted Turkey Breast,Banana,0.0016516666666666667,0.18617321059552883,1.2669584578960076,0.00034801960833333355,0.2125942031498086,0.008871666666666667,0.146945
Organic Zucchini,Banana,0.00608,0.1860749808722265,1.266289978374402,0.0012785721250000003,0.21739484447071214,0.032675,0.146945
Organic Reduced Fat 2% Milk,Banana,0.0027316666666666665,0.18580659789139553,1.2644635604572836,0.0005713302583333331,0.21227154166559253,0.014701666666666667,0.146945
Organic Red Bell Pepper,Banana,0.003353333333333333,0.1850285083685856,1.259168453289228,0.0006902001166666665,0.20962417325975266,0.018123333333333335,0.146945
Organic Romaine Lettuce,Banana,0.002035,0.1840241145440844,1.2523332848622575,0.0004100332083333334,0.203743584537868,0.011058333333333333,0.146945
Bag of Organic Bananas,Limes,0.006545,0.05511269542762511,1.2519447717629602,0.0013171336055555552,0.22836226144364083,0.11875666666666666,0.04402166666666667
Limes,Bag of Organic Bananas,0.006545,0.14867678794532993,1.2519447717629602,0.0013171336055555552,0.21050970870901767,0.04402166666666667,0.11875666666666666
Half & Half,Bag of Organic Bananas,0.003171666666666667,0.14863703819417323,1.2516100558074486,0.0006375973277777777,0.20541226557041023,0.021338333333333334,0.11875666666666666
Extra Virgin Olive Oil,Banana,0.0028966666666666667,0.18391534391534392,1.251593071661805,0.000582282916666667,0.20423496888420717,0.01575,0.146945
Small Hass Avocado,Bag of Organic Bananas,0.0023066666666666665,0.14825923942153188,1.2484287710573319,0.00045901086111111095,0.20213807950077228,0.015558333333333334,0.11875666666666666
Brussels Sprouts,Banana,0.001265,0.1832005792903693,1.2467289073487993,0.00025034477500000016,0.19927701569853684,0.006905,0.146945
Roma Tomato,Organic Baby Spinach,0.0011933333333333334,0.09396325459317585,1.246114376940201,0.0002356898333333334,0.20004603152777714,0.0127,0.075405
Bag of Organic Bananas + Organic Strawberries,Large Lemon,0.001165,0.05965690876504224,1.245100363817495,0.00022933245555555547,0.20077264838256517,0.019528333333333335,0.047913333333333336
Organic Unsweetened Almond Milk,Banana,0.0033266666666666666,0.18285086112128984,1.244348981736635,0.0006532473000000001,0.2000056941091886,0.018193333333333332,0.146945
Large Lemon,Organic Raspberries,0.00254,0.053012383470154446,1.2438381855972418,0.0004979337333333336,0.20590237186440227,0.047913333333333336,0.04262
Organic Raspberries,Large Lemon,0.00254,0.059596433599249175,1.2438381855972416,0.0004979337333333336,0.20476394209941634,0.04262,0.047913333333333336
Jalapeno Peppers,Organic Strawberries,0.0013633333333333334,0.10240360540811216,1.2422345533828127,0.0002658487000000002,0.19763016268734537,0.013313333333333333,0.082435
Organic Whole Milk,Strawberries,0.0025083333333333333,0.055178735105407876,1.2374688294552114,0.00048134625,0.20103767484496293,0.04545833333333334,0.04459
Strawberries,Organic Whole Milk,0.0025083333333333333,0.05625327053898482,1.2374688294552114,0.00048134625,0.20085495986990123,0.04459,0.04545833333333334
Frozen Organic Wild Blueberries,Banana,0.00168,0.18145814581458145,1.2348711818338933,0.00031953420833333345,0.1919763142410949,0.009258333333333334,0.146945
Michigan Organic Kale,Strawberries,0.001155,0.055052430886558625,1.2346362611921649,0.00021950180000000015,0.19411743221267044,0.02098,0.04459
Organic Large Brown Grade AA Cage Free Eggs,Banana,0.0017833333333333334,0.1812330623306233,1.2333394285659487,0.0003373945333333334,0.1910733581054398,0.00984,0.146945
Bartlett Pears,Organic Strawberries,0.0011166666666666666,0.10160752198968759,1.2325774487740353,0.0002107060166666667,0.1907887232928693,0.01099,0.082435
Fresh Cauliflower,Strawberries,0.0012266666666666667,0.054933572174951484,1.231970669992184,0.0002309719666666668,0.192592965039773,0.02233,0.04459
Sharp Cheddar Cheese,Bag of Organic Bananas,0.0013766666666666667,0.14601378822697542,1.2295207698681514,0.00025698922777777776,0.18845176996241222,0.009428333333333334,0.11875666666666666
Organic Baby Spinach + Organic Yellow Onion,Banana,0.0011016666666666666,0.18005992917461183,1.2253559438879298,0.00020260817500000001,0.18504275080979643,0.006118333333333333,0.146945
Organic Black Beans,Banana,0.0021416666666666667,0.17999719848718307,1.224929044793515,0.0003932660750000001,0.18583733746633105,0.011898333333333334,0.146945
Organic Butternut Squash,Banana,0.0011133333333333334,0.17995689655172414,1.224654779350942,0.00020423360000000005,0.18458532114690876,0.006186666666666667,0.146945
Italian Sparkling Mineral Water,Banana,0.001725,0.17984361424847958,1.223883862999623,0.0003155525416666668,0.1847005962138537,0.009591666666666667,0.146945
Yellow Onions,Organic Hass Avocado,0.001885,0.0811741907701141,1.219869620349358,0.0003397528944444443,0.18452524606034293,0.023221666666666668,0.06654333333333333
Organic Lemon,Organic Whole Milk,0.0015033333333333333,0.05540880889489527,1.218892221335918,0.000269972986111111,0.18459118406622974,0.027131666666666665,0.04545833333333334
Organic Roma Tomato,Banana,0.0016083333333333334,0.17857142857142858,1.2152262994414822,0.0002848487000000001,0.17871765030373574,0.009006666666666666,0.146945
Half & Half,Organic Baby Spinach,0.0019533333333333334,0.09154104506756229,1.213991712320964,0.00034431630833333337,0.1801144906505873,0.021338333333333334,0.075405
Lime Sparkling Water,Organic Baby Spinach,0.00133,0.09153475567790778,1.2139083041961114,0.00023436534999999995,0.1788126973648923,0.01453,0.075405
Organic Avocado,Organic Raspberries,0.002843333333333333,0.051734594856865594,1.2138572232957672,0.0005009381333333333,0.18642584733630932,0.05496,0.04262
Organic Raspberries,Organic Avocado,0.002843333333333333,0.06671359299233535,1.213857223295767,0.0005009381333333333,0.18402294049040688,0.04262,0.05496
Guacamole,Banana,0.001015,0.17822651448639154,1.2128790669052472,0.000178148225,0.17652077844407646,0.005695,0.146945
Organic Garlic,Banana,0.00605,0.1781332809893022,1.2122445880383967,0.0010592579833333341,0.18123946039383731,0.03396333333333333,0.146945
Organic Coconut Milk,Banana,0.0015133333333333333,0.1776560360007826,1.2089968083349731,0.00026160684166666687,0.17435315534339174,0.008518333333333333,0.146945
Organic Half & Half,Organic Avocado,0.0015633333333333332,0.06644471204930227,1.2089649208388331,0.0002702161333333333,0.17701091247735132,0.02352833333333333,0.05496
Organic Diced Tomatoes,Banana,0.0012483333333333333,0.17706855791962176,1.2049988629733694,0.00021237108333333333,0.17133158594526662,0.00705,0.146945
Organic Basil,Bag of Organic Bananas,0.0012266666666666667,0.1429959199533709,1.2041085689508315,0.00020793239444444442,0.17097680015062544,0.008578333333333334,0.11875666666666666
Limes + Organic Hass Avocado,Banana,0.0011083333333333333,0.17676767676767674,1.2029512863158103,0.00018698818333333334,0.16977563609546142,0.00627,0.146945
Organic Fuji Apple,Organic Hass Avocado,0.002201666666666667,0.07980908651522475,1.1993551046720146,0.00036595791111111156,0.17093408346493175,0.027586666666666666,0.06654333333333333
Organic Egg Whites,Banana,0.001065,0.17608156516946818,1.198282113508239,0.00017622765833333331,0.16647889953305448,0.0060483333333333335,0.146945
Honeycrisp Apple,Bag of Organic Bananas,0.00359,0.1421031798390289,1.1965911794905175,0.0005898107444444445,0.1685508425948639,0.025263333333333332,0.11875666666666666
Lime Sparkling Water,Organic Strawberries,0.0014316666666666666,0.09853177334250975,1.195266250288224,0.00023388611666666677,0.1657750325264511,0.01453,0.082435
Organic Baby Spinach + Organic Hass Avocado,Banana,0.0019216666666666666,0.17552138833916886,1.1944699604557412,0.0003128638250000002,0.1646107958230401,0.010948333333333332,0.146945
Organic Basil,Banana,0.001505,0.1754420050514863,1.1939297359657444,0.0002444568083333333,0.16383520598765644,0.008578333333333334,0.146945
Honey Nut Cheerios,Bag of Organic Bananas,0.0011766666666666666,0.14117176564687062,1.1887481318679987,0.00018682984999999997,0.16011345499583218,0.008335,0.11875666666666666
Shredded Mozzarella,Bag of Organic Bananas,0.001005,0.14098667290156652,1.1871895436177606,0.00015846289444444446,0.15880654784381476,0.007128333333333334,0.11875666666666666
"Organic Red Radish, Bunch",Banana,0.001465,0.17423191278493558,1.1856947346621904,0.0002294374583333334,0.157940616898694,0.008408333333333334,0.146945
Limes + Large Lemon,Bag of Organic Bananas,0.0012083333333333334,0.1404494382022472,1.182665715908557,0.0001866301444444446,0.1557928713363976,0.008603333333333333,0.11875666666666666
Carrots,Strawberries,0.0011983333333333334,0.05268943280082075,1.1816423592917864,0.00018420809999999998,0.15729772493855773,0.022743333333333334,0.04459
Organic Large Extra Fancy Fuji Apple,Banana,0.004071666666666667,0.1736318407960199,1.181611084392255,0.0006258064166666673,0.15738861400119347,0.02345,0.146945
Organic Lacinato (Dinosaur) Kale,Banana,0.0023133333333333335,0.17220843672456576,1.1719244392430213,0.0003393721666666667,0.14870020512827503,0.013433333333333334,0.146945
Organic Half & Half,Organic Baby Spinach,0.002075,0.08819154211234682,1.1695715418386954,0.00030084602500000013,0.1484795115863526,0.02352833333333333,0.075405
Organic Gala Apples,Strawberries,0.00117,0.05205012234003114,1.1673048293346298,0.00016769111666666676,0.14662154878825276,0.022478333333333333,0.04459
Organic Tomato Cluster,Banana,0.003438333333333333,0.17114650738344117,1.1646977262475156,0.0004862082833333335,0.14430726182857528,0.02009,0.146945
Sparkling Water Grapefruit,Bag of Organic Bananas,0.003278333333333333,0.13794796269023074,1.1616018414985607,0.00045608114999999994,0.1425064887696681,0.023765,0.11875666666666666
Original Hummus,Strawberries,0.0011483333333333332,0.05170731707317072,1.1596168888354053,0.00015806375,0.14077255013262302,0.022208333333333333,0.04459
Organic Raspberries,Strawberries,0.002201666666666667,0.05165806350696075,1.1585123011204475,0.00030124086666666696,0.14291505161172832,0.04262,0.04459
Organic Strawberries + Organic Hass Avocado,Banana,0.002155,0.16986337362059903,1.155965658039396,0.00029075776666666656,0.13665610801549186,0.012686666666666667,0.146945
Total 0% Greek Yogurt,Bag of Organic Bananas,0.0011183333333333334,0.13727495908346973,1.1559347608566795,0.00015086235555555568,0.13600728069441392,0.008146666666666667,0.11875666666666666
Raspberries,Banana,0.003098333333333333,0.16980270369017172,1.1555527829471688,0.0004170768999999996,0.13711520364609356,0.018246666666666668,0.146945
Organic Bell Pepper,Banana,0.0012383333333333333,0.16978976234003657,1.1554647136005756,0.00016661446666666672,0.13553585676884441,0.007293333333333333,0.146945
Organic Zucchini,Strawberries,0.0016833333333333333,0.05151747003315481,1.1553592741232297,0.0002263550833333332,0.13901053558693674,0.032675,0.04459
Extra Virgin Olive Oil,Bag of Organic Bananas,0.00216,0.13714285714285715,1.154822385911167,0.0002895825,0.13621130020037817,0.01575,0.11875666666666666
Organic Half & Half,Banana,0.00399,0.1695827725437416,1.1540560927132029,0.0005326290583333336,0.1367074914924913,0.02352833333333333,0.146945
Organic Baby Arugula,Strawberries,0.001145,0.05119606528057232,1.1481512733925168,0.00014774465,0.13198650705115988,0.022365,0.04459
Total 0% Nonfat Greek Yogurt,Bag of Organic Bananas,0.001145,0.13622843545508626,1.1471224250294967,0.00014685021666666683,0.12934057184404954,0.008405,0.11875666666666666
Boneless Skinless Chicken Breasts,Organic Hass Avocado,0.00118,0.07622739018087855,1.145530083367408,0.0001499092,0.1290392220729434,0.01548,0.06654333333333333
Organic Large Grade AA Brown Eggs,Banana,0.0013416666666666666,0.1680935477135101,1.1439215197081227,0.00016880065833333336,0.1268264416613636,0.007981666666666666,0.146945
Organic Raw Kombucha Gingerade,Banana,0.0011083333333333333,0.16784452296819788,1.1422268397577182,0.00013800651666666668,0.12534485173234275,0.0066033333333333335,0.146945
Organic Red Onion,Banana,0.003545,0.16769157994323558,1.1411860215947163,0.0004385827000000001,0.1263905708569138,0.02114,0.146945
Yellow Onions,Organic Strawberries,0.0021766666666666666,0.09373429986363309,1.1370692043868877,0.000262388575,0.12341188242956327,0.023221666666666668,0.082435
Organic Raspberries,Banana,0.0071066666666666665,0.16674487720944783,1.134743456459545,0.0008438707666666668,0.12402968651506967,0.04262,0.146945
Organic Broccoli Florets,Banana,0.001715,0.16653180126234018,1.1332934176892047,0.00020171140833333333,0.11883983375677654,0.010298333333333333,0.146945
100% Recycled Paper Towels,Banana,0.00145,0.16637980493402177,1.1322590420498948,0.00016937432499999992,0.11783682725991493,0.008715,0.146945
Apple Honeycrisp Organic,Strawberries,0.0012983333333333334,0.05010935288820275,1.1237800602871215,0.00014300643333333362,0.11307595986595509,0.02591,0.04459
Organic Avocado,Bag of Organic Bananas,0.00732,0.1331877729257642,1.1215182832607085,0.0007931335999999999,0.11465290855355703,0.05496,0.11875666666666666
Bag of Organic Bananas,Organic Avocado,0.00732,0.06163864484800853,1.1215182832607082,0.0007931335999999999,0.1229530829919699,0.11875666666666666,0.05496
Sparkling Natural Mineral Water,Organic Strawberries,0.001215,0.09229016331181163,1.1195507164652347,0.00012974322500000006,0.10820912039510448,0.013165,0.082435
Garlic,Organic Strawberries,0.0010533333333333334,0.09223584354932866,1.11889177593654,0.0001119256333333335,0.10748600281032188,0.01142,0.082435
Organic Celery Hearts,Banana,0.00122,0.16427289048473967,1.1179209260930258,0.00012868846666666675,0.10627159342729608,0.0074266666666666665,0.146945
Broccoli Crown,Organic Hass Avocado,0.001,0.07408322015063588,1.1133079219150812,0.00010177590555555569,0.10316850847241921,0.013498333333333333,0.06654333333333333
Organic Broccoli,Banana,0.0019633333333333334,0.16356567620105525,1.1131081438705315,0.00019950351666666688,0.10284922796360679,0.012003333333333333,0.146945
Large Lemon + Organic Avocado,Bag of Organic Bananas,0.0010066666666666666,0.13205072146917357,1.111943650623181,0.00010134501111111103,0.10144721805611125,0.0076233333333333335,0.11875666666666666
Organic Spring Mix,Banana,0.0016433333333333332,0.16319099635882153,1.1105583474008747,0.00016359718333333324,0.10056472532356198,0.01007,0.146945
Organic Ginger Root,Banana,0.002645,0.16291961810902375,1.1087115458778711,0.00025934792500000026,0.09967029276062479,0.016235,0.146945
Red Peppers,Bag of Organic Bananas,0.0023033333333333334,0.1313064133016627,1.1056761442304661,0.00022014347222222216,0.09728253494472408,0.017541666666666667,0.11875666666666666
Organic Lemon,Organic Avocado,0.00164,0.06044597333988575,1.0998175644084016,0.00014884360000000005,0.09328938929686634,0.027131666666666665,0.05496
Large Lemon,Bag of Organic Bananas,0.00622,0.1298177264505357,1.0931405376585372,0.0005299722444444439,0.0894924211109635,0.047913333333333336,0.11875666666666666
Bag of Organic Bananas,Large Lemon,0.00622,0.05237600696101272,1.0931405376585372,0.0005299722444444439,0.0966867353029245,0.11875666666666666,0.047913333333333336
100% Whole Wheat Bread,Organic Baby Spinach,0.0015416666666666667,0.08242003029493006,1.0930313678791865,0.00013121614166666665,0.08673556165370552,0.018705,0.075405
Spring Water,Organic Strawberries,0.0015566666666666667,0.08983360584784073,1.0897507836215288,0.00012820550833333327,0.08381130923282562,0.017328333333333334,0.082435
Red Vine Tomato,Bag of Organic Bananas,0.0021633333333333335,0.12776848114971945,1.0758847038739112,0.00015258503888888886,0.07174717469563084,0.016931666666666668,0.11875666666666666
Red Onion,Organic Strawberries,0.0011633333333333333,0.08846641318124208,1.0731656842511323,7.931308333333342e-05,0.06908591531649799,0.01315,0.082435
Organic Fuji Apple,Bag of Organic Bananas,0.003513333333333333,0.12735621072982117,1.0724131478638772,0.0002372327555555556,0.0694391493797639,0.027586666666666666,0.11875666666666666
Bartlett Pears,Bag of Organic Bananas,0.0013983333333333332,0.12723688201395209,1.071408330877863,9.319756666666666e-05,0.0673896467831046,0.01099,0.11875666666666666
Yellow Bell Pepper,Bag of Organic Bananas,0.0010083333333333333,0.12678122380553228,1.0675714245280177,6.382197777777784e-05,0.06380196168457601,0.007953333333333333,0.11875666666666666
Unsweetened Original Almond Breeze Almond Milk,Bag of Organic Bananas,0.0013883333333333334,0.12674984783931834,1.067307220697659,8.755197777777775e-05,0.06376104503962451,0.010953333333333334,0.11875666666666666
Lime Sparkling Water,Bag of Organic Bananas,0.0018416666666666666,0.12674925441615048,1.0673022237304612,0.00011613230000000001,0.06398800820262304,0.01453,0.11875666666666666
Organic Russet Potato,Banana,0.0015616666666666667,0.15608862235548893,1.0622247940078868,9.148194166666676e-05,0.059171698003951154,0.010005,0.146945
Organic Cilantro,Banana,0.0034016666666666666,0.15565893837705919,1.0593006796900826,0.00019042860000000007,0.05723167293864234,0.021853333333333332,0.146945
Spring Water,Organic Avocado,0.0010083333333333333,0.05818986246032509,1.0587675120146487,5.596813333333319e-05,0.05648436671135598,0.017328333333333334,0.05496
Bunched Cilantro,Organic Strawberries,0.0012433333333333333,0.08685528000931424,1.053621398790735,6.327630833333339e-05,0.05163157924727329,0.014315,0.082435
Organic Baby Broccoli,Banana,0.001535,0.15465994962216625,1.0525022942064464,7.657087499999995e-05,0.050383361047319705,0.009925,0.146945
Romaine Hearts,Banana,0.0012183333333333334,0.1542519518885841,1.0497257605810617,5.7712741666666794e-05,0.04774736399470308,0.007898333333333334,0.146945
Sparkling Lemon Water,Bag of Organic Bananas,0.0012566666666666666,0.12415610077391732,1.0454663663001431,5.4651272222222156e-05,0.04393375890192254,0.010121666666666666,0.11875666666666666
Pure Sparkling Water,Bag of Organic Bananas,0.00112,0.12398523985239848,1.0440276182591728,4.7231444444444364e-05,0.0425553491940689,0.009033333333333334,0.11875666666666666
Vanilla Almond Breeze Almond Milk,Bag of Organic Bananas,0.0011866666666666666,0.1234182700641359,1.03925340385777,4.482131666666664e-05,0.038137464190097885,0.009615,0.11875666666666666
Organic Navel Orange,Banana,0.0020366666666666667,0.1526736631684158,1.0389850840002437,7.642036666666687e-05,0.038029589685487974,0.01334,0.146945
Organic Green Cabbage,Banana,0.0010066666666666666,0.152563778732003,1.0382372910408861,3.7074574999999875e-05,0.037073672462040276,0.006598333333333334,0.146945
Orange Bell Pepper,Bag of Organic Bananas,0.0015,0.12315270935960591,1.0370172287277002,5.3543800000000136e-05,0.036136003185465726,0.01218,0.11875666666666666
Organic Cucumber,Banana,0.00387,0.1519434628975265,1.0340158759911975,0.00012731085000000034,0.0337566421404332,0.02547,0.146945
Large Alfresco Eggs,Banana,0.0019166666666666666,0.15173505739543475,1.0325976208474923,6.050640833333339e-05,0.03197242589600833,0.012631666666666666,0.146945
Organic Italian Parsley Bunch,Banana,0.00285,0.15159574468085107,1.0316495605896838,8.743399999999995e-05,0.031266404903412204,0.0188,0.146945
Organic Sour Cream,Banana,0.0012416666666666667,0.15117694805194806,1.0287995375953456,3.4758400000000104e-05,0.028225164970167582,0.008213333333333333,0.146945
No Salt Added Black Beans,Bag of Organic Bananas,0.00106,0.12084362530875926,1.0175734019880367,1.830610555555545e-05,0.017422737345886403,0.008771666666666667,0.11875666666666666
Blackberries,Banana,0.0010566666666666667,0.14942257836436484,1.016860582968899,1.7520608333333396e-05,0.01669910787467822,0.007071666666666667,0.146945
Organic Small Bunch Celery,Banana,0.0031316666666666667,0.1486197896068971,1.0113973909074627,3.529060833333368e-05,0.011511521167849231,0.021071666666666666,0.146945
Strawberries,Bag of Organic Bananas,0.005343333333333334,0.11983254840397697,1.0090595481290339,4.797356666666735e-05,0.009397232190354954,0.04459,0.11875666666666666
Banana,Organic Hass Avocado,0.009836666666666667,0.06694114578016719,1.0059782464584561,5.845655000000227e-05,0.006966396559596932,0.146945,0.06654333333333333
Organic Hass Avocado,Banana,0.009836666666666667,0.1478234734258378,1.005978246458456,5.845655000000227e-05,0.006366358106764778,0.06654333333333333,0.146945
Unsalted Butter,Bag of Organic Bananas,0.00133,0.11933602512337371,1.0048785341738602,6.45695000000006e-06,0.0049095667454381025,0.011145,0.11875666666666666
